customer_id,age,gender,subscription_type,netflix,prime_video,disney_hotstar,jiocinema,sonyliv,zee5,num_ott_platforms,watch_hours,avg_watch_hours_per_day,last_login_days,tenure,monthly_spend,satisfaction_score,support_tickets,payment_method,auto_renewal,device,region,num_profiles,cancelled
OTT00001,19,Male,Premium,1,0,1,1,0,1,4,25.7,1.1,34,13,276.24,4,2,UPI,0,Mobile,South India,1,0
OTT00002,48,Male,Premium,0,1,1,1,0,0,3,13.8,1.7,26,47,167.8,2,0,UPI,1,Laptop,North India,4,0
OTT00003,27,Male,Premium,1,0,1,1,1,1,5,22.9,0.7,39,37,433.18,5,2,Wallet,0,Smart TV,South India,4,0
OTT00004,48,Female,Basic,0,1,1,0,1,1,4,43.9,2.7,52,26,99.0,2,0,UPI,1,Fire TV,North India,2,0
OTT00005,42,Female,Standard,1,0,0,0,0,0,1,9.2,1.7,44,14,702.22,5,5,Net Banking,1,Tablet,South India,2,0
OTT00006,26,Male,Standard,1,1,1,1,1,1,6,13.6,1.2,18,48,715.78,2,0,UPI,1,Laptop,North India,1,1
OTT00007,38,Male,Mobile,1,1,1,1,0,0,4,10.5,0.6,11,20,344.98,3,5,UPI,1,Smart TV,West India,2,0
OTT00008,19,Female,Premium,1,1,1,0,0,1,4,50.1,2.9,15,31,891.53,1,2,Credit Card,1,Fire TV,West India,1,0
OTT00009,48,Male,Standard,1,1,0,0,0,0,2,8.9,3.7,32,49,603.08,2,1,Debit Card,0,Mobile,South India,5,0
OTT00010,31,Male,Standard,1,1,0,1,0,0,3,27.7,0.1,15,14,607.06,4,0,UPI,1,Laptop,Central India,1,0
OTT00011,34,Male,Basic,0,1,1,1,0,0,3,10.6,1.6,48,24,892.87,5,0,Wallet,1,Smart TV,West India,1,0
OTT00012,24,Male,Mobile,1,1,0,1,1,1,5,26.1,3.3,21,25,966.73,2,1,Debit Card,1,Laptop,South India,3,0
OTT00013,33,Female,Premium,1,1,1,1,0,0,4,10.4,2.2,12,6,364.98,4,0,Credit Card,0,Mobile,South India,2,0
OTT00014,35,Female,Mobile,0,1,1,1,1,0,4,17.1,0.4,47,8,247.18,3,2,Credit Card,1,Laptop,South India,5,0
OTT00015,27,Male,Mobile,1,1,1,0,0,0,3,54.5,1.2,45,15,543.64,1,2,UPI,1,Smart TV,South India,4,0
OTT00016,60,Female,Standard,1,0,0,1,0,0,2,30.8,0.6,6,2,1083.98,5,3,Credit Card,0,Smart TV,North India,1,0
OTT00017,30,Male,Standard,1,1,1,0,0,0,3,25.3,0.7,31,26,433.36,1,0,UPI,1,Laptop,East India,3,0
OTT00018,25,Female,Mobile,0,0,0,0,0,1,1,29.6,1.5,31,2,921.11,2,0,Credit Card,1,Mobile,South India,1,0
OTT00019,41,Male,Basic,0,1,0,1,1,1,4,57.0,2.0,23,38,377.28,1,1,Net Banking,0,Smart TV,West India,3,0
OTT00020,31,Male,Standard,0,1,1,1,0,0,3,26.2,0.9,36,58,606.97,4,2,Wallet,0,Fire TV,North India,3,0
OTT00021,37,Female,Premium,0,1,1,1,0,1,4,42.3,1.4,31,32,489.06,5,0,Credit Card,1,Smart TV,West India,5,0
OTT00022,49,Female,Basic,0,1,0,0,1,0,2,43.0,2.0,56,60,765.34,3,3,UPI,1,Smart TV,North India,5,0
OTT00023,21,Female,Standard,1,1,1,1,1,1,6,39.9,0.4,8,32,691.46,2,0,UPI,1,Laptop,North India,2,0
OTT00024,39,Female,Basic,1,1,0,1,1,1,5,78.2,0.7,23,3,399.51,5,1,Debit Card,1,Smart TV,West India,4,0
OTT00025,18,Female,Standard,0,1,0,1,1,1,4,34.1,0.8,24,25,514.73,5,1,Wallet,1,Mobile,North India,2,0
OTT00026,19,Female,Standard,1,0,1,0,0,0,2,40.8,1.1,29,12,351.42,5,0,UPI,0,Tablet,South India,3,0
OTT00027,21,Male,Premium,0,1,0,0,1,1,3,17.3,1.2,44,30,714.37,3,3,Wallet,1,Mobile,South India,2,1
OTT00028,24,Male,Standard,0,1,0,0,0,0,1,24.2,1.5,41,30,365.18,5,1,Credit Card,1,Tablet,Central India,5,0
OTT00029,33,Female,Basic,1,0,0,0,1,0,2,23.5,0.9,57,44,676.73,1,0,UPI,0,Fire TV,North India,5,0
OTT00030,58,Female,Mobile,1,0,1,1,0,1,4,13.6,2.1,10,39,761.22,2,2,UPI,1,Mobile,East India,3,0
OTT00031,56,Female,Standard,0,1,1,0,1,1,4,14.6,1.0,15,11,834.71,5,0,Debit Card,1,Laptop,South India,3,0
OTT00032,22,Male,Mobile,1,1,1,1,1,1,6,23.3,0.5,24,11,838.51,5,0,Credit Card,1,Mobile,North India,4,0
OTT00033,60,Male,Standard,0,0,1,0,0,1,2,27.0,0.8,44,10,744.06,5,0,UPI,1,Mobile,South India,4,0
OTT00034,45,Male,Basic,1,0,0,0,1,1,3,55.9,0.6,1,13,347.1,5,2,Debit Card,1,Smart TV,East India,2,0
OTT00035,41,Female,Mobile,0,0,1,1,0,1,3,13.6,0.2,13,59,407.19,2,1,Debit Card,1,Smart TV,North India,1,0
OTT00036,52,Male,Standard,1,0,0,0,1,0,2,13.1,4.3,0,31,405.94,3,0,Net Banking,1,Mobile,West India,4,0
OTT00037,38,Female,Standard,0,0,1,0,0,1,2,9.4,0.2,3,14,631.77,1,0,UPI,0,Smart TV,West India,4,0
OTT00038,29,Male,Premium,1,0,1,0,1,0,3,36.9,1.0,25,3,955.45,3,1,Debit Card,0,Smart TV,East India,5,0
OTT00039,40,Male,Basic,0,0,0,0,1,1,2,62.9,1.4,15,31,454.73,4,3,Credit Card,1,Mobile,North India,4,0
OTT00040,49,Female,Mobile,0,1,0,1,1,1,4,22.5,1.3,49,33,563.49,1,1,Debit Card,1,Smart TV,North India,4,1
OTT00041,47,Male,Mobile,1,0,0,1,0,1,3,27.7,0.2,6,38,986.12,4,0,Net Banking,1,Smart TV,North India,4,0
OTT00042,25,Female,Basic,1,0,1,0,1,1,4,22.7,1.5,23,53,266.3,5,1,UPI,1,Smart TV,Central India,2,0
OTT00043,58,Male,Standard,1,1,0,1,0,1,4,34.9,2.9,4,24,1075.88,3,3,Credit Card,1,Smart TV,West India,3,0
OTT00044,30,Female,Basic,1,0,0,0,0,1,2,11.9,0.4,33,60,824.19,2,0,UPI,1,Tablet,Central India,1,0
OTT00045,53,Female,Mobile,0,1,1,0,1,1,4,30.8,1.5,39,30,453.89,2,2,Credit Card,1,Laptop,South India,1,1
OTT00046,31,Female,Premium,1,1,1,1,0,0,4,22.7,1.5,28,33,554.5,3,0,Debit Card,0,Smart TV,West India,1,0
OTT00047,20,Male,Mobile,1,0,1,0,0,1,3,37.7,1.2,7,58,1125.3,1,2,Wallet,1,Smart TV,South India,3,0
OTT00048,60,Male,Basic,0,0,0,0,1,1,2,36.9,4.7,26,23,509.94,4,0,Debit Card,0,Mobile,Central India,2,0
OTT00049,43,Female,Premium,0,1,0,1,1,1,4,28.9,1.2,51,3,850.66,4,2,Debit Card,0,Smart TV,West India,4,0
OTT00050,27,Female,Standard,0,1,0,0,0,1,2,20.6,0.9,37,47,1221.14,5,0,UPI,1,Smart TV,North India,5,0
OTT00051,18,Female,Basic,1,0,0,0,1,0,2,13.9,0.3,35,37,638.25,5,1,Debit Card,1,Fire TV,West India,2,0
OTT00052,23,Female,Premium,0,1,0,0,0,0,1,36.4,3.2,57,55,647.34,4,0,UPI,1,Smart TV,South India,5,0
OTT00053,25,Female,Standard,1,1,0,1,1,0,4,24.6,0.6,12,55,1268.83,4,2,Credit Card,1,Smart TV,West India,1,0
OTT00054,57,Female,Mobile,0,1,0,1,1,1,4,24.3,1.6,33,29,345.2,4,2,Wallet,1,Smart TV,West India,5,1
OTT00055,25,Female,Mobile,1,1,1,0,0,1,4,18.7,3.4,18,43,644.79,2,2,Credit Card,1,Smart TV,West India,4,0
OTT00056,24,Female,Premium,1,1,1,0,0,1,4,51.0,1.9,51,51,769.3,2,0,Debit Card,0,Smart TV,South India,1,0
OTT00057,54,Female,Basic,0,1,1,1,0,0,3,52.3,0.4,47,46,217.97,4,2,Wallet,1,Mobile,North India,5,0
OTT00058,55,Female,Standard,1,0,0,0,1,1,3,19.6,2.2,20,26,324.65,5,1,UPI,0,Laptop,South India,3,0
OTT00059,26,Female,Mobile,0,1,1,0,0,0,2,15.2,0.8,51,26,490.11,3,0,UPI,1,Fire TV,North India,3,1
OTT00060,45,Male,Mobile,0,0,0,1,0,0,1,20.7,2.1,17,28,764.29,2,3,Debit Card,1,Mobile,West India,3,0
OTT00061,40,Male,Premium,0,1,1,1,0,1,4,15.9,4.3,26,44,514.3,3,3,Credit Card,1,Smart TV,North India,2,0
OTT00062,42,Female,Premium,0,1,0,1,1,0,3,30.5,2.0,4,35,625.6,5,0,Debit Card,1,Mobile,East India,5,0
OTT00063,31,Female,Mobile,0,0,1,0,1,1,3,24.1,1.3,26,8,868.84,4,2,Net Banking,1,Smart TV,West India,1,0
OTT00064,50,Male,Mobile,0,0,1,1,1,1,4,35.5,0.1,35,26,818.4,2,1,Net Banking,1,Smart TV,West India,2,0
OTT00065,55,Female,Standard,0,0,1,0,1,1,3,19.7,0.7,39,21,99.0,3,0,UPI,1,Fire TV,West India,3,0
OTT00066,49,Female,Standard,0,1,0,1,0,1,3,81.5,0.5,44,16,701.02,3,0,Credit Card,1,Tablet,South India,5,0
OTT00067,56,Female,Basic,0,1,1,0,1,0,3,9.7,2.0,45,55,803.57,1,2,Credit Card,0,Smart TV,South India,2,0
OTT00068,22,Female,Basic,0,0,0,1,0,1,2,23.6,3.3,38,53,627.14,2,1,Wallet,1,Mobile,Central India,5,0
OTT00069,46,Male,Premium,0,0,1,0,0,0,1,72.7,1.8,24,38,797.13,3,1,UPI,1,Laptop,North India,4,1
OTT00070,60,Male,Mobile,0,1,0,1,1,0,3,35.8,1.5,51,58,865.46,4,2,UPI,1,Mobile,North India,3,0
OTT00071,41,Male,Basic,0,0,1,1,0,0,2,21.7,1.5,19,12,740.87,4,0,Debit Card,0,Smart TV,North India,5,0
OTT00072,58,Female,Basic,1,1,0,1,0,0,3,29.5,1.3,12,33,623.08,4,3,Net Banking,1,Mobile,South India,5,0
OTT00073,32,Male,Mobile,0,1,1,1,1,1,5,11.1,3.1,16,42,720.45,4,3,UPI,1,Laptop,East India,1,0
OTT00074,56,Female,Standard,0,1,1,0,0,0,2,24.5,2.3,40,48,99.0,2,1,UPI,0,Tablet,West India,2,1
OTT00075,58,Female,Basic,0,1,0,0,0,0,1,10.9,3.7,39,24,1045.07,1,2,Debit Card,1,Smart TV,West India,4,0
OTT00076,44,Female,Standard,0,0,1,1,0,0,2,7.4,3.4,30,14,1020.47,2,1,Wallet,0,Smart TV,South India,2,1
OTT00077,48,Female,Basic,0,0,0,1,0,1,2,49.2,5.2,55,25,1000.59,3,0,Credit Card,1,Smart TV,West India,3,0
OTT00078,40,Female,Mobile,1,1,1,0,1,0,4,16.5,2.6,19,42,685.89,4,0,Credit Card,0,Smart TV,East India,1,1
OTT00079,31,Female,Premium,1,0,0,1,1,0,3,10.4,2.4,7,57,810.03,2,2,Credit Card,1,Smart TV,South India,2,0
OTT00080,41,Male,Standard,1,1,1,1,0,0,4,20.0,1.3,29,19,689.24,1,0,Debit Card,0,Laptop,North India,2,0
OTT00081,59,Male,Basic,1,1,1,0,1,0,4,34.5,1.5,17,21,740.33,1,0,Debit Card,0,Tablet,East India,3,0
OTT00082,18,Female,Mobile,0,1,0,0,1,1,3,11.0,2.8,44,11,1033.03,5,1,UPI,1,Smart TV,South India,5,0
OTT00083,26,Male,Standard,1,1,0,1,1,0,4,17.8,1.1,31,22,154.31,3,1,Credit Card,1,Tablet,West India,2,0
OTT00084,39,Female,Standard,0,0,0,1,0,1,2,36.9,3.1,54,30,772.99,5,4,UPI,1,Fire TV,South India,1,0
OTT00085,32,Male,Standard,0,0,0,0,0,1,1,25.2,1.3,45,34,416.6,2,2,UPI,1,Mobile,Central India,2,0
OTT00086,44,Female,Standard,0,0,1,0,0,0,1,49.9,1.6,36,2,327.43,1,3,Credit Card,1,Smart TV,North India,5,0
OTT00087,33,Male,Mobile,1,1,0,0,1,1,4,37.2,4.1,25,10,614.46,4,0,UPI,0,Smart TV,North India,2,0
OTT00088,46,Female,Premium,0,1,1,0,1,0,3,32.3,2.4,40,18,299.23,4,0,UPI,0,Mobile,East India,4,0
OTT00089,22,Male,Basic,1,1,0,0,0,0,2,36.5,1.6,21,30,298.69,3,2,UPI,1,Mobile,East India,3,0
OTT00090,32,Female,Basic,1,0,1,0,1,0,3,9.5,4.8,56,14,184.78,1,1,Debit Card,1,Mobile,Central India,3,1
OTT00091,47,Male,Standard,0,1,0,1,0,0,2,23.5,0.9,36,7,515.03,4,1,Debit Card,1,Mobile,North India,5,0
OTT00092,38,Female,Mobile,0,1,1,0,1,1,4,66.9,0.8,45,30,798.89,2,1,UPI,1,Laptop,South India,5,0
OTT00093,48,Male,Basic,0,1,1,0,1,0,3,18.8,0.7,13,59,881.11,1,0,Wallet,1,Smart TV,Central India,3,0
OTT00094,45,Female,Basic,1,1,0,0,1,0,3,23.7,1.8,13,30,1203.82,2,2,Wallet,1,Mobile,West India,3,1
OTT00095,32,Female,Standard,1,0,1,0,0,0,2,16.6,1.5,29,55,536.65,1,2,UPI,1,Fire TV,South India,1,0
OTT00096,36,Female,Standard,1,1,0,0,1,0,3,16.6,2.0,46,41,873.36,4,2,Debit Card,0,Smart TV,South India,3,0
OTT00097,59,Female,Standard,0,1,1,0,1,0,3,39.5,0.3,55,48,700.43,3,2,UPI,0,Smart TV,Central India,3,0
OTT00098,59,Female,Basic,0,1,0,0,0,0,1,65.3,0.3,7,8,692.25,1,1,Net Banking,1,Smart TV,North India,2,0
OTT00099,19,Female,Basic,0,0,0,1,0,0,1,53.6,0.8,5,47,754.65,5,0,UPI,1,Smart TV,North India,3,0
OTT00100,48,Male,Premium,1,1,1,1,1,1,6,6.8,1.8,8,27,874.33,2,2,Wallet,1,Fire TV,North India,3,0
OTT00101,39,Female,Standard,1,0,1,1,1,1,5,22.8,1.1,5,49,783.87,3,3,Credit Card,1,Laptop,South India,2,0
OTT00102,18,Male,Standard,0,0,1,1,1,1,4,19.1,0.6,58,3,539.16,4,1,UPI,0,Smart TV,Central India,4,0
OTT00103,45,Female,Mobile,0,0,0,1,1,0,2,11.7,0.7,9,17,813.69,3,1,Net Banking,1,Tablet,West India,3,0
OTT00104,19,Male,Basic,1,1,1,1,1,1,6,40.4,2.5,6,49,473.85,1,0,Debit Card,1,Smart TV,Central India,1,0
OTT00105,31,Male,Basic,1,1,0,1,0,1,4,19.9,3.7,19,4,814.42,3,1,Debit Card,1,Smart TV,South India,1,0
OTT00106,47,Female,Standard,0,1,1,1,1,0,4,12.7,1.2,50,54,682.56,2,0,Debit Card,1,Smart TV,South India,4,0
OTT00107,52,Male,Premium,0,0,0,1,1,1,3,29.6,0.6,55,11,126.79,5,1,Debit Card,0,Smart TV,East India,2,0
OTT00108,35,Male,Premium,0,0,1,1,0,0,2,10.9,1.8,41,60,611.25,5,3,Debit Card,0,Laptop,South India,1,0
OTT00109,52,Male,Basic,0,0,0,1,0,0,1,45.6,4.4,36,51,910.9,3,0,Wallet,1,Mobile,North India,5,0
OTT00110,54,Female,Basic,0,1,1,1,1,1,5,47.5,1.6,46,32,614.59,5,1,UPI,1,Mobile,East India,5,0
OTT00111,37,Male,Standard,0,0,1,0,1,1,3,36.1,1.7,5,3,714.11,3,0,UPI,1,Laptop,South India,1,0
OTT00112,25,Male,Basic,0,0,1,0,1,0,2,31.6,1.4,34,51,515.96,4,1,Credit Card,0,Laptop,East India,3,0
OTT00113,46,Other,Standard,0,1,1,0,0,0,2,22.7,2.1,3,3,573.28,2,2,Wallet,0,Mobile,South India,2,1
OTT00114,18,Female,Standard,1,0,0,1,0,1,3,28.5,1.7,46,28,915.6,3,2,Credit Card,1,Smart TV,South India,1,1
OTT00115,56,Male,Basic,0,0,1,0,1,0,2,22.3,0.3,30,45,529.34,2,1,Credit Card,1,Laptop,West India,4,1
OTT00116,34,Female,Basic,1,1,1,0,1,1,5,9.2,2.1,58,13,327.75,4,1,Debit Card,1,Laptop,West India,2,0
OTT00117,50,Male,Basic,1,0,1,1,0,1,4,35.1,1.6,36,3,99.0,4,0,Debit Card,1,Laptop,North India,3,0
OTT00118,49,Female,Standard,1,0,0,1,1,1,4,51.3,0.6,45,51,436.76,3,0,UPI,0,Smart TV,Central India,3,0
OTT00119,38,Male,Basic,0,1,1,1,0,0,3,16.7,0.9,3,51,342.35,2,0,UPI,1,Laptop,East India,3,0
OTT00120,59,Male,Basic,1,1,0,1,0,0,3,38.5,0.4,19,3,233.87,1,3,UPI,1,Mobile,South India,1,0
OTT00121,52,Male,Mobile,1,0,0,0,1,1,3,24.1,2.3,27,8,349.43,2,3,Wallet,1,Smart TV,Central India,1,1
OTT00122,55,Female,Standard,1,1,1,1,0,0,4,17.5,2.7,54,36,372.67,3,0,Debit Card,1,Smart TV,North India,4,1
OTT00123,22,Male,Premium,1,0,0,0,0,0,1,5.7,1.8,41,1,353.79,5,2,Debit Card,1,Mobile,South India,1,0
OTT00124,38,Female,Premium,0,1,0,1,0,1,3,35.8,1.1,29,57,1037.29,4,1,UPI,1,Smart TV,South India,2,0
OTT00125,58,Female,Premium,0,0,0,0,1,0,1,31.8,1.5,39,26,187.97,3,2,Debit Card,0,Laptop,East India,1,0
OTT00126,52,Female,Mobile,1,0,1,0,0,1,3,12.5,1.8,9,17,811.76,3,0,Debit Card,1,Mobile,East India,3,0
OTT00127,37,Female,Mobile,0,0,0,0,1,1,2,20.6,1.8,41,14,799.89,2,1,Debit Card,0,Mobile,West India,4,0
OTT00128,21,Male,Standard,0,1,1,0,0,0,2,24.0,2.4,55,16,822.17,3,2,Net Banking,1,Smart TV,South India,4,0
OTT00129,30,Male,Standard,0,0,0,0,0,1,1,29.4,0.9,20,46,636.63,5,3,Wallet,1,Mobile,South India,1,0
OTT00130,42,Male,Standard,0,1,0,0,1,1,3,43.0,1.6,25,7,1004.34,5,1,Debit Card,1,Laptop,South India,2,0
OTT00131,45,Female,Basic,0,1,1,0,0,0,2,21.8,0.8,58,35,650.17,2,2,Credit Card,1,Tablet,West India,5,0
OTT00132,57,Male,Premium,1,1,1,1,0,1,5,8.2,2.3,15,31,590.92,1,2,Net Banking,1,Mobile,South India,5,0
OTT00133,21,Female,Basic,0,0,1,1,1,0,3,24.7,0.8,41,13,976.52,2,2,Credit Card,0,Mobile,North India,4,1
OTT00134,35,Female,Standard,0,1,0,1,0,0,2,18.8,4.8,39,39,601.36,2,0,Credit Card,1,Mobile,South India,5,1
OTT00135,29,Female,Premium,0,0,1,1,0,1,3,14.9,1.5,12,22,204.57,5,0,UPI,1,Mobile,West India,5,0
OTT00136,59,Female,Standard,0,1,0,0,0,0,1,39.3,1.1,60,31,790.27,1,1,Debit Card,1,Mobile,South India,3,0
OTT00137,25,Male,Standard,1,1,1,1,1,1,6,13.9,1.0,58,13,953.76,5,1,Credit Card,1,Smart TV,North India,3,1
OTT00138,27,Male,Standard,1,0,1,0,0,1,3,10.2,1.5,51,21,732.03,2,0,Credit Card,0,Laptop,West India,2,0
OTT00139,30,Female,Standard,1,0,1,0,1,1,4,18.0,4.1,40,45,548.62,4,1,UPI,1,Mobile,Central India,2,0
OTT00140,22,Male,Standard,0,0,0,0,1,0,1,23.7,0.6,15,26,723.18,2,3,Credit Card,1,Laptop,South India,2,0
OTT00141,45,Female,Basic,0,0,1,1,0,1,3,25.6,2.3,0,37,841.21,4,0,Credit Card,1,Mobile,Central India,1,0
OTT00142,40,Female,Basic,1,1,0,0,1,0,3,45.9,0.8,43,51,360.92,1,3,Debit Card,0,Smart TV,Central India,4,0
OTT00143,41,Male,Standard,1,0,1,1,1,1,5,16.0,0.6,42,40,99.0,2,1,Wallet,1,Mobile,Central India,2,1
OTT00144,57,Male,Standard,1,0,1,1,0,0,3,36.0,2.0,15,57,611.61,1,0,Credit Card,1,Smart TV,East India,2,0
OTT00145,36,Male,Standard,0,1,0,1,0,1,3,18.0,1.1,7,18,940.49,4,1,UPI,1,Smart TV,North India,4,0
OTT00146,31,Male,Basic,0,0,0,1,1,0,2,6.4,1.4,31,20,331.81,4,2,Debit Card,1,Laptop,North India,4,0
OTT00147,34,Female,Basic,0,1,0,0,0,1,2,43.5,1.9,60,15,291.48,1,0,Credit Card,0,Tablet,South India,4,0
OTT00148,52,Female,Basic,0,0,1,1,0,1,3,9.1,4.1,8,39,706.69,3,0,Credit Card,1,Tablet,North India,1,0
OTT00149,40,Male,Premium,1,0,0,0,1,1,3,27.7,2.3,18,46,584.96,4,1,Debit Card,0,Fire TV,South India,3,0
OTT00150,25,Female,Basic,1,0,0,0,0,0,1,9.9,1.1,17,50,456.07,5,0,UPI,1,Mobile,South India,1,0
OTT00151,47,Male,Basic,1,0,1,0,1,1,4,30.8,2.4,10,20,975.72,3,2,Debit Card,1,Smart TV,West India,3,0
OTT00152,50,Other,Mobile,1,1,1,1,0,1,5,11.5,0.5,60,39,462.01,5,0,Wallet,1,Tablet,North India,1,0
OTT00153,28,Female,Standard,0,1,0,1,0,0,2,7.9,1.3,52,15,750.46,4,1,UPI,0,Smart TV,North India,1,0
OTT00154,41,Male,Basic,1,0,0,1,1,0,3,20.9,1.0,27,54,885.08,5,1,Debit Card,0,Smart TV,East India,3,0
OTT00155,42,Female,Standard,0,0,1,0,0,0,1,4.9,5.4,22,5,591.84,5,2,Credit Card,1,Tablet,South India,5,0
OTT00156,25,Female,Mobile,0,1,1,1,0,1,4,22.0,0.8,45,40,885.71,4,2,UPI,1,Laptop,South India,3,0
OTT00157,18,Male,Basic,1,0,0,0,0,1,2,35.9,2.2,59,18,837.08,4,1,UPI,0,Tablet,West India,4,1
OTT00158,48,Male,Mobile,1,0,1,1,1,0,4,66.5,1.0,26,15,701.37,3,1,UPI,0,Laptop,South India,3,1
OTT00159,44,Female,Mobile,1,0,1,1,0,1,4,26.4,0.7,53,2,545.09,5,0,UPI,0,Tablet,East India,4,1
OTT00160,48,Male,Standard,1,1,0,1,0,1,4,22.9,0.8,0,37,1050.8,4,1,Credit Card,1,Smart TV,West India,2,1
OTT00161,34,Male,Premium,0,0,0,1,0,0,1,44.5,1.6,38,15,904.04,3,1,Credit Card,0,Laptop,East India,5,1
OTT00162,40,Male,Standard,1,0,1,1,1,1,5,10.8,1.4,39,34,856.83,1,2,Credit Card,1,Smart TV,West India,5,1
OTT00163,60,Female,Premium,0,0,0,0,1,1,2,14.0,1.1,25,19,666.13,5,1,Net Banking,1,Smart TV,East India,1,0
OTT00164,27,Male,Mobile,0,0,0,1,0,0,1,35.4,2.8,25,21,499.0,1,0,UPI,1,Fire TV,West India,4,0
OTT00165,46,Female,Premium,1,0,1,0,0,1,3,17.7,1.2,8,11,108.27,5,0,Debit Card,1,Laptop,South India,1,0
OTT00166,23,Male,Basic,1,0,0,0,1,1,3,19.8,2.6,15,5,796.67,1,0,Net Banking,1,Smart TV,Central India,1,0
OTT00167,20,Male,Standard,1,1,0,1,1,0,4,24.6,1.5,40,53,556.71,4,0,Wallet,0,Laptop,North India,1,0
OTT00168,59,Female,Standard,1,1,0,1,1,0,4,11.7,0.6,11,50,711.98,5,1,UPI,1,Mobile,South India,5,0
OTT00169,23,Male,Basic,0,0,0,0,1,1,2,8.1,1.6,17,41,1340.81,2,3,Credit Card,1,Tablet,South India,5,1
OTT00170,46,Female,Basic,1,1,1,1,1,1,6,13.5,1.6,29,48,1000.18,1,1,Credit Card,0,Mobile,South India,1,0
OTT00171,40,Male,Mobile,0,0,1,0,1,0,2,18.8,6.1,6,53,775.33,4,0,Debit Card,1,Smart TV,South India,1,0
OTT00172,52,Female,Basic,1,1,0,0,0,1,3,30.8,3.4,54,2,621.77,5,1,UPI,0,Laptop,South India,5,1
OTT00173,41,Male,Standard,1,1,0,0,0,0,2,23.5,3.8,55,23,868.62,2,1,UPI,1,Tablet,North India,4,0
OTT00174,47,Female,Premium,1,1,1,0,1,1,5,34.7,1.4,20,44,903.49,4,0,Credit Card,1,Mobile,North India,4,0
OTT00175,56,Male,Mobile,0,0,0,0,1,1,2,23.3,1.0,17,3,541.54,5,3,Credit Card,1,Fire TV,West India,5,0
OTT00176,53,Female,Standard,0,0,0,0,0,1,1,37.6,1.2,34,40,576.74,5,1,Debit Card,1,Smart TV,West India,2,1
OTT00177,49,Male,Standard,1,0,1,0,1,0,3,20.0,1.2,54,38,715.7,4,4,Credit Card,1,Laptop,South India,4,0
OTT00178,24,Male,Mobile,1,1,1,1,1,1,6,5.3,2.7,3,22,438.14,4,0,Debit Card,1,Tablet,North India,2,0
OTT00179,25,Female,Basic,1,0,1,1,1,1,5,15.8,1.0,2,53,457.76,3,1,UPI,1,Laptop,South India,3,0
OTT00180,39,Male,Basic,1,0,1,1,0,1,4,25.0,2.5,44,48,334.31,1,2,Credit Card,1,Smart TV,West India,5,0
OTT00181,46,Male,Standard,1,0,1,1,1,1,5,32.8,3.0,42,42,1137.77,4,2,Debit Card,0,Mobile,West India,4,1
OTT00182,46,Female,Basic,1,1,1,1,0,1,5,16.8,2.1,47,50,272.41,3,0,UPI,0,Mobile,South India,1,0
OTT00183,51,Female,Mobile,0,0,1,1,1,0,3,26.6,0.5,36,8,282.64,2,1,Debit Card,0,Fire TV,East India,3,1
OTT00184,22,Female,Basic,0,1,1,0,0,0,2,18.2,2.0,23,52,99.0,1,1,Debit Card,1,Tablet,South India,1,0
OTT00185,25,Female,Premium,1,1,0,1,0,1,4,14.2,0.5,2,36,823.19,5,1,Debit Card,0,Tablet,South India,5,0
OTT00186,24,Male,Standard,0,0,1,1,1,1,4,32.8,1.5,26,5,384.83,1,1,Net Banking,0,Tablet,West India,2,1
OTT00187,41,Male,Basic,0,0,1,1,1,0,3,29.3,1.3,6,34,862.09,4,1,Wallet,1,Mobile,East India,5,0
OTT00188,45,Female,Standard,0,1,0,0,0,0,1,78.6,2.2,4,23,636.32,3,0,Wallet,1,Laptop,East India,4,1
OTT00189,22,Male,Premium,1,1,1,0,1,0,4,16.8,1.1,34,36,1006.33,1,1,UPI,1,Laptop,South India,4,0
OTT00190,55,Male,Mobile,0,0,1,0,1,0,2,46.9,1.0,56,2,411.94,2,1,Net Banking,1,Laptop,South India,5,0
OTT00191,31,Male,Mobile,1,1,1,0,1,1,5,9.1,1.1,45,1,666.47,1,0,Wallet,1,Mobile,East India,2,1
OTT00192,46,Male,Mobile,0,1,0,0,0,1,2,46.9,1.2,33,44,961.16,3,0,Credit Card,0,Mobile,West India,3,0
OTT00193,50,Male,Mobile,0,0,0,0,1,1,2,23.6,0.5,12,49,990.18,3,0,Debit Card,1,Smart TV,South India,1,0
OTT00194,19,Male,Standard,1,1,1,0,1,0,4,18.8,3.0,8,26,954.17,3,1,Debit Card,1,Smart TV,North India,5,0
OTT00195,55,Female,Standard,0,1,0,0,1,0,2,29.3,1.2,5,22,805.21,3,2,Wallet,1,Smart TV,South India,3,0
OTT00196,59,Female,Standard,0,1,0,0,0,1,2,30.6,2.5,45,45,642.84,1,0,Debit Card,0,Tablet,North India,5,0
OTT00197,59,Female,Basic,0,1,0,1,0,1,3,43.7,2.0,50,19,813.57,3,1,Credit Card,1,Smart TV,East India,5,0
OTT00198,23,Male,Standard,1,1,0,1,1,1,5,12.9,1.3,47,48,283.31,1,1,Credit Card,0,Smart TV,North India,3,0
OTT00199,34,Male,Basic,0,0,0,1,0,1,2,9.0,1.0,0,35,544.32,4,0,Debit Card,1,Fire TV,Central India,4,0
OTT00200,28,Female,Mobile,0,0,0,1,0,1,2,29.5,0.4,12,4,1044.91,5,2,Wallet,1,Mobile,East India,4,0
OTT00201,37,Male,Mobile,1,1,0,1,0,1,4,28.4,0.9,29,42,908.34,1,1,Credit Card,1,Laptop,South India,2,0
OTT00202,59,Male,Premium,1,1,1,1,1,1,6,43.3,0.5,27,57,308.46,2,2,Credit Card,1,Smart TV,Central India,3,0
OTT00203,50,Female,Standard,0,0,0,1,1,1,3,17.6,0.7,8,46,748.57,3,1,Wallet,1,Mobile,South India,2,0
OTT00204,51,Female,Standard,1,0,0,1,0,0,2,15.6,2.4,27,30,397.49,1,2,UPI,1,Mobile,East India,1,0
OTT00205,36,Male,Standard,0,0,1,0,0,0,1,29.0,1.0,35,38,570.29,4,0,UPI,1,Smart TV,North India,2,0
OTT00206,58,Female,Mobile,0,1,1,0,0,0,2,24.4,0.8,22,59,1064.86,2,0,UPI,1,Mobile,South India,1,0
OTT00207,57,Female,Basic,0,0,1,0,0,1,2,32.4,1.1,32,33,140.51,4,0,Credit Card,1,Mobile,North India,3,0
OTT00208,52,Female,Standard,1,1,1,0,1,0,4,15.0,0.5,52,9,292.29,4,1,UPI,0,Laptop,Central India,5,0
OTT00209,53,Male,Premium,0,1,1,0,0,0,2,46.7,0.6,9,11,692.33,3,0,Net Banking,1,Smart TV,South India,1,0
OTT00210,46,Female,Standard,1,1,0,1,0,0,3,27.9,2.6,43,22,781.5,3,1,Debit Card,1,Smart TV,South India,3,0
OTT00211,22,Female,Mobile,1,1,0,1,0,1,4,42.7,3.6,46,52,565.68,1,4,UPI,1,Tablet,North India,2,0
OTT00212,30,Male,Premium,0,1,1,0,1,0,3,21.5,1.4,53,28,974.4,2,0,UPI,0,Fire TV,East India,4,0
OTT00213,51,Female,Basic,1,0,1,0,0,0,2,14.5,0.3,15,43,585.95,2,0,Credit Card,1,Laptop,North India,2,0
OTT00214,32,Female,Basic,1,0,1,0,1,1,4,30.0,3.4,32,57,725.99,2,1,UPI,0,Mobile,West India,3,0
OTT00215,25,Male,Mobile,1,0,1,1,0,1,4,34.7,4.6,26,41,666.19,3,1,UPI,1,Smart TV,South India,3,0
OTT00216,58,Male,Mobile,1,1,1,0,0,1,4,8.2,1.8,49,7,578.55,4,0,UPI,1,Tablet,Central India,3,1
OTT00217,38,Male,Standard,0,0,1,0,1,0,2,63.2,0.9,10,57,859.11,4,2,Debit Card,1,Fire TV,Central India,1,0
OTT00218,55,Female,Standard,0,0,0,0,1,1,2,15.5,2.5,14,33,423.91,2,1,UPI,1,Fire TV,Central India,5,0
OTT00219,30,Male,Basic,1,0,1,1,1,1,5,25.9,1.4,17,27,1012.05,2,0,UPI,1,Laptop,South India,1,0
OTT00220,33,Female,Mobile,1,0,0,0,1,1,3,33.7,2.3,17,8,920.23,4,1,Debit Card,1,Tablet,West India,5,0
OTT00221,32,Male,Standard,0,1,1,0,0,0,2,24.2,0.4,51,28,924.59,5,2,Credit Card,0,Fire TV,North India,5,0
OTT00222,34,Female,Basic,1,0,1,0,0,1,3,25.1,1.0,30,14,1288.92,2,2,Credit Card,1,Laptop,North India,4,0
OTT00223,36,Female,Basic,0,0,1,1,1,1,4,25.5,0.5,42,24,768.02,1,0,Debit Card,1,Mobile,West India,3,0
OTT00224,30,Female,Basic,1,1,1,1,1,1,6,6.1,0.7,29,37,684.76,2,0,Net Banking,1,Laptop,North India,3,0
OTT00225,53,Female,Premium,0,0,1,0,0,1,2,26.4,0.4,46,9,781.1,2,1,UPI,0,Mobile,West India,1,1
OTT00226,32,Male,Premium,1,1,1,1,0,1,5,17.5,0.7,2,17,534.98,5,3,Credit Card,1,Smart TV,Central India,3,0
OTT00227,36,Male,Basic,0,0,0,0,1,0,1,42.2,3.0,14,33,626.05,5,3,Debit Card,0,Mobile,South India,3,0
OTT00228,55,Female,Standard,1,1,0,0,1,0,3,38.1,0.8,35,18,417.14,3,3,Credit Card,0,Laptop,North India,5,0
OTT00229,36,Male,Premium,0,1,1,0,1,0,3,9.4,0.3,16,31,1030.61,2,1,UPI,1,Laptop,East India,2,0
OTT00230,18,Female,Mobile,0,0,0,0,1,0,1,9.1,0.8,0,41,368.45,2,1,UPI,0,Mobile,Central India,1,0
OTT00231,18,Female,Premium,1,0,0,1,0,0,2,64.7,0.4,46,17,421.08,2,2,Debit Card,0,Fire TV,Central India,5,0
OTT00232,36,Female,Standard,1,1,0,1,0,0,3,3.8,1.5,11,49,590.57,2,0,UPI,1,Smart TV,Central India,1,0
OTT00233,45,Male,Standard,1,1,1,1,1,1,6,15.9,0.8,52,18,341.26,3,2,Debit Card,1,Laptop,East India,1,1
OTT00234,58,Female,Standard,0,1,0,1,1,0,3,11.1,1.2,19,3,467.77,4,2,Debit Card,1,Fire TV,East India,4,0
OTT00235,23,Male,Basic,1,1,1,0,1,1,5,45.9,0.9,31,53,550.65,3,0,Wallet,1,Tablet,West India,1,0
OTT00236,41,Female,Standard,0,1,0,1,1,1,4,22.0,1.2,51,14,872.79,3,4,Credit Card,0,Smart TV,East India,1,0
OTT00237,30,Female,Standard,1,1,1,0,0,0,3,15.4,0.3,20,25,244.79,4,1,Wallet,1,Tablet,North India,1,0
OTT00238,37,Female,Mobile,1,1,0,0,1,1,4,24.6,0.7,11,32,504.02,2,1,Credit Card,0,Tablet,Central India,3,0
OTT00239,37,Female,Standard,0,0,1,0,0,0,1,61.7,2.0,25,46,734.02,4,3,Net Banking,1,Smart TV,North India,4,0
OTT00240,31,Male,Premium,1,0,0,0,0,0,1,31.7,2.1,23,55,790.16,4,1,UPI,0,Mobile,South India,1,0
OTT00241,18,Female,Premium,1,0,1,0,1,1,4,31.3,1.2,36,25,1376.37,2,1,Credit Card,1,Mobile,North India,4,0
OTT00242,21,Female,Standard,0,1,1,1,1,0,4,7.9,1.3,39,23,1059.66,3,0,Wallet,1,Mobile,West India,2,0
OTT00243,40,Male,Basic,0,0,0,1,0,1,2,43.5,0.3,58,13,1112.6,2,0,Credit Card,1,Fire TV,West India,4,1
OTT00244,27,Female,Basic,0,0,0,1,1,1,3,12.8,1.7,9,18,220.13,2,1,Wallet,0,Tablet,North India,1,0
OTT00245,32,Female,Mobile,1,0,1,0,1,0,3,30.1,3.0,11,34,743.79,2,1,Credit Card,1,Mobile,North India,3,0
OTT00246,21,Female,Premium,1,0,1,1,1,1,5,14.5,0.4,4,6,826.11,4,2,Credit Card,1,Smart TV,South India,4,0
OTT00247,20,Female,Standard,1,0,0,1,1,0,3,24.4,2.3,5,52,307.66,4,0,Credit Card,0,Smart TV,Central India,1,0
OTT00248,23,Male,Premium,0,1,1,1,0,0,3,23.7,0.4,0,13,583.94,4,0,Wallet,1,Mobile,South India,3,0
OTT00249,34,Female,Mobile,0,1,1,0,1,0,3,89.0,1.4,21,36,877.27,2,1,Wallet,1,Smart TV,South India,3,0
OTT00250,25,Male,Premium,1,1,1,0,0,0,3,18.4,0.3,58,30,893.37,4,0,Debit Card,0,Tablet,North India,1,0
OTT00251,27,Female,Premium,0,1,0,1,1,1,4,28.3,0.4,2,11,1007.27,5,2,Credit Card,1,Mobile,West India,4,0
OTT00252,30,Male,Standard,1,0,1,1,1,1,5,21.8,0.7,2,18,687.05,4,4,Credit Card,1,Smart TV,West India,1,0
OTT00253,30,Female,Premium,0,0,1,1,1,0,3,10.7,0.6,20,32,498.77,4,3,Credit Card,1,Mobile,North India,1,0
OTT00254,18,Male,Basic,0,1,0,0,1,0,2,30.1,2.8,39,36,820.11,2,2,Net Banking,1,Mobile,North India,3,1
OTT00255,23,Male,Basic,0,0,0,0,1,1,2,39.3,1.5,40,11,706.93,4,3,Debit Card,1,Mobile,North India,2,0
OTT00256,58,Male,Mobile,1,1,0,1,0,1,4,11.7,0.6,0,19,781.58,2,0,UPI,1,Smart TV,North India,2,0
OTT00257,46,Female,Mobile,1,0,0,1,1,1,4,20.4,2.0,1,29,129.13,5,1,Wallet,1,Mobile,West India,4,0
OTT00258,23,Male,Mobile,0,0,1,0,0,0,1,24.9,2.2,50,15,652.0,5,0,UPI,0,Mobile,North India,3,0
OTT00259,30,Male,Standard,0,0,0,0,0,1,1,36.9,1.8,49,9,769.84,5,1,UPI,1,Smart TV,South India,4,0
OTT00260,34,Male,Basic,1,0,1,0,1,0,3,37.8,1.6,40,39,651.65,5,1,Debit Card,1,Mobile,East India,2,0
OTT00261,56,Male,Mobile,0,1,0,1,0,0,2,7.5,1.6,8,12,613.63,3,1,Credit Card,1,Tablet,North India,4,0
OTT00262,55,Female,Mobile,0,1,1,0,1,1,4,64.4,0.6,59,44,613.26,5,4,UPI,1,Mobile,South India,5,0
OTT00263,51,Male,Standard,0,1,1,0,0,0,2,31.8,1.4,45,9,405.1,1,2,Credit Card,1,Fire TV,West India,1,0
OTT00264,22,Male,Premium,0,0,1,0,0,1,2,24.0,2.8,57,56,891.65,5,1,Credit Card,1,Laptop,South India,3,1
OTT00265,39,Male,Basic,1,1,0,1,1,1,5,36.8,4.0,37,32,567.87,3,1,Debit Card,1,Smart TV,South India,4,0
OTT00266,38,Male,Standard,1,0,1,0,0,0,2,50.0,1.3,58,34,99.0,5,3,UPI,1,Mobile,South India,1,0
OTT00267,45,Male,Premium,0,0,1,0,0,1,2,21.6,0.8,6,25,479.03,4,2,Debit Card,1,Smart TV,West India,4,0
OTT00268,54,Male,Standard,0,0,0,0,1,1,2,20.1,0.7,4,57,436.07,3,0,Credit Card,0,Smart TV,Central India,5,0
OTT00269,31,Male,Standard,0,0,0,0,1,0,1,10.8,2.7,58,5,559.0,5,1,UPI,1,Mobile,North India,5,0
OTT00270,41,Male,Standard,0,0,0,0,0,1,1,20.3,0.7,35,13,468.77,2,2,Credit Card,1,Mobile,East India,2,1
OTT00271,29,Male,Premium,1,0,0,0,0,0,1,33.0,1.1,37,44,619.33,3,1,UPI,0,Smart TV,East India,4,0
OTT00272,27,Female,Basic,0,0,0,1,1,0,2,20.3,1.1,45,32,705.35,5,0,Credit Card,1,Smart TV,East India,1,0
OTT00273,31,Male,Standard,0,0,0,0,1,0,1,19.8,2.2,56,33,428.38,3,2,UPI,1,Mobile,North India,4,1
OTT00274,49,Female,Basic,1,0,0,1,1,0,3,57.0,1.7,7,28,664.57,4,1,Credit Card,1,Laptop,North India,5,1
OTT00275,36,Female,Mobile,1,0,0,1,1,1,4,28.0,4.6,16,31,836.06,3,1,Credit Card,1,Smart TV,South India,3,0
OTT00276,47,Female,Standard,1,1,0,1,0,0,3,28.0,1.7,12,42,550.21,1,1,Credit Card,1,Laptop,North India,2,0
OTT00277,47,Male,Premium,1,0,0,0,0,1,2,33.3,2.7,16,31,834.68,5,0,UPI,1,Fire TV,South India,3,0
OTT00278,33,Female,Premium,0,0,0,1,1,1,3,40.6,0.9,24,14,1020.56,1,0,Debit Card,1,Smart TV,North India,5,0
OTT00279,59,Female,Premium,1,1,1,1,1,0,5,25.2,1.7,34,50,386.08,3,4,Credit Card,1,Fire TV,North India,2,0
OTT00280,19,Female,Standard,0,1,1,1,1,1,5,13.9,2.8,51,8,732.76,4,1,Credit Card,0,Mobile,South India,5,0
OTT00281,56,Female,Standard,0,0,0,0,1,0,1,31.5,2.6,14,56,1219.98,5,2,Debit Card,1,Fire TV,West India,3,0
OTT00282,18,Male,Premium,0,0,1,1,0,0,2,43.6,0.4,49,27,717.33,4,0,Debit Card,1,Fire TV,Central India,4,0
OTT00283,34,Female,Basic,0,0,1,0,0,1,2,31.3,0.6,35,29,418.63,5,0,UPI,1,Smart TV,Central India,2,0
OTT00284,53,Female,Mobile,0,0,0,0,1,1,2,36.6,1.7,49,41,786.83,1,0,Debit Card,1,Tablet,Central India,4,0
OTT00285,47,Male,Basic,0,0,1,1,1,0,3,19.8,1.2,49,51,602.96,2,2,Debit Card,1,Mobile,South India,5,0
OTT00286,31,Male,Standard,1,1,0,1,0,0,3,15.4,1.4,16,44,295.47,3,0,Credit Card,1,Fire TV,North India,4,0
OTT00287,56,Female,Standard,1,0,0,0,0,0,1,27.0,1.1,47,10,602.51,5,3,Credit Card,1,Tablet,East India,2,0
OTT00288,23,Male,Standard,0,1,1,1,0,0,3,17.7,2.5,46,41,329.2,3,1,Credit Card,1,Mobile,West India,4,0
OTT00289,46,Female,Mobile,0,1,0,1,0,1,3,50.8,1.6,34,46,190.01,5,1,Credit Card,1,Smart TV,South India,3,0
OTT00290,40,Male,Standard,0,0,1,0,0,0,1,32.1,1.2,5,39,892.91,3,0,UPI,1,Mobile,North India,5,1
OTT00291,26,Female,Standard,1,1,0,0,1,1,4,18.5,5.6,58,24,99.0,2,1,Credit Card,0,Smart TV,West India,1,1
OTT00292,57,Male,Premium,0,0,0,1,0,0,1,12.2,2.8,57,10,1041.12,3,0,UPI,0,Smart TV,North India,1,1
OTT00293,50,Female,Basic,1,1,1,0,1,1,5,42.8,3.2,20,6,809.21,1,0,Wallet,0,Mobile,West India,1,0
OTT00294,18,Female,Standard,0,0,0,1,0,0,1,13.5,0.5,30,48,1068.5,1,0,Net Banking,0,Tablet,South India,3,0
OTT00295,21,Female,Standard,0,1,1,1,1,1,5,24.4,5.8,25,53,1116.32,2,0,Wallet,1,Mobile,Central India,2,0
OTT00296,20,Male,Standard,1,1,1,0,1,1,5,28.2,5.4,43,34,964.72,3,2,Wallet,1,Mobile,South India,2,0
OTT00297,35,Male,Mobile,1,1,1,1,1,1,6,13.6,2.4,19,54,530.13,2,2,UPI,1,Smart TV,South India,1,0
OTT00298,35,Male,Mobile,1,0,0,1,1,1,4,22.3,1.5,59,5,476.4,1,0,UPI,1,Mobile,North India,3,0
OTT00299,49,Male,Mobile,1,0,1,0,1,1,4,46.6,0.8,5,56,681.81,5,0,UPI,0,Smart TV,West India,4,0
OTT00300,47,Other,Standard,1,1,1,0,1,0,4,9.5,2.6,25,16,928.31,4,3,Credit Card,1,Smart TV,West India,1,0
OTT00301,18,Male,Standard,1,0,1,1,1,0,4,42.6,4.7,27,23,1180.08,3,1,Debit Card,1,Mobile,West India,2,0
OTT00302,38,Male,Standard,0,0,0,1,1,0,2,27.1,1.6,18,16,368.74,3,2,UPI,0,Mobile,South India,4,0
OTT00303,51,Female,Standard,1,1,0,1,0,0,3,16.5,0.6,28,23,877.24,4,0,Credit Card,1,Laptop,North India,5,0
OTT00304,56,Male,Mobile,0,1,0,1,1,0,3,9.1,1.4,19,8,661.21,1,2,Debit Card,1,Mobile,West India,4,0
OTT00305,30,Male,Mobile,1,1,0,1,1,1,5,22.7,1.0,21,30,661.85,5,2,UPI,0,Mobile,Central India,4,0
OTT00306,19,Female,Standard,0,0,1,1,0,1,3,17.1,0.7,5,9,832.1,5,2,Wallet,1,Fire TV,East India,1,0
OTT00307,24,Male,Standard,0,0,1,1,0,1,3,22.5,0.3,24,11,99.0,1,1,Credit Card,0,Mobile,North India,3,0
OTT00308,32,Female,Standard,1,1,1,0,0,0,3,33.7,4.3,41,54,658.0,3,1,Wallet,1,Tablet,South India,2,0
OTT00309,37,Female,Standard,1,0,0,0,1,0,2,8.6,3.4,56,7,303.75,5,1,Credit Card,0,Smart TV,West India,3,0
OTT00310,33,Male,Premium,1,1,0,0,0,0,2,26.2,1.1,60,27,855.76,2,2,Credit Card,0,Smart TV,South India,2,1
OTT00311,21,Female,Premium,0,1,0,1,1,0,3,58.7,0.2,48,31,737.63,3,0,Wallet,1,Laptop,South India,1,0
OTT00312,32,Female,Standard,0,0,1,1,0,1,3,18.5,1.9,53,25,1124.31,3,1,UPI,1,Fire TV,South India,2,0
OTT00313,30,Male,Basic,1,0,0,1,0,0,2,31.0,3.6,21,30,1068.63,4,1,UPI,0,Tablet,North India,3,1
OTT00314,38,Female,Mobile,0,1,0,0,1,1,3,6.0,4.6,58,49,481.27,4,1,Net Banking,1,Laptop,West India,1,0
OTT00315,21,Male,Standard,1,0,1,0,0,1,3,8.6,1.9,52,22,727.37,1,1,Credit Card,1,Tablet,East India,2,0
OTT00316,51,Female,Basic,1,0,0,0,0,1,2,15.8,0.8,12,22,1101.61,5,2,UPI,1,Mobile,South India,4,0
OTT00317,35,Female,Mobile,1,0,0,1,0,1,3,47.8,1.7,44,12,784.46,5,1,Credit Card,0,Laptop,North India,4,0
OTT00318,31,Male,Basic,1,1,0,0,1,1,4,17.4,1.3,4,20,852.89,5,0,Credit Card,0,Laptop,West India,2,0
OTT00319,56,Male,Premium,0,1,0,1,0,0,2,31.6,1.1,19,53,1113.04,1,0,Debit Card,0,Mobile,North India,4,0
OTT00320,50,Male,Mobile,1,1,1,0,1,1,5,17.3,3.1,16,13,1068.77,4,1,Wallet,1,Smart TV,West India,2,0
OTT00321,23,Female,Standard,1,0,1,1,1,1,5,10.9,2.0,48,12,712.4,3,1,UPI,0,Laptop,South India,4,0
OTT00322,24,Female,Premium,0,0,1,0,1,1,3,21.0,0.5,37,6,959.41,4,3,Credit Card,0,Tablet,West India,1,1
OTT00323,18,Male,Standard,1,0,0,0,1,0,2,33.2,3.1,18,59,912.82,2,5,UPI,1,Mobile,West India,5,0
OTT00324,42,Male,Mobile,0,0,1,0,1,1,3,42.8,4.3,44,12,1134.8,2,2,Debit Card,1,Smart TV,South India,1,1
OTT00325,33,Female,Premium,0,1,1,1,1,1,5,22.7,0.8,6,13,691.24,3,1,Credit Card,0,Mobile,South India,2,0
OTT00326,34,Male,Standard,1,1,0,0,1,1,4,31.5,2.0,47,50,1017.7,2,2,UPI,1,Mobile,West India,3,0
OTT00327,39,Male,Basic,1,1,0,1,0,1,4,25.1,1.2,52,54,551.76,5,1,Debit Card,1,Mobile,North India,1,0
OTT00328,41,Male,Standard,1,0,1,0,0,1,3,26.4,0.3,2,34,797.51,2,1,Debit Card,1,Laptop,South India,1,0
OTT00329,18,Female,Mobile,1,0,1,0,1,0,3,13.7,1.7,45,18,918.59,2,0,UPI,1,Mobile,South India,1,1
OTT00330,22,Male,Standard,0,1,0,0,1,0,2,14.7,2.5,37,36,862.27,2,1,Wallet,1,Mobile,North India,2,0
OTT00331,51,Female,Premium,1,0,1,1,0,1,4,11.7,1.7,14,49,757.12,2,0,UPI,1,Tablet,South India,2,0
OTT00332,58,Female,Standard,1,0,0,0,1,0,2,18.0,3.5,16,23,662.45,3,1,Debit Card,1,Mobile,North India,4,0
OTT00333,53,Male,Premium,1,0,1,0,1,1,4,39.4,1.7,13,48,870.59,1,1,Credit Card,1,Smart TV,South India,3,0
OTT00334,56,Female,Basic,0,1,1,1,1,1,5,54.3,0.3,16,30,815.26,3,0,UPI,0,Laptop,North India,2,0
OTT00335,37,Male,Premium,1,0,0,0,1,0,2,39.4,0.9,20,42,701.04,4,2,Net Banking,0,Smart TV,South India,4,0
OTT00336,53,Male,Standard,1,0,1,0,0,1,3,30.7,2.9,47,40,859.46,2,5,UPI,0,Tablet,East India,5,1
OTT00337,55,Female,Mobile,1,0,0,0,0,0,1,24.6,0.1,17,27,250.39,2,0,Net Banking,1,Laptop,North India,2,0
OTT00338,56,Male,Premium,1,1,1,0,0,1,4,39.3,0.9,54,25,788.13,4,1,Wallet,1,Smart TV,South India,3,0
OTT00339,24,Female,Premium,0,1,0,0,0,0,1,100.0,1.7,33,49,191.09,1,1,Credit Card,1,Laptop,North India,2,0
OTT00340,24,Female,Basic,1,1,1,1,0,1,5,27.9,2.9,36,20,420.84,5,1,Debit Card,1,Mobile,South India,1,0
OTT00341,35,Male,Standard,0,1,0,0,1,0,2,33.0,3.7,54,40,760.22,5,4,Debit Card,1,Smart TV,South India,5,0
OTT00342,39,Female,Basic,1,1,1,1,1,1,6,28.0,1.2,1,16,652.77,3,2,UPI,1,Mobile,South India,3,0
OTT00343,59,Female,Mobile,1,0,1,0,1,1,4,62.5,1.5,25,40,192.94,1,1,Credit Card,0,Mobile,West India,1,0
OTT00344,31,Male,Basic,1,1,0,0,1,0,3,22.3,1.0,19,13,137.25,2,3,Credit Card,1,Laptop,North India,3,0
OTT00345,53,Female,Standard,1,1,1,0,1,0,4,14.6,1.5,48,31,568.5,4,1,UPI,1,Laptop,South India,5,0
OTT00346,56,Female,Mobile,1,1,1,0,1,0,4,35.4,0.5,57,35,154.04,4,2,Wallet,1,Mobile,North India,2,1
OTT00347,59,Male,Mobile,0,1,1,1,1,1,5,14.6,2.0,58,9,276.78,1,1,UPI,1,Laptop,West India,3,0
OTT00348,26,Male,Premium,0,0,1,0,1,0,2,29.0,0.1,37,5,493.51,1,1,Net Banking,1,Mobile,Central India,1,0
OTT00349,28,Male,Standard,0,0,1,0,1,1,3,24.7,1.9,16,15,901.64,4,2,Credit Card,1,Fire TV,South India,1,0
OTT00350,27,Male,Premium,0,0,1,0,0,0,1,31.2,1.3,50,10,328.02,3,1,UPI,1,Fire TV,South India,5,0
OTT00351,49,Male,Basic,0,1,1,0,0,1,3,25.4,3.0,35,19,99.0,1,2,Credit Card,1,Smart TV,North India,2,0
OTT00352,47,Female,Mobile,0,1,0,0,0,1,2,7.2,2.5,29,36,1028.43,2,2,Debit Card,1,Smart TV,North India,2,0
OTT00353,35,Female,Standard,1,1,1,0,0,0,3,33.6,1.1,27,21,890.35,3,0,Credit Card,1,Smart TV,South India,1,0
OTT00354,21,Female,Basic,1,1,0,1,0,0,3,29.6,2.4,27,49,752.06,1,1,UPI,0,Smart TV,East India,4,0
OTT00355,40,Male,Basic,0,0,1,1,0,1,3,44.7,0.6,52,29,640.63,3,0,Debit Card,0,Mobile,West India,2,0
OTT00356,49,Male,Premium,1,0,1,0,0,1,3,15.5,0.4,33,16,1235.97,3,1,Debit Card,1,Laptop,South India,2,0
OTT00357,38,Male,Basic,1,1,1,0,0,1,4,6.5,1.9,53,1,740.24,4,1,UPI,1,Tablet,Central India,1,0
OTT00358,29,Male,Basic,1,1,1,1,0,0,4,35.2,0.3,51,1,674.06,1,0,Debit Card,1,Smart TV,North India,3,0
OTT00359,43,Female,Standard,0,0,1,1,1,0,3,34.4,3.9,16,57,600.44,3,1,UPI,0,Laptop,West India,2,1
OTT00360,46,Male,Mobile,1,0,1,0,0,1,3,33.2,0.2,57,41,772.12,3,3,Debit Card,1,Smart TV,North India,5,0
OTT00361,43,Female,Standard,1,1,1,0,1,1,5,4.3,2.8,20,52,445.49,4,2,UPI,1,Smart TV,North India,1,0
OTT00362,55,Male,Basic,0,0,0,0,1,0,1,68.3,1.2,32,3,962.03,5,3,Credit Card,1,Laptop,North India,4,0
OTT00363,31,Female,Mobile,0,0,0,1,0,0,1,3.1,2.1,56,14,1015.03,5,0,UPI,1,Smart TV,South India,5,1
OTT00364,44,Female,Basic,1,0,0,0,0,0,1,6.5,1.6,58,20,1006.81,4,4,Credit Card,1,Mobile,Central India,2,1
OTT00365,54,Female,Basic,1,0,1,1,1,0,4,10.7,0.9,8,7,637.16,2,1,Debit Card,0,Fire TV,West India,3,0
OTT00366,27,Female,Standard,1,0,0,1,0,1,3,37.4,0.8,47,27,755.54,4,0,UPI,0,Smart TV,South India,3,0
OTT00367,30,Female,Premium,0,0,1,1,1,1,4,46.6,2.2,31,56,279.04,1,0,Wallet,1,Mobile,East India,2,0
OTT00368,20,Female,Standard,0,0,1,1,1,1,4,25.4,3.0,47,46,299.11,1,1,Credit Card,1,Smart TV,East India,5,1
OTT00369,34,Male,Basic,0,1,0,0,1,0,2,33.8,1.7,53,17,865.84,3,0,Credit Card,1,Mobile,South India,5,0
OTT00370,19,Male,Premium,1,1,1,0,1,1,5,14.9,2.0,57,47,906.32,1,0,Credit Card,0,Laptop,North India,3,1
OTT00371,50,Female,Standard,0,1,1,1,0,1,4,12.6,1.6,6,14,161.97,4,0,Net Banking,0,Laptop,South India,3,0
OTT00372,21,Male,Mobile,1,1,0,0,0,0,2,8.1,0.5,8,26,290.47,5,0,Debit Card,0,Tablet,North India,3,0
OTT00373,47,Female,Mobile,1,0,0,1,1,0,3,33.7,0.5,40,46,389.31,2,0,Wallet,1,Smart TV,North India,5,0
OTT00374,42,Male,Basic,1,0,0,0,1,0,2,44.8,3.7,2,53,746.96,4,3,UPI,1,Mobile,North India,1,0
OTT00375,60,Female,Mobile,0,0,1,0,0,1,2,9.9,1.3,37,44,529.45,1,1,Net Banking,1,Laptop,West India,4,0
OTT00376,32,Male,Standard,1,0,0,0,1,0,2,14.3,2.7,7,23,324.16,1,2,Credit Card,1,Fire TV,East India,5,0
OTT00377,32,Female,Basic,1,1,0,1,1,1,5,17.8,1.0,43,17,562.09,1,0,Net Banking,1,Mobile,South India,4,0
OTT00378,28,Male,Premium,1,0,1,0,0,1,3,11.0,0.7,34,29,557.65,3,3,UPI,1,Mobile,West India,1,0
OTT00379,41,Male,Basic,1,0,0,1,1,0,3,29.3,1.0,56,49,904.32,3,1,Net Banking,1,Tablet,Central India,2,0
OTT00380,27,Female,Basic,1,0,1,1,1,0,4,19.5,2.3,52,24,575.51,5,1,UPI,1,Laptop,North India,3,0
OTT00381,22,Male,Premium,1,0,0,0,1,1,3,49.1,0.8,19,28,1059.22,3,4,Credit Card,1,Mobile,North India,2,0
OTT00382,58,Male,Standard,1,0,1,1,1,1,5,15.1,1.7,3,38,99.0,5,2,UPI,1,Smart TV,South India,3,0
OTT00383,47,Female,Mobile,1,1,0,1,1,0,4,39.4,2.1,34,36,778.01,1,1,Debit Card,1,Tablet,South India,1,0
OTT00384,23,Female,Mobile,0,0,1,1,0,1,3,8.6,1.5,31,25,1237.89,3,1,UPI,0,Mobile,South India,1,0
OTT00385,44,Male,Standard,0,1,1,0,1,0,3,16.3,1.6,25,15,612.06,1,1,UPI,1,Smart TV,Central India,4,0
OTT00386,31,Female,Standard,1,1,1,1,1,1,6,26.1,1.7,38,56,571.89,3,1,UPI,1,Mobile,North India,2,0
OTT00387,25,Male,Standard,0,1,1,0,1,1,4,29.5,0.8,42,59,464.42,3,1,Wallet,1,Smart TV,South India,1,0
OTT00388,38,Male,Premium,1,1,1,1,1,1,6,53.1,1.2,37,51,242.39,3,1,Wallet,0,Fire TV,East India,3,0
OTT00389,51,Female,Standard,1,0,0,0,0,0,1,28.9,0.7,58,12,946.35,5,1,Credit Card,1,Laptop,East India,2,0
OTT00390,18,Male,Premium,1,0,1,1,1,1,5,29.1,1.1,17,24,428.94,1,0,Debit Card,1,Smart TV,South India,4,0
OTT00391,33,Male,Standard,1,0,1,1,0,0,3,12.7,2.4,31,24,903.75,4,4,UPI,1,Laptop,North India,4,1
OTT00392,57,Male,Standard,0,0,0,1,1,0,2,13.9,2.4,14,2,759.65,4,0,Credit Card,0,Fire TV,West India,3,0
OTT00393,34,Female,Mobile,1,1,0,1,0,0,3,17.6,1.7,41,31,834.18,5,1,Credit Card,1,Smart TV,Central India,2,0
OTT00394,22,Female,Standard,0,0,1,1,1,1,4,23.7,1.4,1,33,385.5,3,1,Credit Card,0,Smart TV,East India,2,0
OTT00395,36,Male,Basic,0,0,0,0,1,0,1,22.3,2.0,37,44,745.94,5,2,Credit Card,1,Smart TV,North India,4,0
OTT00396,47,Female,Standard,0,0,1,1,1,0,3,29.6,1.6,9,15,651.29,1,2,UPI,1,Fire TV,West India,2,0
OTT00397,60,Female,Basic,1,1,1,0,1,0,4,50.0,1.1,0,28,703.4,5,2,UPI,0,Mobile,North India,1,0
OTT00398,45,Male,Standard,0,1,0,1,0,0,2,24.3,1.4,0,20,99.0,1,0,Debit Card,1,Laptop,West India,4,0
OTT00399,20,Female,Basic,0,0,1,1,0,1,3,36.6,0.6,39,9,797.15,1,3,UPI,1,Mobile,North India,4,1
OTT00400,52,Male,Standard,0,0,1,0,1,1,3,13.8,0.5,29,28,1275.24,4,2,UPI,1,Mobile,North India,5,1
OTT00401,51,Male,Basic,1,0,0,0,1,0,2,54.0,3.4,35,13,292.72,3,0,Credit Card,1,Tablet,East India,1,0
OTT00402,46,Male,Premium,0,1,1,1,1,1,5,23.8,2.3,40,49,914.98,3,1,Credit Card,0,Smart TV,South India,1,0
OTT00403,56,Male,Basic,1,0,0,1,1,1,4,53.5,0.9,10,29,584.04,2,0,UPI,0,Smart TV,North India,5,0
OTT00404,51,Female,Standard,0,0,1,0,0,0,1,20.4,1.4,37,45,359.67,4,0,Wallet,1,Laptop,South India,5,0
OTT00405,27,Female,Standard,1,1,1,1,1,1,6,18.5,1.1,28,13,453.23,4,0,Debit Card,1,Laptop,West India,1,1
OTT00406,36,Female,Basic,1,0,1,1,1,1,5,16.1,1.3,43,34,1058.46,1,1,Net Banking,1,Mobile,South India,3,1
OTT00407,39,Male,Standard,0,1,0,1,0,0,2,11.5,2.3,30,19,730.99,4,2,Net Banking,1,Laptop,East India,2,0
OTT00408,39,Male,Premium,1,0,0,1,1,1,4,41.2,0.1,5,44,614.79,1,1,UPI,1,Smart TV,North India,5,0
OTT00409,45,Male,Standard,0,0,0,0,0,1,1,14.3,1.9,9,54,209.46,5,1,Wallet,1,Mobile,West India,4,0
OTT00410,48,Male,Premium,1,1,1,1,1,1,6,29.1,0.5,34,19,804.04,5,2,Credit Card,1,Tablet,South India,4,0
OTT00411,22,Female,Basic,0,1,0,1,1,1,4,10.6,7.5,0,28,952.31,1,0,UPI,1,Smart TV,South India,4,0
OTT00412,42,Female,Premium,1,1,1,1,0,0,4,62.3,2.7,12,30,734.52,1,0,Net Banking,0,Smart TV,South India,4,0
OTT00413,19,Female,Premium,0,0,0,0,1,0,1,41.7,0.4,56,14,330.22,1,1,Net Banking,0,Mobile,East India,5,1
OTT00414,39,Female,Standard,1,1,1,0,1,1,5,40.2,0.4,39,5,797.45,1,1,Credit Card,1,Laptop,North India,1,1
OTT00415,36,Male,Premium,1,0,0,0,0,0,1,26.3,0.8,50,46,1170.82,5,1,UPI,1,Laptop,South India,5,1
OTT00416,26,Male,Standard,0,1,0,0,0,1,2,22.2,1.3,49,4,605.35,5,1,UPI,0,Laptop,East India,5,0
OTT00417,60,Male,Standard,0,0,1,0,1,0,2,16.9,0.8,48,2,940.02,3,3,Credit Card,1,Tablet,Central India,2,1
OTT00418,29,Female,Standard,1,1,0,1,1,0,4,53.0,0.9,38,10,587.8,1,0,Credit Card,1,Laptop,East India,2,0
OTT00419,20,Male,Basic,0,0,0,0,1,1,2,8.4,0.2,33,28,599.89,3,0,Credit Card,1,Smart TV,East India,2,1
OTT00420,33,Male,Standard,1,1,1,1,0,1,5,34.1,5.6,24,46,707.5,3,4,Credit Card,1,Tablet,West India,5,0
OTT00421,50,Female,Basic,1,1,0,1,0,1,4,14.8,1.3,41,55,548.98,5,2,UPI,0,Mobile,Central India,4,1
OTT00422,18,Male,Standard,0,0,0,0,0,1,1,10.6,4.1,23,56,522.06,5,0,Wallet,0,Mobile,South India,4,0
OTT00423,39,Female,Standard,1,0,0,0,0,0,1,19.3,0.9,39,57,655.27,4,5,Credit Card,1,Smart TV,West India,3,1
OTT00424,35,Male,Basic,0,0,0,1,0,0,1,19.5,5.1,34,38,920.47,2,3,UPI,0,Mobile,West India,3,0
OTT00425,55,Female,Mobile,0,1,1,1,0,0,3,30.0,2.0,19,30,673.31,5,1,Wallet,1,Laptop,South India,4,0
OTT00426,18,Male,Basic,0,1,1,0,1,1,4,44.2,1.4,54,3,639.98,3,1,Debit Card,1,Smart TV,West India,2,0
OTT00427,18,Female,Standard,0,0,1,1,0,0,2,21.8,3.6,57,28,705.21,3,0,Debit Card,0,Tablet,North India,1,0
OTT00428,42,Female,Basic,1,1,1,0,1,1,5,6.8,0.4,40,38,1094.09,5,0,UPI,1,Smart TV,East India,2,0
OTT00429,25,Male,Mobile,0,0,0,0,0,1,1,14.1,1.4,23,43,374.5,4,2,UPI,1,Mobile,Central India,3,0
OTT00430,48,Female,Basic,0,0,1,1,1,1,4,21.6,1.2,5,17,838.05,2,3,Credit Card,1,Mobile,South India,2,0
OTT00431,29,Female,Basic,1,1,0,1,1,1,5,18.1,2.7,44,19,885.81,4,2,UPI,1,Laptop,North India,2,0
OTT00432,42,Female,Basic,1,0,1,1,1,0,4,34.1,0.2,47,53,604.12,4,0,UPI,1,Laptop,South India,3,1
OTT00433,19,Female,Basic,1,0,1,1,1,0,4,29.3,1.0,36,51,994.22,2,1,UPI,1,Mobile,North India,4,0
OTT00434,47,Female,Standard,1,1,0,1,1,0,4,37.6,0.2,3,44,913.02,4,0,Credit Card,1,Tablet,South India,3,0
OTT00435,40,Male,Standard,1,0,0,0,0,0,1,4.5,1.0,52,23,884.31,5,1,UPI,1,Tablet,North India,1,0
OTT00436,18,Male,Premium,1,0,0,0,0,1,2,42.1,3.2,22,22,294.03,4,3,Wallet,1,Laptop,South India,2,0
OTT00437,29,Male,Mobile,0,1,0,0,1,0,2,7.2,1.0,4,32,500.13,2,3,Debit Card,0,Fire TV,North India,5,0
OTT00438,20,Female,Basic,0,0,1,1,0,1,3,32.7,0.7,23,27,463.16,2,1,Debit Card,1,Laptop,West India,4,0
OTT00439,19,Female,Mobile,1,0,1,1,0,1,4,48.1,2.3,30,48,852.71,2,3,UPI,1,Laptop,North India,2,0
OTT00440,48,Female,Standard,0,1,0,1,1,0,3,5.8,0.8,38,44,902.56,4,5,Wallet,1,Mobile,East India,1,0
OTT00441,36,Male,Mobile,0,1,1,1,1,1,5,4.1,3.0,59,11,579.34,5,2,Net Banking,1,Laptop,North India,1,0
OTT00442,52,Female,Basic,0,0,0,1,0,1,2,22.4,4.0,51,56,580.17,3,1,Credit Card,1,Mobile,South India,2,1
OTT00443,29,Female,Standard,0,1,1,0,1,1,4,18.1,1.5,13,28,1272.01,2,0,Credit Card,1,Smart TV,South India,5,0
OTT00444,48,Male,Basic,0,0,0,1,0,1,2,9.8,2.0,16,18,706.36,5,2,Credit Card,1,Smart TV,East India,4,0
OTT00445,44,Female,Standard,0,0,0,0,1,1,2,4.1,3.1,59,26,778.55,1,1,UPI,1,Tablet,West India,5,0
OTT00446,46,Male,Standard,1,1,1,0,0,1,4,42.6,1.5,38,47,584.66,2,1,UPI,0,Smart TV,West India,3,0
OTT00447,53,Female,Premium,1,1,1,1,1,1,6,10.2,0.3,50,22,1023.29,3,0,UPI,1,Smart TV,East India,2,1
OTT00448,48,Male,Basic,0,1,0,1,1,0,3,89.4,3.3,35,42,765.96,1,1,UPI,1,Mobile,South India,5,0
OTT00449,50,Female,Basic,0,0,0,1,0,0,1,10.8,2.0,20,37,701.26,5,2,UPI,0,Mobile,South India,5,0
OTT00450,49,Male,Standard,1,0,1,1,0,0,3,11.4,1.1,37,15,713.06,2,1,UPI,0,Laptop,South India,2,0
OTT00451,37,Male,Mobile,1,0,0,0,0,0,1,2.7,0.5,49,35,534.88,2,1,Debit Card,1,Tablet,North India,1,0
OTT00452,49,Female,Mobile,1,1,1,1,1,0,5,10.2,1.0,1,15,386.12,4,0,Debit Card,0,Smart TV,West India,4,0
OTT00453,54,Female,Basic,0,0,1,1,1,1,4,12.8,1.8,6,48,652.41,4,1,UPI,1,Mobile,East India,3,0
OTT00454,49,Male,Basic,0,0,1,0,1,0,2,22.9,1.9,31,13,1085.5,3,0,UPI,1,Smart TV,North India,2,0
OTT00455,44,Male,Mobile,0,0,0,1,0,0,1,32.7,2.5,60,20,569.73,3,3,Credit Card,1,Smart TV,Central India,4,0
OTT00456,21,Female,Standard,0,1,0,0,0,1,2,16.2,3.5,57,11,945.75,3,1,Debit Card,0,Smart TV,West India,2,0
OTT00457,36,Female,Standard,1,1,1,1,1,1,6,32.5,2.4,23,19,540.78,3,1,Net Banking,1,Laptop,North India,4,0
OTT00458,20,Male,Mobile,0,1,1,1,0,0,3,57.4,1.4,15,19,125.08,1,1,Wallet,1,Fire TV,East India,4,0
OTT00459,22,Male,Standard,1,1,0,1,0,1,4,19.8,0.9,22,24,503.93,1,0,UPI,1,Smart TV,South India,1,1
OTT00460,33,Male,Premium,1,0,1,0,0,1,3,16.8,0.7,47,8,195.75,1,2,UPI,0,Smart TV,North India,1,1
OTT00461,37,Female,Basic,1,0,0,1,0,1,3,11.4,2.6,42,42,859.85,2,0,Credit Card,1,Laptop,North India,2,0
OTT00462,40,Female,Standard,1,0,0,1,0,0,2,23.3,1.4,43,16,136.87,1,1,Wallet,1,Fire TV,South India,2,0
OTT00463,56,Female,Mobile,1,1,1,0,1,1,5,52.6,0.6,40,23,673.39,5,2,UPI,1,Mobile,East India,1,0
OTT00464,50,Male,Premium,1,0,0,0,0,1,2,22.6,1.9,60,22,440.08,3,1,Debit Card,1,Mobile,South India,4,0
OTT00465,36,Female,Mobile,0,0,1,1,1,0,3,33.2,1.9,53,60,475.91,5,0,UPI,1,Tablet,East India,4,0
OTT00466,32,Male,Basic,0,1,1,0,1,1,4,23.4,5.4,19,34,893.13,3,0,Credit Card,0,Mobile,North India,3,0
OTT00467,48,Female,Premium,1,0,1,1,1,0,4,22.2,0.2,47,52,617.24,4,2,Credit Card,0,Fire TV,South India,2,0
OTT00468,29,Male,Standard,0,1,1,1,1,1,5,80.8,0.4,51,27,641.92,5,1,Debit Card,1,Smart TV,North India,4,0
OTT00469,55,Male,Basic,0,0,0,0,1,1,2,28.9,0.2,56,48,624.16,1,0,Debit Card,1,Smart TV,South India,5,0
OTT00470,51,Male,Standard,1,0,0,1,1,0,3,39.5,0.7,16,20,539.67,2,1,Credit Card,1,Laptop,East India,3,0
OTT00471,47,Male,Premium,1,0,1,1,0,0,3,31.4,1.3,22,33,427.15,3,1,Credit Card,0,Tablet,South India,1,0
OTT00472,28,Male,Standard,1,1,1,0,0,0,3,22.9,1.1,27,7,183.52,1,0,Debit Card,1,Smart TV,West India,1,0
OTT00473,44,Female,Mobile,0,0,0,0,0,1,1,3.9,3.7,31,17,757.46,1,1,Wallet,1,Mobile,South India,4,1
OTT00474,53,Female,Basic,0,0,0,1,1,0,2,15.8,1.1,29,34,734.47,3,1,UPI,1,Smart TV,Central India,1,1
OTT00475,21,Female,Premium,1,0,0,1,0,0,2,51.8,0.2,56,23,970.67,1,0,Credit Card,0,Smart TV,North India,3,1
OTT00476,25,Female,Mobile,0,1,0,0,0,1,2,6.4,4.9,42,51,763.12,3,1,Debit Card,1,Smart TV,East India,5,0
OTT00477,40,Male,Basic,1,0,1,1,0,0,3,14.4,2.6,24,31,524.38,3,2,Net Banking,1,Smart TV,West India,2,0
OTT00478,33,Female,Mobile,0,1,0,1,1,0,3,14.6,2.5,15,37,605.56,3,1,Debit Card,1,Fire TV,South India,1,0
OTT00479,48,Male,Mobile,1,1,0,0,1,0,3,41.0,0.5,6,10,810.7,3,2,Debit Card,1,Smart TV,East India,3,0
OTT00480,35,Male,Standard,0,1,0,1,0,1,3,53.2,1.5,20,35,958.64,5,1,UPI,1,Laptop,South India,1,0
OTT00481,60,Male,Basic,0,1,0,0,1,1,3,8.8,3.3,55,6,538.01,2,1,Debit Card,1,Mobile,North India,3,1
OTT00482,30,Male,Mobile,0,0,0,0,1,1,2,20.9,2.9,59,23,960.44,3,2,UPI,0,Fire TV,South India,4,0
OTT00483,33,Female,Mobile,1,0,1,0,1,0,3,40.3,0.8,50,6,629.49,5,2,UPI,1,Smart TV,South India,5,0
OTT00484,18,Male,Mobile,0,0,1,1,0,0,2,15.2,1.3,39,32,465.11,1,1,Credit Card,0,Smart TV,East India,5,0
OTT00485,28,Male,Mobile,0,0,0,0,1,0,1,32.9,2.9,3,39,471.64,3,1,Debit Card,1,Smart TV,South India,4,0
OTT00486,28,Female,Mobile,0,0,0,1,1,1,3,20.2,1.6,33,41,570.6,5,2,Debit Card,0,Smart TV,North India,4,1
OTT00487,50,Male,Standard,1,0,1,1,0,0,3,69.6,1.1,3,55,647.06,5,0,UPI,1,Mobile,North India,2,0
OTT00488,32,Female,Mobile,0,0,0,0,1,1,2,16.0,0.5,3,18,972.36,3,1,UPI,1,Laptop,West India,2,0
OTT00489,26,Male,Basic,1,0,1,0,1,0,3,36.2,1.3,18,45,1179.09,4,3,Wallet,0,Smart TV,East India,4,0
OTT00490,31,Female,Standard,0,1,1,0,0,1,3,17.7,3.5,60,58,590.7,1,1,Debit Card,0,Mobile,East India,4,0
OTT00491,42,Female,Standard,1,1,1,0,0,1,4,25.7,3.2,30,33,263.52,1,1,Debit Card,1,Tablet,West India,1,0
OTT00492,51,Male,Standard,1,1,1,1,0,0,4,9.6,1.8,46,2,484.88,2,0,UPI,1,Mobile,North India,3,1
OTT00493,60,Female,Premium,0,0,1,1,1,1,4,33.1,1.7,48,48,566.27,1,2,Wallet,1,Mobile,Central India,5,0
OTT00494,20,Male,Basic,0,0,1,0,0,1,2,44.7,2.4,59,21,728.61,3,1,Wallet,1,Smart TV,West India,2,0
OTT00495,54,Male,Mobile,0,1,1,0,1,1,4,8.4,1.7,56,6,147.78,3,1,UPI,1,Smart TV,East India,4,0
OTT00496,34,Female,Mobile,0,0,0,1,1,1,3,13.8,1.7,20,59,946.4,5,1,Debit Card,1,Mobile,Central India,5,0
OTT00497,52,Female,Mobile,0,0,1,0,1,1,3,42.0,0.4,54,25,398.8,1,1,Wallet,0,Laptop,South India,3,0
OTT00498,19,Male,Premium,0,1,1,0,1,0,3,18.6,0.6,7,49,736.47,1,0,Debit Card,0,Mobile,North India,3,0
OTT00499,44,Male,Standard,0,0,1,1,0,1,3,21.7,2.2,34,19,616.19,1,0,Credit Card,0,Mobile,North India,2,0
OTT00500,58,Male,Standard,0,0,1,1,1,0,3,10.8,1.6,45,4,463.48,5,1,UPI,1,Laptop,North India,5,0
OTT00501,19,Female,Premium,1,1,1,0,1,0,4,45.2,1.5,46,32,1026.06,2,1,UPI,1,Smart TV,East India,4,0
OTT00502,51,Female,Premium,1,1,1,0,1,1,5,9.6,1.1,44,22,524.64,1,0,UPI,0,Smart TV,South India,4,1
OTT00503,22,Male,Basic,1,1,1,1,1,0,5,21.7,3.5,51,41,383.19,2,2,UPI,1,Mobile,East India,5,0
OTT00504,60,Other,Premium,1,0,1,0,1,0,3,15.8,2.2,53,42,799.69,4,0,Debit Card,1,Laptop,North India,4,0
OTT00505,50,Male,Basic,0,1,1,0,0,1,3,36.9,2.0,39,53,896.93,2,3,UPI,0,Laptop,West India,5,0
OTT00506,57,Female,Mobile,1,1,1,1,0,0,4,81.7,0.5,0,34,595.17,1,3,UPI,1,Fire TV,South India,1,0
OTT00507,56,Female,Standard,0,1,0,1,0,0,2,6.9,2.0,7,43,701.93,3,3,UPI,0,Mobile,Central India,5,0
OTT00508,31,Female,Premium,1,1,0,1,1,0,4,15.1,6.2,35,57,919.86,2,2,UPI,1,Mobile,North India,4,0
OTT00509,35,Male,Standard,0,1,0,0,1,1,3,18.4,0.3,43,58,591.7,2,0,Debit Card,1,Smart TV,West India,5,0
OTT00510,47,Male,Basic,0,0,0,0,0,1,1,9.3,2.6,8,48,581.59,5,2,Debit Card,1,Laptop,East India,4,0
OTT00511,25,Male,Premium,1,0,0,0,0,0,1,23.2,1.5,5,38,870.88,3,0,Debit Card,1,Mobile,North India,4,0
OTT00512,31,Female,Basic,0,1,1,1,1,1,5,38.9,1.4,29,40,608.96,3,2,UPI,0,Laptop,West India,4,0
OTT00513,22,Other,Standard,0,0,0,0,1,0,1,27.2,3.0,55,52,434.14,2,2,UPI,0,Mobile,South India,5,1
OTT00514,56,Male,Basic,1,0,1,0,0,0,2,33.6,0.8,60,37,649.57,5,3,Net Banking,0,Laptop,South India,4,0
OTT00515,28,Male,Basic,1,0,1,0,0,0,2,14.5,1.1,11,37,381.18,5,0,Credit Card,0,Mobile,North India,3,0
OTT00516,35,Male,Basic,1,1,0,0,0,0,2,33.9,1.2,45,60,631.73,2,0,Credit Card,1,Smart TV,South India,5,0
OTT00517,37,Female,Premium,0,1,0,0,0,1,2,26.7,0.7,46,47,921.56,4,1,Debit Card,1,Tablet,South India,5,1
OTT00518,34,Female,Premium,1,1,1,0,1,0,4,10.4,1.2,16,31,309.35,3,0,UPI,0,Mobile,West India,4,0
OTT00519,51,Male,Basic,0,1,0,0,0,0,1,24.0,0.8,50,34,638.11,4,3,Debit Card,1,Smart TV,East India,5,1
OTT00520,57,Female,Mobile,0,1,1,0,1,1,4,15.9,1.5,38,1,817.5,2,3,Net Banking,1,Mobile,East India,5,1
OTT00521,42,Male,Mobile,1,1,1,0,1,1,5,100.0,2.6,56,30,633.91,5,1,UPI,1,Smart TV,South India,5,0
OTT00522,53,Female,Standard,1,1,0,0,0,1,3,40.4,0.7,29,45,1040.6,5,1,Credit Card,1,Laptop,West India,2,0
OTT00523,22,Male,Standard,0,0,1,0,1,0,2,25.7,1.6,14,19,666.52,3,1,UPI,1,Laptop,West India,1,0
OTT00524,59,Male,Standard,0,1,1,0,0,1,3,49.6,1.4,27,32,759.89,3,3,UPI,1,Laptop,West India,2,0
OTT00525,22,Female,Mobile,0,1,0,0,0,0,1,34.3,1.4,21,29,1038.38,3,1,Credit Card,1,Tablet,North India,2,0
OTT00526,20,Female,Mobile,1,1,0,0,0,1,3,10.5,0.6,3,51,795.31,3,1,Net Banking,1,Smart TV,East India,3,0
OTT00527,18,Male,Premium,1,1,1,1,1,1,6,58.0,3.1,5,19,646.02,2,2,Credit Card,1,Smart TV,West India,1,0
OTT00528,28,Female,Standard,1,1,1,1,1,1,6,8.8,3.1,39,28,530.07,2,0,UPI,1,Laptop,South India,1,0
OTT00529,53,Female,Basic,1,0,1,0,1,1,4,54.0,1.3,37,14,608.04,1,0,Debit Card,1,Tablet,South India,3,0
OTT00530,30,Male,Basic,0,0,1,0,0,1,2,27.1,2.5,37,10,746.88,1,3,Debit Card,1,Laptop,West India,3,0
OTT00531,52,Female,Basic,1,1,1,1,0,0,4,23.2,0.9,13,35,434.64,5,1,Debit Card,0,Smart TV,North India,1,0
OTT00532,36,Female,Mobile,1,1,1,0,0,1,4,14.2,2.7,5,40,1019.41,3,2,Net Banking,1,Smart TV,West India,1,0
OTT00533,22,Male,Mobile,1,1,0,0,1,0,3,27.9,0.7,52,35,1295.37,3,2,Wallet,1,Fire TV,South India,2,0
OTT00534,38,Female,Standard,0,1,1,0,1,1,4,33.1,0.6,7,55,653.57,1,3,Credit Card,1,Fire TV,North India,5,0
OTT00535,27,Female,Basic,0,0,0,0,0,1,1,31.5,1.5,55,43,171.64,3,1,Credit Card,1,Mobile,West India,3,0
OTT00536,30,Male,Basic,1,0,0,0,0,1,2,26.9,4.4,28,6,868.3,1,1,UPI,0,Mobile,West India,4,0
OTT00537,40,Female,Standard,0,1,0,0,1,1,3,21.3,0.5,30,35,680.86,3,3,Debit Card,1,Mobile,South India,3,0
OTT00538,51,Male,Basic,0,0,0,1,1,0,2,35.5,0.3,32,11,837.85,4,2,UPI,0,Smart TV,North India,1,0
OTT00539,43,Female,Basic,1,0,0,0,0,1,2,18.3,2.6,44,5,641.8,4,0,Debit Card,0,Smart TV,Central India,2,0
OTT00540,27,Female,Premium,0,1,0,1,1,1,4,22.6,1.6,11,14,916.98,4,1,Credit Card,0,Laptop,South India,3,0
OTT00541,48,Male,Basic,1,1,1,1,1,1,6,30.2,1.7,7,47,450.04,1,2,Credit Card,1,Smart TV,West India,3,0
OTT00542,47,Female,Standard,0,1,0,0,1,1,3,23.9,1.1,50,9,768.18,1,1,Credit Card,1,Laptop,South India,5,0
OTT00543,28,Male,Basic,1,0,1,1,1,0,4,8.9,2.1,5,60,740.66,4,1,UPI,1,Tablet,West India,3,0
OTT00544,54,Female,Basic,1,1,1,1,1,1,6,27.0,2.5,43,34,764.15,5,1,Credit Card,1,Laptop,South India,5,1
OTT00545,54,Female,Mobile,0,0,0,1,0,1,2,27.1,0.4,3,22,870.88,1,0,UPI,1,Fire TV,West India,3,0
OTT00546,43,Male,Standard,1,0,1,0,0,1,3,25.7,0.3,13,5,909.21,5,0,Wallet,0,Smart TV,North India,2,0
OTT00547,30,Female,Basic,0,0,1,0,1,1,3,21.5,0.6,39,20,333.87,4,3,UPI,0,Fire TV,West India,2,0
OTT00548,33,Male,Standard,0,0,1,0,0,0,1,19.3,0.8,49,60,874.57,5,0,Debit Card,0,Smart TV,North India,3,0
OTT00549,36,Female,Mobile,0,1,1,1,1,0,4,24.2,1.2,5,26,702.89,3,0,UPI,1,Smart TV,East India,4,0
OTT00550,26,Female,Standard,0,0,1,1,0,1,3,14.4,1.6,35,11,596.89,2,0,Credit Card,1,Mobile,South India,5,0
OTT00551,31,Female,Mobile,1,1,0,0,0,1,3,51.5,2.2,1,57,730.45,3,2,UPI,0,Mobile,South India,1,1
OTT00552,23,Male,Basic,1,0,0,1,0,0,2,30.6,0.8,19,3,718.03,4,1,Net Banking,1,Fire TV,North India,2,0
OTT00553,24,Female,Standard,0,0,0,1,1,0,2,28.7,2.6,51,29,678.22,5,1,Credit Card,0,Laptop,Central India,2,0
OTT00554,49,Female,Mobile,1,1,0,1,1,1,5,4.3,1.6,50,21,157.67,4,2,Credit Card,1,Smart TV,Central India,5,0
OTT00555,23,Female,Basic,0,1,0,0,0,0,1,44.1,1.8,31,25,689.73,3,0,Debit Card,0,Mobile,North India,2,0
OTT00556,38,Female,Standard,1,0,0,1,0,0,2,13.1,0.4,31,29,594.82,4,1,Debit Card,1,Fire TV,South India,5,0
OTT00557,36,Female,Standard,1,0,1,0,0,0,2,17.4,0.7,12,27,747.27,2,1,UPI,1,Tablet,North India,4,0
OTT00558,19,Male,Standard,0,1,1,0,0,1,3,16.5,1.0,26,50,635.47,1,0,Credit Card,1,Laptop,West India,3,0
OTT00559,53,Male,Mobile,0,1,0,1,1,0,3,29.5,7.6,6,6,1245.9,2,3,Wallet,1,Mobile,Central India,4,0
OTT00560,60,Female,Mobile,1,1,0,0,1,0,3,12.8,2.5,0,38,594.73,3,1,Net Banking,1,Laptop,East India,4,0
OTT00561,45,Male,Basic,0,0,0,0,1,0,1,37.2,1.3,13,37,223.09,3,1,UPI,1,Mobile,South India,3,0
OTT00562,46,Female,Basic,0,0,1,0,0,1,2,29.0,0.9,50,60,622.8,1,1,UPI,1,Fire TV,East India,5,0
OTT00563,28,Female,Basic,1,1,1,1,1,0,5,15.8,4.5,25,55,525.57,2,0,Wallet,1,Smart TV,South India,3,0
OTT00564,54,Female,Basic,0,0,1,1,1,0,3,9.7,1.7,16,24,708.33,5,2,UPI,1,Mobile,East India,3,0
OTT00565,51,Female,Basic,1,0,1,0,1,1,4,28.5,0.7,6,34,524.2,5,0,UPI,0,Tablet,South India,4,0
OTT00566,36,Female,Standard,1,0,1,1,0,1,4,7.3,0.6,17,6,827.62,2,1,Credit Card,1,Mobile,West India,5,1
OTT00567,48,Female,Mobile,0,1,1,1,1,0,4,15.0,2.0,26,49,646.3,2,1,UPI,1,Fire TV,East India,5,0
OTT00568,59,Female,Basic,0,0,0,0,0,1,1,22.2,1.3,50,55,749.23,5,3,Net Banking,0,Mobile,North India,5,1
OTT00569,43,Male,Basic,0,0,1,1,0,1,3,21.2,2.9,8,53,1062.46,1,1,UPI,1,Laptop,South India,3,0
OTT00570,26,Male,Basic,0,1,0,0,1,1,3,16.1,0.5,5,35,668.93,4,1,Credit Card,1,Laptop,North India,3,0
OTT00571,32,Male,Standard,0,0,0,1,1,0,2,35.9,2.6,3,53,276.69,3,0,UPI,1,Mobile,North India,3,0
OTT00572,25,Female,Basic,0,1,1,1,1,1,5,13.7,2.7,58,31,515.67,2,4,Debit Card,1,Smart TV,South India,4,1
OTT00573,32,Male,Mobile,0,0,1,1,0,1,3,16.0,3.4,58,9,264.32,5,1,Net Banking,1,Fire TV,East India,1,1
OTT00574,56,Female,Premium,1,1,1,0,0,1,4,25.4,0.8,20,28,484.93,3,2,Debit Card,1,Mobile,North India,2,0
OTT00575,26,Female,Basic,1,0,1,1,1,1,5,25.5,2.6,20,3,99.0,2,2,UPI,0,Mobile,West India,2,0
OTT00576,56,Male,Basic,0,1,0,1,0,1,3,10.8,1.1,20,12,884.88,3,0,UPI,1,Mobile,East India,2,0
OTT00577,30,Other,Standard,1,1,1,0,1,1,5,24.7,0.6,6,30,234.36,3,4,UPI,1,Tablet,Central India,1,0
OTT00578,39,Male,Standard,1,0,1,0,0,1,3,17.2,1.3,42,23,851.96,1,3,Debit Card,1,Tablet,North India,3,0
OTT00579,40,Female,Premium,1,1,0,1,1,1,5,16.5,0.2,59,2,470.4,1,2,Debit Card,1,Mobile,Central India,1,1
OTT00580,23,Male,Premium,0,0,0,1,1,0,2,28.1,1.8,22,20,574.21,3,2,Debit Card,1,Smart TV,South India,4,0
OTT00581,25,Male,Standard,0,1,1,0,0,1,3,12.7,1.4,14,27,1105.47,4,6,Wallet,1,Fire TV,South India,5,0
OTT00582,31,Male,Mobile,0,1,0,0,1,1,3,20.5,0.4,16,22,562.41,2,1,UPI,0,Smart TV,North India,4,0
OTT00583,20,Female,Standard,1,0,0,0,0,0,1,22.9,1.8,14,28,377.71,5,0,Wallet,1,Smart TV,South India,5,0
OTT00584,50,Male,Mobile,1,1,0,0,0,1,3,28.3,2.5,9,17,509.77,1,2,Debit Card,0,Mobile,West India,3,0
OTT00585,41,Female,Standard,1,1,1,1,0,1,5,15.4,1.2,45,24,301.63,3,1,Credit Card,0,Smart TV,West India,4,0
OTT00586,54,Female,Premium,0,0,1,0,1,1,3,31.7,1.0,20,31,887.93,4,0,UPI,1,Tablet,South India,1,0
OTT00587,55,Male,Mobile,0,0,0,1,1,0,2,36.7,2.1,31,12,804.14,1,1,Credit Card,1,Smart TV,South India,4,0
OTT00588,32,Male,Premium,0,0,0,1,0,1,2,36.2,3.6,59,46,565.87,3,0,UPI,1,Smart TV,South India,5,0
OTT00589,53,Male,Standard,0,0,0,0,1,1,2,10.4,1.2,24,16,865.0,5,1,Wallet,0,Mobile,South India,1,0
OTT00590,20,Female,Mobile,0,1,0,0,0,0,1,35.7,4.9,7,58,817.42,5,1,Debit Card,0,Mobile,South India,1,0
OTT00591,36,Female,Premium,1,1,1,1,1,0,5,36.5,3.1,11,21,572.64,2,1,Credit Card,0,Mobile,Central India,5,0
OTT00592,46,Male,Standard,1,0,1,0,1,0,3,57.3,1.0,57,8,718.22,5,0,Debit Card,0,Smart TV,West India,2,1
OTT00593,38,Female,Basic,0,0,0,1,0,1,2,11.3,0.7,43,33,583.29,4,4,UPI,0,Mobile,East India,4,0
OTT00594,49,Male,Standard,0,0,1,1,0,1,3,48.1,2.1,35,53,465.08,1,1,Credit Card,1,Smart TV,East India,4,0
OTT00595,54,Female,Mobile,0,0,1,0,0,0,1,7.1,0.5,6,33,99.0,4,0,UPI,1,Mobile,South India,1,0
OTT00596,36,Male,Mobile,1,0,0,0,0,1,2,37.2,0.5,41,21,569.17,4,1,Credit Card,0,Laptop,North India,1,0
OTT00597,29,Male,Standard,1,1,0,0,1,1,4,41.3,1.1,7,52,645.47,2,2,Net Banking,1,Mobile,North India,2,0
OTT00598,43,Male,Premium,0,0,0,1,1,1,3,36.4,1.0,48,32,256.85,2,1,Wallet,0,Mobile,South India,3,0
OTT00599,55,Female,Standard,1,1,1,1,1,1,6,8.7,4.3,21,28,882.39,2,0,Credit Card,1,Smart TV,North India,5,0
OTT00600,60,Female,Premium,0,1,1,0,1,0,3,46.4,2.7,2,7,583.35,3,0,Credit Card,1,Mobile,South India,3,0
OTT00601,53,Male,Premium,1,0,1,0,1,0,3,77.7,2.8,52,40,763.61,1,3,UPI,1,Mobile,North India,5,1
OTT00602,28,Male,Mobile,1,0,1,1,1,0,4,12.3,2.1,59,9,722.28,1,3,Wallet,1,Smart TV,Central India,2,1
OTT00603,26,Female,Standard,1,0,1,1,1,1,5,19.7,1.1,43,45,614.34,5,0,UPI,1,Fire TV,East India,2,0
OTT00604,42,Male,Standard,0,1,0,1,1,1,4,15.2,1.2,46,49,483.87,2,0,Net Banking,1,Smart TV,East India,5,0
OTT00605,35,Female,Basic,1,1,1,1,1,1,6,33.1,1.9,27,35,444.62,4,0,Debit Card,0,Smart TV,East India,2,0
OTT00606,44,Male,Basic,0,1,1,1,0,1,4,18.0,0.6,48,31,168.95,5,0,UPI,1,Mobile,East India,2,0
OTT00607,57,Male,Standard,1,1,1,0,1,1,5,34.2,0.6,11,55,1053.48,1,0,Debit Card,1,Tablet,East India,1,0
OTT00608,41,Female,Premium,1,0,0,0,0,0,1,21.4,2.5,25,15,734.76,2,1,Wallet,0,Fire TV,Central India,5,0
OTT00609,33,Male,Premium,1,1,1,1,0,0,4,25.6,2.2,55,6,371.6,1,0,Debit Card,1,Laptop,South India,1,0
OTT00610,55,Female,Basic,1,1,0,0,0,1,3,23.5,0.6,36,56,801.3,2,0,UPI,0,Laptop,West India,2,0
OTT00611,36,Male,Standard,1,1,0,0,1,0,3,7.3,0.6,37,16,318.22,2,1,Credit Card,1,Smart TV,East India,4,0
OTT00612,44,Male,Basic,1,0,1,0,1,1,4,24.8,0.6,34,52,811.49,5,2,Credit Card,0,Fire TV,East India,4,0
OTT00613,23,Female,Premium,1,1,1,1,1,1,6,8.9,2.5,9,10,763.82,5,4,Credit Card,1,Mobile,North India,2,1
OTT00614,39,Male,Standard,1,1,1,1,1,1,6,9.9,3.0,5,23,460.98,2,1,UPI,1,Mobile,South India,3,0
OTT00615,36,Female,Premium,1,0,0,1,0,0,2,46.9,0.7,3,49,199.37,2,0,UPI,1,Laptop,East India,4,0
OTT00616,23,Female,Premium,0,1,1,1,0,1,4,32.7,1.6,11,13,502.52,3,3,Wallet,1,Smart TV,West India,5,0
OTT00617,27,Female,Basic,0,1,1,1,0,1,4,31.2,0.6,9,13,670.93,3,1,UPI,0,Smart TV,West India,5,0
OTT00618,48,Male,Premium,1,1,0,0,0,0,2,25.1,3.4,46,22,203.6,1,2,UPI,1,Laptop,North India,4,1
OTT00619,25,Male,Standard,0,0,0,1,0,1,2,70.0,0.3,37,42,447.64,4,0,Credit Card,1,Tablet,South India,4,0
OTT00620,23,Male,Basic,0,0,0,1,0,0,1,24.7,1.8,30,42,1007.57,2,5,Wallet,1,Smart TV,West India,3,1
OTT00621,20,Female,Mobile,0,1,1,1,0,1,4,22.3,1.1,22,43,621.83,5,2,UPI,0,Smart TV,West India,4,0
OTT00622,19,Male,Standard,0,1,1,0,0,1,3,21.8,0.6,11,20,1382.65,2,2,UPI,1,Smart TV,South India,5,1
OTT00623,36,Male,Basic,1,1,1,1,1,1,6,42.7,0.4,40,46,764.55,5,3,Net Banking,0,Mobile,East India,4,0
OTT00624,39,Female,Basic,1,1,0,1,0,0,3,24.0,0.5,52,29,588.34,2,0,Wallet,1,Tablet,South India,3,1
OTT00625,44,Male,Standard,1,1,1,1,1,1,6,28.1,1.2,35,23,390.48,2,1,UPI,1,Laptop,North India,1,0
OTT00626,42,Female,Mobile,0,1,0,0,1,1,3,44.5,0.8,10,57,321.91,1,0,Credit Card,1,Mobile,East India,3,0
OTT00627,41,Male,Basic,1,0,0,1,1,1,4,31.6,1.6,28,60,684.68,1,2,Credit Card,0,Smart TV,East India,3,0
OTT00628,60,Female,Standard,0,1,0,0,0,0,1,38.6,4.4,56,57,507.6,3,2,Credit Card,1,Laptop,Central India,2,0
OTT00629,28,Female,Mobile,1,0,0,0,1,1,3,15.1,2.6,45,33,552.43,5,0,UPI,1,Smart TV,West India,4,0
OTT00630,48,Male,Standard,1,0,1,0,1,1,4,11.4,2.5,46,28,694.9,3,2,Debit Card,1,Smart TV,West India,1,1
OTT00631,21,Female,Mobile,1,1,1,1,0,1,5,52.2,2.5,15,7,451.73,1,1,UPI,1,Smart TV,South India,3,0
OTT00632,54,Female,Premium,1,1,1,0,0,1,4,37.9,2.0,49,54,884.2,1,6,Debit Card,0,Tablet,North India,5,0
OTT00633,33,Male,Basic,0,1,0,0,0,0,1,33.5,2.9,44,17,721.01,4,1,UPI,1,Mobile,West India,2,0
OTT00634,32,Female,Standard,0,0,0,1,1,1,3,29.2,0.9,30,24,478.26,1,1,UPI,1,Fire TV,West India,1,0
OTT00635,23,Female,Standard,0,0,1,0,0,0,1,23.8,2.0,59,21,708.93,1,0,UPI,1,Smart TV,North India,2,1
OTT00636,39,Female,Premium,0,0,1,0,0,0,1,15.5,0.3,30,29,99.0,4,0,UPI,1,Smart TV,East India,5,0
OTT00637,35,Female,Standard,0,1,1,0,1,1,4,15.1,2.5,12,23,753.49,4,2,UPI,1,Mobile,Central India,4,0
OTT00638,59,Male,Standard,1,1,0,0,1,1,4,11.2,1.6,7,13,748.81,5,0,Debit Card,1,Laptop,West India,5,0
OTT00639,25,Male,Mobile,0,0,1,1,1,1,4,9.0,1.4,10,21,99.0,3,1,UPI,0,Mobile,West India,1,0
OTT00640,35,Male,Standard,1,1,1,1,0,1,5,13.6,0.6,56,15,126.1,5,0,Debit Card,1,Smart TV,Central India,2,0
OTT00641,56,Male,Standard,0,1,0,1,1,1,4,19.0,0.5,34,46,558.85,1,0,Net Banking,1,Smart TV,East India,2,0
OTT00642,52,Male,Standard,1,1,0,1,0,1,4,52.0,1.0,23,42,468.68,1,1,Credit Card,0,Mobile,South India,1,0
OTT00643,50,Male,Mobile,0,0,0,0,0,1,1,8.7,1.6,17,1,631.09,3,0,UPI,1,Mobile,West India,4,0
OTT00644,40,Male,Standard,0,0,0,0,1,1,2,25.6,2.7,34,47,662.25,3,1,Credit Card,1,Smart TV,West India,5,0
OTT00645,55,Female,Basic,1,0,0,1,0,1,3,54.8,3.0,55,38,1075.93,5,0,UPI,1,Mobile,East India,3,0
OTT00646,27,Male,Standard,1,0,1,1,1,1,5,42.5,2.7,4,35,546.87,1,1,UPI,0,Tablet,South India,5,0
OTT00647,52,Female,Standard,1,0,0,0,0,0,1,24.1,2.1,43,30,817.6,5,2,Credit Card,1,Mobile,West India,2,0
OTT00648,42,Female,Basic,1,0,0,0,1,1,3,15.8,0.4,12,39,515.47,3,3,Credit Card,1,Smart TV,West India,2,0
OTT00649,33,Female,Standard,1,1,0,0,1,1,4,6.0,1.4,24,4,756.19,4,1,UPI,1,Fire TV,South India,5,0
OTT00650,27,Male,Basic,1,0,0,0,0,0,1,26.1,3.7,53,19,531.17,4,0,Credit Card,1,Smart TV,West India,5,0
OTT00651,40,Female,Standard,0,0,1,1,0,1,3,35.2,4.4,42,36,278.5,4,0,Credit Card,0,Mobile,South India,4,0
OTT00652,18,Female,Standard,0,1,1,1,1,1,5,16.0,0.4,26,55,475.19,3,3,UPI,1,Fire TV,South India,3,0
OTT00653,48,Female,Basic,1,1,0,1,0,1,4,44.2,1.1,54,14,753.51,3,0,Debit Card,0,Smart TV,South India,5,0
OTT00654,28,Male,Basic,0,0,0,0,1,1,2,22.5,3.8,23,42,322.49,2,1,UPI,0,Mobile,North India,2,0
OTT00655,34,Male,Standard,1,1,1,0,1,1,5,28.5,3.0,20,56,669.13,4,2,Credit Card,0,Mobile,North India,3,0
OTT00656,26,Female,Standard,0,0,0,0,1,1,2,24.1,1.5,16,53,736.87,3,1,Net Banking,1,Smart TV,South India,3,0
OTT00657,38,Male,Mobile,1,1,0,1,1,1,5,43.8,1.8,50,45,741.39,5,1,Wallet,0,Laptop,South India,4,0
OTT00658,33,Female,Basic,0,1,0,0,1,0,2,44.6,2.0,58,47,854.29,3,0,Wallet,1,Mobile,South India,2,0
OTT00659,26,Female,Basic,1,0,1,1,0,0,3,32.3,3.1,19,39,1216.35,2,2,UPI,1,Smart TV,West India,1,0
OTT00660,56,Female,Standard,0,0,1,1,0,1,3,20.2,3.0,41,29,290.24,5,0,UPI,0,Mobile,North India,1,0
OTT00661,50,Female,Mobile,1,0,0,0,0,1,2,23.6,1.1,37,54,540.4,3,1,Debit Card,1,Smart TV,East India,2,0
OTT00662,34,Female,Standard,1,1,0,1,1,1,5,71.7,3.7,30,41,630.79,2,1,Debit Card,0,Smart TV,South India,4,0
OTT00663,20,Female,Standard,0,0,0,0,1,1,2,56.6,4.0,28,55,505.69,2,1,UPI,1,Tablet,West India,4,0
OTT00664,54,Female,Premium,0,0,0,0,1,0,1,24.9,1.3,58,9,974.27,3,1,UPI,1,Mobile,South India,5,0
OTT00665,47,Male,Premium,1,0,0,1,0,0,2,11.7,3.8,53,6,995.43,2,1,Debit Card,1,Laptop,Central India,1,0
OTT00666,41,Female,Basic,0,1,0,1,1,1,4,39.9,1.3,35,22,1273.76,5,1,UPI,0,Tablet,South India,3,0
OTT00667,43,Female,Standard,1,0,1,0,1,1,4,18.1,2.4,33,9,607.51,2,0,Debit Card,1,Smart TV,North India,1,0
OTT00668,18,Female,Standard,1,1,1,1,1,1,6,50.6,4.2,56,36,325.35,2,2,Credit Card,1,Fire TV,South India,4,0
OTT00669,38,Male,Premium,0,0,0,1,0,1,2,15.9,3.3,15,53,582.97,1,1,Net Banking,1,Mobile,West India,5,0
OTT00670,26,Male,Standard,0,1,0,1,0,1,3,18.2,0.8,9,11,376.6,3,2,Debit Card,1,Mobile,North India,2,0
OTT00671,46,Female,Mobile,1,1,0,0,0,0,2,10.9,2.0,46,52,879.91,3,1,Debit Card,1,Fire TV,North India,4,0
OTT00672,58,Male,Premium,1,0,1,0,0,1,3,62.2,2.2,25,50,858.75,2,1,UPI,1,Smart TV,South India,3,0
OTT00673,40,Female,Mobile,1,1,1,1,1,1,6,13.2,1.8,3,4,863.62,3,0,Net Banking,1,Mobile,South India,3,1
OTT00674,43,Female,Premium,1,0,1,0,1,1,4,38.1,0.9,33,23,1232.92,4,4,Credit Card,0,Smart TV,South India,3,0
OTT00675,46,Male,Basic,0,0,1,1,0,1,3,21.7,0.9,58,30,652.26,4,2,UPI,1,Tablet,South India,5,0
OTT00676,57,Male,Standard,0,1,1,0,1,0,3,18.4,1.3,10,56,468.24,2,1,Credit Card,1,Fire TV,Central India,2,0
OTT00677,19,Female,Premium,0,1,1,1,1,1,5,17.7,0.4,55,31,635.78,2,2,Debit Card,1,Laptop,North India,1,0
OTT00678,31,Male,Standard,1,0,1,0,1,0,3,50.0,2.2,38,50,376.5,4,0,Net Banking,1,Mobile,North India,4,0
OTT00679,29,Female,Standard,0,1,0,1,0,0,2,94.0,0.2,59,26,455.18,3,3,UPI,1,Tablet,South India,1,0
OTT00680,48,Female,Basic,1,1,0,1,0,0,3,47.0,4.7,44,17,652.17,4,1,UPI,1,Laptop,South India,1,0
OTT00681,37,Female,Basic,0,0,0,0,1,0,1,7.1,1.4,58,47,786.74,5,1,Debit Card,1,Tablet,South India,1,0
OTT00682,51,Male,Mobile,1,0,0,1,0,0,2,38.2,0.9,14,1,415.13,3,1,Net Banking,1,Mobile,North India,1,0
OTT00683,38,Male,Standard,0,1,0,0,0,0,1,21.8,0.5,27,30,280.82,5,1,Net Banking,1,Smart TV,South India,1,0
OTT00684,59,Female,Basic,0,1,1,0,1,0,3,22.6,3.2,23,5,848.22,4,0,Credit Card,0,Tablet,North India,5,0
OTT00685,50,Male,Basic,0,0,1,1,1,0,3,13.4,2.0,37,3,403.09,2,0,UPI,0,Smart TV,East India,4,0
OTT00686,18,Male,Basic,0,1,0,0,1,0,2,27.2,1.8,56,5,690.28,1,3,UPI,0,Laptop,South India,5,1
OTT00687,60,Female,Premium,1,1,1,0,0,0,3,24.3,2.0,36,9,968.75,5,0,UPI,0,Laptop,West India,5,0
OTT00688,58,Male,Premium,1,1,1,1,1,1,6,32.3,2.1,35,18,875.38,2,1,Wallet,1,Smart TV,South India,1,1
OTT00689,19,Male,Basic,1,1,1,0,1,0,4,21.2,2.2,47,58,814.52,5,0,Net Banking,0,Smart TV,Central India,3,0
OTT00690,34,Female,Premium,0,1,1,0,1,0,3,40.4,1.9,42,2,953.38,2,1,Debit Card,1,Mobile,North India,2,0
OTT00691,59,Male,Basic,1,0,0,0,0,1,2,25.3,2.5,8,55,715.35,1,0,Debit Card,0,Tablet,North India,2,0
OTT00692,54,Male,Basic,0,1,1,1,1,1,5,25.6,2.1,48,28,338.79,5,1,Debit Card,1,Smart TV,South India,2,0
OTT00693,38,Male,Basic,1,0,0,0,0,1,2,24.0,0.3,34,50,1337.61,4,3,Wallet,1,Mobile,North India,5,0
OTT00694,41,Female,Premium,0,0,0,1,0,1,2,38.1,0.8,13,35,772.91,1,1,UPI,1,Smart TV,North India,5,0
OTT00695,19,Female,Basic,1,1,1,1,0,1,5,19.1,0.8,12,44,781.87,2,2,Credit Card,0,Mobile,North India,2,0
OTT00696,42,Female,Basic,1,1,0,0,0,1,3,32.4,0.9,43,47,697.9,2,1,UPI,1,Laptop,South India,2,0
OTT00697,46,Female,Premium,0,1,1,0,1,1,4,26.1,0.6,48,41,172.28,4,0,Debit Card,1,Smart TV,South India,1,0
OTT00698,33,Male,Standard,0,0,0,1,1,1,3,50.5,1.9,54,54,404.68,4,0,Wallet,1,Tablet,East India,4,0
OTT00699,31,Female,Standard,1,1,1,1,0,0,4,19.8,2.5,16,58,1107.91,4,1,UPI,1,Mobile,North India,4,0
OTT00700,53,Male,Standard,1,0,0,0,0,1,2,40.9,0.4,58,2,109.76,4,1,UPI,0,Smart TV,West India,5,1
OTT00701,37,Female,Standard,0,0,1,0,0,1,2,29.2,0.7,14,14,616.0,5,2,Debit Card,0,Smart TV,Central India,2,0
OTT00702,29,Female,Mobile,0,1,0,1,0,0,2,48.3,0.4,6,60,724.51,4,4,UPI,1,Smart TV,South India,5,0
OTT00703,34,Male,Standard,1,0,0,0,1,0,2,25.6,0.2,13,47,550.85,4,2,UPI,0,Laptop,Central India,2,0
OTT00704,39,Female,Basic,0,1,1,1,1,1,5,18.7,1.6,12,35,1215.53,3,1,UPI,1,Fire TV,West India,4,0
OTT00705,29,Female,Mobile,1,0,0,0,1,0,2,18.6,0.3,3,30,218.49,3,2,UPI,1,Fire TV,West India,4,0
OTT00706,42,Male,Premium,1,0,0,0,1,1,3,27.6,1.5,0,40,445.5,2,1,Net Banking,1,Mobile,Central India,4,0
OTT00707,55,Female,Mobile,1,0,0,1,1,1,4,24.4,1.8,1,44,739.36,3,1,Credit Card,1,Laptop,South India,5,0
OTT00708,49,Female,Mobile,1,0,0,1,1,1,4,19.4,1.5,24,14,760.3,3,0,Credit Card,1,Tablet,North India,4,0
OTT00709,27,Male,Basic,0,1,1,1,0,0,3,28.0,1.5,4,52,677.37,5,1,Net Banking,0,Mobile,South India,5,0
OTT00710,38,Male,Premium,0,1,1,1,0,0,3,3.9,1.3,18,29,725.0,2,1,Credit Card,1,Smart TV,West India,2,0
OTT00711,41,Female,Premium,1,1,1,1,1,1,6,21.9,2.7,28,46,470.61,2,1,UPI,1,Fire TV,North India,3,1
OTT00712,47,Male,Mobile,1,0,0,1,1,1,4,24.8,4.0,35,21,554.09,2,0,Net Banking,1,Mobile,North India,1,0
OTT00713,50,Male,Basic,0,1,1,0,1,1,4,8.2,1.9,10,51,355.31,2,4,Debit Card,1,Smart TV,West India,3,0
OTT00714,38,Female,Standard,0,1,1,1,1,1,5,12.7,0.8,14,25,760.9,3,3,Debit Card,0,Smart TV,West India,1,0
OTT00715,31,Female,Standard,1,1,1,0,0,1,4,13.2,0.7,48,28,172.54,1,1,Debit Card,0,Fire TV,South India,3,1
OTT00716,46,Male,Basic,0,0,1,0,0,1,2,23.6,0.3,42,23,266.77,2,3,UPI,1,Laptop,North India,1,0
OTT00717,23,Male,Basic,0,1,1,1,0,0,3,21.0,3.5,24,32,895.06,5,1,Net Banking,0,Smart TV,East India,5,0
OTT00718,46,Female,Standard,0,0,1,0,0,0,1,21.2,1.2,58,10,483.82,1,1,Debit Card,1,Laptop,East India,2,0
OTT00719,56,Male,Mobile,1,1,1,1,0,0,4,8.3,1.3,31,12,1324.66,5,1,UPI,0,Laptop,North India,4,0
OTT00720,48,Female,Standard,1,1,1,1,1,1,6,43.0,1.5,6,20,519.46,1,2,Credit Card,0,Fire TV,North India,3,0
OTT00721,36,Female,Basic,0,0,0,1,1,1,3,49.3,1.0,6,42,521.03,4,0,UPI,1,Smart TV,South India,2,0
OTT00722,53,Male,Premium,1,0,1,0,0,1,3,9.9,1.7,13,45,1018.34,3,1,UPI,1,Mobile,Central India,4,0
OTT00723,40,Female,Standard,0,0,0,0,1,0,1,20.3,1.8,18,39,923.66,5,1,Debit Card,1,Smart TV,North India,4,0
OTT00724,41,Female,Standard,1,1,1,1,1,1,6,20.9,2.0,11,17,594.92,2,2,UPI,1,Smart TV,West India,1,0
OTT00725,54,Female,Standard,0,0,0,0,1,0,1,30.5,0.4,45,9,623.92,5,2,UPI,1,Smart TV,South India,5,0
OTT00726,26,Male,Mobile,0,0,0,1,0,0,1,18.6,0.2,59,45,931.14,4,1,Debit Card,1,Smart TV,South India,5,0
OTT00727,51,Male,Basic,1,0,0,0,0,1,2,40.7,2.6,31,40,706.32,1,1,Credit Card,0,Mobile,North India,4,0
OTT00728,47,Female,Standard,0,1,0,0,0,0,1,12.1,1.2,35,28,556.24,4,0,Debit Card,0,Laptop,East India,4,0
OTT00729,40,Female,Standard,1,0,0,1,1,0,3,35.3,0.8,54,28,598.26,1,1,Debit Card,0,Mobile,North India,2,0
OTT00730,21,Other,Premium,0,1,0,1,1,0,3,30.0,2.8,19,59,1202.15,5,2,Debit Card,1,Mobile,North India,2,0
OTT00731,50,Male,Basic,0,1,0,0,0,1,2,10.7,0.8,35,38,562.54,3,0,Credit Card,1,Mobile,North India,1,0
OTT00732,27,Female,Standard,0,0,0,1,0,0,1,19.8,0.7,23,22,561.7,2,0,Credit Card,0,Smart TV,South India,5,0
OTT00733,56,Male,Basic,0,0,1,0,0,0,1,11.5,1.0,57,20,638.48,3,0,Credit Card,1,Smart TV,South India,5,1
OTT00734,52,Female,Mobile,0,0,1,1,1,0,3,64.5,0.8,49,58,666.89,3,0,UPI,1,Mobile,West India,4,0
OTT00735,33,Female,Basic,1,0,0,0,0,0,1,22.1,0.8,37,30,442.46,1,0,UPI,1,Tablet,North India,2,1
OTT00736,36,Female,Premium,1,1,1,0,1,0,4,18.2,2.4,45,4,1097.08,5,0,UPI,0,Mobile,South India,5,1
OTT00737,19,Male,Standard,0,0,0,1,0,1,2,7.3,3.6,49,11,547.66,3,0,UPI,1,Tablet,North India,3,0
OTT00738,39,Female,Standard,0,1,0,1,0,0,2,29.0,0.6,25,6,790.86,2,1,UPI,0,Mobile,East India,2,1
OTT00739,20,Male,Standard,1,0,1,0,1,0,3,19.5,1.5,33,8,1110.79,5,1,Credit Card,1,Smart TV,South India,2,0
OTT00740,60,Female,Mobile,1,0,1,0,0,1,3,35.0,0.9,17,16,557.81,5,3,Debit Card,1,Fire TV,North India,3,0
OTT00741,45,Female,Mobile,0,0,0,1,0,0,1,53.9,3.0,9,24,763.96,2,2,UPI,1,Smart TV,South India,5,0
OTT00742,28,Female,Mobile,0,0,0,1,0,0,1,37.8,1.9,58,53,308.8,1,1,UPI,1,Tablet,North India,2,1
OTT00743,52,Female,Mobile,1,1,1,1,0,1,5,12.8,1.5,8,47,435.45,2,2,Net Banking,0,Mobile,Central India,3,0
OTT00744,18,Female,Basic,0,0,1,0,0,0,1,18.4,2.3,51,44,692.76,1,1,Credit Card,1,Laptop,North India,5,0
OTT00745,41,Male,Basic,1,0,1,0,1,0,3,10.1,2.8,35,58,542.35,2,4,Credit Card,1,Smart TV,South India,5,0
OTT00746,22,Male,Standard,0,1,0,0,1,1,3,15.7,2.3,0,17,865.56,4,2,Debit Card,1,Tablet,West India,3,0
OTT00747,20,Female,Premium,1,0,0,0,1,0,2,41.9,2.2,47,59,510.93,5,2,Debit Card,1,Smart TV,Central India,3,0
OTT00748,28,Female,Premium,1,1,1,0,0,0,3,16.5,3.9,31,1,582.08,5,3,UPI,1,Tablet,West India,3,0
OTT00749,30,Female,Basic,1,1,0,1,1,0,4,35.3,2.0,11,1,480.56,5,2,Credit Card,1,Laptop,East India,3,0
OTT00750,49,Male,Standard,1,0,1,1,1,1,5,17.7,0.7,2,50,966.48,5,1,UPI,1,Fire TV,North India,1,0
OTT00751,56,Male,Mobile,1,0,0,0,1,0,2,37.4,1.6,45,27,600.16,1,3,Debit Card,1,Mobile,Central India,3,1
OTT00752,51,Female,Basic,0,1,0,1,0,0,2,12.6,1.1,33,52,474.47,1,1,Net Banking,1,Smart TV,West India,4,0
OTT00753,49,Female,Standard,0,0,1,0,0,1,2,11.1,3.7,28,8,411.61,3,1,UPI,1,Smart TV,West India,3,0
OTT00754,42,Female,Basic,1,1,0,0,1,0,3,64.2,1.1,57,16,350.39,1,4,Net Banking,0,Mobile,South India,1,0
OTT00755,33,Male,Standard,1,1,1,0,1,0,4,13.4,1.2,57,52,847.9,2,0,Debit Card,0,Mobile,West India,3,1
OTT00756,28,Male,Premium,1,1,0,0,0,0,2,42.5,1.3,1,2,631.96,4,3,Wallet,1,Laptop,South India,5,0
OTT00757,58,Male,Mobile,0,1,0,0,0,1,2,32.0,1.8,16,56,1478.24,4,0,Credit Card,1,Tablet,Central India,3,0
OTT00758,40,Male,Premium,0,1,1,1,1,1,5,15.4,0.9,18,59,501.61,5,1,Debit Card,1,Laptop,North India,2,0
OTT00759,42,Female,Mobile,0,0,0,1,0,0,1,15.5,0.9,25,18,219.71,1,1,Debit Card,1,Smart TV,North India,5,0
OTT00760,18,Male,Premium,1,0,1,0,0,1,3,20.2,0.7,30,23,594.35,3,1,Credit Card,1,Smart TV,Central India,1,0
OTT00761,37,Male,Standard,1,1,0,1,0,1,4,43.0,3.5,44,13,1287.35,5,1,Debit Card,1,Mobile,East India,4,0
OTT00762,47,Other,Mobile,0,1,0,0,1,0,2,18.1,2.2,15,14,751.88,4,2,Debit Card,1,Smart TV,West India,1,0
OTT00763,39,Male,Basic,0,0,0,0,0,1,1,35.1,1.2,19,50,630.6,5,0,Debit Card,1,Mobile,Central India,4,0
OTT00764,44,Female,Basic,0,1,0,0,1,0,2,29.8,1.0,7,59,504.27,3,1,Credit Card,1,Tablet,South India,3,0
OTT00765,52,Male,Standard,1,0,1,1,1,1,5,30.4,0.7,1,41,561.73,3,0,UPI,1,Mobile,South India,5,0
OTT00766,18,Male,Basic,0,0,0,0,1,0,1,65.4,1.1,16,45,987.69,3,0,Wallet,0,Mobile,West India,5,0
OTT00767,56,Male,Premium,0,1,1,0,0,0,2,33.5,1.2,38,1,417.51,5,0,Net Banking,1,Laptop,North India,1,0
OTT00768,53,Female,Basic,0,1,0,0,0,0,1,30.1,3.0,23,11,659.73,5,1,UPI,1,Laptop,North India,3,0
OTT00769,36,Male,Premium,0,0,0,1,0,0,1,7.3,0.7,14,16,692.31,1,1,UPI,1,Tablet,East India,2,0
OTT00770,50,Female,Basic,0,0,1,0,1,1,3,49.2,1.7,18,28,653.93,5,1,UPI,1,Smart TV,North India,3,0
OTT00771,20,Female,Standard,0,1,0,1,0,0,2,37.9,2.1,58,15,564.43,5,2,UPI,1,Mobile,North India,4,0
OTT00772,31,Male,Standard,0,1,0,1,1,0,3,29.5,0.8,60,26,244.74,3,3,UPI,0,Mobile,North India,3,0
OTT00773,22,Female,Basic,1,1,0,1,0,0,3,20.1,0.3,35,32,711.34,3,1,UPI,0,Mobile,East India,2,0
OTT00774,45,Male,Mobile,1,1,1,1,1,0,5,7.6,1.7,58,24,574.0,2,1,Debit Card,1,Smart TV,Central India,2,0
OTT00775,54,Male,Standard,0,0,0,1,0,0,1,33.1,0.7,59,43,995.69,2,1,UPI,0,Laptop,Central India,4,0
OTT00776,43,Female,Standard,1,1,1,0,1,1,5,24.6,1.8,38,41,602.92,3,1,Wallet,1,Smart TV,West India,1,0
OTT00777,48,Male,Standard,1,1,0,0,1,0,3,62.7,1.7,48,24,635.86,4,4,Credit Card,1,Mobile,North India,4,0
OTT00778,24,Other,Basic,1,0,0,1,0,0,2,35.2,2.6,3,8,694.47,4,1,Credit Card,0,Mobile,North India,4,0
OTT00779,58,Female,Premium,0,1,0,1,1,1,4,26.5,2.8,11,60,783.19,1,1,UPI,0,Smart TV,North India,3,0
OTT00780,26,Male,Premium,1,1,1,1,1,0,5,73.4,0.4,4,27,146.51,1,0,Credit Card,1,Smart TV,North India,4,0
OTT00781,40,Male,Standard,0,0,0,0,1,1,2,24.5,2.1,45,24,737.67,4,2,Debit Card,0,Smart TV,West India,3,0
OTT00782,47,Female,Mobile,0,1,1,1,1,1,5,59.7,1.8,42,33,175.38,4,0,Credit Card,1,Smart TV,Central India,4,0
OTT00783,54,Female,Mobile,0,1,0,1,0,1,3,6.4,1.8,29,43,546.81,3,1,Credit Card,0,Tablet,Central India,5,0
OTT00784,58,Male,Premium,0,1,1,0,0,1,3,81.5,2.8,40,38,829.69,4,3,UPI,0,Smart TV,West India,4,0
OTT00785,43,Female,Standard,1,1,1,1,1,1,6,42.9,0.7,54,52,1229.45,4,1,UPI,1,Smart TV,East India,4,1
OTT00786,42,Male,Standard,1,0,1,1,0,0,3,14.3,2.8,10,10,372.08,3,1,UPI,1,Mobile,East India,1,1
OTT00787,35,Other,Premium,1,0,1,1,1,0,4,69.1,2.1,43,41,417.44,3,1,UPI,0,Mobile,Central India,5,0
OTT00788,42,Male,Mobile,1,0,0,1,0,0,2,5.2,0.3,53,50,178.5,3,2,Credit Card,1,Fire TV,South India,3,0
OTT00789,47,Male,Standard,1,1,0,1,0,1,4,11.3,1.0,45,43,447.42,1,1,Wallet,1,Mobile,North India,2,0
OTT00790,45,Female,Standard,0,1,1,0,0,1,3,32.5,1.5,43,34,1291.62,3,0,Wallet,1,Smart TV,West India,5,0
OTT00791,43,Female,Premium,1,0,0,1,0,0,2,49.4,0.4,44,20,205.14,1,2,Credit Card,0,Laptop,West India,1,1
OTT00792,36,Female,Standard,0,0,1,1,1,0,3,29.7,2.1,12,58,99.0,4,2,Credit Card,1,Mobile,North India,1,0
OTT00793,26,Female,Standard,0,0,1,1,0,0,2,8.0,2.8,13,45,896.95,1,4,UPI,0,Mobile,South India,3,0
OTT00794,20,Male,Mobile,1,0,0,0,0,0,1,15.2,2.5,55,23,890.53,2,2,Credit Card,0,Mobile,West India,4,1
OTT00795,36,Male,Premium,1,0,0,0,0,0,1,17.9,2.3,15,59,663.72,3,2,Credit Card,1,Tablet,South India,3,0
OTT00796,35,Female,Standard,0,0,0,1,0,1,2,31.6,1.0,44,55,686.04,5,2,Credit Card,1,Laptop,North India,3,0
OTT00797,44,Male,Basic,0,0,1,0,0,0,1,22.9,2.1,27,25,870.22,2,3,Debit Card,1,Smart TV,West India,3,0
OTT00798,56,Female,Premium,0,1,0,1,0,0,2,47.2,3.8,55,6,875.94,1,2,Net Banking,0,Smart TV,Central India,4,1
OTT00799,48,Male,Basic,0,1,0,1,1,1,4,7.6,0.5,17,13,363.96,3,1,Credit Card,1,Smart TV,North India,2,0
OTT00800,52,Female,Basic,0,1,1,0,1,1,4,35.4,0.5,54,59,299.99,5,2,Credit Card,1,Laptop,North India,3,0
OTT00801,42,Female,Premium,1,1,1,0,1,0,4,11.4,0.7,54,58,368.52,3,2,Credit Card,1,Mobile,West India,5,1
OTT00802,57,Female,Standard,0,0,0,1,1,0,2,54.5,1.4,0,47,434.24,5,2,Credit Card,1,Tablet,North India,4,0
OTT00803,58,Male,Premium,1,1,1,1,1,0,5,35.6,0.7,39,9,852.89,3,0,Wallet,1,Smart TV,North India,3,0
OTT00804,24,Other,Premium,0,0,1,1,1,0,3,22.9,2.4,32,27,945.44,4,3,UPI,1,Tablet,South India,1,0
OTT00805,45,Female,Standard,1,1,0,0,0,0,2,19.7,1.5,28,37,554.07,3,1,Net Banking,1,Smart TV,Central India,2,0
OTT00806,39,Female,Basic,1,1,0,0,0,0,2,30.8,1.5,6,5,729.08,5,0,UPI,1,Smart TV,South India,2,0
OTT00807,59,Female,Premium,1,0,1,0,1,1,4,46.4,2.8,40,36,624.01,2,3,Wallet,1,Smart TV,North India,3,0
OTT00808,43,Male,Standard,0,1,0,1,0,0,2,29.9,0.4,20,49,416.21,3,0,Credit Card,1,Tablet,South India,1,0
OTT00809,18,Male,Standard,0,0,1,0,1,1,3,22.8,1.8,32,49,403.53,4,3,UPI,0,Fire TV,West India,1,0
OTT00810,27,Male,Standard,1,1,1,1,1,1,6,13.4,1.9,18,26,668.37,2,3,Debit Card,1,Mobile,Central India,1,0
OTT00811,23,Female,Mobile,0,0,0,0,0,1,1,22.2,3.4,51,44,861.91,5,2,Wallet,1,Smart TV,North India,2,0
OTT00812,26,Female,Mobile,0,0,1,0,0,0,1,46.6,5.2,31,38,764.49,3,0,Debit Card,1,Mobile,North India,4,0
OTT00813,22,Male,Standard,1,1,1,1,1,1,6,38.8,0.5,27,26,593.74,5,0,UPI,0,Mobile,South India,3,0
OTT00814,51,Female,Standard,1,1,0,1,0,0,3,50.1,1.0,51,27,1040.25,5,0,UPI,1,Smart TV,Central India,4,0
OTT00815,39,Male,Basic,1,0,1,0,0,0,2,12.9,0.3,5,47,1087.62,3,0,UPI,1,Mobile,Central India,1,0
OTT00816,46,Female,Basic,1,1,0,1,1,1,5,7.9,0.6,8,14,227.23,3,1,Net Banking,1,Laptop,North India,5,0
OTT00817,60,Male,Basic,1,0,1,1,1,1,5,36.8,3.6,11,52,317.77,3,1,UPI,1,Laptop,Central India,4,0
OTT00818,45,Male,Standard,1,0,0,1,1,0,3,9.4,2.4,28,5,244.09,5,1,Wallet,1,Mobile,East India,1,0
OTT00819,38,Male,Mobile,0,1,1,0,1,0,3,50.1,1.2,6,14,902.49,4,0,UPI,1,Smart TV,North India,2,0
OTT00820,29,Female,Standard,0,0,1,0,0,1,2,37.5,1.4,52,60,571.28,4,2,UPI,0,Smart TV,North India,5,0
OTT00821,50,Female,Standard,0,0,0,1,0,0,1,29.4,0.5,40,39,666.37,2,2,Wallet,1,Mobile,South India,5,0
OTT00822,39,Male,Basic,1,1,0,1,0,0,3,11.7,0.6,28,16,818.87,1,0,Credit Card,1,Tablet,East India,3,0
OTT00823,50,Female,Standard,0,0,1,0,0,1,2,24.6,1.4,20,5,646.78,5,0,Credit Card,1,Smart TV,North India,4,0
OTT00824,18,Female,Premium,0,1,1,1,0,1,4,22.2,0.9,16,28,469.89,5,2,Debit Card,1,Fire TV,South India,2,0
OTT00825,25,Male,Basic,1,0,0,1,1,1,4,30.2,2.4,60,54,342.59,4,3,UPI,0,Tablet,East India,5,0
OTT00826,23,Female,Mobile,0,0,0,0,0,1,1,58.8,2.7,34,35,583.96,1,2,Credit Card,1,Mobile,North India,1,0
OTT00827,47,Male,Mobile,0,0,1,1,1,0,3,13.0,1.0,26,4,874.19,1,1,UPI,0,Laptop,East India,2,1
OTT00828,40,Female,Standard,0,1,0,0,0,1,2,20.1,1.9,1,47,176.76,5,0,UPI,1,Mobile,North India,1,0
OTT00829,31,Female,Premium,1,1,1,0,1,1,5,23.2,1.4,13,30,513.35,1,3,Debit Card,1,Smart TV,South India,3,0
OTT00830,31,Male,Standard,0,1,1,0,0,0,2,51.9,1.3,27,17,108.5,2,1,Credit Card,0,Mobile,East India,4,0
OTT00831,44,Female,Premium,0,1,1,0,0,1,3,26.2,3.5,27,31,908.02,2,0,UPI,0,Mobile,South India,5,0
OTT00832,59,Male,Standard,1,0,1,0,0,1,3,35.5,0.4,32,47,183.73,2,1,Credit Card,1,Laptop,North India,2,0
OTT00833,60,Female,Basic,1,1,1,0,0,0,3,54.2,3.4,6,46,199.99,5,3,UPI,1,Mobile,West India,4,0
OTT00834,38,Female,Basic,1,0,0,1,1,1,4,29.3,2.5,13,8,883.51,2,1,Credit Card,1,Mobile,East India,1,0
OTT00835,46,Male,Standard,1,1,1,0,0,1,4,20.3,1.8,24,13,469.32,5,1,Credit Card,0,Mobile,South India,1,0
OTT00836,21,Female,Standard,1,1,0,1,0,0,3,48.2,2.3,15,50,141.17,5,3,UPI,1,Smart TV,South India,1,0
OTT00837,58,Male,Standard,1,0,1,1,0,1,4,57.6,1.3,7,19,798.07,1,0,Credit Card,1,Laptop,East India,1,0
OTT00838,18,Female,Standard,1,1,1,1,1,1,6,33.9,1.0,6,55,681.47,4,4,UPI,1,Laptop,East India,2,0
OTT00839,32,Female,Basic,0,0,1,1,0,1,3,16.2,0.7,53,8,1192.97,4,2,UPI,1,Smart TV,North India,5,0
OTT00840,49,Female,Basic,0,1,1,0,1,0,3,19.1,2.6,54,55,306.86,2,2,Credit Card,0,Mobile,South India,1,0
OTT00841,59,Female,Standard,0,0,0,1,0,0,1,57.3,1.7,50,30,372.29,5,1,UPI,0,Smart TV,South India,3,0
OTT00842,25,Female,Standard,0,0,1,1,1,1,4,37.4,4.2,2,3,441.33,2,6,Net Banking,0,Smart TV,Central India,5,0
OTT00843,46,Male,Standard,0,1,1,0,0,1,3,21.1,2.4,42,8,924.21,5,0,UPI,1,Smart TV,South India,3,0
OTT00844,26,Male,Basic,0,1,0,1,1,0,3,7.1,1.8,54,30,99.0,5,2,UPI,1,Smart TV,West India,5,0
OTT00845,20,Female,Premium,0,0,1,0,0,0,1,37.9,0.9,7,6,546.52,3,2,Net Banking,0,Smart TV,South India,5,0
OTT00846,36,Male,Basic,1,1,0,1,1,1,5,34.0,1.0,58,54,716.59,1,0,UPI,1,Mobile,South India,5,0
OTT00847,42,Male,Basic,0,0,1,1,0,1,3,37.5,0.9,43,2,975.55,2,1,UPI,1,Fire TV,West India,5,0
OTT00848,29,Male,Standard,0,1,1,1,1,0,4,14.7,2.0,35,48,400.37,4,1,Wallet,0,Laptop,Central India,4,0
OTT00849,59,Other,Premium,0,0,0,1,0,1,2,20.3,1.3,8,53,721.81,4,0,UPI,1,Smart TV,South India,2,0
OTT00850,44,Female,Premium,1,1,1,1,1,1,6,44.7,1.0,54,53,464.21,4,1,UPI,1,Mobile,South India,1,0
OTT00851,36,Male,Mobile,0,0,1,1,0,0,2,3.8,4.4,58,12,295.13,2,1,Debit Card,1,Fire TV,West India,3,0
OTT00852,38,Male,Basic,0,1,0,0,0,1,2,20.2,3.0,31,43,608.44,2,2,Wallet,1,Tablet,West India,4,0
OTT00853,37,Female,Standard,1,1,0,1,1,1,5,8.9,1.5,32,43,561.13,1,0,UPI,1,Smart TV,West India,2,0
OTT00854,22,Male,Standard,1,1,0,1,1,1,5,13.6,1.6,2,52,780.81,4,3,Credit Card,0,Mobile,South India,5,0
OTT00855,44,Female,Standard,1,0,0,0,1,0,2,41.0,2.5,4,46,1191.66,2,0,Wallet,1,Mobile,West India,2,0
OTT00856,51,Female,Mobile,0,0,0,1,1,1,3,22.6,1.3,15,4,762.31,5,3,Credit Card,1,Mobile,South India,5,0
OTT00857,36,Female,Standard,0,1,0,1,1,1,4,11.9,0.5,4,40,638.34,3,1,Net Banking,1,Mobile,North India,1,0
OTT00858,36,Male,Mobile,1,1,1,0,1,1,5,32.4,0.9,59,12,792.72,1,0,UPI,0,Smart TV,East India,2,1
OTT00859,57,Female,Basic,1,1,0,1,0,0,3,17.1,1.6,25,5,431.26,4,1,UPI,0,Fire TV,South India,3,0
OTT00860,44,Other,Standard,1,0,1,1,0,0,3,22.1,1.6,49,44,859.15,5,0,Credit Card,0,Smart TV,South India,5,0
OTT00861,30,Male,Mobile,0,1,1,1,0,1,4,27.5,0.4,20,26,453.11,5,0,UPI,0,Smart TV,North India,1,0
OTT00862,18,Female,Standard,0,1,1,1,0,1,4,50.3,2.5,59,49,728.22,2,2,UPI,0,Mobile,North India,3,1
OTT00863,53,Male,Standard,0,1,1,1,1,0,4,27.5,0.4,34,44,574.57,5,0,UPI,1,Smart TV,South India,3,0
OTT00864,44,Female,Basic,0,1,1,1,0,0,3,19.4,0.6,26,11,561.82,4,0,Wallet,1,Mobile,South India,2,0
OTT00865,44,Female,Basic,0,1,0,0,0,0,1,31.4,2.6,1,21,1082.48,4,0,Credit Card,1,Mobile,East India,5,0
OTT00866,30,Male,Premium,1,1,0,1,1,1,5,32.6,1.3,13,49,385.93,4,1,Net Banking,1,Mobile,South India,1,0
OTT00867,26,Male,Standard,1,1,1,0,1,1,5,18.3,3.2,17,33,771.42,1,1,UPI,1,Mobile,South India,2,0
OTT00868,39,Male,Premium,1,1,1,1,0,0,4,22.6,2.8,16,14,515.65,2,3,Credit Card,1,Tablet,Central India,4,1
OTT00869,50,Male,Basic,1,0,0,0,0,0,1,24.1,0.5,17,44,887.88,3,1,UPI,1,Mobile,West India,5,0
OTT00870,30,Female,Standard,0,0,1,0,1,0,2,45.6,1.1,50,40,266.76,1,1,UPI,1,Mobile,South India,5,0
OTT00871,40,Male,Premium,0,1,1,1,0,1,4,4.1,0.9,43,54,542.31,1,2,Wallet,0,Laptop,Central India,5,0
OTT00872,60,Female,Mobile,0,0,0,1,0,0,1,30.4,1.0,12,32,378.18,4,0,Debit Card,1,Laptop,West India,1,1
OTT00873,27,Male,Basic,1,1,1,1,1,1,6,39.3,0.9,30,49,1076.86,1,0,Wallet,0,Smart TV,East India,1,0
OTT00874,27,Female,Premium,0,1,1,1,0,0,3,44.8,0.6,37,47,997.37,3,1,Net Banking,1,Mobile,North India,3,0
OTT00875,28,Female,Basic,0,0,1,1,1,1,4,8.4,3.0,50,14,438.05,4,1,Credit Card,1,Mobile,South India,1,0
OTT00876,57,Female,Basic,1,0,1,1,1,1,5,8.2,0.7,54,26,314.15,4,0,Wallet,1,Mobile,West India,3,1
OTT00877,40,Female,Premium,1,0,0,0,1,1,3,16.6,1.2,22,29,511.74,5,0,UPI,1,Smart TV,North India,3,0
OTT00878,57,Other,Mobile,1,0,0,0,1,0,2,35.9,0.6,49,13,862.74,1,1,Credit Card,1,Tablet,South India,3,1
OTT00879,58,Female,Standard,0,1,1,0,1,0,3,41.9,1.6,12,36,718.99,1,1,Debit Card,1,Mobile,West India,2,0
OTT00880,36,Female,Standard,0,0,0,1,1,1,3,7.3,1.2,25,50,531.05,4,1,Credit Card,1,Smart TV,North India,3,0
OTT00881,20,Male,Standard,1,1,1,0,0,0,3,27.9,1.0,18,5,958.65,1,2,Debit Card,0,Smart TV,South India,3,0
OTT00882,31,Male,Basic,1,0,1,0,1,0,3,40.6,3.0,23,56,739.22,4,0,Credit Card,1,Laptop,North India,2,0
OTT00883,41,Male,Mobile,1,1,1,1,0,1,5,18.8,1.3,10,50,403.76,5,0,Net Banking,1,Mobile,North India,2,0
OTT00884,34,Female,Premium,1,0,0,0,1,1,3,29.2,1.4,36,38,99.0,3,1,Debit Card,1,Laptop,East India,3,0
OTT00885,18,Female,Standard,1,0,0,0,1,0,2,10.7,0.4,51,53,1221.05,4,3,Credit Card,1,Laptop,North India,3,1
OTT00886,60,Female,Basic,0,1,0,0,1,1,3,33.8,1.6,26,52,564.57,2,3,UPI,0,Smart TV,North India,2,0
OTT00887,31,Female,Basic,0,0,1,1,1,0,3,21.8,2.4,18,58,99.0,2,2,UPI,1,Mobile,West India,3,0
OTT00888,44,Male,Standard,0,1,0,0,1,0,2,20.5,0.8,16,2,730.8,1,1,Credit Card,1,Tablet,Central India,3,0
OTT00889,58,Female,Mobile,0,1,1,0,0,0,2,28.5,1.2,30,55,178.18,3,1,Credit Card,1,Laptop,North India,2,0
OTT00890,41,Male,Premium,1,1,1,1,0,0,4,6.5,3.4,6,33,1005.82,2,1,Net Banking,1,Smart TV,South India,3,0
OTT00891,47,Male,Premium,0,1,0,0,0,1,2,17.0,1.0,13,49,988.87,1,2,Credit Card,1,Mobile,North India,1,0
OTT00892,19,Female,Basic,1,1,1,1,1,1,6,40.6,2.1,19,24,582.59,2,1,Debit Card,1,Mobile,West India,2,0
OTT00893,47,Male,Premium,0,1,0,0,1,0,2,7.3,1.2,36,28,337.77,4,0,Credit Card,0,Laptop,South India,4,0
OTT00894,54,Female,Standard,0,0,0,1,0,0,1,8.0,3.0,8,43,784.37,2,0,Credit Card,1,Fire TV,North India,4,0
OTT00895,57,Female,Standard,1,0,1,0,1,1,4,18.1,1.8,55,25,987.79,2,0,UPI,1,Mobile,South India,3,0
OTT00896,21,Female,Premium,1,0,1,1,1,1,5,24.0,0.8,3,20,620.11,1,1,Net Banking,0,Mobile,South India,2,0
OTT00897,27,Male,Basic,0,1,0,0,0,1,2,27.5,0.5,47,8,543.12,4,1,UPI,1,Smart TV,North India,3,1
OTT00898,20,Male,Premium,1,0,0,1,0,0,2,62.4,3.8,54,1,439.38,1,0,Credit Card,1,Smart TV,West India,4,0
OTT00899,57,Male,Mobile,0,1,0,0,1,0,2,28.1,2.0,59,53,551.71,5,2,Net Banking,1,Smart TV,South India,5,0
OTT00900,29,Female,Basic,1,0,0,0,1,1,3,30.3,1.7,40,29,605.07,4,2,UPI,1,Mobile,North India,2,0
OTT00901,40,Male,Standard,1,0,0,0,1,1,3,44.9,1.1,51,18,510.65,4,1,UPI,1,Smart TV,West India,3,1
OTT00902,38,Male,Mobile,0,0,0,1,1,0,2,14.1,0.4,58,36,377.73,2,0,UPI,1,Mobile,East India,5,0
OTT00903,47,Female,Standard,0,0,0,0,0,1,1,30.9,1.8,18,59,1112.15,1,1,Debit Card,1,Smart TV,East India,2,0
OTT00904,56,Female,Basic,0,1,1,0,1,0,3,35.6,1.8,45,41,581.56,5,0,Credit Card,0,Smart TV,South India,5,0
OTT00905,31,Female,Basic,1,1,1,1,1,1,6,32.8,2.1,5,32,500.96,2,3,Credit Card,1,Tablet,East India,1,0
OTT00906,51,Male,Standard,0,1,1,1,0,1,4,27.5,3.2,44,50,704.37,2,2,Net Banking,1,Mobile,South India,2,0
OTT00907,30,Female,Mobile,1,0,1,1,0,0,3,26.4,1.7,44,2,716.7,5,1,Net Banking,1,Mobile,North India,5,0
OTT00908,26,Male,Basic,0,0,0,0,1,0,1,11.9,0.4,29,60,631.98,1,0,UPI,1,Laptop,West India,1,0
OTT00909,22,Male,Basic,1,0,1,0,0,0,2,19.4,2.2,8,43,330.79,1,1,Credit Card,1,Mobile,North India,3,0
OTT00910,33,Male,Premium,0,0,0,1,0,1,2,54.2,3.9,37,46,647.31,2,0,Debit Card,1,Smart TV,South India,1,0
OTT00911,42,Female,Standard,1,0,0,1,1,1,4,16.7,1.4,6,15,690.52,1,1,UPI,1,Smart TV,East India,5,1
OTT00912,51,Female,Standard,1,1,0,1,1,1,5,24.9,1.3,5,19,739.93,4,2,UPI,0,Mobile,West India,5,0
OTT00913,54,Male,Standard,1,1,1,0,1,1,5,24.0,1.2,34,38,724.0,4,1,UPI,0,Mobile,North India,5,1
OTT00914,40,Female,Standard,1,1,1,1,1,1,6,30.9,1.5,40,57,701.97,5,1,Credit Card,1,Smart TV,South India,1,0
OTT00915,35,Female,Basic,1,1,1,1,1,1,6,23.8,1.8,23,15,349.56,4,0,Debit Card,0,Tablet,North India,3,0
OTT00916,25,Male,Mobile,1,1,1,1,1,1,6,21.5,2.1,39,41,1361.41,4,1,Debit Card,0,Tablet,South India,5,0
OTT00917,57,Female,Standard,0,0,0,0,0,1,1,39.9,0.9,40,19,776.98,4,3,UPI,1,Smart TV,South India,2,0
OTT00918,35,Male,Basic,0,1,0,0,0,1,2,28.1,1.0,29,54,862.49,4,3,UPI,1,Mobile,South India,4,0
OTT00919,50,Male,Premium,0,0,0,0,1,1,2,26.4,0.1,36,35,821.02,3,2,Debit Card,0,Smart TV,West India,4,0
OTT00920,44,Female,Basic,1,1,0,1,0,0,3,17.4,0.4,40,25,616.35,2,2,UPI,1,Smart TV,North India,1,1
OTT00921,58,Male,Standard,0,0,0,1,0,0,1,19.8,1.1,39,60,369.87,3,1,Wallet,0,Fire TV,South India,1,0
OTT00922,59,Female,Basic,1,1,1,1,1,0,5,28.7,1.9,49,9,588.48,5,0,Credit Card,1,Smart TV,North India,3,0
OTT00923,48,Male,Standard,1,0,1,1,0,0,3,42.1,1.1,37,25,381.65,3,0,UPI,0,Mobile,West India,5,0
OTT00924,46,Female,Premium,1,1,0,0,0,1,3,50.0,2.4,25,41,223.76,2,0,Credit Card,1,Laptop,East India,4,0
OTT00925,23,Female,Basic,1,0,1,0,0,0,2,30.1,0.9,12,25,1234.18,2,1,Wallet,0,Smart TV,East India,5,0
OTT00926,18,Female,Mobile,0,1,1,0,0,0,2,68.6,0.9,19,9,877.4,2,2,Debit Card,1,Laptop,East India,3,0
OTT00927,41,Female,Standard,0,1,1,0,0,0,2,20.8,2.8,28,18,677.75,2,1,Credit Card,1,Laptop,South India,4,0
OTT00928,48,Female,Mobile,1,0,1,1,1,1,5,20.7,1.8,17,53,668.28,3,2,UPI,0,Tablet,West India,2,0
OTT00929,50,Male,Mobile,0,0,0,1,1,1,3,46.7,2.6,0,11,820.09,1,2,Wallet,0,Mobile,West India,4,0
OTT00930,28,Male,Standard,1,1,1,0,1,0,4,27.1,1.9,53,39,613.64,4,0,UPI,0,Mobile,North India,5,0
OTT00931,39,Female,Mobile,1,0,0,1,0,0,2,17.8,1.6,43,9,475.46,4,5,UPI,1,Mobile,South India,1,0
OTT00932,55,Female,Mobile,1,0,0,1,0,1,3,24.5,1.8,58,27,1028.83,5,1,Credit Card,0,Laptop,North India,3,0
OTT00933,22,Male,Basic,1,0,1,0,0,1,3,13.0,0.6,54,25,390.47,3,1,UPI,1,Mobile,South India,2,1
OTT00934,34,Female,Basic,0,0,1,1,1,1,4,22.3,0.2,49,8,978.58,2,1,Wallet,1,Laptop,North India,1,1
OTT00935,58,Male,Premium,1,0,1,0,1,1,4,12.0,0.5,57,48,653.62,4,2,Debit Card,1,Smart TV,North India,3,0
OTT00936,26,Male,Basic,0,1,1,0,0,0,2,13.0,0.4,42,17,717.18,2,3,UPI,1,Smart TV,South India,4,0
OTT00937,31,Female,Basic,1,1,1,0,1,1,5,28.6,1.8,59,35,547.49,1,1,Credit Card,1,Smart TV,South India,1,1
OTT00938,38,Female,Standard,0,0,0,0,1,1,2,5.1,2.9,51,17,323.7,5,1,UPI,1,Tablet,North India,1,1
OTT00939,47,Female,Premium,1,1,1,0,1,1,5,12.1,0.6,33,25,439.03,1,1,UPI,1,Smart TV,North India,1,1
OTT00940,28,Male,Basic,0,0,0,1,0,0,1,15.3,1.7,46,3,729.67,5,0,Debit Card,1,Smart TV,South India,3,0
OTT00941,52,Male,Standard,1,0,0,0,0,1,2,19.3,3.6,32,15,401.25,5,0,Credit Card,1,Mobile,North India,5,0
OTT00942,28,Female,Standard,1,1,1,0,1,1,5,34.0,2.5,18,9,404.88,3,0,Credit Card,0,Smart TV,West India,5,0
OTT00943,33,Male,Basic,1,0,0,0,1,0,2,18.9,1.9,7,40,846.49,3,0,Credit Card,0,Smart TV,South India,4,0
OTT00944,42,Female,Mobile,0,0,0,1,1,1,3,53.1,1.5,16,37,758.27,1,1,Wallet,0,Mobile,West India,3,1
OTT00945,18,Male,Standard,0,0,1,1,1,0,3,16.6,1.8,48,14,280.29,2,0,UPI,1,Smart TV,North India,5,0
OTT00946,50,Male,Basic,1,0,1,0,0,0,2,5.4,1.6,53,3,975.11,3,0,UPI,0,Mobile,North India,3,0
OTT00947,46,Male,Basic,1,1,1,0,1,0,4,12.6,1.3,60,21,999.82,5,1,Net Banking,0,Smart TV,South India,2,0
OTT00948,53,Male,Standard,0,1,1,1,1,1,5,28.3,0.7,52,29,572.3,2,1,Credit Card,0,Laptop,South India,4,0
OTT00949,29,Male,Mobile,1,1,1,1,1,0,5,13.0,0.9,6,4,165.48,1,1,UPI,1,Mobile,South India,5,0
OTT00950,35,Female,Basic,0,0,1,1,0,0,2,16.3,1.7,17,36,251.71,3,1,Wallet,1,Mobile,North India,5,0
OTT00951,56,Female,Basic,0,1,1,0,1,0,3,46.5,2.7,38,28,486.79,2,1,UPI,0,Tablet,South India,5,0
OTT00952,20,Male,Premium,1,0,1,0,0,0,2,54.4,0.6,16,15,978.85,1,1,Credit Card,1,Smart TV,West India,3,0
OTT00953,39,Female,Standard,0,0,0,1,0,1,2,9.6,4.7,14,25,687.79,2,1,Credit Card,1,Mobile,Central India,4,0
OTT00954,38,Male,Basic,0,0,1,1,0,0,2,21.4,0.3,58,60,303.75,4,1,Wallet,1,Mobile,North India,3,0
OTT00955,37,Male,Basic,1,0,1,1,1,1,5,27.9,0.7,49,58,1055.36,3,2,Net Banking,0,Fire TV,North India,3,1
OTT00956,36,Female,Premium,1,1,1,0,1,1,5,40.9,1.8,35,28,633.05,5,0,UPI,1,Mobile,West India,2,0
OTT00957,50,Female,Standard,1,1,0,0,1,1,4,18.8,2.2,6,54,872.07,2,1,UPI,1,Laptop,West India,5,0
OTT00958,26,Female,Standard,0,0,1,1,0,1,3,27.8,0.9,46,46,558.02,4,1,Debit Card,1,Smart TV,North India,2,0
OTT00959,56,Male,Mobile,0,1,1,0,1,0,3,44.9,1.5,34,18,108.91,4,1,Debit Card,1,Smart TV,South India,4,0
OTT00960,56,Male,Mobile,0,1,1,1,0,0,3,24.9,1.3,2,14,153.92,2,0,UPI,1,Mobile,Central India,5,0
OTT00961,25,Female,Basic,1,1,1,0,0,0,3,3.4,1.1,43,5,412.32,4,0,UPI,1,Smart TV,South India,4,0
OTT00962,59,Female,Premium,0,1,1,1,0,0,3,21.3,0.7,31,3,732.85,3,1,Credit Card,1,Fire TV,North India,5,0
OTT00963,29,Female,Premium,1,0,0,1,0,0,2,14.6,1.8,37,27,768.05,5,0,UPI,1,Mobile,South India,1,0
OTT00964,20,Female,Basic,1,1,0,0,0,0,2,15.2,1.8,24,5,1168.89,4,1,Credit Card,1,Smart TV,West India,1,0
OTT00965,35,Male,Standard,1,1,1,1,1,1,6,16.0,1.5,31,43,642.06,4,3,UPI,1,Mobile,West India,2,1
OTT00966,52,Female,Premium,1,1,1,0,0,0,3,5.0,2.4,16,18,620.77,4,0,UPI,1,Mobile,West India,4,0
OTT00967,54,Female,Premium,1,1,1,1,1,1,6,52.3,1.7,20,14,375.94,3,2,Wallet,1,Mobile,East India,3,0
OTT00968,45,Male,Basic,0,0,1,1,0,0,2,42.3,0.8,19,19,904.63,5,2,UPI,1,Fire TV,South India,5,0
OTT00969,52,Male,Basic,1,1,0,1,0,0,3,56.7,3.6,11,31,1054.5,3,0,UPI,1,Laptop,North India,2,0
OTT00970,29,Female,Premium,0,0,1,1,0,0,2,71.5,2.1,52,12,472.69,3,2,Wallet,1,Mobile,North India,1,0
OTT00971,55,Male,Basic,0,1,1,0,0,0,2,27.2,1.2,18,19,614.96,5,0,Wallet,1,Laptop,North India,2,0
OTT00972,45,Female,Basic,0,0,1,0,0,0,1,17.6,1.1,1,21,746.4,5,0,Net Banking,1,Mobile,South India,4,0
OTT00973,23,Female,Basic,0,0,0,0,0,1,1,31.7,1.0,26,58,422.4,2,4,UPI,1,Smart TV,North India,4,0
OTT00974,23,Male,Standard,1,1,1,0,1,1,5,32.5,0.6,42,8,151.1,5,0,Wallet,1,Fire TV,West India,1,0
OTT00975,29,Female,Mobile,0,1,1,0,0,0,2,17.6,0.9,44,9,688.35,4,0,Credit Card,1,Fire TV,West India,4,0
OTT00976,20,Female,Standard,1,1,0,0,1,0,3,17.3,1.6,31,54,809.43,4,0,UPI,1,Laptop,North India,2,0
OTT00977,30,Male,Premium,0,0,1,0,1,1,3,23.2,2.1,0,44,387.48,5,1,UPI,1,Smart TV,West India,3,0
OTT00978,60,Female,Standard,1,0,0,1,0,1,3,16.5,3.3,22,19,644.12,5,3,UPI,0,Mobile,East India,4,0
OTT00979,28,Male,Premium,0,1,0,1,1,0,3,32.7,1.2,40,5,1226.57,3,0,UPI,1,Laptop,South India,2,0
OTT00980,45,Female,Premium,0,0,1,1,0,0,2,10.9,1.7,54,44,957.72,3,0,Debit Card,1,Mobile,West India,1,0
OTT00981,60,Male,Standard,1,1,1,1,1,1,6,36.9,1.7,39,38,789.94,3,0,UPI,1,Smart TV,South India,1,0
OTT00982,28,Male,Standard,1,1,1,1,0,0,4,49.3,0.9,46,55,498.5,1,0,UPI,0,Smart TV,West India,2,0
OTT00983,47,Female,Premium,1,1,0,0,1,1,4,78.3,2.0,54,4,825.47,1,2,UPI,1,Mobile,South India,3,0
OTT00984,37,Male,Standard,0,0,1,0,1,1,3,54.9,0.5,36,57,190.1,3,1,Credit Card,0,Smart TV,East India,1,0
OTT00985,30,Male,Basic,0,0,0,1,1,0,2,77.6,1.4,32,33,620.61,3,0,Wallet,0,Smart TV,Central India,1,0
OTT00986,58,Male,Premium,0,1,1,1,1,1,5,33.0,1.2,25,34,502.13,3,2,Debit Card,1,Mobile,South India,3,0
OTT00987,46,Female,Standard,0,0,1,0,1,0,2,9.6,0.9,21,47,858.86,5,3,UPI,1,Laptop,West India,3,0
OTT00988,36,Female,Premium,0,0,1,0,0,0,1,26.1,1.8,55,20,99.0,1,3,Debit Card,0,Laptop,North India,5,1
OTT00989,52,Male,Basic,0,1,1,0,0,0,2,68.3,3.3,7,33,1351.68,5,3,Credit Card,1,Mobile,North India,1,0
OTT00990,56,Male,Basic,1,1,0,1,1,0,4,53.9,2.6,57,55,525.1,2,0,Credit Card,0,Fire TV,South India,4,0
OTT00991,51,Male,Standard,1,0,1,0,1,0,3,20.6,1.7,39,34,1100.8,3,1,Net Banking,1,Tablet,North India,4,1
OTT00992,55,Female,Standard,1,1,1,0,1,0,4,6.0,2.4,44,59,852.43,2,4,UPI,1,Laptop,North India,4,1
OTT00993,31,Male,Basic,0,1,1,1,1,0,4,32.1,4.0,40,5,739.72,1,2,UPI,1,Smart TV,Central India,5,1
OTT00994,32,Female,Premium,0,0,0,0,1,1,2,9.2,0.8,25,46,715.85,4,1,Debit Card,1,Laptop,South India,2,0
OTT00995,28,Male,Standard,1,1,1,1,1,0,5,31.5,1.4,48,58,670.57,5,1,Wallet,1,Smart TV,West India,3,0
OTT00996,47,Female,Mobile,0,0,1,0,1,1,3,33.7,1.9,59,35,513.79,3,0,Credit Card,1,Smart TV,South India,5,0
OTT00997,52,Female,Standard,0,0,0,1,1,1,3,52.5,2.0,19,1,767.56,4,0,UPI,0,Laptop,South India,5,0
OTT00998,46,Male,Mobile,0,0,0,1,0,0,1,6.5,1.2,2,10,592.94,1,2,Credit Card,1,Laptop,North India,4,0
OTT00999,43,Female,Standard,1,1,1,1,1,1,6,41.1,1.7,24,17,802.8,1,1,Debit Card,1,Smart TV,North India,3,0
OTT01000,51,Male,Basic,0,1,0,0,1,0,2,23.3,1.2,51,38,764.75,5,2,Wallet,1,Smart TV,Central India,5,0
OTT01001,25,Female,Basic,1,0,0,0,0,0,1,60.2,1.4,7,49,537.52,5,2,Net Banking,1,Mobile,West India,2,0
OTT01002,33,Male,Premium,1,1,0,1,0,0,3,39.6,0.4,18,15,508.61,2,0,Wallet,1,Tablet,North India,5,0
OTT01003,48,Male,Mobile,1,0,0,0,1,0,2,27.4,3.3,49,9,724.56,4,3,Debit Card,0,Smart TV,North India,4,1
OTT01004,20,Male,Standard,0,1,0,0,1,0,2,14.3,0.3,29,11,767.7,3,0,Wallet,1,Laptop,North India,5,0
OTT01005,57,Male,Standard,1,0,0,0,1,1,3,24.8,1.0,32,15,511.45,3,4,Credit Card,1,Smart TV,North India,1,0
OTT01006,25,Female,Basic,1,1,1,0,0,0,3,46.8,2.1,5,25,367.53,4,0,Net Banking,1,Smart TV,South India,5,0
OTT01007,51,Female,Premium,0,1,1,1,1,1,5,24.9,2.8,49,47,720.98,5,0,UPI,0,Smart TV,South India,2,0
OTT01008,44,Male,Basic,1,0,1,0,0,0,2,24.4,1.2,28,24,748.96,5,2,UPI,1,Mobile,South India,3,1
OTT01009,54,Female,Standard,1,1,1,0,1,0,4,25.1,2.3,33,48,682.44,2,1,Debit Card,1,Smart TV,West India,3,0
OTT01010,51,Female,Standard,1,1,0,1,0,0,3,17.7,1.4,13,31,623.52,2,3,UPI,1,Smart TV,North India,3,0
OTT01011,40,Male,Standard,1,0,1,0,1,1,4,13.3,1.8,1,42,872.3,5,0,UPI,1,Fire TV,South India,3,0
OTT01012,50,Male,Basic,1,1,0,0,1,0,3,14.6,1.0,19,24,377.61,2,1,Debit Card,1,Mobile,North India,1,0
OTT01013,32,Female,Premium,1,1,0,0,1,0,3,26.5,2.1,10,50,415.36,1,0,UPI,1,Smart TV,North India,4,0
OTT01014,43,Male,Premium,1,1,1,1,1,1,6,42.2,0.6,34,3,489.52,3,0,Credit Card,0,Laptop,North India,1,1
OTT01015,57,Female,Basic,0,0,0,1,1,0,2,28.7,4.6,18,23,617.33,5,0,UPI,1,Laptop,South India,1,0
OTT01016,21,Male,Standard,1,0,0,0,0,1,2,47.3,0.9,59,29,472.16,2,2,Credit Card,1,Mobile,East India,4,1
OTT01017,33,Male,Basic,1,0,0,1,1,1,4,54.5,0.6,16,49,478.08,1,0,UPI,1,Laptop,West India,4,0
OTT01018,18,Female,Basic,1,1,1,1,0,1,5,70.8,1.4,13,19,903.81,1,2,UPI,1,Mobile,South India,3,0
OTT01019,40,Female,Basic,0,1,0,0,0,0,1,67.3,1.1,17,13,626.89,3,1,Debit Card,0,Smart TV,West India,3,0
OTT01020,51,Other,Basic,0,1,0,1,1,0,3,10.1,3.3,20,36,874.58,3,2,UPI,1,Tablet,South India,2,0
OTT01021,19,Male,Standard,1,0,1,1,1,1,5,35.2,4.1,45,32,651.32,3,1,Credit Card,0,Smart TV,East India,3,0
OTT01022,41,Female,Mobile,1,0,1,0,1,1,4,19.5,0.9,14,26,450.56,5,1,Credit Card,1,Tablet,South India,4,1
OTT01023,35,Female,Mobile,1,1,1,1,1,1,6,15.1,1.9,46,34,960.02,5,0,Credit Card,0,Tablet,North India,4,0
OTT01024,51,Female,Basic,0,1,1,0,1,0,3,22.3,1.8,30,25,536.93,3,1,Credit Card,1,Smart TV,North India,3,0
OTT01025,27,Female,Mobile,1,1,0,0,1,1,4,57.8,1.9,50,9,744.82,3,2,UPI,0,Mobile,North India,4,0
OTT01026,24,Other,Standard,1,0,0,0,1,0,2,46.9,0.7,16,52,855.77,2,0,Debit Card,0,Tablet,North India,2,0
OTT01027,22,Female,Standard,1,1,1,1,1,0,5,26.7,0.7,27,10,597.01,5,2,UPI,1,Mobile,South India,1,0
OTT01028,35,Other,Mobile,1,1,0,0,0,1,3,38.5,1.5,11,45,579.12,1,1,Debit Card,1,Laptop,Central India,3,0
OTT01029,38,Female,Basic,0,1,1,0,1,1,4,32.5,1.8,25,12,430.54,5,2,Credit Card,1,Mobile,South India,2,0
OTT01030,57,Female,Mobile,0,0,1,1,0,1,3,22.3,0.5,39,48,679.11,3,2,Credit Card,0,Smart TV,South India,2,0
OTT01031,38,Female,Standard,1,1,1,0,0,0,3,16.4,1.0,33,13,435.21,1,2,Wallet,1,Smart TV,East India,2,1
OTT01032,25,Female,Basic,0,1,1,1,0,1,4,24.7,1.3,10,39,572.14,3,1,UPI,1,Laptop,North India,5,0
OTT01033,48,Male,Standard,0,1,1,0,1,0,3,39.9,2.8,41,59,548.98,2,2,UPI,0,Smart TV,Central India,4,0
OTT01034,20,Male,Standard,0,1,1,1,1,1,5,61.5,2.4,34,53,490.17,3,3,Net Banking,1,Tablet,South India,2,0
OTT01035,32,Male,Basic,1,0,1,0,1,0,3,35.4,3.2,33,14,723.16,1,3,UPI,1,Smart TV,South India,4,1
OTT01036,46,Female,Mobile,1,0,1,0,1,1,4,18.4,1.4,3,38,968.55,4,0,Debit Card,0,Mobile,South India,5,0
OTT01037,28,Male,Basic,1,0,0,1,0,0,2,13.8,1.1,23,20,866.78,4,1,Wallet,0,Smart TV,West India,4,0
OTT01038,43,Male,Basic,0,1,1,0,1,0,3,31.8,3.1,43,2,104.79,2,1,Net Banking,1,Smart TV,North India,2,1
OTT01039,37,Female,Basic,1,0,1,0,0,1,3,6.7,1.4,24,58,660.18,2,2,UPI,1,Laptop,Central India,1,0
OTT01040,58,Male,Premium,0,0,0,1,1,0,2,93.2,2.1,0,31,1269.99,5,1,Debit Card,1,Mobile,North India,1,0
OTT01041,30,Female,Mobile,0,0,0,0,0,1,1,35.0,0.3,16,27,674.62,3,0,Credit Card,1,Mobile,Central India,1,1
OTT01042,56,Female,Basic,1,1,1,0,0,1,4,52.2,1.4,41,35,556.28,4,0,Credit Card,0,Mobile,South India,3,0
OTT01043,44,Male,Premium,0,1,1,0,1,1,4,45.2,1.4,12,11,1006.89,3,1,Credit Card,1,Tablet,South India,1,0
OTT01044,50,Male,Premium,1,0,1,0,1,1,4,34.6,1.4,8,54,641.8,1,0,Net Banking,0,Laptop,West India,3,0
OTT01045,25,Female,Basic,1,0,0,0,0,0,1,33.4,1.5,45,26,976.78,5,2,Net Banking,1,Smart TV,Central India,4,0
OTT01046,18,Female,Standard,1,1,0,0,0,0,2,41.1,3.1,42,31,602.09,5,2,Debit Card,1,Mobile,North India,2,0
OTT01047,49,Male,Mobile,1,1,0,0,0,0,2,21.1,1.0,36,57,765.46,4,2,Debit Card,0,Smart TV,North India,1,0
OTT01048,38,Male,Standard,1,0,1,1,1,0,4,26.9,2.4,4,15,471.05,2,1,UPI,1,Mobile,North India,1,0
OTT01049,31,Female,Standard,0,1,1,1,1,1,5,42.5,0.5,19,53,928.35,1,0,UPI,1,Smart TV,North India,4,1
OTT01050,56,Female,Basic,1,1,0,0,0,0,2,10.0,0.5,19,28,635.21,3,1,Credit Card,0,Smart TV,South India,3,0
OTT01051,32,Female,Basic,1,1,0,1,1,0,4,26.4,0.7,23,7,685.57,2,2,UPI,0,Mobile,South India,5,0
OTT01052,36,Male,Basic,0,0,1,0,1,0,2,24.5,0.9,43,26,910.91,2,1,UPI,1,Laptop,South India,3,1
OTT01053,49,Other,Standard,0,0,0,1,1,0,2,6.4,2.4,55,28,778.14,5,1,UPI,1,Tablet,South India,2,0
OTT01054,59,Female,Mobile,0,1,1,0,0,0,2,36.6,1.5,37,34,601.58,3,3,UPI,1,Smart TV,North India,1,0
OTT01055,56,Male,Standard,0,0,1,0,1,0,2,30.0,0.4,7,34,260.5,2,1,Credit Card,1,Laptop,South India,3,0
OTT01056,46,Female,Mobile,1,0,1,1,0,1,4,26.4,1.6,17,16,618.52,3,0,UPI,1,Laptop,North India,2,0
OTT01057,22,Female,Standard,0,1,1,1,1,1,5,47.1,1.6,5,54,549.33,5,1,Debit Card,1,Mobile,South India,2,0
OTT01058,22,Female,Basic,1,0,0,0,1,0,2,42.9,0.1,27,20,654.2,5,0,Wallet,1,Mobile,South India,3,0
OTT01059,47,Female,Premium,1,0,0,1,1,0,3,44.8,3.2,13,41,590.65,5,3,Wallet,1,Smart TV,South India,3,0
OTT01060,39,Male,Basic,0,1,1,0,1,1,4,24.7,0.8,20,58,1000.35,5,0,UPI,0,Laptop,South India,3,0
OTT01061,23,Female,Basic,1,1,1,1,1,1,6,20.7,2.3,27,9,799.44,1,1,UPI,0,Mobile,Central India,4,0
OTT01062,47,Male,Basic,1,1,0,1,0,0,3,29.6,2.0,0,30,552.1,2,1,UPI,0,Mobile,Central India,4,0
OTT01063,58,Female,Standard,1,0,0,0,1,0,2,34.5,0.6,36,7,843.86,3,2,Credit Card,0,Laptop,South India,4,0
OTT01064,20,Male,Basic,1,0,0,1,0,1,3,39.3,2.9,34,51,1052.57,2,2,Wallet,0,Laptop,West India,1,1
OTT01065,53,Male,Basic,0,0,1,1,0,0,2,15.1,1.8,30,50,471.42,5,1,Wallet,1,Smart TV,North India,1,0
OTT01066,32,Female,Basic,1,1,1,1,1,1,6,33.1,2.9,60,58,585.7,5,2,Wallet,1,Tablet,North India,4,1
OTT01067,35,Male,Basic,1,1,0,0,1,0,3,50.2,3.8,24,55,460.0,5,1,UPI,1,Smart TV,South India,2,0
OTT01068,48,Female,Standard,1,1,0,1,1,0,4,16.4,0.7,31,49,752.34,4,0,UPI,1,Mobile,North India,3,0
OTT01069,28,Male,Basic,0,1,0,0,0,0,1,6.1,1.7,32,21,1233.49,1,1,Debit Card,0,Fire TV,West India,1,0
OTT01070,24,Male,Premium,1,1,1,0,0,0,3,3.8,0.5,22,24,981.05,4,1,Debit Card,1,Smart TV,East India,2,0
OTT01071,59,Male,Premium,1,0,1,1,1,1,5,20.6,2.8,56,3,560.88,4,2,Credit Card,1,Smart TV,West India,3,0
OTT01072,32,Male,Standard,0,0,1,1,1,0,3,13.3,0.4,30,12,829.19,3,1,Net Banking,1,Laptop,West India,2,1
OTT01073,25,Male,Mobile,1,0,1,0,0,1,3,35.8,0.6,58,27,995.19,2,4,UPI,1,Laptop,West India,2,0
OTT01074,47,Male,Standard,1,1,0,1,1,1,5,32.4,1.0,43,49,194.37,5,0,Wallet,1,Smart TV,West India,1,0
OTT01075,27,Female,Premium,0,1,1,1,1,1,5,7.3,1.4,57,53,370.53,2,1,Credit Card,1,Laptop,East India,5,0
OTT01076,51,Male,Basic,0,0,0,1,1,0,2,48.9,2.4,6,37,910.82,3,0,Credit Card,0,Mobile,East India,5,0
OTT01077,21,Male,Basic,1,0,0,1,1,0,3,17.3,0.4,37,12,237.57,3,1,UPI,0,Smart TV,North India,2,1
OTT01078,40,Male,Basic,1,0,0,1,1,0,3,14.5,1.7,27,20,670.08,3,1,Net Banking,1,Smart TV,Central India,4,0
OTT01079,35,Male,Basic,1,0,1,1,0,0,3,31.4,0.9,28,13,853.2,2,3,Credit Card,1,Laptop,North India,3,0
OTT01080,59,Male,Mobile,0,0,0,1,0,1,2,19.6,1.4,10,49,740.05,1,1,Credit Card,1,Mobile,West India,4,0
OTT01081,40,Male,Basic,0,0,0,1,0,1,2,29.8,3.2,50,52,623.63,4,0,Debit Card,1,Laptop,East India,4,0
OTT01082,57,Female,Standard,1,1,1,1,1,0,5,24.0,1.5,39,35,1035.14,2,3,UPI,1,Laptop,West India,1,1
OTT01083,28,Female,Basic,1,0,1,1,1,1,5,52.1,2.0,28,23,883.73,3,0,UPI,1,Smart TV,East India,5,1
OTT01084,38,Female,Basic,1,1,1,1,0,1,5,30.2,0.3,58,47,1267.63,5,0,UPI,1,Smart TV,West India,4,0
OTT01085,52,Female,Premium,1,1,1,1,1,1,6,22.3,0.8,26,50,336.48,5,0,Debit Card,1,Mobile,North India,2,0
OTT01086,24,Female,Basic,0,1,0,1,1,1,4,25.8,1.4,14,31,502.55,4,1,Debit Card,1,Fire TV,East India,1,0
OTT01087,57,Male,Mobile,1,0,1,1,0,1,4,46.0,0.5,34,47,631.64,2,4,UPI,1,Smart TV,West India,3,0
OTT01088,51,Male,Basic,0,0,1,1,1,1,4,15.2,0.3,23,37,1014.43,3,1,UPI,1,Smart TV,North India,5,0
OTT01089,47,Female,Basic,1,0,1,0,1,0,3,36.9,0.8,28,56,857.91,3,0,UPI,1,Smart TV,Central India,1,0
OTT01090,28,Male,Standard,0,1,0,1,1,0,3,26.7,1.4,16,22,536.47,4,3,Net Banking,1,Laptop,West India,2,0
OTT01091,53,Male,Mobile,1,0,0,0,0,1,2,27.2,2.3,35,11,376.01,4,2,Wallet,1,Laptop,South India,5,0
OTT01092,54,Female,Premium,1,0,1,0,1,1,4,13.3,2.3,23,21,345.13,5,0,Credit Card,0,Laptop,South India,2,0
OTT01093,30,Male,Premium,1,0,0,1,0,0,2,20.6,1.3,54,13,1138.2,5,0,UPI,1,Smart TV,Central India,5,0
OTT01094,43,Male,Basic,0,1,0,0,1,0,2,18.1,1.5,28,44,643.35,3,0,Wallet,1,Tablet,Central India,4,0
OTT01095,20,Female,Standard,1,0,0,1,0,1,3,26.6,0.4,4,10,705.78,1,0,Credit Card,1,Mobile,South India,3,0
OTT01096,34,Male,Standard,0,1,0,1,0,1,3,10.4,4.3,47,23,371.61,5,2,Credit Card,1,Mobile,North India,4,0
OTT01097,24,Male,Premium,1,1,0,0,0,0,2,5.7,3.4,34,1,658.73,5,2,Credit Card,1,Tablet,South India,5,0
OTT01098,41,Male,Basic,1,1,0,1,0,1,4,19.5,1.8,34,25,410.17,2,1,Debit Card,1,Fire TV,West India,2,1
OTT01099,41,Male,Standard,1,1,1,0,1,1,5,46.5,1.2,7,43,686.88,5,2,UPI,0,Smart TV,North India,1,0
OTT01100,40,Female,Mobile,0,1,0,1,0,0,2,35.0,2.8,30,18,556.88,2,4,Credit Card,1,Smart TV,North India,3,1
OTT01101,47,Female,Mobile,0,0,0,0,0,1,1,25.0,4.4,47,51,449.96,4,2,UPI,1,Smart TV,South India,2,0
OTT01102,57,Male,Premium,0,0,1,1,0,0,2,13.9,2.0,1,48,985.39,1,3,Net Banking,1,Smart TV,South India,1,0
OTT01103,26,Male,Basic,0,1,1,1,0,1,4,3.5,2.3,33,6,1008.24,4,0,Credit Card,1,Mobile,South India,2,0
OTT01104,27,Male,Basic,1,1,1,1,0,0,4,17.2,1.0,2,50,788.88,2,1,Credit Card,0,Smart TV,South India,5,0
OTT01105,27,Female,Basic,0,0,0,1,0,1,2,23.0,0.5,7,27,147.36,3,0,Net Banking,1,Smart TV,East India,3,0
OTT01106,57,Male,Premium,1,0,1,1,1,0,4,12.1,1.3,52,10,354.16,4,0,Credit Card,1,Laptop,East India,1,1
OTT01107,21,Male,Basic,0,0,1,0,0,0,1,33.5,2.1,35,44,365.92,3,2,Credit Card,1,Tablet,South India,2,0
OTT01108,19,Female,Mobile,0,1,0,1,0,1,3,33.0,0.4,50,42,1176.54,4,0,Debit Card,1,Smart TV,East India,1,0
OTT01109,24,Female,Standard,1,1,1,1,1,1,6,19.3,4.1,20,10,946.72,4,4,Credit Card,1,Mobile,North India,1,0
OTT01110,51,Female,Basic,1,0,0,0,0,1,2,23.8,2.0,8,15,1030.51,4,1,Credit Card,1,Smart TV,Central India,5,0
OTT01111,42,Female,Basic,0,0,0,0,1,1,2,23.5,2.3,6,28,440.43,1,2,UPI,0,Smart TV,East India,2,0
OTT01112,57,Female,Standard,1,0,1,1,0,0,3,31.7,0.3,53,15,220.52,3,0,Debit Card,1,Smart TV,South India,2,0
OTT01113,26,Female,Premium,1,1,0,0,1,0,3,14.9,1.0,53,34,934.66,3,1,Credit Card,1,Smart TV,North India,3,1
OTT01114,34,Female,Standard,0,1,1,1,1,1,5,89.0,1.5,59,12,99.0,2,1,UPI,1,Laptop,South India,1,1
OTT01115,41,Male,Mobile,1,1,1,1,1,1,6,10.3,0.6,31,46,672.65,5,1,UPI,1,Fire TV,East India,2,0
OTT01116,21,Male,Basic,1,0,0,0,0,0,1,15.0,5.2,43,14,819.13,1,2,UPI,1,Tablet,South India,5,0
OTT01117,57,Male,Standard,0,0,0,0,1,1,2,29.1,3.3,12,5,336.38,3,0,UPI,1,Smart TV,Central India,3,0
OTT01118,52,Other,Basic,1,1,1,1,0,0,4,62.0,1.6,28,24,1072.71,2,1,UPI,0,Fire TV,North India,5,1
OTT01119,24,Female,Standard,1,0,0,0,1,0,2,18.4,2.5,27,14,570.25,4,0,Net Banking,1,Smart TV,West India,4,0
OTT01120,54,Female,Basic,1,1,1,1,1,0,5,13.6,1.2,13,18,741.43,5,0,Debit Card,0,Smart TV,North India,4,0
OTT01121,37,Male,Premium,1,0,1,0,1,1,4,21.7,2.9,9,25,799.21,4,1,UPI,1,Laptop,East India,4,0
OTT01122,32,Female,Basic,0,0,0,0,1,0,1,37.5,1.3,54,13,703.14,3,0,Wallet,1,Laptop,South India,5,0
OTT01123,58,Male,Premium,1,1,0,1,0,1,4,38.6,4.0,23,6,492.58,1,0,Debit Card,1,Fire TV,North India,1,0
OTT01124,40,Male,Basic,0,0,0,0,1,1,2,34.9,0.9,21,38,422.81,3,1,Credit Card,1,Smart TV,West India,4,0
OTT01125,27,Female,Standard,1,0,0,0,1,1,3,65.8,0.5,30,39,756.68,2,0,Wallet,1,Tablet,West India,2,0
OTT01126,52,Female,Basic,1,0,1,0,1,0,3,38.7,1.4,14,48,825.7,5,1,UPI,1,Tablet,West India,4,0
OTT01127,48,Female,Standard,1,1,0,0,1,0,3,43.1,0.8,8,32,923.83,4,1,Credit Card,1,Fire TV,South India,1,0
OTT01128,26,Male,Basic,1,0,1,1,1,0,4,45.5,2.0,35,26,608.49,4,1,Debit Card,0,Tablet,North India,4,0
OTT01129,47,Male,Mobile,0,0,1,1,1,1,4,12.6,0.7,53,8,672.29,2,1,Wallet,1,Smart TV,Central India,3,0
OTT01130,45,Male,Basic,1,1,1,1,1,1,6,23.3,5.2,55,1,402.87,3,1,Credit Card,1,Mobile,South India,3,0
OTT01131,29,Male,Mobile,1,1,1,1,1,1,6,15.2,0.5,12,5,936.31,2,0,Credit Card,1,Smart TV,North India,3,1
OTT01132,36,Female,Premium,1,1,1,0,0,0,3,16.1,2.0,53,36,412.95,5,3,Credit Card,1,Mobile,South India,4,0
OTT01133,54,Male,Standard,0,0,0,1,0,0,1,20.5,1.1,21,29,815.1,4,2,Credit Card,1,Smart TV,East India,1,0
OTT01134,25,Male,Standard,1,1,0,1,1,0,4,31.3,3.6,49,50,933.88,2,1,Credit Card,1,Mobile,South India,5,0
OTT01135,49,Male,Basic,1,1,1,1,1,1,6,60.4,1.2,19,55,929.16,4,2,UPI,1,Tablet,North India,2,0
OTT01136,53,Female,Basic,0,0,0,0,1,1,2,36.6,1.2,18,37,268.72,5,1,Credit Card,0,Smart TV,West India,3,0
OTT01137,58,Female,Basic,0,1,0,1,0,1,3,32.9,1.1,26,13,217.64,3,2,Credit Card,1,Smart TV,South India,1,0
OTT01138,31,Male,Basic,0,1,1,0,1,0,3,20.7,2.1,46,51,392.68,5,2,Debit Card,1,Mobile,North India,1,0
OTT01139,29,Male,Standard,0,0,0,0,0,1,1,63.8,1.1,25,51,353.72,5,5,Debit Card,1,Mobile,North India,3,0
OTT01140,58,Female,Standard,1,0,1,0,1,1,4,9.8,1.0,54,1,1241.31,3,0,Wallet,0,Fire TV,West India,5,0
OTT01141,37,Female,Basic,0,0,1,1,0,0,2,39.3,0.5,54,47,753.63,2,1,UPI,1,Mobile,North India,2,1
OTT01142,42,Male,Mobile,1,1,0,1,1,0,4,6.1,0.8,51,14,295.65,2,0,UPI,0,Mobile,East India,1,0
OTT01143,40,Male,Mobile,1,1,0,1,1,0,4,27.8,2.5,12,16,371.3,4,2,Debit Card,1,Smart TV,South India,2,0
OTT01144,40,Other,Basic,0,1,1,1,0,1,4,45.8,0.9,37,40,1088.22,1,2,UPI,0,Smart TV,West India,3,0
OTT01145,44,Female,Mobile,0,0,0,1,1,1,3,26.0,1.7,16,27,1012.49,5,4,Debit Card,1,Smart TV,South India,1,0
OTT01146,36,Male,Basic,0,0,0,1,1,0,2,52.8,0.3,34,23,279.19,2,0,Credit Card,1,Tablet,East India,4,0
OTT01147,34,Male,Mobile,1,0,0,1,1,1,4,13.9,2.4,5,26,867.0,3,0,UPI,0,Smart TV,East India,1,0
OTT01148,35,Male,Mobile,0,1,1,1,1,0,4,3.3,6.0,51,12,561.84,2,1,Debit Card,1,Laptop,West India,2,0
OTT01149,46,Male,Standard,1,1,0,1,0,0,3,10.3,0.6,20,14,592.96,5,1,Credit Card,1,Mobile,North India,5,0
OTT01150,53,Male,Premium,1,1,1,1,1,0,5,21.1,0.7,31,55,270.63,2,3,UPI,0,Smart TV,Central India,4,0
OTT01151,41,Male,Basic,0,1,0,0,1,0,2,31.4,1.2,19,53,539.68,3,1,UPI,0,Smart TV,West India,5,0
OTT01152,47,Male,Basic,1,1,1,1,1,0,5,17.0,0.3,14,25,360.01,3,1,Credit Card,1,Smart TV,West India,3,0
OTT01153,35,Male,Basic,0,0,0,1,0,0,1,27.9,0.6,15,56,1004.31,4,1,Net Banking,1,Mobile,East India,4,0
OTT01154,51,Male,Standard,0,0,1,0,0,1,2,35.1,2.3,27,51,378.79,5,1,Net Banking,0,Mobile,North India,3,1
OTT01155,34,Male,Standard,0,1,1,0,0,1,3,14.5,1.5,46,58,974.47,5,0,UPI,1,Smart TV,North India,4,0
OTT01156,36,Female,Standard,0,0,0,1,0,0,1,14.8,1.5,51,58,541.43,2,2,Credit Card,1,Smart TV,South India,2,0
OTT01157,20,Male,Standard,0,0,0,0,0,1,1,8.9,0.3,15,42,111.91,3,1,UPI,0,Smart TV,West India,3,0
OTT01158,29,Female,Premium,0,0,0,1,0,0,1,52.8,0.5,1,2,464.86,2,0,UPI,1,Tablet,West India,4,0
OTT01159,49,Female,Mobile,0,0,1,1,0,1,3,53.5,1.0,11,50,293.72,5,1,Credit Card,1,Fire TV,Central India,3,0
OTT01160,21,Female,Mobile,1,1,1,1,0,0,4,27.8,3.3,25,57,771.12,2,1,UPI,1,Smart TV,East India,3,0
OTT01161,27,Male,Basic,0,1,0,0,0,0,1,11.0,1.0,36,60,306.73,3,0,Wallet,1,Laptop,South India,2,0
OTT01162,51,Male,Standard,1,0,1,1,1,0,4,58.7,1.7,52,44,507.12,1,1,Credit Card,1,Smart TV,East India,4,0
OTT01163,55,Female,Mobile,1,1,1,0,0,1,4,14.8,0.9,27,60,722.35,1,0,Debit Card,1,Smart TV,North India,2,0
OTT01164,35,Male,Premium,1,0,0,0,0,1,2,9.2,1.4,33,47,294.84,1,0,UPI,1,Smart TV,North India,2,1
OTT01165,35,Male,Standard,0,0,0,0,1,1,2,14.6,4.3,24,18,1019.64,3,0,Debit Card,1,Laptop,South India,4,0
OTT01166,39,Male,Premium,1,1,0,1,1,1,5,13.4,1.9,24,12,687.08,2,0,Net Banking,1,Smart TV,South India,5,0
OTT01167,51,Female,Premium,1,0,0,1,1,1,4,11.4,1.2,45,35,654.4,3,0,Credit Card,1,Tablet,South India,2,0
OTT01168,38,Female,Standard,1,0,1,0,1,0,3,16.9,2.2,43,11,207.89,5,0,Debit Card,1,Tablet,North India,2,0
OTT01169,25,Male,Premium,1,0,1,0,1,1,4,26.5,2.2,43,41,483.96,3,0,Debit Card,0,Tablet,West India,3,0
OTT01170,36,Female,Standard,0,0,0,0,0,1,1,39.0,2.0,37,29,551.83,4,0,Credit Card,1,Tablet,Central India,4,0
OTT01171,28,Female,Basic,0,1,1,1,0,0,3,22.0,1.0,48,33,284.33,3,0,Debit Card,0,Mobile,North India,3,0
OTT01172,47,Male,Standard,1,1,0,1,1,0,4,22.1,0.4,34,10,869.46,4,0,Credit Card,0,Smart TV,South India,5,0
OTT01173,24,Male,Premium,0,1,1,0,0,0,2,21.6,1.3,58,20,635.95,3,2,Debit Card,1,Fire TV,East India,5,0
OTT01174,44,Male,Standard,0,1,0,1,1,1,4,9.2,0.6,14,44,383.71,1,1,UPI,1,Smart TV,South India,5,0
OTT01175,23,Female,Standard,1,0,1,1,0,0,3,38.4,0.6,39,41,528.95,1,1,Credit Card,1,Laptop,South India,1,0
OTT01176,59,Female,Basic,1,1,0,1,0,1,4,46.0,1.7,56,55,634.89,5,2,Credit Card,0,Smart TV,North India,3,0
OTT01177,45,Female,Premium,0,1,0,1,1,0,3,57.2,1.4,11,49,1182.09,1,1,Credit Card,1,Laptop,North India,3,0
OTT01178,23,Female,Basic,1,0,1,0,1,0,3,20.0,2.2,5,58,735.46,5,6,UPI,1,Tablet,Central India,1,0
OTT01179,59,Male,Standard,1,0,1,0,0,0,2,55.2,2.0,1,14,396.49,2,1,Credit Card,1,Mobile,South India,5,0
OTT01180,42,Female,Standard,1,0,0,0,0,1,2,41.2,2.2,42,19,436.65,4,1,Net Banking,0,Laptop,West India,2,0
OTT01181,44,Female,Standard,1,1,0,1,0,1,4,11.8,5.4,2,31,509.02,5,0,UPI,1,Mobile,West India,2,0
OTT01182,20,Female,Mobile,0,0,0,0,0,1,1,14.9,1.0,40,32,783.75,5,2,Net Banking,1,Laptop,South India,3,0
OTT01183,26,Male,Standard,0,0,0,1,0,0,1,26.8,1.9,30,30,732.42,1,1,Debit Card,1,Mobile,North India,5,0
OTT01184,52,Male,Basic,1,0,0,0,1,0,2,22.1,1.6,7,12,754.32,4,2,UPI,1,Mobile,East India,5,0
OTT01185,38,Male,Basic,0,0,1,0,1,0,2,10.4,0.3,19,15,594.0,2,1,Debit Card,1,Mobile,East India,2,1
OTT01186,44,Male,Mobile,0,1,1,1,0,1,4,26.7,1.3,6,21,185.47,1,0,UPI,0,Smart TV,South India,1,0
OTT01187,60,Female,Standard,1,1,0,0,0,1,3,27.1,0.6,19,57,772.69,3,0,UPI,1,Laptop,South India,5,0
OTT01188,36,Female,Mobile,1,1,1,1,1,1,6,40.9,2.5,20,17,403.96,3,2,Debit Card,1,Fire TV,North India,1,0
OTT01189,34,Female,Basic,1,0,1,0,0,0,2,17.9,1.0,49,35,771.87,5,2,Debit Card,0,Mobile,South India,3,1
OTT01190,52,Male,Premium,1,1,1,0,0,1,4,15.2,0.8,4,31,275.43,2,0,Credit Card,1,Mobile,North India,4,0
OTT01191,20,Male,Basic,1,0,0,1,0,1,3,8.8,3.2,39,25,616.87,5,0,Debit Card,1,Smart TV,East India,5,0
OTT01192,37,Male,Premium,1,0,1,0,1,0,3,29.7,1.8,58,16,827.84,2,1,Credit Card,0,Mobile,South India,1,0
OTT01193,54,Other,Standard,1,1,1,0,1,1,5,27.6,2.1,16,31,1177.49,3,2,Debit Card,1,Mobile,North India,2,0
OTT01194,27,Female,Mobile,1,1,1,1,1,1,6,61.5,1.7,52,2,471.77,4,2,UPI,0,Fire TV,West India,1,0
OTT01195,31,Male,Standard,1,1,1,1,0,1,5,39.4,0.6,49,56,1029.48,2,4,Credit Card,1,Laptop,South India,2,0
OTT01196,38,Female,Basic,0,0,0,1,0,1,2,18.0,0.4,57,16,912.44,4,0,Net Banking,1,Mobile,South India,2,0
OTT01197,21,Female,Premium,1,0,1,0,0,0,2,25.6,2.1,18,48,523.39,3,1,UPI,1,Mobile,East India,5,1
OTT01198,21,Male,Basic,0,0,1,1,1,1,4,10.2,3.0,60,9,627.81,3,1,Wallet,1,Mobile,North India,1,0
OTT01199,28,Male,Premium,0,0,1,1,0,0,2,19.9,1.2,50,48,472.23,2,2,UPI,1,Smart TV,South India,5,0
OTT01200,56,Male,Standard,0,1,1,1,0,1,4,28.3,3.0,13,3,421.79,5,3,UPI,0,Smart TV,South India,3,0
OTT01201,27,Male,Premium,1,0,0,1,1,0,3,63.1,1.2,47,25,218.99,5,1,Debit Card,1,Mobile,South India,5,1
OTT01202,49,Female,Basic,1,0,1,1,0,0,3,13.3,1.0,46,29,348.9,2,1,Wallet,1,Mobile,South India,3,0
OTT01203,36,Male,Standard,1,1,0,1,0,1,4,51.8,1.6,5,58,99.0,5,1,UPI,1,Smart TV,West India,3,0
OTT01204,50,Female,Mobile,1,1,1,1,0,0,4,29.5,0.7,27,39,665.98,5,1,Credit Card,1,Laptop,North India,3,0
OTT01205,32,Female,Standard,0,0,0,0,1,0,1,38.8,2.3,53,39,1052.74,3,1,UPI,1,Smart TV,South India,4,0
OTT01206,55,Female,Basic,0,0,0,0,1,0,1,25.1,3.1,2,55,699.93,4,1,UPI,1,Laptop,North India,3,0
OTT01207,33,Female,Basic,0,1,1,0,0,1,3,16.1,0.6,59,53,646.2,3,1,Credit Card,1,Mobile,North India,3,1
OTT01208,52,Male,Standard,0,1,1,0,1,0,3,50.3,1.0,31,13,462.3,1,2,Net Banking,1,Smart TV,North India,2,1
OTT01209,53,Female,Basic,0,0,0,1,1,0,2,19.0,3.1,21,24,1166.62,2,1,UPI,1,Tablet,West India,2,0
OTT01210,36,Male,Standard,1,1,0,0,0,1,3,37.6,0.8,5,5,926.16,3,1,UPI,1,Laptop,North India,5,0
OTT01211,46,Female,Standard,0,1,1,1,0,1,4,10.9,0.8,37,46,279.67,2,1,Debit Card,0,Fire TV,East India,4,0
OTT01212,23,Female,Mobile,0,1,1,1,0,1,4,12.8,3.9,60,44,1221.51,1,0,UPI,0,Smart TV,East India,3,0
OTT01213,39,Male,Standard,0,0,1,0,1,1,3,6.2,4.4,25,3,1065.5,1,0,UPI,1,Mobile,East India,2,0
OTT01214,34,Male,Basic,1,0,0,0,1,1,3,23.4,1.7,50,32,343.88,1,2,Credit Card,1,Laptop,West India,4,1
OTT01215,59,Female,Standard,0,1,1,0,0,0,2,29.5,1.6,19,52,858.31,4,1,UPI,1,Mobile,Central India,1,0
OTT01216,58,Female,Basic,1,1,1,0,0,0,3,25.6,4.5,50,55,587.19,4,0,Debit Card,0,Tablet,East India,4,0
OTT01217,51,Female,Basic,1,0,1,0,0,0,2,8.7,3.2,58,21,99.0,4,1,UPI,1,Smart TV,West India,2,0
OTT01218,58,Male,Standard,1,0,1,0,1,0,3,12.9,4.6,4,29,383.8,5,1,UPI,1,Laptop,South India,1,0
OTT01219,59,Female,Premium,1,1,1,1,0,0,4,38.5,0.9,16,19,852.93,5,1,UPI,1,Mobile,West India,1,0
OTT01220,51,Female,Premium,0,0,1,0,0,0,1,17.7,1.1,0,53,817.64,4,4,Wallet,1,Laptop,East India,5,0
OTT01221,43,Male,Standard,0,0,0,0,1,0,1,26.4,0.3,46,18,1412.81,3,0,UPI,1,Mobile,North India,1,1
OTT01222,26,Female,Mobile,0,1,0,1,0,0,2,16.9,0.3,16,4,690.88,2,1,Wallet,1,Laptop,Central India,2,0
OTT01223,53,Female,Basic,1,1,0,1,1,1,5,36.0,0.4,58,49,133.18,5,1,UPI,1,Laptop,West India,2,0
OTT01224,26,Female,Basic,1,1,0,1,1,0,4,17.0,1.2,50,60,364.66,1,0,UPI,1,Mobile,East India,4,0
OTT01225,25,Male,Standard,1,1,0,0,0,0,2,22.2,0.7,8,10,513.49,2,2,Net Banking,1,Smart TV,Central India,3,1
OTT01226,55,Male,Mobile,1,1,1,1,0,1,5,44.2,1.7,35,25,554.84,3,1,Credit Card,1,Smart TV,North India,3,0
OTT01227,22,Other,Premium,0,1,0,0,1,1,3,25.9,0.9,27,46,544.55,2,2,UPI,1,Smart TV,East India,5,0
OTT01228,24,Female,Basic,0,1,0,0,1,1,3,14.0,3.6,39,53,726.14,1,0,UPI,1,Smart TV,East India,1,0
OTT01229,39,Male,Mobile,0,1,1,1,1,1,5,32.7,0.7,36,3,1054.39,5,1,Credit Card,1,Tablet,West India,3,1
OTT01230,43,Female,Premium,1,0,0,0,0,0,1,8.7,0.2,7,3,745.55,5,2,Net Banking,1,Smart TV,South India,5,0
OTT01231,19,Male,Basic,0,0,1,1,0,0,2,13.6,0.4,38,56,99.0,5,2,UPI,1,Fire TV,North India,3,0
OTT01232,34,Female,Mobile,0,1,1,1,0,0,3,9.2,3.3,28,12,736.43,2,0,Wallet,1,Laptop,West India,1,0
OTT01233,27,Male,Standard,0,1,0,0,1,0,2,36.5,0.7,19,3,128.47,4,5,Credit Card,1,Smart TV,North India,5,0
OTT01234,30,Male,Premium,1,1,0,1,1,0,4,31.3,2.4,28,36,448.71,5,1,Credit Card,1,Smart TV,North India,4,0
OTT01235,25,Other,Basic,0,0,1,0,1,0,2,34.3,1.7,56,19,1120.5,4,2,Credit Card,0,Laptop,West India,2,0
OTT01236,47,Male,Basic,1,0,0,0,0,0,1,28.6,3.0,59,1,99.0,1,0,Credit Card,0,Mobile,North India,5,1
OTT01237,38,Female,Basic,0,0,0,1,0,1,2,49.7,3.9,19,28,1178.4,2,1,Debit Card,1,Smart TV,North India,5,0
OTT01238,59,Female,Standard,0,1,0,1,0,1,3,28.2,1.8,47,34,776.27,1,1,Credit Card,1,Mobile,East India,4,0
OTT01239,18,Male,Basic,0,1,0,0,0,1,2,17.6,1.8,47,39,720.75,1,0,Debit Card,1,Mobile,West India,5,0
OTT01240,51,Female,Standard,0,0,0,1,0,1,2,14.3,0.1,8,17,249.17,1,4,UPI,1,Mobile,West India,3,0
OTT01241,57,Female,Basic,1,1,0,1,1,1,5,28.0,1.6,30,60,649.49,2,1,Wallet,1,Laptop,South India,2,0
OTT01242,38,Female,Premium,0,0,1,0,0,1,2,47.4,1.0,28,32,486.63,5,4,Debit Card,1,Smart TV,East India,2,0
OTT01243,48,Female,Standard,1,0,1,0,1,0,3,10.6,2.2,29,5,382.63,1,0,UPI,1,Mobile,South India,2,0
OTT01244,36,Male,Standard,0,0,0,0,1,0,1,33.8,2.4,47,45,589.64,3,2,Credit Card,1,Smart TV,North India,4,0
OTT01245,43,Male,Standard,0,0,0,0,1,1,2,22.2,0.5,58,24,1284.74,4,1,UPI,1,Mobile,West India,4,0
OTT01246,57,Male,Basic,1,0,1,0,0,0,2,43.4,1.3,47,38,845.5,4,3,UPI,1,Smart TV,North India,2,0
OTT01247,40,Female,Basic,0,1,0,0,1,1,3,7.8,3.4,5,41,563.47,4,2,Debit Card,0,Laptop,North India,4,0
OTT01248,42,Male,Standard,0,0,0,1,1,0,2,61.6,2.4,27,45,729.7,1,2,Net Banking,0,Smart TV,South India,2,0
OTT01249,60,Male,Basic,1,1,1,0,1,1,5,22.0,1.9,58,11,504.94,2,1,UPI,1,Fire TV,East India,2,0
OTT01250,39,Female,Mobile,1,1,1,0,1,1,5,6.8,2.1,50,21,822.98,1,2,UPI,0,Smart TV,North India,3,1
OTT01251,25,Male,Basic,0,0,0,0,0,1,1,10.5,0.1,54,59,281.13,3,0,Credit Card,1,Laptop,South India,3,0
OTT01252,47,Female,Mobile,0,0,0,1,0,0,1,66.5,1.5,29,43,865.13,2,0,Wallet,1,Mobile,West India,2,0
OTT01253,47,Male,Basic,0,0,0,1,0,0,1,33.7,0.9,48,3,197.43,1,2,Wallet,1,Laptop,East India,3,1
OTT01254,28,Male,Standard,0,1,0,0,1,1,3,20.5,3.8,2,33,545.27,1,3,Credit Card,1,Tablet,North India,4,0
OTT01255,49,Male,Standard,0,0,0,0,1,1,2,74.9,5.4,27,47,936.14,1,1,UPI,1,Mobile,South India,3,0
OTT01256,20,Male,Basic,1,1,1,1,1,0,5,27.5,0.9,49,31,1134.34,1,0,Credit Card,0,Smart TV,West India,4,0
OTT01257,31,Female,Standard,0,0,1,1,1,1,4,41.9,4.2,30,45,99.0,1,1,Debit Card,1,Smart TV,North India,4,0
OTT01258,54,Male,Mobile,1,1,0,1,1,0,4,12.8,2.3,60,38,293.85,1,1,UPI,1,Mobile,East India,3,0
OTT01259,44,Female,Premium,0,1,1,1,0,0,3,20.0,0.1,2,50,631.25,1,0,Wallet,0,Mobile,East India,2,0
OTT01260,44,Female,Standard,1,1,1,1,1,1,6,27.3,3.5,16,31,830.14,3,0,UPI,1,Tablet,North India,4,0
OTT01261,44,Male,Basic,0,0,1,0,0,0,1,18.5,3.0,26,58,457.68,1,2,Credit Card,1,Tablet,South India,2,0
OTT01262,25,Female,Standard,0,0,1,1,1,0,3,63.4,1.5,40,27,621.53,3,3,Net Banking,1,Mobile,South India,4,0
OTT01263,59,Female,Basic,0,0,1,0,1,0,2,49.4,2.3,17,40,639.39,2,2,Wallet,1,Smart TV,East India,4,0
OTT01264,30,Male,Basic,1,1,0,1,1,1,5,33.1,2.5,24,19,610.78,3,0,UPI,0,Mobile,South India,5,0
OTT01265,51,Female,Basic,0,1,1,0,0,1,3,10.4,3.8,32,48,625.79,4,0,Debit Card,1,Laptop,West India,2,0
OTT01266,60,Male,Premium,1,0,1,1,1,0,4,21.4,3.9,24,37,645.03,4,2,UPI,1,Fire TV,North India,2,0
OTT01267,28,Female,Premium,0,1,0,0,0,1,2,14.6,1.1,32,8,1099.01,2,2,Wallet,1,Mobile,North India,1,1
OTT01268,45,Male,Standard,1,1,1,1,1,1,6,33.6,0.8,55,18,585.39,2,2,Credit Card,1,Tablet,West India,5,1
OTT01269,19,Female,Premium,1,0,0,1,1,0,3,18.5,0.9,35,36,998.94,2,0,Wallet,1,Mobile,North India,3,0
OTT01270,45,Female,Mobile,1,0,0,1,1,0,3,6.8,0.8,58,1,631.97,3,0,UPI,1,Tablet,South India,1,0
OTT01271,36,Female,Standard,1,1,1,1,1,1,6,30.4,1.1,23,56,448.27,3,2,Debit Card,1,Tablet,East India,5,0
OTT01272,21,Other,Basic,0,1,0,1,0,1,3,17.8,1.1,6,4,571.3,5,0,UPI,0,Smart TV,South India,1,0
OTT01273,46,Male,Basic,1,0,0,1,1,0,3,53.4,0.7,45,7,164.09,2,0,Debit Card,0,Mobile,North India,1,0
OTT01274,59,Female,Premium,0,0,1,1,0,1,3,11.6,1.3,44,53,341.23,4,0,Wallet,1,Smart TV,West India,1,0
OTT01275,21,Male,Premium,1,0,1,0,0,0,2,15.2,3.5,11,12,441.55,4,3,Credit Card,1,Laptop,North India,5,0
OTT01276,56,Male,Premium,0,1,0,1,0,0,2,20.7,1.5,10,51,684.35,5,2,Wallet,1,Smart TV,North India,5,0
OTT01277,54,Male,Standard,0,1,0,1,0,0,2,31.4,0.5,6,21,1107.77,3,0,Net Banking,1,Smart TV,Central India,4,0
OTT01278,41,Female,Basic,0,0,1,0,0,0,1,44.2,0.9,32,58,548.03,5,0,Credit Card,1,Smart TV,South India,4,0
OTT01279,56,Female,Standard,1,1,0,1,1,1,5,20.0,4.5,21,18,356.81,4,2,Wallet,1,Fire TV,South India,3,0
OTT01280,31,Male,Mobile,1,1,0,1,0,0,3,27.8,3.4,48,27,884.69,2,0,Credit Card,0,Mobile,North India,1,0
OTT01281,48,Other,Premium,1,0,1,0,0,0,2,8.3,0.7,56,54,701.33,4,2,Debit Card,1,Mobile,West India,3,0
OTT01282,48,Female,Mobile,1,0,0,1,1,0,3,15.3,3.9,13,17,974.68,2,1,Wallet,1,Mobile,East India,5,1
OTT01283,42,Male,Standard,0,1,0,1,1,0,3,18.8,2.6,28,17,922.08,4,0,Debit Card,1,Laptop,Central India,3,0
OTT01284,53,Male,Standard,1,0,0,0,1,1,3,20.7,4.3,19,60,807.67,2,0,UPI,1,Mobile,Central India,3,0
OTT01285,55,Female,Mobile,1,1,0,1,1,1,5,35.8,0.3,11,10,749.45,2,3,UPI,0,Mobile,Central India,1,0
OTT01286,51,Female,Mobile,1,1,0,1,1,1,5,68.6,0.9,57,37,922.74,3,0,UPI,1,Mobile,North India,2,0
OTT01287,43,Male,Basic,0,1,0,1,0,1,3,15.9,2.7,44,23,902.66,2,1,UPI,1,Mobile,South India,5,1
OTT01288,60,Female,Basic,1,0,0,0,1,0,2,33.5,2.0,25,55,915.09,5,0,Debit Card,1,Smart TV,South India,2,0
OTT01289,41,Male,Premium,0,0,1,0,1,1,3,49.2,4.0,8,32,909.27,4,1,Wallet,1,Smart TV,Central India,4,0
OTT01290,45,Female,Basic,0,1,1,1,0,0,3,47.8,3.0,4,22,630.54,5,2,UPI,0,Mobile,East India,4,0
OTT01291,26,Male,Basic,0,0,0,1,1,1,3,13.3,0.3,41,21,423.28,4,1,Net Banking,1,Smart TV,North India,5,0
OTT01292,31,Male,Basic,0,0,1,1,1,1,4,46.3,2.3,25,47,657.71,3,0,UPI,0,Laptop,Central India,5,0
OTT01293,56,Male,Mobile,1,0,1,0,0,1,3,10.8,3.1,1,7,536.99,1,0,Credit Card,1,Smart TV,North India,4,0
OTT01294,39,Female,Basic,1,0,0,0,0,1,2,10.6,0.6,27,47,390.64,3,0,Credit Card,1,Laptop,West India,5,0
OTT01295,39,Male,Premium,0,1,0,0,0,1,2,25.5,1.7,24,6,1097.34,3,0,Wallet,1,Laptop,East India,5,0
OTT01296,53,Male,Standard,1,0,0,0,1,1,3,18.7,0.7,47,40,646.82,5,0,UPI,1,Tablet,North India,1,0
OTT01297,32,Male,Premium,0,0,1,0,0,0,1,55.9,2.0,32,23,355.82,1,2,Credit Card,0,Mobile,West India,3,1
OTT01298,29,Female,Basic,0,0,0,1,0,1,2,6.6,1.3,21,15,1024.9,3,4,UPI,1,Smart TV,Central India,5,1
OTT01299,18,Male,Basic,1,1,0,0,1,1,4,25.7,1.5,2,16,682.1,2,0,Credit Card,1,Laptop,East India,2,0
OTT01300,27,Male,Mobile,1,1,0,0,0,1,3,42.4,3.1,7,50,928.56,2,1,Credit Card,1,Tablet,East India,5,0
OTT01301,40,Male,Standard,1,0,1,0,0,0,2,6.2,1.1,36,53,546.72,3,3,UPI,1,Smart TV,Central India,2,1
OTT01302,49,Female,Mobile,0,0,0,1,1,1,3,19.5,1.2,47,29,816.52,1,0,UPI,0,Mobile,East India,1,1
OTT01303,32,Male,Mobile,0,1,1,1,0,1,4,41.7,1.2,12,1,828.98,3,2,Credit Card,0,Smart TV,South India,4,0
OTT01304,37,Male,Standard,1,1,0,0,0,0,2,24.2,1.8,22,46,679.26,3,1,Debit Card,0,Smart TV,South India,5,0
OTT01305,27,Female,Mobile,1,0,1,0,1,1,4,24.2,1.1,5,8,474.16,3,1,Credit Card,1,Laptop,South India,1,0
OTT01306,53,Female,Standard,1,1,1,1,0,1,5,44.3,0.8,1,33,762.15,1,1,Debit Card,1,Laptop,South India,5,0
OTT01307,40,Female,Standard,1,1,0,0,0,1,3,32.1,2.7,43,53,817.96,5,1,Debit Card,0,Laptop,South India,4,0
OTT01308,24,Male,Standard,0,1,0,1,1,1,4,15.5,1.2,50,7,313.5,1,2,Net Banking,1,Tablet,North India,5,0
OTT01309,44,Female,Basic,0,0,0,0,1,0,1,61.4,1.4,48,21,1327.99,3,1,Credit Card,1,Smart TV,North India,5,0
OTT01310,32,Female,Standard,1,0,1,1,1,1,5,22.0,2.4,58,27,1106.14,1,2,Credit Card,0,Laptop,North India,3,0
OTT01311,55,Female,Basic,0,1,0,1,1,0,3,10.3,1.0,41,11,690.97,5,3,Net Banking,1,Smart TV,North India,4,1
OTT01312,29,Female,Mobile,1,1,1,1,0,1,5,25.0,0.5,58,23,888.86,3,0,UPI,0,Laptop,South India,2,0
OTT01313,55,Female,Basic,1,1,1,0,0,0,3,23.2,3.8,17,22,645.11,4,0,Debit Card,0,Laptop,South India,5,0
OTT01314,48,Female,Mobile,0,0,0,0,1,0,1,31.4,2.0,37,56,472.99,3,0,Wallet,1,Smart TV,West India,1,1
OTT01315,23,Male,Basic,1,0,0,0,0,0,1,34.6,1.5,18,4,916.15,4,2,UPI,1,Laptop,South India,5,0
OTT01316,50,Other,Standard,1,1,1,1,0,0,4,8.6,1.6,16,51,421.55,5,0,UPI,1,Smart TV,South India,1,0
OTT01317,48,Female,Standard,0,1,1,0,1,0,3,20.9,4.3,17,51,753.87,2,1,Credit Card,1,Fire TV,South India,3,1
OTT01318,37,Female,Basic,0,0,0,0,0,1,1,32.2,2.4,52,20,465.43,4,0,Debit Card,0,Laptop,East India,5,0
OTT01319,24,Male,Mobile,1,1,1,0,0,1,4,24.5,0.1,45,50,415.32,2,1,Credit Card,1,Mobile,North India,3,0
OTT01320,38,Male,Basic,1,1,1,0,1,1,5,17.7,1.5,10,37,691.05,1,0,UPI,1,Laptop,West India,4,0
OTT01321,44,Female,Premium,0,1,1,1,0,0,3,37.9,1.6,31,57,941.98,3,2,Credit Card,1,Laptop,Central India,2,0
OTT01322,23,Female,Basic,0,1,1,0,1,0,3,37.8,1.5,45,27,723.26,3,1,UPI,0,Mobile,South India,3,0
OTT01323,32,Male,Basic,0,0,0,0,1,0,1,0.9,0.2,46,17,667.89,2,1,UPI,0,Smart TV,East India,5,1
OTT01324,48,Female,Mobile,1,1,1,1,0,0,4,27.9,0.6,53,40,147.36,3,0,UPI,1,Laptop,West India,1,1
OTT01325,41,Male,Standard,1,1,0,0,0,0,2,31.3,0.3,43,27,593.94,2,2,Net Banking,1,Fire TV,East India,1,0
OTT01326,60,Female,Basic,1,1,1,0,1,1,5,21.0,4.8,56,27,255.04,5,0,Debit Card,0,Smart TV,Central India,2,1
OTT01327,27,Female,Mobile,1,1,0,1,0,0,3,26.5,1.5,46,12,666.19,4,2,UPI,0,Mobile,South India,5,0
OTT01328,51,Female,Basic,0,1,1,0,0,1,3,22.0,1.7,34,25,648.53,5,1,Credit Card,1,Smart TV,South India,4,0
OTT01329,36,Male,Standard,0,1,1,0,0,0,2,30.7,1.3,8,30,633.72,3,1,UPI,1,Mobile,South India,5,0
OTT01330,27,Male,Basic,0,1,1,0,0,0,2,18.0,0.4,58,47,641.32,3,3,Credit Card,1,Mobile,West India,5,0
OTT01331,58,Male,Premium,1,0,0,1,1,1,4,18.4,0.7,29,53,790.66,3,2,UPI,0,Laptop,East India,4,0
OTT01332,44,Female,Premium,0,0,1,0,1,1,3,22.1,0.8,2,57,808.62,2,1,UPI,1,Mobile,South India,3,0
OTT01333,41,Female,Standard,1,0,0,0,1,1,3,31.1,4.8,28,15,744.64,4,1,Wallet,0,Mobile,West India,1,0
OTT01334,30,Female,Premium,1,1,1,1,1,1,6,33.4,1.3,2,3,921.4,3,1,UPI,1,Mobile,West India,3,0
OTT01335,55,Female,Standard,1,1,1,1,1,1,6,51.6,1.0,15,20,99.0,2,2,Wallet,1,Fire TV,North India,1,0
OTT01336,19,Male,Basic,1,0,1,1,1,1,5,11.2,3.0,46,2,369.3,2,0,UPI,1,Laptop,South India,2,0
OTT01337,22,Male,Standard,0,0,1,0,0,1,2,5.4,1.2,47,57,773.35,4,1,Wallet,1,Mobile,Central India,4,0
OTT01338,25,Female,Standard,0,0,1,1,1,0,3,37.8,0.5,60,32,651.61,2,0,UPI,1,Fire TV,North India,1,0
OTT01339,46,Female,Standard,0,1,1,1,1,1,5,25.3,0.7,13,41,408.75,4,0,Credit Card,1,Fire TV,South India,5,0
OTT01340,22,Male,Standard,0,1,1,0,1,0,3,6.3,3.0,9,44,772.05,1,2,Wallet,1,Smart TV,South India,3,0
OTT01341,52,Female,Standard,0,1,0,0,0,0,1,21.8,1.0,17,9,855.81,4,1,UPI,1,Tablet,West India,4,0
OTT01342,26,Female,Premium,0,1,1,1,0,1,4,44.0,1.9,22,55,438.01,4,0,UPI,1,Fire TV,North India,3,0
OTT01343,47,Male,Basic,0,1,0,1,1,0,3,18.0,1.3,15,56,469.45,4,1,Credit Card,0,Tablet,East India,1,0
OTT01344,52,Male,Standard,0,0,1,1,0,1,3,27.7,2.5,60,18,191.89,4,1,Credit Card,1,Tablet,North India,4,0
OTT01345,55,Female,Standard,1,1,1,1,1,1,6,15.6,1.2,48,35,622.16,3,2,UPI,1,Fire TV,East India,3,0
OTT01346,30,Male,Premium,1,0,1,0,1,0,3,12.1,0.8,53,29,637.23,2,1,UPI,1,Smart TV,North India,1,0
OTT01347,21,Male,Basic,1,1,1,0,0,0,3,40.3,0.7,39,16,353.29,3,0,Wallet,1,Mobile,West India,2,0
OTT01348,50,Female,Basic,1,0,1,0,1,0,3,16.7,2.7,25,50,503.97,1,4,Wallet,1,Laptop,West India,5,0
OTT01349,37,Other,Basic,0,1,0,1,0,1,3,20.4,1.0,16,47,635.64,4,1,UPI,1,Smart TV,North India,4,0
OTT01350,58,Male,Mobile,0,1,0,0,0,0,1,25.0,1.8,54,21,907.4,4,0,Net Banking,1,Smart TV,West India,1,0
OTT01351,26,Male,Mobile,0,1,0,1,1,1,4,15.4,3.3,8,53,542.5,4,0,UPI,0,Smart TV,East India,3,0
OTT01352,42,Female,Basic,1,0,1,0,1,1,4,84.4,1.5,27,4,396.96,2,0,UPI,0,Mobile,South India,5,0
OTT01353,23,Male,Mobile,0,1,1,0,0,0,2,37.4,2.0,4,17,1064.76,5,1,Debit Card,1,Laptop,South India,5,0
OTT01354,38,Female,Premium,0,0,0,0,1,1,2,9.5,1.0,20,51,844.12,1,0,Credit Card,1,Fire TV,South India,3,0
OTT01355,18,Female,Basic,1,1,0,1,1,1,5,5.5,1.2,56,32,286.17,4,0,UPI,1,Smart TV,Central India,1,0
OTT01356,50,Male,Basic,1,0,0,0,0,0,1,42.2,3.4,35,17,849.72,3,2,UPI,1,Smart TV,North India,5,0
OTT01357,44,Female,Standard,0,1,0,1,0,1,3,28.2,2.5,5,40,503.01,2,0,Debit Card,0,Mobile,North India,4,0
OTT01358,22,Male,Basic,0,1,0,1,1,0,3,30.2,1.3,16,60,937.03,2,0,UPI,1,Smart TV,North India,4,0
OTT01359,39,Female,Standard,1,1,0,1,0,1,4,22.3,1.5,9,20,533.6,3,1,Wallet,1,Smart TV,North India,5,0
OTT01360,36,Female,Premium,0,1,0,0,1,0,2,20.2,1.3,40,16,147.12,2,2,UPI,1,Smart TV,East India,3,0
OTT01361,46,Male,Basic,1,1,1,0,0,1,4,42.3,2.3,26,9,490.28,4,1,UPI,1,Mobile,North India,2,0
OTT01362,39,Male,Basic,0,1,0,1,1,0,3,11.9,0.9,17,38,403.84,4,0,Credit Card,1,Smart TV,South India,5,0
OTT01363,37,Female,Basic,1,0,0,1,0,1,3,47.6,2.3,41,28,463.66,3,2,Credit Card,1,Smart TV,North India,3,0
OTT01364,53,Male,Basic,1,0,0,0,0,0,1,26.1,4.2,30,56,99.0,5,2,Debit Card,0,Laptop,East India,2,0
OTT01365,40,Male,Standard,1,0,0,1,0,1,3,9.0,1.7,42,9,616.69,3,0,Credit Card,1,Tablet,West India,1,0
OTT01366,53,Male,Basic,0,0,1,0,1,1,3,7.5,0.5,47,16,99.0,5,2,Credit Card,1,Mobile,North India,1,0
OTT01367,56,Male,Basic,0,1,0,1,0,0,2,15.7,1.4,10,50,614.46,3,0,UPI,1,Smart TV,South India,4,0
OTT01368,54,Female,Standard,0,0,1,0,1,0,2,17.4,4.0,52,26,99.0,3,2,UPI,1,Mobile,North India,1,0
OTT01369,59,Male,Mobile,1,0,0,0,0,1,2,7.7,1.5,5,28,342.95,5,1,Debit Card,0,Mobile,North India,4,0
OTT01370,48,Male,Mobile,1,0,0,1,0,0,2,32.2,0.6,2,26,803.52,1,0,Debit Card,0,Fire TV,Central India,2,0
OTT01371,42,Male,Standard,0,0,1,0,0,0,1,35.1,1.3,3,43,845.57,5,3,UPI,0,Tablet,South India,5,0
OTT01372,40,Female,Mobile,1,1,1,1,0,1,5,34.0,3.6,44,32,427.31,2,2,UPI,0,Fire TV,East India,5,0
OTT01373,26,Female,Standard,1,0,1,1,0,0,3,39.9,0.9,4,7,802.76,4,0,Credit Card,1,Laptop,North India,1,0
OTT01374,53,Female,Premium,1,0,1,1,1,0,4,18.3,3.6,54,23,138.53,3,0,Debit Card,0,Smart TV,North India,1,0
OTT01375,47,Female,Standard,1,1,1,1,1,1,6,29.5,1.3,44,40,923.21,3,0,Net Banking,1,Smart TV,West India,2,0
OTT01376,55,Female,Basic,0,0,0,0,1,0,1,39.7,6.1,44,32,979.69,3,1,UPI,0,Mobile,South India,3,1
OTT01377,48,Male,Basic,1,0,1,1,1,0,4,32.4,1.0,19,37,590.77,3,1,UPI,1,Mobile,North India,4,1
OTT01378,38,Male,Standard,1,0,1,1,1,1,5,27.9,0.8,14,38,526.45,1,1,Debit Card,0,Laptop,West India,3,0
OTT01379,30,Male,Standard,0,0,1,0,1,1,3,48.6,0.1,19,8,99.0,2,0,Net Banking,0,Smart TV,North India,3,0
OTT01380,60,Male,Premium,1,1,0,0,0,1,3,19.5,1.4,45,19,632.92,2,1,Wallet,1,Laptop,North India,4,0
OTT01381,49,Other,Standard,0,1,0,0,1,1,3,19.4,1.2,12,5,834.51,2,0,Debit Card,1,Tablet,East India,3,0
OTT01382,55,Male,Basic,0,0,0,0,0,1,1,26.1,4.0,49,38,751.39,5,1,Wallet,1,Laptop,Central India,5,0
OTT01383,43,Female,Basic,1,1,0,0,1,0,3,26.1,2.7,21,20,691.9,2,6,Credit Card,1,Smart TV,West India,5,0
OTT01384,39,Male,Premium,1,1,1,1,1,1,6,25.5,3.5,10,13,248.69,5,1,UPI,1,Laptop,East India,4,0
OTT01385,19,Male,Standard,1,1,1,1,1,1,6,8.2,3.0,24,43,686.3,1,1,UPI,1,Fire TV,North India,4,1
OTT01386,20,Male,Premium,0,0,0,0,1,0,1,42.7,1.5,55,16,408.42,2,1,Credit Card,1,Fire TV,West India,1,0
OTT01387,48,Male,Standard,1,1,0,1,1,0,4,29.4,10.0,18,11,1047.5,1,0,UPI,1,Smart TV,North India,4,0
OTT01388,27,Male,Premium,0,1,0,0,0,1,2,3.4,1.4,16,5,818.52,4,2,Credit Card,0,Mobile,West India,2,0
OTT01389,21,Female,Standard,1,1,1,1,0,1,5,6.0,2.0,44,19,724.51,1,0,Debit Card,1,Smart TV,West India,2,1
OTT01390,51,Female,Premium,1,0,0,0,0,0,1,48.4,4.8,57,52,661.2,2,1,UPI,0,Smart TV,South India,3,0
OTT01391,44,Female,Premium,1,0,1,1,1,1,5,17.2,2.8,13,16,384.13,1,1,Debit Card,1,Laptop,Central India,3,1
OTT01392,22,Female,Premium,1,0,1,0,1,1,4,25.0,1.7,30,26,421.26,1,2,Wallet,1,Laptop,East India,3,1
OTT01393,39,Male,Premium,0,0,1,0,0,0,1,12.4,2.2,47,30,1185.57,2,2,Credit Card,0,Smart TV,East India,1,0
OTT01394,38,Other,Standard,0,0,1,0,0,0,1,87.6,0.9,7,18,399.32,1,2,Credit Card,1,Fire TV,North India,5,0
OTT01395,18,Male,Standard,0,1,1,0,1,1,4,22.8,1.1,13,45,654.59,4,0,Wallet,0,Laptop,Central India,4,0
OTT01396,44,Male,Standard,1,0,0,1,0,0,2,17.7,2.0,43,41,677.84,5,1,Credit Card,0,Mobile,West India,2,0
OTT01397,35,Male,Standard,0,1,1,1,0,0,3,40.9,0.6,17,2,650.4,5,2,Debit Card,0,Smart TV,South India,4,0
OTT01398,55,Female,Standard,1,1,0,1,1,1,5,11.1,0.9,34,22,699.85,3,2,Wallet,1,Smart TV,North India,2,0
OTT01399,22,Female,Standard,0,1,1,0,1,0,3,44.1,0.3,28,49,1173.23,4,0,UPI,1,Smart TV,North India,2,0
OTT01400,54,Female,Basic,1,1,0,1,0,0,3,21.4,1.5,46,30,689.97,4,3,Debit Card,1,Mobile,West India,5,0
OTT01401,18,Female,Standard,1,1,0,1,0,0,3,36.3,1.7,29,7,788.88,1,3,UPI,1,Fire TV,West India,3,1
OTT01402,50,Male,Premium,0,1,0,0,0,0,1,28.2,3.1,18,23,564.61,5,1,Debit Card,1,Mobile,Central India,3,0
OTT01403,51,Female,Standard,1,1,1,1,1,1,6,20.6,0.8,17,23,595.33,4,0,UPI,1,Mobile,North India,1,0
OTT01404,35,Female,Basic,1,0,0,0,0,1,2,8.1,1.1,3,17,780.85,3,1,Credit Card,1,Smart TV,Central India,4,0
OTT01405,30,Female,Premium,1,0,0,1,0,0,2,26.0,2.6,7,15,1043.05,4,1,UPI,1,Smart TV,South India,1,0
OTT01406,24,Male,Standard,1,0,0,0,0,1,2,14.3,2.9,10,59,1010.79,1,2,Debit Card,0,Smart TV,Central India,1,0
OTT01407,32,Male,Basic,1,1,1,1,1,1,6,25.5,2.8,53,45,99.0,3,1,Net Banking,1,Smart TV,South India,2,0
OTT01408,46,Male,Standard,0,0,0,0,0,1,1,38.8,0.8,29,1,180.09,4,2,Credit Card,1,Smart TV,South India,3,0
OTT01409,49,Female,Standard,1,0,1,1,1,1,5,32.4,0.3,59,53,1231.23,3,1,Debit Card,1,Laptop,East India,2,0
OTT01410,25,Male,Standard,1,1,1,0,1,0,4,2.8,1.6,2,20,500.8,1,0,Debit Card,0,Smart TV,South India,4,0
OTT01411,18,Male,Basic,0,1,1,1,0,1,4,19.4,1.5,60,16,542.45,4,1,Credit Card,1,Laptop,North India,1,0
OTT01412,42,Female,Basic,1,1,1,1,1,1,6,16.0,1.7,40,40,487.12,3,1,Debit Card,1,Mobile,South India,4,0
OTT01413,42,Female,Premium,1,1,0,1,1,1,5,17.3,1.9,30,57,284.39,5,3,Wallet,1,Smart TV,Central India,4,0
OTT01414,60,Female,Premium,1,1,0,1,1,1,5,27.0,2.2,30,28,433.45,4,1,UPI,1,Tablet,West India,5,1
OTT01415,50,Female,Basic,1,0,0,0,1,0,2,17.9,2.2,58,56,497.95,2,2,Net Banking,1,Mobile,East India,3,1
OTT01416,41,Female,Premium,1,0,1,0,1,1,4,14.1,1.2,12,30,509.54,5,0,Credit Card,1,Mobile,East India,5,0
OTT01417,43,Male,Basic,1,1,0,1,0,0,3,9.9,1.3,20,31,375.79,4,1,Debit Card,1,Smart TV,East India,5,0
OTT01418,45,Female,Mobile,0,0,1,1,0,1,3,18.8,1.0,48,35,906.71,3,1,Wallet,1,Smart TV,West India,5,0
OTT01419,37,Male,Standard,1,1,1,0,1,1,5,37.2,2.6,0,57,624.18,3,1,UPI,1,Laptop,North India,4,0
OTT01420,47,Male,Mobile,1,1,1,1,1,1,6,38.2,0.6,39,46,691.38,3,1,Net Banking,1,Tablet,North India,1,0
OTT01421,26,Other,Mobile,1,0,1,1,1,0,4,28.5,4.6,37,40,675.32,2,1,Wallet,1,Mobile,Central India,2,1
OTT01422,53,Female,Premium,0,1,1,0,1,0,3,5.1,1.5,33,7,503.48,4,1,UPI,1,Tablet,Central India,2,0
OTT01423,55,Female,Standard,1,0,1,0,1,0,3,26.9,1.5,27,13,452.06,2,2,UPI,0,Laptop,North India,2,1
OTT01424,36,Male,Basic,0,1,0,1,0,1,3,51.6,1.3,44,4,235.02,2,1,UPI,1,Smart TV,North India,4,0
OTT01425,37,Female,Standard,0,1,0,0,1,1,3,10.5,2.7,56,25,852.5,3,2,Wallet,0,Smart TV,North India,5,0
OTT01426,39,Male,Standard,0,0,1,0,1,1,3,18.3,1.6,36,21,608.6,3,0,Credit Card,1,Laptop,North India,1,0
OTT01427,53,Male,Standard,0,0,0,0,1,0,1,37.4,1.1,50,2,993.32,5,0,UPI,1,Smart TV,Central India,5,0
OTT01428,25,Male,Basic,0,0,1,0,0,0,1,5.6,2.6,0,28,755.55,2,1,Net Banking,1,Mobile,Central India,1,0
OTT01429,32,Male,Basic,0,1,1,0,1,1,4,18.5,0.9,9,14,1092.45,5,3,Debit Card,0,Smart TV,North India,5,0
OTT01430,44,Male,Standard,0,0,1,0,1,1,3,58.1,2.7,33,50,542.83,2,2,UPI,0,Smart TV,North India,3,0
OTT01431,47,Female,Standard,1,1,1,0,1,1,5,54.5,0.4,48,26,377.66,5,1,Debit Card,0,Mobile,South India,3,0
OTT01432,30,Male,Premium,1,0,1,0,0,1,3,54.7,3.5,15,1,1170.86,2,6,Net Banking,0,Tablet,North India,4,0
OTT01433,23,Female,Basic,1,0,0,0,0,0,1,18.7,0.9,44,44,972.95,5,3,UPI,1,Mobile,Central India,1,0
OTT01434,39,Female,Premium,0,0,0,0,1,1,2,48.1,0.6,46,38,128.77,3,1,Wallet,1,Fire TV,North India,4,0
OTT01435,45,Male,Premium,1,0,1,0,0,0,2,27.5,1.2,37,45,778.36,3,1,Credit Card,1,Fire TV,South India,1,0
OTT01436,50,Female,Basic,1,1,1,1,1,1,6,13.8,1.1,40,21,847.84,1,2,UPI,1,Smart TV,Central India,1,0
OTT01437,18,Male,Mobile,0,1,0,1,0,0,2,16.4,1.9,12,57,587.42,1,2,Debit Card,0,Mobile,North India,2,0
OTT01438,18,Female,Standard,1,1,0,1,0,0,3,30.9,0.5,36,27,290.17,4,1,Debit Card,1,Mobile,East India,4,0
OTT01439,34,Male,Premium,1,1,1,1,0,1,5,5.2,1.9,9,37,597.97,2,5,Wallet,1,Smart TV,North India,1,0
OTT01440,42,Male,Mobile,1,1,1,1,1,1,6,21.9,1.2,32,35,704.15,2,1,Credit Card,1,Smart TV,North India,3,0
OTT01441,18,Male,Basic,1,0,0,0,0,1,2,25.8,1.6,55,35,453.3,3,0,Debit Card,1,Mobile,West India,2,1
OTT01442,25,Female,Standard,0,0,0,0,1,0,1,34.3,0.6,15,14,851.7,5,2,Debit Card,0,Laptop,North India,5,0
OTT01443,36,Male,Standard,0,0,1,0,0,1,2,6.6,1.5,50,28,200.01,3,2,UPI,0,Mobile,North India,3,1
OTT01444,30,Female,Mobile,0,0,1,0,0,0,1,22.1,0.9,39,13,699.39,1,0,Debit Card,1,Mobile,West India,2,1
OTT01445,48,Male,Basic,0,0,0,1,1,0,2,40.1,0.4,35,15,1193.28,5,1,Debit Card,1,Laptop,North India,3,0
OTT01446,19,Female,Basic,1,1,0,0,0,1,3,66.7,2.3,48,47,817.49,4,0,UPI,0,Tablet,South India,1,0
OTT01447,56,Male,Premium,1,0,1,1,1,1,5,13.8,0.8,37,48,1054.84,2,2,UPI,0,Laptop,Central India,5,0
OTT01448,25,Male,Standard,0,1,1,0,1,0,3,47.9,1.9,23,50,611.91,5,3,UPI,0,Smart TV,South India,2,0
OTT01449,36,Male,Basic,0,1,1,0,0,1,3,38.8,0.8,9,36,708.23,4,2,Debit Card,0,Mobile,North India,2,0
OTT01450,60,Male,Premium,0,0,0,1,0,1,2,52.4,1.5,21,16,528.82,5,1,Wallet,0,Laptop,South India,4,0
OTT01451,46,Female,Standard,0,0,1,1,1,1,4,5.5,5.6,39,7,538.23,3,0,Credit Card,1,Smart TV,West India,1,0
OTT01452,60,Female,Premium,0,1,1,0,1,0,3,35.5,3.0,57,38,792.14,5,1,Wallet,1,Smart TV,Central India,2,0
OTT01453,18,Male,Basic,1,0,1,1,1,1,5,47.3,4.3,57,53,387.43,2,0,Debit Card,1,Laptop,South India,2,0
OTT01454,48,Male,Mobile,1,1,1,0,1,1,5,23.8,3.1,48,31,883.3,2,1,Credit Card,0,Tablet,South India,4,0
OTT01455,21,Male,Basic,1,0,0,0,1,0,2,19.8,1.5,45,17,786.61,4,0,Wallet,1,Smart TV,South India,1,0
OTT01456,44,Female,Basic,0,1,0,0,0,0,1,25.9,2.7,3,36,309.76,3,0,Debit Card,1,Smart TV,North India,2,0
OTT01457,32,Female,Premium,1,1,0,0,0,0,2,45.2,1.3,35,10,921.44,2,1,Credit Card,1,Mobile,North India,5,0
OTT01458,51,Female,Standard,0,1,1,0,0,1,3,14.3,0.5,16,52,1239.94,5,1,Credit Card,1,Fire TV,East India,3,0
OTT01459,23,Female,Basic,1,1,1,1,0,1,5,13.6,1.8,25,24,898.86,4,0,UPI,1,Tablet,West India,1,0
OTT01460,56,Male,Standard,1,0,1,0,1,0,3,4.1,0.4,51,36,107.18,1,1,UPI,0,Smart TV,West India,2,1
OTT01461,38,Male,Standard,1,0,1,0,1,1,4,22.4,1.3,13,41,1315.18,1,1,Credit Card,0,Smart TV,East India,2,1
OTT01462,40,Female,Standard,0,0,1,1,1,0,3,9.1,3.3,46,52,99.0,5,0,Credit Card,1,Mobile,North India,1,0
OTT01463,42,Male,Basic,1,1,0,0,0,0,2,22.7,2.9,1,21,169.19,4,0,UPI,1,Mobile,South India,2,0
OTT01464,19,Male,Premium,0,0,1,0,1,0,2,12.4,1.3,11,29,158.14,4,3,UPI,1,Smart TV,North India,2,0
OTT01465,31,Male,Standard,0,0,1,1,1,1,4,16.9,4.3,27,23,572.59,1,1,Debit Card,0,Mobile,South India,2,1
OTT01466,48,Female,Premium,1,0,1,0,1,1,4,18.7,2.1,29,4,105.51,2,1,Net Banking,1,Smart TV,North India,5,0
OTT01467,59,Female,Standard,1,0,1,0,0,1,3,26.6,2.4,20,19,99.0,3,0,UPI,0,Smart TV,West India,2,0
OTT01468,60,Other,Standard,0,1,1,0,0,0,2,27.9,1.1,11,10,454.35,2,1,UPI,0,Laptop,North India,5,0
OTT01469,41,Male,Mobile,0,1,1,0,1,1,4,20.6,2.6,30,45,444.35,5,1,Credit Card,1,Smart TV,East India,4,0
OTT01470,29,Male,Standard,0,1,1,0,0,0,2,18.0,1.4,35,39,562.94,5,3,Credit Card,0,Smart TV,North India,3,0
OTT01471,38,Male,Mobile,1,1,1,1,0,1,5,16.7,0.7,31,7,779.75,1,2,Debit Card,1,Mobile,North India,1,0
OTT01472,37,Female,Premium,0,0,1,1,0,0,2,7.4,2.1,5,23,1057.37,1,0,UPI,1,Laptop,East India,1,0
OTT01473,35,Male,Basic,1,0,0,0,0,0,1,45.2,1.5,37,2,637.35,2,1,Credit Card,1,Smart TV,North India,4,0
OTT01474,33,Female,Basic,0,0,0,1,1,1,3,13.8,1.4,16,29,770.96,4,2,Net Banking,0,Mobile,West India,1,0
OTT01475,55,Female,Standard,0,0,1,1,1,0,3,24.3,2.2,38,15,563.57,2,0,Net Banking,0,Smart TV,South India,3,0
OTT01476,34,Female,Standard,0,1,0,1,0,1,3,10.2,0.4,5,45,971.56,2,2,UPI,0,Mobile,West India,2,0
OTT01477,19,Female,Standard,1,0,1,1,0,0,3,35.0,0.9,4,57,1070.82,5,1,UPI,1,Tablet,West India,2,0
OTT01478,49,Male,Standard,1,1,1,1,1,1,6,24.8,1.9,56,38,480.12,4,0,Debit Card,1,Tablet,South India,5,0
OTT01479,46,Female,Standard,0,0,0,1,1,1,3,29.2,0.6,9,9,269.23,1,1,UPI,1,Laptop,East India,2,0
OTT01480,34,Male,Premium,1,1,0,0,1,0,3,9.9,0.8,10,45,480.59,5,1,Debit Card,1,Fire TV,South India,1,0
OTT01481,45,Female,Basic,1,1,0,0,0,1,3,30.0,2.6,16,31,514.47,3,0,Credit Card,0,Mobile,East India,5,0
OTT01482,58,Female,Standard,0,1,0,0,0,0,1,5.6,0.5,31,3,583.44,5,2,Credit Card,1,Mobile,West India,3,0
OTT01483,57,Female,Premium,0,1,0,1,0,1,3,15.5,3.0,21,5,647.02,4,2,UPI,1,Smart TV,North India,4,1
OTT01484,51,Male,Basic,0,0,0,0,1,1,2,84.2,2.3,10,56,584.14,5,2,UPI,0,Mobile,South India,3,0
OTT01485,43,Female,Basic,1,1,0,1,0,0,3,10.9,2.4,35,45,291.11,1,1,Net Banking,1,Smart TV,East India,4,0
OTT01486,19,Female,Mobile,0,0,0,0,0,1,1,24.5,0.6,7,22,575.51,5,1,Wallet,1,Mobile,North India,5,0
OTT01487,40,Female,Standard,1,1,1,1,1,1,6,47.0,3.1,37,1,723.97,2,1,Debit Card,0,Smart TV,South India,1,0
OTT01488,53,Other,Standard,1,0,1,0,0,1,3,32.9,1.7,0,43,1068.62,4,0,UPI,1,Smart TV,North India,5,0
OTT01489,54,Female,Basic,1,0,1,1,1,1,5,52.6,4.3,25,28,483.77,5,0,Wallet,1,Mobile,West India,3,0
OTT01490,51,Male,Mobile,1,0,0,0,1,1,3,25.2,2.3,5,25,637.51,3,3,UPI,1,Smart TV,North India,2,0
OTT01491,60,Male,Mobile,0,0,1,0,0,0,1,35.4,1.4,16,2,607.88,1,1,UPI,1,Mobile,South India,4,0
OTT01492,40,Male,Standard,0,1,1,1,1,0,4,41.8,0.4,32,13,498.13,2,3,Net Banking,1,Mobile,South India,1,0
OTT01493,22,Female,Basic,1,1,1,1,0,0,4,41.5,2.0,5,15,505.56,4,0,UPI,1,Laptop,East India,1,0
OTT01494,39,Female,Standard,1,1,0,1,0,1,4,9.6,2.8,32,33,121.43,2,1,UPI,1,Mobile,South India,1,0
OTT01495,31,Male,Premium,0,0,1,1,0,1,3,13.6,2.6,18,38,768.03,1,0,Debit Card,1,Mobile,South India,1,0
OTT01496,53,Male,Standard,1,0,0,1,0,1,3,39.1,0.7,15,6,829.91,1,0,Debit Card,1,Tablet,East India,3,0
OTT01497,51,Female,Premium,1,1,0,1,1,1,5,52.9,4.2,20,58,526.68,3,1,Credit Card,1,Mobile,South India,2,0
OTT01498,36,Female,Premium,1,0,1,1,0,0,3,13.0,1.0,56,3,782.29,4,0,Debit Card,0,Tablet,Central India,3,1
OTT01499,34,Other,Standard,1,0,1,0,0,0,2,14.2,3.0,41,41,155.33,3,3,Debit Card,1,Mobile,East India,1,0
OTT01500,24,Male,Standard,1,1,0,1,0,1,4,32.7,0.8,26,17,1056.06,1,0,UPI,1,Smart TV,South India,2,1
OTT01501,19,Female,Standard,1,1,1,0,0,1,4,18.0,0.8,12,60,426.61,4,2,UPI,1,Laptop,East India,5,0
OTT01502,31,Male,Standard,1,1,1,1,1,1,6,40.5,0.8,49,26,568.52,1,1,Credit Card,1,Laptop,North India,5,1
OTT01503,28,Male,Basic,1,1,0,1,0,0,3,34.4,0.8,33,36,901.21,2,1,UPI,1,Fire TV,East India,5,1
OTT01504,29,Female,Mobile,1,0,1,1,0,0,3,43.7,0.5,31,15,236.39,3,0,Credit Card,0,Mobile,West India,3,0
OTT01505,60,Male,Standard,0,1,0,1,1,1,4,19.7,0.7,53,21,507.99,4,2,Net Banking,1,Laptop,East India,2,0
OTT01506,47,Female,Premium,0,1,0,0,1,1,3,17.4,0.2,14,60,439.33,2,1,UPI,1,Laptop,North India,4,0
OTT01507,41,Male,Standard,0,1,1,1,1,0,4,14.4,0.3,57,51,795.0,3,0,Credit Card,1,Smart TV,East India,3,0
OTT01508,25,Male,Basic,1,1,1,0,0,0,3,52.2,4.8,9,2,378.58,5,2,UPI,1,Smart TV,South India,1,0
OTT01509,54,Female,Standard,0,1,0,0,1,0,2,9.9,1.9,42,41,854.84,2,1,UPI,1,Smart TV,East India,3,1
OTT01510,45,Male,Standard,0,1,1,1,1,0,4,9.1,1.5,10,53,714.18,5,2,Net Banking,0,Smart TV,South India,2,0
OTT01511,40,Male,Standard,0,1,0,0,1,0,2,25.6,1.9,3,39,206.16,1,2,Debit Card,1,Fire TV,North India,2,0
OTT01512,38,Male,Standard,0,0,1,1,0,0,2,17.2,1.1,41,26,878.9,2,1,UPI,1,Laptop,East India,4,0
OTT01513,41,Male,Basic,0,1,1,1,0,0,3,42.0,1.4,39,26,1165.88,1,2,UPI,1,Smart TV,Central India,4,0
OTT01514,54,Female,Basic,1,0,0,1,1,1,4,8.6,1.2,45,46,389.02,5,1,UPI,0,Mobile,South India,2,0
OTT01515,48,Male,Premium,1,1,1,0,1,1,5,21.0,2.1,0,55,499.68,1,2,Credit Card,1,Smart TV,North India,3,0
OTT01516,38,Female,Mobile,0,0,1,1,0,0,2,6.4,2.7,10,55,280.27,3,1,Net Banking,1,Mobile,North India,1,1
OTT01517,46,Female,Premium,1,0,0,0,0,0,1,19.0,0.8,23,35,627.52,4,2,UPI,1,Mobile,North India,2,0
OTT01518,57,Female,Basic,1,1,1,1,1,1,6,25.3,0.6,60,36,949.37,3,1,Credit Card,1,Fire TV,North India,2,0
OTT01519,32,Male,Premium,0,1,0,1,0,0,2,22.9,1.0,57,44,453.59,2,0,UPI,0,Mobile,East India,2,0
OTT01520,56,Female,Basic,0,0,0,0,1,1,2,21.9,0.9,55,30,385.59,5,1,Net Banking,1,Laptop,West India,4,0
OTT01521,44,Female,Standard,0,1,1,0,0,0,2,34.6,2.2,43,3,1000.2,4,1,Net Banking,0,Laptop,North India,1,0
OTT01522,25,Male,Standard,1,0,1,1,0,0,3,12.5,1.5,14,38,430.39,5,2,Credit Card,0,Fire TV,South India,3,0
OTT01523,59,Female,Standard,1,1,0,1,1,1,5,29.5,0.7,46,49,444.63,2,0,UPI,1,Mobile,North India,2,0
OTT01524,47,Male,Standard,1,1,1,0,0,1,4,21.4,5.0,19,59,577.79,4,0,Debit Card,0,Mobile,North India,1,0
OTT01525,34,Male,Mobile,1,1,0,0,1,1,4,19.2,0.3,22,18,157.37,2,2,Debit Card,0,Fire TV,North India,2,0
OTT01526,27,Female,Basic,0,1,0,0,0,1,2,31.4,2.4,59,5,408.17,4,2,UPI,1,Smart TV,South India,4,0
OTT01527,57,Male,Basic,0,0,1,1,0,0,2,26.4,0.9,16,36,1166.41,4,1,Wallet,1,Fire TV,East India,2,0
OTT01528,53,Male,Standard,1,0,0,1,1,0,3,30.6,1.1,60,34,845.39,4,0,Net Banking,0,Tablet,South India,1,0
OTT01529,19,Male,Standard,0,1,0,0,1,0,2,64.6,2.0,49,43,816.55,4,1,UPI,1,Smart TV,West India,4,0
OTT01530,45,Male,Basic,0,1,1,0,0,0,2,21.3,0.1,25,29,820.51,3,1,UPI,1,Smart TV,South India,1,0
OTT01531,22,Female,Standard,0,0,0,0,1,1,2,9.3,2.0,17,41,821.29,3,0,Wallet,0,Laptop,South India,5,0
OTT01532,30,Male,Basic,1,0,1,0,0,0,2,12.7,2.7,51,50,531.42,4,1,UPI,1,Smart TV,Central India,5,0
OTT01533,42,Female,Basic,0,1,1,1,0,0,3,51.9,3.2,56,14,626.66,1,3,Credit Card,1,Mobile,West India,1,0
OTT01534,28,Female,Basic,1,0,1,1,1,0,4,18.7,0.8,56,7,749.03,3,1,Credit Card,1,Smart TV,North India,5,0
OTT01535,40,Male,Standard,0,0,1,0,0,0,1,34.5,2.4,18,48,514.16,2,1,UPI,1,Fire TV,North India,2,0
OTT01536,36,Male,Mobile,1,0,1,0,0,1,3,22.8,2.9,53,39,1016.72,5,1,Credit Card,1,Laptop,North India,5,0
OTT01537,43,Male,Premium,1,1,1,0,0,1,4,11.3,2.8,22,10,174.52,2,0,UPI,1,Mobile,South India,4,0
OTT01538,52,Female,Standard,1,1,0,0,1,1,4,26.3,1.7,40,19,560.33,5,1,Net Banking,1,Mobile,South India,1,0
OTT01539,24,Male,Standard,0,1,1,0,1,1,4,14.9,3.2,36,34,959.64,5,0,UPI,0,Mobile,North India,3,0
OTT01540,52,Male,Basic,0,0,0,1,1,1,3,16.2,5.5,25,46,928.4,1,2,Debit Card,1,Mobile,South India,5,0
OTT01541,27,Other,Standard,1,1,1,0,1,0,4,22.9,1.4,21,33,509.38,1,1,Net Banking,1,Smart TV,South India,1,0
OTT01542,19,Female,Premium,1,0,1,0,0,0,2,7.2,0.8,30,4,737.24,3,2,Credit Card,1,Laptop,South India,1,1
OTT01543,37,Male,Standard,0,0,1,0,1,1,3,34.0,1.8,3,47,734.71,3,0,Wallet,1,Tablet,North India,3,0
OTT01544,30,Female,Basic,1,0,0,0,1,0,2,17.4,1.1,43,51,1258.71,4,1,Wallet,1,Smart TV,North India,1,0
OTT01545,25,Female,Basic,1,0,1,0,1,0,3,36.7,1.0,2,3,426.1,5,1,UPI,1,Smart TV,South India,2,0
OTT01546,36,Female,Basic,0,0,1,1,0,1,3,35.9,4.4,15,1,708.3,1,3,UPI,0,Smart TV,West India,5,0
OTT01547,55,Male,Basic,0,0,0,0,1,1,2,20.8,1.2,37,8,533.57,3,0,Credit Card,1,Fire TV,South India,3,0
OTT01548,43,Male,Standard,1,0,1,1,0,1,4,25.3,1.2,43,54,1076.79,2,1,Credit Card,0,Laptop,Central India,4,1
OTT01549,49,Male,Basic,0,1,0,0,0,1,2,29.7,1.0,47,57,611.12,1,0,Net Banking,1,Mobile,Central India,1,0
OTT01550,24,Male,Premium,0,0,0,1,1,0,2,18.6,1.9,32,29,476.04,2,1,Credit Card,1,Mobile,West India,2,0
OTT01551,21,Male,Basic,1,0,0,0,1,0,2,6.0,2.3,34,26,856.59,5,0,Debit Card,1,Smart TV,North India,1,0
OTT01552,32,Female,Standard,1,0,0,1,1,0,3,26.1,3.5,35,56,426.6,4,3,UPI,1,Laptop,North India,4,0
OTT01553,51,Female,Premium,0,0,1,0,0,1,2,41.7,0.6,53,15,702.39,1,1,Debit Card,0,Laptop,South India,4,0
OTT01554,56,Female,Basic,0,1,0,0,1,1,3,14.6,3.5,50,1,837.73,1,0,Wallet,1,Smart TV,East India,4,1
OTT01555,22,Female,Mobile,0,0,1,0,0,1,2,37.9,0.8,27,51,164.85,4,2,Credit Card,0,Tablet,North India,2,0
OTT01556,38,Male,Standard,0,0,1,1,1,1,4,10.3,0.6,57,56,422.04,5,1,Credit Card,1,Mobile,South India,5,0
OTT01557,35,Male,Standard,1,1,1,0,1,1,5,19.9,1.3,16,49,1185.3,5,3,Credit Card,0,Tablet,Central India,4,0
OTT01558,49,Female,Standard,1,0,1,0,0,1,3,21.8,0.7,18,33,711.75,3,2,UPI,0,Tablet,South India,3,0
OTT01559,26,Male,Premium,0,1,1,0,1,1,4,23.2,1.9,6,60,331.19,3,2,Credit Card,0,Laptop,West India,2,0
OTT01560,38,Male,Standard,1,1,1,1,0,1,5,13.2,1.0,46,4,690.18,1,2,Credit Card,1,Tablet,South India,4,1
OTT01561,54,Female,Premium,1,1,1,1,1,1,6,10.4,2.7,35,53,125.52,3,2,UPI,1,Mobile,South India,4,0
OTT01562,37,Male,Basic,1,0,0,0,1,1,3,20.4,2.1,36,60,696.38,5,0,Net Banking,1,Tablet,West India,4,0
OTT01563,51,Male,Basic,1,0,1,1,1,1,5,32.0,2.3,48,33,760.33,1,0,UPI,1,Laptop,Central India,4,0
OTT01564,44,Female,Basic,1,1,0,1,1,1,5,14.5,1.8,17,17,625.36,4,1,Credit Card,1,Laptop,Central India,2,0
OTT01565,43,Female,Standard,0,0,1,1,1,1,4,21.5,1.8,14,13,441.2,1,1,UPI,0,Smart TV,Central India,3,0
OTT01566,29,Female,Basic,1,1,1,0,0,0,3,64.7,0.9,39,12,1150.42,1,1,Net Banking,1,Mobile,South India,5,0
OTT01567,60,Male,Mobile,0,0,0,1,0,0,1,27.4,1.0,0,7,557.12,4,1,Debit Card,1,Smart TV,Central India,3,0
OTT01568,28,Female,Premium,0,0,0,0,0,1,1,20.4,1.0,39,5,120.01,5,1,UPI,0,Mobile,South India,2,0
OTT01569,58,Female,Basic,0,1,0,1,0,1,3,22.7,2.5,13,32,604.08,1,5,Credit Card,0,Smart TV,North India,4,0
OTT01570,60,Male,Basic,0,1,1,0,0,1,3,57.8,1.9,50,32,977.75,5,0,Credit Card,0,Mobile,South India,4,0
OTT01571,39,Female,Basic,1,0,1,0,1,0,3,32.6,1.0,14,7,1103.2,1,1,Debit Card,1,Mobile,East India,5,1
OTT01572,55,Female,Mobile,1,1,0,0,0,1,3,15.0,1.5,24,41,99.0,5,0,UPI,1,Smart TV,South India,3,0
OTT01573,48,Female,Mobile,0,1,0,1,0,1,3,34.3,3.4,41,32,416.08,5,2,UPI,1,Mobile,South India,2,0
OTT01574,49,Male,Basic,1,0,1,1,0,1,4,11.9,0.1,49,19,545.1,3,4,Debit Card,0,Smart TV,North India,3,0
OTT01575,20,Female,Basic,0,0,0,0,0,1,1,24.8,1.4,52,54,696.4,5,1,UPI,1,Smart TV,South India,1,0
OTT01576,23,Male,Standard,1,0,1,0,0,0,2,45.7,1.6,14,42,268.46,3,0,Wallet,1,Tablet,South India,5,0
OTT01577,20,Male,Basic,1,0,1,0,1,1,4,24.9,1.0,52,23,805.43,1,2,Wallet,1,Mobile,West India,3,1
OTT01578,19,Male,Standard,1,1,1,1,0,1,5,11.3,0.4,28,51,909.83,5,2,UPI,1,Smart TV,South India,2,0
OTT01579,53,Male,Standard,1,1,1,1,1,1,6,23.6,0.9,27,59,402.43,1,1,Wallet,0,Laptop,Central India,3,0
OTT01580,25,Male,Standard,1,0,1,1,1,1,5,45.5,0.8,37,28,636.74,4,2,UPI,1,Laptop,North India,3,0
OTT01581,18,Female,Premium,1,1,1,0,1,1,5,14.3,1.6,59,38,878.06,2,1,Credit Card,0,Mobile,South India,5,1
OTT01582,58,Female,Standard,0,0,1,1,0,0,2,34.0,0.8,36,58,1145.22,1,1,UPI,0,Mobile,North India,5,0
OTT01583,29,Male,Mobile,0,0,1,0,1,1,3,46.9,1.5,20,28,945.52,5,4,UPI,1,Mobile,West India,5,0
OTT01584,53,Female,Mobile,1,1,0,0,0,0,2,29.4,4.0,2,7,504.0,4,1,UPI,1,Smart TV,South India,2,0
OTT01585,59,Other,Basic,1,0,1,0,1,0,3,24.1,0.6,53,25,776.94,3,3,Debit Card,1,Smart TV,South India,3,0
OTT01586,40,Male,Premium,1,1,0,1,1,1,5,15.1,2.8,21,44,584.22,5,1,Credit Card,1,Smart TV,South India,3,0
OTT01587,57,Female,Standard,0,1,1,0,0,0,2,16.3,1.3,49,59,440.16,2,0,UPI,1,Mobile,West India,4,0
OTT01588,59,Other,Mobile,0,0,1,1,1,0,3,20.2,0.2,19,45,788.82,3,2,Wallet,1,Smart TV,Central India,4,0
OTT01589,24,Female,Mobile,0,0,1,0,0,1,2,34.4,2.7,6,58,785.93,4,0,Debit Card,1,Smart TV,South India,3,0
OTT01590,24,Female,Premium,0,0,1,0,0,1,2,73.3,2.7,59,34,647.88,1,1,UPI,1,Mobile,South India,4,0
OTT01591,33,Female,Standard,0,0,1,0,0,1,2,14.4,0.6,5,45,930.61,5,1,Wallet,1,Smart TV,Central India,5,0
OTT01592,42,Female,Mobile,0,0,0,0,1,0,1,31.9,1.9,59,9,570.66,5,1,UPI,1,Smart TV,East India,3,0
OTT01593,51,Male,Premium,1,1,1,1,1,0,5,40.9,1.3,12,51,624.31,5,1,UPI,0,Mobile,East India,4,0
OTT01594,25,Male,Standard,0,1,0,1,0,1,3,23.9,1.7,22,33,705.22,3,1,UPI,1,Laptop,West India,2,0
OTT01595,26,Female,Basic,0,1,1,1,1,0,4,23.3,0.9,9,2,740.11,3,1,Net Banking,1,Laptop,West India,3,0
OTT01596,31,Male,Basic,0,1,1,1,1,0,4,8.5,0.7,47,10,391.28,2,2,Debit Card,0,Smart TV,North India,4,0
OTT01597,29,Male,Standard,0,1,0,0,1,0,2,26.1,0.6,3,44,1178.44,3,4,Net Banking,0,Smart TV,South India,5,0
OTT01598,58,Male,Basic,0,0,0,0,1,1,2,22.7,3.2,33,6,838.26,5,1,Net Banking,1,Smart TV,North India,5,0
OTT01599,35,Female,Premium,0,1,1,1,1,0,4,19.0,0.7,59,39,650.48,3,1,UPI,1,Laptop,Central India,2,0
OTT01600,55,Female,Standard,0,1,0,0,0,1,2,28.6,1.9,24,33,656.46,4,3,UPI,1,Mobile,South India,4,0
OTT01601,20,Male,Standard,1,1,1,0,1,1,5,12.5,0.7,11,28,628.75,2,1,Debit Card,1,Mobile,North India,5,0
OTT01602,22,Male,Standard,1,0,0,0,1,0,2,14.1,5.6,47,37,1059.34,3,2,Credit Card,1,Laptop,North India,4,0
OTT01603,52,Male,Premium,1,0,1,0,1,1,4,26.5,0.6,37,41,918.3,4,3,UPI,0,Mobile,North India,1,0
OTT01604,28,Male,Mobile,1,0,0,1,1,1,4,51.9,0.6,58,49,827.75,2,2,UPI,1,Smart TV,West India,5,0
OTT01605,21,Female,Mobile,0,0,0,1,1,0,2,21.2,3.5,26,33,1343.87,2,0,UPI,1,Tablet,West India,4,0
OTT01606,43,Male,Standard,0,1,0,0,0,1,2,23.9,1.2,21,13,815.77,5,0,UPI,0,Smart TV,South India,1,0
OTT01607,24,Female,Basic,1,1,1,1,1,1,6,23.5,0.5,19,53,398.05,5,1,UPI,1,Smart TV,East India,5,0
OTT01608,20,Male,Standard,0,1,0,0,0,1,2,12.2,1.4,10,56,857.29,2,0,UPI,1,Tablet,South India,1,0
OTT01609,35,Male,Standard,0,1,0,1,0,1,3,19.7,0.7,33,12,799.28,1,2,Credit Card,0,Laptop,South India,2,0
OTT01610,41,Female,Basic,0,1,1,0,1,0,3,25.7,6.2,57,35,1038.47,3,2,UPI,1,Smart TV,South India,1,0
OTT01611,40,Male,Basic,1,0,1,0,0,0,2,25.4,0.3,40,29,858.72,4,4,Wallet,0,Laptop,South India,1,0
OTT01612,43,Male,Standard,0,1,0,1,1,1,4,29.9,2.2,43,39,688.63,3,2,Net Banking,1,Mobile,South India,3,0
OTT01613,19,Male,Mobile,1,1,0,0,1,1,4,11.8,3.6,44,4,919.89,1,2,UPI,1,Smart TV,North India,3,1
OTT01614,30,Female,Mobile,1,1,0,1,0,0,3,15.9,2.4,13,11,179.53,5,1,Net Banking,1,Mobile,North India,4,0
OTT01615,32,Male,Basic,1,1,1,0,1,0,4,7.2,0.9,47,10,784.14,1,1,UPI,0,Mobile,East India,3,1
OTT01616,30,Female,Mobile,0,0,1,1,0,0,2,47.7,2.9,0,49,809.86,5,2,UPI,1,Mobile,North India,3,0
OTT01617,42,Female,Standard,0,0,0,1,0,0,1,18.1,1.6,27,38,276.62,3,1,Credit Card,1,Laptop,East India,1,0
OTT01618,27,Female,Premium,1,0,0,1,1,0,3,27.2,2.2,40,40,684.68,4,0,UPI,1,Smart TV,Central India,3,0
OTT01619,45,Female,Standard,1,1,1,1,1,1,6,23.1,2.5,10,19,464.44,4,0,Credit Card,0,Mobile,South India,4,1
OTT01620,58,Female,Standard,0,0,0,0,0,1,1,4.1,0.6,37,12,527.54,3,2,UPI,1,Smart TV,North India,1,0
OTT01621,46,Female,Basic,0,0,1,1,0,0,2,10.4,2.1,4,6,908.71,5,4,Debit Card,1,Mobile,South India,5,0
OTT01622,34,Male,Premium,1,0,1,1,0,0,3,22.6,2.4,13,31,360.82,3,2,Net Banking,0,Mobile,West India,2,0
OTT01623,36,Female,Premium,1,0,0,1,1,1,4,31.7,1.4,46,46,586.48,4,3,Wallet,0,Smart TV,Central India,2,0
OTT01624,43,Female,Premium,0,0,0,1,0,0,1,30.3,0.8,39,24,390.59,1,1,Debit Card,1,Mobile,South India,2,1
OTT01625,49,Male,Basic,0,1,0,1,1,0,3,9.4,1.3,58,59,713.13,5,0,Debit Card,1,Laptop,East India,2,0
OTT01626,30,Female,Mobile,1,0,1,1,1,0,4,12.1,4.3,9,60,743.61,5,1,Wallet,1,Smart TV,Central India,5,0
OTT01627,19,Male,Mobile,0,1,0,1,1,0,3,28.8,1.9,51,5,289.26,1,0,UPI,1,Smart TV,North India,4,1
OTT01628,48,Female,Basic,0,0,1,0,1,0,2,30.1,1.5,24,60,554.44,5,0,Debit Card,0,Laptop,South India,4,0
OTT01629,46,Male,Mobile,0,1,0,0,0,1,2,9.1,0.6,47,47,597.24,2,0,UPI,0,Smart TV,West India,3,1
OTT01630,22,Male,Premium,1,0,0,1,1,0,3,28.7,2.9,18,36,682.66,4,2,Debit Card,1,Mobile,North India,1,0
OTT01631,44,Male,Basic,1,1,0,1,0,0,3,22.5,2.1,47,12,915.49,5,2,Wallet,0,Smart TV,East India,2,0
OTT01632,21,Male,Basic,0,1,1,1,1,1,5,20.1,1.1,52,24,381.98,2,4,UPI,1,Laptop,North India,5,0
OTT01633,45,Male,Premium,0,0,1,1,1,1,4,52.7,0.9,44,50,535.8,4,0,UPI,1,Fire TV,North India,3,0
OTT01634,50,Male,Premium,1,0,0,1,1,1,4,21.2,0.6,17,29,1016.94,2,2,Wallet,1,Smart TV,North India,3,0
OTT01635,18,Female,Basic,1,1,1,1,1,1,6,16.7,2.1,52,55,869.08,4,2,Credit Card,1,Mobile,East India,1,0
OTT01636,49,Male,Basic,1,1,1,0,0,0,3,35.7,0.3,17,16,380.6,5,1,Wallet,0,Smart TV,East India,4,0
OTT01637,23,Other,Standard,1,0,1,1,0,0,3,34.8,2.2,7,19,618.02,2,2,UPI,1,Smart TV,North India,2,0
OTT01638,29,Female,Premium,1,1,1,1,0,1,5,46.3,0.3,46,47,766.34,5,0,UPI,1,Mobile,North India,2,0
OTT01639,48,Male,Standard,0,0,1,1,0,0,2,33.6,1.2,13,8,898.41,4,3,Credit Card,1,Smart TV,Central India,5,0
OTT01640,33,Male,Basic,1,0,1,1,0,1,4,32.8,3.0,1,31,739.42,2,0,Debit Card,1,Tablet,South India,2,0
OTT01641,60,Male,Standard,1,0,1,1,0,1,4,23.5,0.2,5,21,764.6,5,1,Debit Card,1,Fire TV,North India,3,0
OTT01642,59,Male,Standard,0,0,0,0,1,0,1,69.7,3.4,43,34,771.29,4,0,UPI,1,Laptop,West India,3,0
OTT01643,60,Female,Mobile,1,0,1,0,0,1,3,12.6,0.9,2,10,662.49,1,2,Debit Card,1,Laptop,West India,3,1
OTT01644,22,Female,Basic,1,0,0,0,1,0,2,30.6,1.3,2,3,206.77,5,0,UPI,1,Tablet,West India,1,0
OTT01645,25,Female,Premium,0,0,0,0,1,1,2,11.7,0.9,60,47,509.14,3,0,Wallet,0,Smart TV,Central India,2,0
OTT01646,25,Male,Standard,1,1,0,0,0,1,3,23.5,1.0,3,6,996.37,4,2,UPI,1,Fire TV,North India,4,0
OTT01647,43,Female,Mobile,1,1,0,0,0,0,2,23.1,0.7,42,24,891.33,2,1,UPI,0,Smart TV,North India,4,1
OTT01648,36,Male,Standard,0,1,1,1,0,1,4,23.5,2.8,29,13,645.76,3,2,Net Banking,0,Mobile,West India,3,0
OTT01649,50,Female,Standard,1,1,1,1,0,1,5,6.8,2.3,20,42,581.87,2,1,Wallet,1,Mobile,South India,1,0
OTT01650,30,Female,Basic,1,1,1,1,0,0,4,18.0,0.6,58,27,442.31,3,0,Credit Card,0,Smart TV,North India,3,0
OTT01651,26,Male,Basic,1,0,1,0,0,0,2,76.8,1.9,20,60,407.98,4,2,Debit Card,1,Tablet,Central India,3,0
OTT01652,45,Female,Basic,0,0,0,1,1,0,2,25.0,1.7,9,27,915.34,4,2,Debit Card,1,Smart TV,South India,3,0
OTT01653,44,Female,Premium,0,1,0,1,0,0,2,39.8,1.1,23,16,561.4,3,0,Debit Card,1,Smart TV,North India,3,0
OTT01654,47,Female,Basic,0,1,0,1,0,0,2,28.7,2.0,18,51,732.7,1,1,UPI,1,Mobile,North India,4,1
OTT01655,31,Male,Premium,1,0,1,1,1,1,5,65.4,1.3,46,50,1323.79,1,2,UPI,0,Tablet,East India,5,0
OTT01656,40,Female,Standard,0,1,0,0,1,1,3,28.9,2.5,41,47,678.44,5,3,Wallet,1,Laptop,South India,2,0
OTT01657,57,Male,Premium,0,0,0,1,1,0,2,25.1,0.7,6,28,439.03,5,2,UPI,0,Laptop,South India,5,0
OTT01658,44,Male,Premium,0,1,1,1,1,1,5,10.0,2.4,54,39,895.26,1,0,Net Banking,1,Mobile,Central India,5,0
OTT01659,58,Female,Premium,1,1,0,0,0,1,3,10.3,0.3,53,17,951.4,3,2,Wallet,1,Mobile,North India,1,0
OTT01660,36,Male,Premium,0,0,0,1,0,0,1,16.2,1.6,30,2,106.01,5,2,UPI,1,Laptop,West India,2,0
OTT01661,19,Male,Basic,0,0,1,0,1,0,2,20.8,1.4,23,6,999.31,1,2,Credit Card,0,Tablet,South India,5,0
OTT01662,50,Other,Basic,0,0,1,0,1,1,3,11.0,0.8,30,34,397.45,5,2,UPI,1,Smart TV,South India,3,0
OTT01663,37,Male,Basic,1,0,1,1,0,1,4,25.0,2.1,31,15,1101.73,1,3,Credit Card,1,Smart TV,West India,5,0
OTT01664,19,Female,Standard,0,0,1,0,1,0,2,24.4,2.2,18,60,1007.09,1,1,UPI,1,Laptop,South India,1,0
OTT01665,23,Female,Basic,1,1,1,0,1,1,5,56.4,0.9,26,4,686.32,3,0,Debit Card,1,Fire TV,North India,4,0
OTT01666,31,Male,Basic,1,1,1,1,0,1,5,60.9,1.1,23,30,413.35,5,0,Debit Card,1,Tablet,South India,2,0
OTT01667,26,Female,Mobile,1,1,1,1,1,0,5,35.7,1.8,59,34,957.66,4,4,UPI,1,Laptop,South India,1,0
OTT01668,47,Female,Standard,0,0,1,0,0,1,2,36.3,0.4,8,34,767.42,2,4,UPI,0,Smart TV,North India,4,1
OTT01669,44,Female,Mobile,0,0,1,0,0,0,1,43.5,0.9,3,31,433.3,4,1,Net Banking,1,Mobile,East India,1,0
OTT01670,32,Female,Basic,1,0,1,1,1,1,5,29.0,1.0,7,3,796.7,3,2,Debit Card,0,Mobile,Central India,3,0
OTT01671,21,Female,Standard,0,1,1,0,0,0,2,44.8,1.2,9,40,333.91,3,2,Credit Card,1,Mobile,North India,5,0
OTT01672,21,Female,Standard,1,1,0,0,1,0,3,9.4,2.4,44,16,725.12,1,1,Credit Card,1,Mobile,South India,2,1
OTT01673,58,Male,Premium,0,0,1,1,1,1,4,38.5,2.3,21,16,730.49,2,0,Debit Card,1,Mobile,Central India,5,0
OTT01674,32,Male,Standard,0,0,0,1,1,0,2,11.4,0.7,29,37,783.81,2,2,Wallet,0,Tablet,North India,1,0
OTT01675,22,Female,Standard,0,1,0,1,1,1,4,12.4,1.5,50,48,988.98,5,1,Debit Card,1,Mobile,West India,2,1
OTT01676,48,Female,Basic,0,1,1,1,1,1,5,43.2,1.8,47,52,511.4,2,0,Debit Card,1,Smart TV,East India,4,0
OTT01677,55,Female,Mobile,0,1,1,0,1,1,4,15.2,2.0,55,52,470.87,5,1,UPI,1,Smart TV,West India,2,0
OTT01678,23,Male,Standard,0,1,1,0,0,1,3,12.7,0.5,39,46,657.61,1,2,Wallet,1,Laptop,Central India,3,0
OTT01679,58,Female,Mobile,1,1,1,0,1,1,5,30.1,0.2,46,26,878.29,1,0,Debit Card,0,Tablet,South India,3,1
OTT01680,49,Male,Premium,1,0,0,1,1,0,3,14.2,4.7,0,51,591.3,5,2,Credit Card,0,Smart TV,Central India,5,0
OTT01681,28,Male,Premium,1,1,0,1,0,1,4,12.7,0.8,19,55,200.06,3,0,Credit Card,1,Smart TV,South India,4,0
OTT01682,51,Female,Basic,0,1,1,1,0,1,4,8.6,1.3,30,48,576.21,5,2,Credit Card,0,Fire TV,East India,3,0
OTT01683,36,Male,Standard,1,0,1,1,1,0,4,17.6,1.8,55,1,694.54,1,1,UPI,0,Fire TV,South India,3,1
OTT01684,45,Female,Basic,0,0,0,1,0,1,2,35.5,1.3,33,38,432.25,2,0,UPI,1,Fire TV,West India,2,0
OTT01685,23,Male,Basic,0,0,0,1,0,0,1,38.5,1.4,43,55,99.0,5,1,UPI,1,Fire TV,Central India,5,0
OTT01686,28,Female,Basic,1,0,0,0,1,0,2,20.2,1.7,8,32,737.27,4,1,UPI,1,Laptop,South India,3,0
OTT01687,51,Female,Standard,1,1,0,1,0,0,3,55.8,0.8,47,5,283.7,1,1,Credit Card,1,Laptop,West India,1,0
OTT01688,52,Male,Premium,1,1,0,0,0,1,3,31.1,0.8,58,22,921.01,1,2,Credit Card,1,Smart TV,North India,4,0
OTT01689,18,Female,Basic,1,1,0,1,0,0,3,43.7,0.8,21,42,1295.05,3,0,Net Banking,1,Fire TV,Central India,5,0
OTT01690,27,Female,Standard,1,0,0,1,1,0,3,16.4,1.9,48,49,399.68,5,1,Credit Card,1,Laptop,North India,2,1
OTT01691,44,Male,Basic,0,1,1,0,1,1,4,19.2,2.2,12,38,748.5,1,1,Net Banking,1,Smart TV,North India,1,0
OTT01692,56,Female,Basic,1,1,0,1,1,1,5,21.0,0.7,54,27,733.73,4,1,Credit Card,1,Tablet,West India,3,0
OTT01693,46,Female,Standard,0,0,0,1,1,0,2,19.1,0.8,42,31,220.25,1,2,Wallet,1,Smart TV,South India,4,0
OTT01694,48,Male,Standard,1,0,1,0,1,1,4,4.5,2.1,36,33,99.0,4,0,Net Banking,1,Mobile,North India,4,0
OTT01695,34,Female,Standard,1,0,1,1,0,1,4,24.2,2.4,35,60,270.4,5,3,Debit Card,1,Smart TV,South India,2,0
OTT01696,20,Male,Premium,0,1,0,1,0,1,3,28.7,2.7,50,60,565.01,2,2,UPI,1,Laptop,East India,5,0
OTT01697,50,Male,Mobile,0,0,0,1,0,1,2,27.7,0.8,15,27,1332.82,4,0,Credit Card,1,Fire TV,North India,4,0
OTT01698,52,Male,Standard,1,0,1,0,1,1,4,59.2,1.9,11,17,810.39,3,2,Credit Card,0,Mobile,North India,5,0
OTT01699,37,Female,Basic,1,1,1,1,1,1,6,61.8,3.9,36,14,402.4,1,2,Wallet,1,Smart TV,South India,5,0
OTT01700,39,Female,Standard,1,1,0,1,0,1,4,6.9,1.0,52,26,399.71,3,0,UPI,0,Mobile,East India,1,0
OTT01701,28,Male,Mobile,1,1,1,1,0,1,5,49.9,2.3,56,10,458.27,4,2,Net Banking,1,Laptop,East India,4,0
OTT01702,37,Male,Mobile,1,1,1,1,1,1,6,57.3,1.6,56,5,123.87,5,1,Wallet,1,Laptop,South India,2,0
OTT01703,28,Male,Standard,0,1,0,0,0,1,2,5.3,5.2,10,20,402.19,5,0,Debit Card,0,Smart TV,East India,2,0
OTT01704,36,Female,Basic,0,1,0,0,1,1,3,34.7,0.2,1,21,779.07,4,0,Debit Card,1,Smart TV,North India,5,1
OTT01705,23,Male,Standard,1,1,0,1,0,0,3,24.6,1.7,12,45,586.6,4,1,UPI,1,Laptop,North India,2,0
OTT01706,44,Male,Premium,1,1,1,1,1,1,6,55.7,3.3,39,54,535.75,2,3,UPI,1,Mobile,South India,2,0
OTT01707,28,Male,Basic,0,0,0,0,1,0,1,53.7,0.7,24,20,883.48,4,2,Net Banking,0,Laptop,Central India,2,0
OTT01708,49,Male,Standard,0,0,1,1,0,1,3,93.5,2.4,5,17,334.51,1,1,Debit Card,0,Laptop,Central India,3,0
OTT01709,40,Female,Premium,1,1,1,1,1,0,5,35.4,1.0,23,24,769.96,2,0,UPI,1,Laptop,East India,1,0
OTT01710,56,Female,Standard,1,1,0,0,0,0,2,31.9,0.3,39,51,330.67,5,2,Debit Card,1,Mobile,East India,1,0
OTT01711,27,Male,Basic,0,1,1,0,1,1,4,14.2,1.0,3,20,882.6,2,1,UPI,1,Smart TV,North India,1,0
OTT01712,29,Female,Standard,0,1,0,1,1,0,3,17.3,0.7,54,33,667.93,1,1,Credit Card,1,Fire TV,North India,4,0
OTT01713,28,Male,Standard,1,1,1,1,1,1,6,32.7,2.8,24,28,695.84,1,0,Credit Card,0,Mobile,West India,2,0
OTT01714,45,Female,Standard,1,1,1,1,1,0,5,16.8,5.3,11,33,612.29,3,2,Wallet,1,Laptop,South India,3,0
OTT01715,22,Male,Standard,1,0,0,1,0,0,2,24.5,1.1,23,31,802.4,3,2,UPI,1,Tablet,West India,1,0
OTT01716,47,Male,Basic,1,0,0,1,1,1,4,7.6,1.0,30,59,411.1,4,0,UPI,1,Smart TV,West India,5,0
OTT01717,53,Female,Standard,0,0,1,0,0,1,2,25.5,0.2,48,9,933.08,3,1,Credit Card,0,Smart TV,South India,5,1
OTT01718,47,Male,Mobile,1,0,1,0,0,1,3,5.8,2.7,5,29,578.23,4,0,Debit Card,0,Mobile,South India,3,0
OTT01719,23,Female,Premium,1,1,1,1,0,0,4,42.8,3.7,28,40,788.33,1,0,UPI,1,Smart TV,West India,5,0
OTT01720,39,Male,Standard,1,0,0,1,1,1,4,26.4,2.1,39,19,834.71,1,2,Credit Card,0,Smart TV,South India,3,0
OTT01721,40,Male,Premium,0,0,1,0,0,0,1,16.0,1.0,49,30,435.79,2,2,Credit Card,1,Smart TV,North India,5,1
OTT01722,34,Female,Mobile,0,1,0,0,0,1,2,21.7,1.8,7,39,788.38,4,0,Debit Card,0,Mobile,North India,2,0
OTT01723,38,Male,Basic,1,0,1,1,0,1,4,16.9,2.6,6,48,441.59,3,3,Credit Card,1,Mobile,North India,2,0
OTT01724,50,Male,Mobile,1,0,0,1,0,1,3,13.6,1.3,59,31,204.74,2,5,UPI,1,Tablet,North India,3,0
OTT01725,53,Female,Basic,0,1,0,1,0,1,3,18.4,2.2,56,43,704.1,4,2,Net Banking,0,Mobile,East India,4,0
OTT01726,30,Male,Basic,0,0,0,1,0,0,1,18.5,1.1,19,29,1255.91,3,0,Debit Card,1,Laptop,West India,3,0
OTT01727,32,Female,Standard,0,1,1,0,0,0,2,20.4,0.5,29,26,466.59,5,2,UPI,0,Mobile,North India,2,0
OTT01728,26,Male,Basic,1,1,1,1,1,0,5,4.2,2.5,11,54,793.24,2,1,UPI,1,Mobile,South India,2,0
OTT01729,35,Female,Premium,0,0,1,0,0,0,1,44.7,1.6,48,23,879.29,4,2,Debit Card,0,Tablet,South India,4,0
OTT01730,41,Female,Basic,0,0,1,1,1,0,3,45.2,1.8,58,45,325.31,2,0,Net Banking,1,Fire TV,North India,5,0
OTT01731,48,Male,Basic,1,1,1,1,0,1,5,23.3,2.8,31,13,476.84,1,0,UPI,1,Smart TV,South India,5,1
OTT01732,29,Female,Standard,0,0,0,1,0,0,1,63.4,0.7,39,26,999.88,4,0,Debit Card,1,Laptop,South India,5,0
OTT01733,27,Female,Basic,1,0,1,1,0,1,4,19.3,1.0,41,11,833.43,5,2,Debit Card,1,Smart TV,West India,4,0
OTT01734,19,Female,Standard,0,0,0,0,1,1,2,25.2,3.7,29,11,669.71,2,2,UPI,0,Smart TV,South India,1,1
OTT01735,22,Male,Standard,1,1,1,0,1,1,5,31.6,1.7,26,19,208.47,1,2,Credit Card,1,Laptop,North India,3,0
OTT01736,20,Female,Standard,0,0,1,1,1,1,4,24.7,2.6,45,5,488.4,5,3,UPI,0,Smart TV,North India,2,0
OTT01737,26,Female,Standard,1,1,0,1,1,1,5,16.0,1.5,19,38,795.79,3,1,UPI,1,Fire TV,Central India,4,0
OTT01738,47,Female,Standard,1,0,0,1,0,0,2,24.1,2.2,52,15,99.0,3,1,UPI,1,Fire TV,North India,1,0
OTT01739,51,Female,Premium,0,1,1,1,0,0,3,9.3,2.2,24,39,877.38,2,3,UPI,1,Smart TV,Central India,5,0
OTT01740,59,Female,Mobile,0,1,1,1,0,1,4,13.7,0.9,49,59,966.91,5,1,Credit Card,1,Laptop,South India,3,0
OTT01741,41,Female,Standard,0,0,0,1,0,1,2,39.8,5.5,27,56,1154.11,2,1,UPI,0,Smart TV,Central India,3,0
OTT01742,37,Female,Standard,1,1,0,0,0,0,2,84.1,1.8,21,7,1006.67,4,0,Wallet,1,Smart TV,North India,5,0
OTT01743,56,Female,Mobile,1,0,0,0,0,0,1,15.7,0.4,7,37,762.31,2,0,UPI,1,Smart TV,East India,4,0
OTT01744,24,Female,Standard,1,1,1,1,1,1,6,21.1,0.5,24,60,868.0,1,0,Debit Card,1,Smart TV,East India,4,0
OTT01745,45,Male,Standard,1,0,1,1,0,1,4,20.3,1.0,42,42,550.27,3,2,Credit Card,1,Smart TV,North India,4,1
OTT01746,53,Female,Basic,0,0,1,1,0,1,3,27.3,0.3,32,39,495.32,4,1,UPI,1,Smart TV,North India,5,0
OTT01747,39,Male,Basic,1,0,1,1,0,1,4,42.6,3.3,37,49,772.53,1,0,Credit Card,1,Smart TV,North India,1,0
OTT01748,29,Female,Standard,1,1,0,0,1,0,3,25.8,0.9,35,30,419.47,4,1,Credit Card,0,Smart TV,Central India,2,0
OTT01749,44,Female,Mobile,1,1,0,0,0,1,3,9.7,0.6,27,43,530.35,2,3,Debit Card,0,Laptop,North India,2,0
OTT01750,60,Female,Mobile,1,0,0,1,0,1,3,16.5,1.9,18,51,1263.4,1,0,UPI,1,Laptop,Central India,5,0
OTT01751,28,Male,Standard,0,1,1,1,0,1,4,29.6,2.2,10,36,442.84,5,1,UPI,1,Smart TV,North India,4,0
OTT01752,42,Female,Standard,1,0,1,0,0,0,2,18.9,1.1,8,19,716.23,1,1,UPI,0,Smart TV,North India,5,0
OTT01753,20,Male,Standard,1,0,1,1,1,1,5,19.4,2.2,44,46,195.24,1,1,UPI,1,Mobile,South India,4,0
OTT01754,28,Female,Basic,1,0,1,0,1,1,4,19.7,2.6,26,4,419.72,5,1,Debit Card,1,Laptop,West India,2,0
OTT01755,50,Female,Mobile,0,0,0,0,1,1,2,23.0,1.1,4,41,422.18,1,2,UPI,0,Smart TV,South India,3,0
OTT01756,39,Female,Standard,0,0,1,0,1,1,3,13.0,0.5,49,11,615.01,3,2,Debit Card,1,Mobile,Central India,3,1
OTT01757,26,Male,Basic,0,1,0,0,0,1,2,39.4,1.0,22,1,403.61,2,1,Credit Card,0,Smart TV,West India,5,0
OTT01758,32,Female,Premium,1,1,1,1,1,1,6,9.6,1.2,16,49,569.63,4,1,Debit Card,0,Smart TV,North India,5,0
OTT01759,23,Male,Standard,1,1,0,1,1,1,5,29.2,1.5,28,49,506.9,5,0,UPI,1,Smart TV,Central India,4,0
OTT01760,51,Female,Mobile,1,0,1,1,1,1,5,17.1,2.6,22,35,593.28,3,1,UPI,0,Smart TV,Central India,2,0
OTT01761,58,Female,Standard,1,0,0,0,0,1,2,24.7,1.3,24,2,182.12,1,0,Wallet,1,Laptop,South India,3,0
OTT01762,22,Female,Premium,0,1,0,0,0,1,2,48.9,0.8,16,29,210.81,5,0,Wallet,0,Mobile,East India,2,0
OTT01763,28,Male,Premium,0,0,0,1,0,1,2,48.3,1.0,2,27,865.69,5,3,Credit Card,1,Laptop,South India,5,0
OTT01764,54,Male,Standard,0,0,0,0,1,0,1,42.0,1.7,37,46,486.4,1,0,UPI,1,Tablet,West India,3,0
OTT01765,55,Female,Mobile,0,1,1,0,0,0,2,53.8,1.8,45,52,702.52,1,1,UPI,0,Mobile,North India,1,1
OTT01766,50,Other,Standard,0,0,0,1,0,0,1,76.7,4.1,58,29,756.4,1,3,UPI,0,Laptop,East India,5,1
OTT01767,48,Male,Standard,1,1,1,1,1,1,6,39.5,1.2,8,42,667.66,3,1,Credit Card,0,Smart TV,South India,3,0
OTT01768,55,Female,Standard,0,0,0,1,0,0,1,31.6,0.8,10,29,270.08,2,0,Wallet,0,Laptop,South India,1,0
OTT01769,34,Male,Basic,1,0,0,0,1,0,2,13.1,0.2,25,56,99.0,5,0,UPI,1,Smart TV,Central India,5,0
OTT01770,56,Male,Premium,1,1,1,0,0,1,4,34.7,0.3,47,55,529.51,3,1,Debit Card,1,Laptop,West India,5,0
OTT01771,56,Other,Standard,0,1,0,1,1,0,3,25.5,2.0,38,44,655.99,5,2,Debit Card,1,Laptop,West India,2,0
OTT01772,27,Female,Basic,0,1,0,1,1,1,4,59.9,0.9,40,35,1037.17,4,2,Debit Card,0,Smart TV,North India,5,0
OTT01773,21,Other,Basic,0,0,1,1,1,0,3,37.6,3.1,32,30,1197.1,5,1,UPI,0,Laptop,East India,4,0
OTT01774,40,Male,Basic,0,1,1,1,1,1,5,11.2,0.3,60,39,743.13,2,0,Debit Card,1,Laptop,West India,5,0
OTT01775,50,Female,Basic,1,1,0,0,0,1,3,28.6,1.0,23,22,621.43,4,0,Credit Card,0,Mobile,West India,3,0
OTT01776,54,Female,Basic,1,0,0,0,1,1,3,40.3,2.5,6,39,621.71,4,1,Debit Card,1,Tablet,South India,1,0
OTT01777,24,Female,Standard,0,0,1,1,1,1,4,25.2,3.4,29,2,630.21,5,1,Debit Card,1,Smart TV,East India,3,0
OTT01778,34,Male,Basic,1,0,0,1,0,1,3,75.5,2.2,55,17,451.66,4,4,Wallet,1,Mobile,West India,4,0
OTT01779,51,Female,Basic,0,0,1,0,1,0,2,36.7,2.7,33,44,1023.25,2,0,Net Banking,1,Smart TV,North India,1,0
OTT01780,20,Male,Mobile,0,0,1,0,1,1,3,13.4,0.8,49,60,527.74,3,1,UPI,1,Laptop,South India,4,0
OTT01781,49,Female,Basic,0,1,0,0,0,1,2,12.7,1.2,42,12,739.6,2,1,Net Banking,0,Fire TV,South India,5,0
OTT01782,30,Female,Basic,1,1,0,1,0,1,4,14.7,3.5,55,3,735.37,3,1,Debit Card,1,Smart TV,Central India,1,1
OTT01783,18,Male,Basic,0,0,0,0,1,1,2,17.7,0.7,37,22,99.0,3,1,Credit Card,1,Smart TV,Central India,1,0
OTT01784,28,Male,Standard,0,0,1,0,1,0,2,24.5,1.5,45,20,356.18,4,3,UPI,0,Laptop,West India,2,1
OTT01785,49,Female,Standard,0,1,0,1,0,0,2,29.8,2.3,37,60,741.17,1,4,UPI,1,Laptop,North India,3,0
OTT01786,55,Female,Standard,1,1,0,1,1,1,5,49.0,3.2,17,21,992.11,5,2,UPI,0,Tablet,North India,5,0
OTT01787,21,Male,Mobile,0,1,1,0,0,0,2,39.6,1.4,2,56,699.51,2,2,UPI,1,Laptop,South India,4,0
OTT01788,37,Male,Basic,1,1,1,1,0,0,4,19.8,1.1,25,59,835.97,2,0,Credit Card,0,Laptop,South India,1,0
OTT01789,26,Female,Mobile,1,1,0,1,1,1,5,19.9,1.9,57,1,338.63,3,0,UPI,1,Tablet,South India,1,1
OTT01790,47,Male,Basic,0,0,1,0,0,0,1,38.4,4.3,6,36,657.56,2,1,UPI,1,Mobile,West India,5,0
OTT01791,51,Female,Standard,1,1,0,0,1,1,4,17.6,1.9,14,17,320.6,3,1,Credit Card,1,Mobile,West India,1,0
OTT01792,59,Female,Standard,0,0,0,0,1,1,2,32.9,2.0,0,23,866.93,3,3,UPI,1,Smart TV,North India,3,0
OTT01793,33,Male,Standard,1,1,0,0,0,0,2,8.7,1.3,25,26,661.99,1,0,Credit Card,1,Smart TV,South India,5,0
OTT01794,30,Female,Basic,1,1,0,1,1,0,4,30.5,0.8,57,20,1135.89,2,1,Credit Card,1,Fire TV,Central India,1,1
OTT01795,31,Female,Basic,1,0,1,1,1,1,5,28.2,1.1,26,11,643.9,1,0,Credit Card,1,Smart TV,Central India,1,1
OTT01796,50,Female,Premium,0,1,1,0,0,0,2,17.8,1.3,50,6,207.88,1,0,UPI,1,Smart TV,North India,3,1
OTT01797,37,Female,Basic,1,1,0,0,0,1,3,10.4,1.1,36,9,741.78,5,3,Credit Card,1,Smart TV,West India,2,0
OTT01798,18,Male,Mobile,0,1,0,1,0,0,2,9.3,1.4,4,2,521.38,5,2,Credit Card,0,Laptop,North India,2,0
OTT01799,58,Male,Mobile,0,1,0,1,0,1,3,27.0,2.0,18,25,916.54,3,0,Credit Card,1,Smart TV,South India,1,0
OTT01800,22,Female,Premium,0,1,0,0,1,1,3,29.6,0.9,27,10,446.17,2,0,Debit Card,1,Laptop,South India,4,0
OTT01801,57,Male,Premium,0,0,0,1,1,1,3,6.1,2.6,19,12,1000.16,4,4,UPI,0,Tablet,South India,1,0
OTT01802,24,Male,Basic,0,1,0,1,1,0,3,6.0,1.9,17,28,261.05,3,4,Debit Card,0,Mobile,Central India,1,0
OTT01803,41,Male,Mobile,0,0,0,1,1,0,2,11.9,1.5,36,36,1045.31,5,0,Wallet,1,Mobile,South India,5,0
OTT01804,31,Female,Standard,1,1,0,0,1,1,4,13.0,1.3,18,18,265.7,1,2,Debit Card,0,Smart TV,South India,2,0
OTT01805,47,Male,Basic,1,1,0,1,0,1,4,15.2,0.7,52,29,429.44,5,1,Debit Card,0,Smart TV,East India,1,0
OTT01806,35,Female,Mobile,1,0,1,1,0,1,4,27.1,2.1,54,60,840.15,4,1,Credit Card,0,Laptop,West India,5,0
OTT01807,33,Female,Basic,0,0,0,0,0,1,1,42.2,5.5,1,54,1249.58,5,0,Wallet,1,Laptop,South India,4,0
OTT01808,38,Male,Basic,0,1,0,1,1,0,3,42.6,3.3,60,17,673.67,3,1,Wallet,1,Laptop,South India,1,0
OTT01809,59,Female,Basic,0,0,0,1,1,1,3,34.9,2.2,34,43,256.93,4,1,UPI,1,Laptop,West India,3,0
OTT01810,28,Male,Standard,0,0,1,0,0,0,1,41.5,3.6,25,51,99.0,1,0,Credit Card,1,Mobile,South India,4,0
OTT01811,27,Female,Standard,1,0,0,0,0,1,2,13.3,1.0,33,34,916.62,4,0,Credit Card,0,Laptop,West India,1,0
OTT01812,20,Female,Standard,0,1,0,0,1,1,3,34.4,0.8,49,52,1111.37,2,0,UPI,1,Mobile,North India,4,0
OTT01813,49,Female,Mobile,0,1,0,1,1,1,4,37.0,1.4,7,20,956.01,1,1,UPI,1,Smart TV,South India,1,0
OTT01814,47,Female,Mobile,0,1,1,0,0,0,2,8.0,1.5,10,13,697.14,4,1,Credit Card,0,Smart TV,North India,4,0
OTT01815,44,Female,Premium,0,1,1,1,0,1,4,49.3,3.1,2,26,436.05,2,2,Credit Card,1,Mobile,North India,1,0
OTT01816,19,Female,Basic,0,0,0,1,1,1,3,38.0,2.6,46,14,793.42,5,1,UPI,1,Smart TV,Central India,2,0
OTT01817,51,Female,Basic,1,1,0,1,0,1,4,16.5,0.2,48,37,747.88,2,0,Debit Card,1,Mobile,East India,5,1
OTT01818,52,Male,Mobile,0,1,1,0,0,1,3,7.0,2.6,3,43,1203.57,1,0,Credit Card,1,Mobile,West India,2,0
OTT01819,58,Female,Basic,0,1,0,1,1,0,3,26.7,1.3,50,54,794.63,2,1,Credit Card,1,Smart TV,North India,3,0
OTT01820,57,Female,Standard,1,0,0,0,1,1,3,19.7,1.9,20,58,897.8,1,2,Credit Card,1,Mobile,East India,5,0
OTT01821,29,Male,Basic,1,1,1,1,0,1,5,10.2,1.4,2,30,616.28,5,0,UPI,1,Mobile,West India,4,0
OTT01822,48,Other,Standard,0,0,1,1,1,0,3,24.2,0.9,34,32,373.27,5,2,Credit Card,1,Fire TV,East India,5,0
OTT01823,35,Female,Basic,0,0,1,1,1,0,3,17.8,1.8,41,1,638.43,4,0,Credit Card,0,Fire TV,North India,1,1
OTT01824,43,Female,Standard,1,1,1,0,0,0,3,38.2,0.9,3,23,99.0,4,2,UPI,1,Mobile,South India,3,0
OTT01825,32,Male,Standard,0,0,1,1,1,1,4,5.8,1.3,15,18,644.06,2,1,Net Banking,1,Smart TV,South India,5,0
OTT01826,46,Female,Basic,0,0,0,0,1,0,1,40.4,0.8,7,2,736.94,5,1,Credit Card,0,Smart TV,North India,5,0
OTT01827,58,Female,Standard,1,0,1,1,0,0,3,23.1,0.6,14,3,492.66,4,1,UPI,1,Mobile,East India,2,1
OTT01828,46,Male,Premium,0,0,1,1,1,0,3,34.6,5.4,19,48,748.89,1,0,Net Banking,0,Smart TV,South India,2,0
OTT01829,57,Female,Mobile,1,1,1,0,1,1,5,51.6,1.0,55,7,950.38,3,2,Debit Card,0,Laptop,West India,4,0
OTT01830,58,Female,Standard,1,0,0,0,1,1,3,30.1,1.3,28,16,685.43,4,1,Credit Card,0,Mobile,Central India,3,0
OTT01831,23,Male,Standard,0,0,1,0,1,1,3,40.0,3.3,37,38,622.28,1,0,Credit Card,0,Smart TV,West India,4,0
OTT01832,59,Female,Standard,1,1,1,1,1,1,6,8.7,1.6,13,12,539.25,2,0,Debit Card,1,Mobile,South India,5,0
OTT01833,53,Male,Mobile,0,1,1,1,0,0,3,9.4,0.7,36,35,577.39,1,2,Debit Card,1,Laptop,East India,2,0
OTT01834,36,Female,Mobile,1,0,0,0,1,0,2,19.5,0.7,19,13,1202.63,2,0,Credit Card,0,Smart TV,West India,2,0
OTT01835,43,Female,Basic,1,0,0,0,1,0,2,15.9,0.7,26,22,426.9,1,0,UPI,1,Laptop,North India,3,0
OTT01836,44,Male,Mobile,0,0,0,0,0,1,1,31.5,4.3,10,41,471.77,3,2,UPI,1,Smart TV,Central India,3,0
OTT01837,51,Female,Basic,1,0,0,0,0,0,1,31.5,0.2,38,50,914.4,1,1,Wallet,1,Mobile,South India,1,0
OTT01838,52,Male,Premium,0,0,0,1,1,1,3,45.4,0.6,6,25,433.65,2,2,UPI,1,Mobile,North India,5,0
OTT01839,22,Male,Basic,1,1,1,0,1,0,4,23.0,1.1,25,36,895.89,2,0,Credit Card,1,Mobile,South India,4,0
OTT01840,18,Female,Basic,1,1,0,1,0,1,4,8.7,1.1,25,49,387.71,3,0,UPI,1,Smart TV,West India,5,0
OTT01841,28,Male,Basic,0,0,0,1,0,0,1,45.7,1.0,22,49,646.92,3,1,UPI,0,Mobile,South India,1,0
OTT01842,40,Male,Basic,1,0,0,0,1,1,3,44.4,2.1,13,6,909.89,2,3,Debit Card,0,Smart TV,West India,1,0
OTT01843,54,Male,Standard,1,0,0,0,1,0,2,19.7,1.7,7,4,306.31,3,1,UPI,1,Smart TV,Central India,3,0
OTT01844,46,Female,Premium,1,1,1,1,0,1,5,45.2,0.8,39,42,855.09,4,1,Debit Card,1,Tablet,West India,2,0
OTT01845,23,Female,Basic,1,0,1,0,0,0,2,8.0,1.0,57,30,902.18,4,0,Credit Card,1,Laptop,East India,3,1
OTT01846,48,Male,Basic,0,1,0,1,1,0,3,20.6,6.4,13,53,575.62,2,1,Wallet,1,Laptop,North India,1,0
OTT01847,38,Male,Basic,0,0,0,1,0,1,2,11.6,1.8,6,36,1008.69,5,0,Debit Card,1,Laptop,South India,3,0
OTT01848,33,Male,Premium,1,1,0,1,0,1,4,39.5,0.1,11,52,601.52,1,1,UPI,0,Laptop,South India,3,0
OTT01849,51,Male,Basic,1,0,1,1,0,0,3,16.1,0.7,18,47,621.11,3,1,Debit Card,1,Smart TV,South India,5,0
OTT01850,30,Male,Basic,1,1,0,0,1,1,4,42.3,1.0,22,11,850.3,4,0,Debit Card,1,Smart TV,South India,1,0
OTT01851,44,Female,Basic,1,0,0,0,1,0,2,11.0,5.3,18,53,995.51,4,0,Credit Card,0,Smart TV,South India,5,0
OTT01852,25,Female,Mobile,1,1,0,1,1,1,5,68.4,1.0,6,36,99.0,5,1,Wallet,1,Tablet,North India,4,0
OTT01853,34,Male,Basic,0,1,1,1,0,0,3,19.4,1.1,45,6,99.0,2,1,Net Banking,0,Laptop,North India,5,0
OTT01854,41,Female,Premium,1,0,1,1,0,1,4,18.2,0.3,2,58,289.4,5,2,UPI,1,Mobile,North India,4,0
OTT01855,44,Female,Mobile,1,1,1,1,1,0,5,37.8,1.5,19,14,824.64,5,0,UPI,1,Tablet,West India,5,0
OTT01856,57,Male,Basic,1,1,1,1,1,1,6,30.0,2.4,46,48,711.63,3,1,UPI,1,Smart TV,South India,2,0
OTT01857,30,Male,Basic,1,0,0,0,1,0,2,19.6,1.4,36,23,122.55,3,1,UPI,0,Smart TV,South India,4,0
OTT01858,56,Female,Basic,0,0,0,1,1,0,2,17.8,1.0,10,52,1193.11,3,0,Credit Card,1,Smart TV,West India,3,0
OTT01859,53,Male,Premium,0,1,0,1,0,0,2,57.0,1.3,7,6,809.36,2,0,UPI,0,Smart TV,North India,5,0
OTT01860,33,Female,Standard,1,0,0,0,1,0,2,22.2,2.4,37,56,577.57,2,0,UPI,0,Mobile,Central India,1,0
OTT01861,24,Female,Premium,0,0,1,0,1,1,3,22.8,1.2,0,30,790.82,2,1,Credit Card,1,Smart TV,South India,2,0
OTT01862,29,Female,Premium,1,1,1,1,1,1,6,11.0,1.2,18,7,562.8,3,1,Debit Card,1,Mobile,East India,5,0
OTT01863,46,Male,Standard,1,1,1,1,1,1,6,50.2,1.9,51,28,955.77,5,0,Wallet,1,Mobile,North India,3,0
OTT01864,51,Male,Standard,1,0,0,1,1,0,3,13.3,0.9,19,12,1027.75,1,0,UPI,1,Mobile,West India,4,0
OTT01865,44,Female,Standard,1,0,0,1,1,0,3,12.4,0.7,20,32,1088.86,1,1,UPI,1,Mobile,North India,4,0
OTT01866,49,Male,Standard,1,1,1,1,0,1,5,40.6,0.3,9,48,786.32,4,2,Credit Card,1,Laptop,West India,4,0
OTT01867,22,Male,Standard,1,0,1,1,1,1,5,2.2,1.3,27,7,681.17,4,1,UPI,0,Laptop,South India,1,0
OTT01868,39,Female,Standard,0,1,0,0,1,0,2,26.4,0.9,14,48,939.75,4,0,UPI,1,Smart TV,South India,5,0
OTT01869,55,Male,Basic,1,1,0,0,0,1,3,18.1,2.6,1,49,1126.09,2,0,UPI,1,Smart TV,North India,3,0
OTT01870,34,Female,Standard,1,1,1,0,1,0,4,21.0,1.2,34,7,577.08,5,2,Credit Card,1,Mobile,West India,5,0
OTT01871,56,Female,Mobile,1,0,0,0,1,0,2,13.6,2.4,0,51,1057.98,1,0,Credit Card,0,Laptop,North India,2,0
OTT01872,23,Female,Standard,1,0,0,1,0,1,3,15.9,2.1,35,52,496.35,4,3,Credit Card,1,Smart TV,Central India,2,0
OTT01873,60,Male,Standard,1,1,1,1,1,1,6,6.2,0.3,12,38,430.25,5,3,Credit Card,1,Mobile,North India,3,0
OTT01874,51,Female,Standard,1,1,1,1,1,1,6,37.8,0.5,17,19,754.39,1,1,Wallet,1,Laptop,South India,3,0
OTT01875,44,Female,Standard,1,1,1,0,1,1,5,19.6,4.5,5,11,444.04,5,1,Debit Card,1,Mobile,West India,1,0
OTT01876,44,Male,Standard,0,0,1,1,1,1,4,42.3,0.9,12,56,119.03,5,0,UPI,0,Tablet,South India,2,1
OTT01877,58,Female,Standard,0,1,0,0,1,0,2,73.4,1.8,22,48,596.95,2,2,UPI,1,Smart TV,East India,3,0
OTT01878,34,Male,Basic,0,0,1,0,1,0,2,11.2,1.3,20,4,1327.86,2,1,Credit Card,0,Mobile,South India,4,1
OTT01879,25,Male,Basic,0,1,0,1,1,0,3,33.6,0.3,59,16,130.46,2,1,Credit Card,1,Laptop,East India,5,1
OTT01880,57,Female,Mobile,0,1,1,0,0,1,3,12.2,0.7,5,37,893.57,4,0,Debit Card,1,Mobile,South India,2,0
OTT01881,22,Male,Mobile,1,1,0,0,0,1,3,14.6,0.6,29,37,579.94,4,4,Credit Card,1,Mobile,West India,1,0
OTT01882,46,Male,Basic,1,0,1,0,1,0,3,22.1,2.3,32,60,454.08,2,1,Credit Card,0,Mobile,North India,4,0
OTT01883,29,Female,Standard,0,0,0,1,1,1,3,66.9,0.7,59,42,414.6,4,2,UPI,0,Smart TV,South India,1,0
OTT01884,57,Male,Standard,1,1,1,0,0,1,4,18.7,2.0,50,36,678.1,3,1,Credit Card,1,Mobile,East India,4,0
OTT01885,59,Female,Basic,0,0,0,1,1,0,2,21.7,0.5,37,21,571.97,2,0,UPI,1,Smart TV,Central India,1,1
OTT01886,38,Male,Premium,0,0,0,1,0,1,2,26.4,0.1,38,7,820.17,4,0,Credit Card,1,Mobile,South India,2,0
OTT01887,40,Female,Basic,0,0,0,0,1,1,2,21.5,1.5,54,17,1269.74,3,1,UPI,1,Smart TV,North India,1,0
OTT01888,37,Female,Standard,0,1,0,0,0,1,2,11.2,1.9,1,6,715.67,4,1,Debit Card,0,Mobile,West India,5,0
OTT01889,36,Male,Basic,1,1,1,1,0,1,5,44.3,1.1,48,58,479.97,4,1,UPI,0,Laptop,South India,4,0
OTT01890,58,Female,Standard,0,1,0,1,0,1,3,17.5,1.5,16,35,759.85,2,1,Credit Card,1,Mobile,West India,1,0
OTT01891,30,Male,Basic,0,0,1,1,0,0,2,8.5,0.4,38,26,470.83,2,1,Wallet,1,Laptop,North India,1,0
OTT01892,59,Male,Mobile,0,0,1,1,1,1,4,27.8,1.1,28,44,521.62,3,0,UPI,1,Laptop,East India,2,0
OTT01893,45,Male,Basic,1,0,1,0,1,0,3,45.9,2.6,28,39,459.48,1,2,UPI,1,Smart TV,South India,3,0
OTT01894,59,Male,Standard,0,1,0,0,0,0,1,13.5,4.6,55,49,917.21,1,2,Debit Card,0,Smart TV,Central India,1,1
OTT01895,44,Male,Premium,0,1,0,1,0,0,2,19.8,1.3,53,3,895.05,1,4,Wallet,1,Smart TV,West India,4,1
OTT01896,53,Female,Standard,1,0,0,0,0,1,2,22.6,1.8,10,35,601.72,3,1,Wallet,1,Mobile,Central India,2,0
OTT01897,39,Female,Standard,0,1,0,1,1,1,4,16.6,2.7,24,1,241.5,4,1,Debit Card,1,Smart TV,North India,4,0
OTT01898,37,Other,Mobile,0,0,0,0,1,1,2,23.1,1.6,4,19,401.25,5,0,Credit Card,0,Smart TV,South India,4,0
OTT01899,29,Female,Standard,1,0,0,0,0,0,1,55.9,1.9,14,21,638.25,4,1,UPI,1,Mobile,South India,5,0
OTT01900,27,Male,Premium,0,0,0,0,1,0,1,23.4,3.7,32,7,978.86,3,1,Credit Card,1,Mobile,North India,1,0
OTT01901,19,Male,Basic,0,1,1,0,1,0,3,31.4,1.8,14,57,99.0,4,0,Debit Card,1,Laptop,North India,2,0
OTT01902,34,Male,Standard,1,0,0,0,0,0,1,18.2,1.1,34,40,719.07,3,1,UPI,0,Smart TV,South India,1,0
OTT01903,60,Female,Mobile,0,1,1,1,1,1,5,27.4,3.6,34,49,839.86,5,1,UPI,0,Smart TV,West India,5,0
OTT01904,58,Female,Mobile,0,1,0,0,1,0,2,29.5,1.7,59,34,846.65,3,3,UPI,0,Laptop,North India,2,0
OTT01905,47,Male,Mobile,1,0,1,1,0,0,3,36.5,0.5,45,30,851.2,5,1,Credit Card,1,Laptop,East India,5,0
OTT01906,33,Male,Standard,0,0,1,1,0,1,3,17.1,1.2,33,16,947.53,1,0,UPI,1,Smart TV,East India,5,0
OTT01907,40,Male,Standard,1,1,1,0,0,0,3,20.3,4.9,8,14,587.66,2,0,Wallet,1,Mobile,West India,2,0
OTT01908,50,Female,Mobile,0,0,0,0,1,0,1,38.7,2.8,1,58,860.9,3,0,Net Banking,1,Smart TV,West India,2,0
OTT01909,18,Male,Premium,0,1,1,0,1,1,4,18.1,0.9,48,56,133.01,2,1,Wallet,0,Fire TV,Central India,1,1
OTT01910,57,Female,Premium,1,1,1,1,0,1,5,11.2,3.1,40,34,525.66,5,0,Wallet,1,Mobile,West India,5,0
OTT01911,55,Male,Standard,0,1,0,0,0,0,1,16.6,1.2,54,52,747.2,2,4,UPI,1,Smart TV,North India,3,0
OTT01912,59,Male,Premium,0,0,0,1,0,1,2,38.0,0.8,12,47,512.43,5,1,Wallet,1,Mobile,South India,3,0
OTT01913,22,Male,Premium,0,1,1,1,1,1,5,41.2,2.7,33,45,366.53,2,2,UPI,1,Smart TV,North India,4,0
OTT01914,58,Female,Basic,1,1,1,0,0,0,3,34.1,0.5,49,37,470.27,1,0,UPI,1,Mobile,Central India,2,0
OTT01915,44,Female,Premium,0,0,0,1,1,0,2,45.1,0.8,21,23,836.13,5,0,Debit Card,0,Tablet,West India,5,0
OTT01916,41,Male,Basic,0,1,0,0,1,0,2,53.5,1.5,26,10,619.55,4,2,Debit Card,0,Mobile,South India,5,0
OTT01917,25,Male,Mobile,0,1,1,1,1,0,4,70.8,1.7,47,28,639.49,3,1,UPI,1,Mobile,Central India,3,1
OTT01918,39,Male,Basic,1,0,1,0,1,1,4,35.2,2.4,52,56,758.83,3,2,UPI,1,Smart TV,North India,5,1
OTT01919,33,Male,Standard,1,1,1,0,0,0,3,21.4,0.6,29,7,726.2,3,0,UPI,1,Mobile,South India,4,0
OTT01920,60,Male,Premium,1,1,1,1,1,1,6,9.0,1.6,10,35,1061.51,5,2,Debit Card,1,Smart TV,East India,5,0
OTT01921,32,Male,Basic,1,1,0,0,0,1,3,10.6,0.2,52,29,980.73,5,2,Credit Card,1,Mobile,Central India,1,0
OTT01922,27,Female,Standard,0,1,0,0,0,1,2,14.1,0.2,36,39,770.23,3,1,Debit Card,0,Mobile,North India,1,1
OTT01923,58,Female,Basic,0,1,0,0,1,1,3,42.1,0.8,26,43,573.21,4,0,UPI,0,Smart TV,West India,5,0
OTT01924,26,Female,Premium,0,1,0,0,0,1,2,14.7,2.4,42,32,1030.8,2,1,Credit Card,0,Fire TV,North India,2,0
OTT01925,56,Female,Mobile,0,1,0,0,0,1,2,14.6,2.0,22,36,1124.25,3,3,UPI,1,Smart TV,West India,5,0
OTT01926,59,Other,Standard,0,0,0,0,1,0,1,15.6,1.2,2,47,222.58,1,3,Credit Card,0,Smart TV,South India,4,0
OTT01927,31,Female,Standard,0,1,0,0,1,0,2,23.1,0.3,33,13,630.83,2,1,Debit Card,1,Tablet,North India,5,0
OTT01928,47,Male,Mobile,0,1,1,0,1,1,4,27.9,1.7,28,57,601.81,4,1,Net Banking,1,Fire TV,South India,1,0
OTT01929,52,Male,Premium,0,0,0,0,1,0,1,27.8,7.3,56,31,385.04,2,1,Net Banking,0,Fire TV,North India,3,1
OTT01930,41,Male,Premium,0,1,0,0,1,1,3,15.9,1.4,41,20,515.33,4,4,UPI,1,Laptop,West India,5,0
OTT01931,47,Female,Basic,0,0,1,1,1,1,4,40.6,0.5,56,54,548.82,5,1,Credit Card,1,Smart TV,South India,1,0
OTT01932,23,Male,Standard,0,0,1,0,1,1,3,22.1,1.3,38,52,953.48,5,2,Debit Card,1,Smart TV,North India,2,0
OTT01933,40,Male,Premium,0,1,1,1,1,0,4,37.5,0.3,24,11,265.17,2,1,UPI,1,Mobile,East India,2,0
OTT01934,40,Female,Mobile,0,1,1,0,1,1,4,24.0,0.9,6,8,723.24,1,1,UPI,1,Laptop,Central India,4,0
OTT01935,42,Female,Mobile,0,1,1,0,1,1,4,15.6,2.3,53,51,437.73,5,0,UPI,1,Fire TV,South India,2,0
OTT01936,58,Female,Standard,0,0,0,1,0,0,1,18.5,3.5,2,26,999.43,5,3,Credit Card,1,Tablet,West India,3,0
OTT01937,53,Female,Standard,1,1,0,1,0,0,3,13.6,1.1,58,60,683.9,5,2,Net Banking,1,Tablet,South India,5,0
OTT01938,43,Female,Standard,0,0,1,0,1,1,3,8.3,0.4,13,54,917.74,1,0,UPI,1,Mobile,East India,1,0
OTT01939,35,Female,Standard,0,0,1,0,0,1,2,25.7,2.4,36,7,681.27,1,3,Wallet,1,Smart TV,North India,5,0
OTT01940,35,Male,Standard,0,0,1,0,0,0,1,12.2,1.7,14,35,200.46,3,0,UPI,1,Mobile,North India,4,0
OTT01941,18,Female,Mobile,0,0,1,0,1,0,2,9.8,1.3,28,34,506.0,4,0,Debit Card,0,Mobile,East India,1,0
OTT01942,41,Female,Basic,1,0,1,1,0,0,3,36.4,1.5,36,3,1136.08,3,4,Credit Card,1,Mobile,West India,3,0
OTT01943,28,Male,Basic,0,1,1,0,1,0,3,46.7,1.1,45,20,816.06,1,2,UPI,0,Smart TV,North India,5,1
OTT01944,56,Female,Basic,0,1,0,0,0,1,2,14.7,1.4,1,23,1216.95,1,1,Net Banking,1,Mobile,West India,4,0
OTT01945,51,Female,Standard,0,1,0,1,1,1,4,100.0,1.6,58,36,1084.75,2,0,UPI,1,Smart TV,Central India,5,0
OTT01946,57,Female,Premium,1,1,0,1,1,1,5,35.8,1.7,16,44,481.99,4,1,UPI,1,Smart TV,North India,2,0
OTT01947,60,Female,Basic,0,1,1,0,0,0,2,25.5,1.5,42,9,285.17,2,1,UPI,0,Mobile,North India,3,0
OTT01948,35,Male,Standard,1,1,0,1,1,1,5,6.1,0.7,14,20,965.58,2,2,Net Banking,1,Mobile,North India,4,0
OTT01949,36,Male,Basic,0,0,0,0,1,0,1,31.1,4.4,59,25,945.33,3,0,Debit Card,0,Laptop,South India,4,0
OTT01950,44,Male,Basic,0,1,1,1,1,1,5,11.2,1.3,51,15,662.48,5,0,UPI,1,Smart TV,East India,5,0
OTT01951,36,Female,Premium,1,1,1,1,1,1,6,12.4,0.3,8,52,244.86,3,1,Debit Card,1,Fire TV,South India,3,0
OTT01952,30,Female,Basic,0,1,0,0,0,0,1,32.9,1.2,21,49,501.54,3,1,Net Banking,1,Smart TV,East India,1,0
OTT01953,48,Other,Standard,1,1,0,1,0,1,4,63.6,1.2,25,7,699.0,2,1,Credit Card,1,Fire TV,South India,5,0
OTT01954,37,Female,Mobile,1,1,1,1,1,1,6,26.2,0.8,43,15,868.74,1,1,UPI,1,Laptop,Central India,5,0
OTT01955,58,Female,Basic,1,1,1,1,0,1,5,40.4,0.6,55,18,372.94,4,2,Credit Card,1,Mobile,West India,3,1
OTT01956,27,Male,Standard,1,1,1,1,1,1,6,62.9,1.6,50,13,940.34,3,0,Credit Card,0,Laptop,North India,5,0
OTT01957,37,Male,Standard,0,1,0,1,1,0,3,8.2,1.6,18,10,875.16,1,1,Credit Card,1,Mobile,South India,2,0
OTT01958,40,Male,Standard,0,0,0,0,0,1,1,33.2,0.5,43,42,879.06,5,2,Wallet,1,Laptop,East India,4,0
OTT01959,57,Female,Premium,1,1,0,1,1,1,5,47.6,1.6,54,52,800.84,3,1,Credit Card,0,Smart TV,East India,4,0
OTT01960,42,Male,Premium,1,0,0,0,1,1,3,43.5,1.9,6,42,99.0,5,4,Debit Card,1,Mobile,East India,2,0
OTT01961,20,Female,Standard,0,1,1,1,0,0,3,45.7,0.5,12,42,738.87,2,2,Debit Card,1,Smart TV,West India,3,0
OTT01962,32,Female,Basic,1,1,0,0,1,0,3,17.1,1.2,45,1,543.13,4,1,Credit Card,1,Mobile,Central India,4,0
OTT01963,56,Male,Basic,0,0,0,1,1,1,3,28.4,4.4,23,6,813.27,2,3,UPI,0,Laptop,North India,1,0
OTT01964,29,Female,Standard,0,0,0,1,0,1,2,47.9,2.2,51,34,204.81,5,1,Debit Card,1,Smart TV,South India,3,0
OTT01965,32,Female,Standard,1,1,0,1,0,1,4,32.5,2.2,52,39,99.0,4,2,UPI,1,Laptop,East India,1,0
OTT01966,24,Female,Basic,0,0,0,1,0,0,1,10.3,2.2,22,4,816.86,4,1,Credit Card,1,Mobile,West India,3,0
OTT01967,48,Male,Basic,1,1,0,0,1,1,4,11.7,3.0,60,44,400.87,2,2,Credit Card,0,Laptop,North India,4,1
OTT01968,24,Male,Mobile,1,0,1,1,1,1,5,44.2,0.8,54,55,99.0,1,2,Credit Card,1,Mobile,East India,3,1
OTT01969,33,Male,Mobile,0,0,1,0,1,1,3,3.2,0.3,16,39,353.96,4,0,Wallet,1,Smart TV,West India,3,0
OTT01970,48,Female,Basic,1,0,1,1,0,0,3,33.7,1.1,42,45,603.97,2,1,UPI,1,Mobile,West India,4,0
OTT01971,56,Female,Premium,0,0,0,0,1,1,2,37.5,0.9,26,45,965.45,4,1,UPI,0,Smart TV,East India,2,0
OTT01972,27,Female,Standard,1,1,1,1,1,1,6,30.3,1.0,43,45,660.83,1,0,Credit Card,1,Mobile,South India,3,0
OTT01973,32,Female,Premium,0,1,1,1,1,0,4,37.6,2.3,31,32,488.43,2,0,UPI,0,Laptop,North India,1,1
OTT01974,23,Male,Standard,1,1,1,0,0,0,3,37.4,0.8,33,45,577.63,3,1,Net Banking,0,Smart TV,South India,4,0
OTT01975,36,Other,Basic,0,0,1,0,0,1,2,4.1,4.5,34,1,861.73,3,1,Credit Card,1,Fire TV,West India,1,0
OTT01976,60,Male,Standard,1,0,0,1,0,0,2,6.5,0.2,23,12,804.27,2,1,Credit Card,1,Smart TV,West India,1,1
OTT01977,31,Male,Premium,0,1,0,1,1,0,3,14.8,3.2,33,29,850.62,3,0,Debit Card,1,Tablet,South India,3,0
OTT01978,29,Female,Standard,1,0,1,1,1,1,5,30.2,0.4,19,7,1138.91,4,2,Credit Card,0,Mobile,South India,1,0
OTT01979,35,Female,Standard,1,0,0,1,1,1,4,28.4,2.2,50,28,663.36,1,1,UPI,1,Mobile,North India,2,0
OTT01980,56,Female,Standard,1,1,0,0,0,0,2,11.9,2.1,48,27,847.96,1,2,UPI,1,Mobile,North India,5,1
OTT01981,41,Female,Mobile,0,1,1,1,1,1,5,49.4,1.2,19,29,99.0,3,1,Net Banking,1,Laptop,South India,4,0
OTT01982,44,Male,Basic,0,1,1,0,1,0,3,72.6,2.4,51,42,700.54,1,3,Credit Card,1,Smart TV,West India,5,1
OTT01983,51,Male,Mobile,1,1,1,1,0,1,5,37.4,0.7,31,22,272.0,1,0,UPI,1,Tablet,South India,4,0
OTT01984,48,Male,Basic,0,0,1,0,0,1,2,28.1,0.6,20,60,473.45,5,0,Net Banking,0,Mobile,North India,4,0
OTT01985,43,Female,Premium,1,0,1,0,0,1,3,30.5,2.3,20,3,521.5,1,1,Credit Card,1,Mobile,East India,5,0
OTT01986,42,Male,Basic,1,0,1,1,1,1,5,15.7,0.9,38,17,648.9,5,2,Debit Card,1,Laptop,Central India,2,0
OTT01987,40,Male,Mobile,1,0,0,0,1,0,2,9.9,4.2,47,53,486.83,3,1,UPI,1,Smart TV,Central India,5,1
OTT01988,25,Male,Standard,1,1,1,1,0,0,4,41.0,2.3,44,55,542.9,2,1,UPI,0,Tablet,South India,5,0
OTT01989,35,Female,Premium,1,1,1,1,1,1,6,37.2,1.8,38,54,832.03,4,2,Credit Card,0,Fire TV,Central India,5,0
OTT01990,54,Female,Standard,1,0,0,0,0,1,2,41.2,1.0,13,5,674.66,1,0,Credit Card,0,Smart TV,West India,2,0
OTT01991,19,Male,Basic,0,0,0,0,1,0,1,29.6,0.5,20,29,631.18,2,1,Debit Card,0,Mobile,East India,4,0
OTT01992,53,Male,Basic,0,0,1,1,1,1,4,9.4,2.8,38,19,648.7,2,1,UPI,1,Tablet,West India,2,0
OTT01993,42,Female,Standard,0,0,0,0,1,1,2,9.0,2.8,15,5,585.8,1,3,Credit Card,1,Tablet,West India,1,0
OTT01994,33,Female,Premium,0,0,1,0,0,0,1,12.2,0.8,20,25,927.37,2,1,Credit Card,0,Laptop,Central India,3,0
OTT01995,22,Male,Basic,1,1,1,0,0,0,3,53.3,0.5,23,2,624.37,2,2,Debit Card,1,Smart TV,West India,2,0
OTT01996,50,Male,Premium,1,0,1,1,1,0,4,8.4,1.5,16,22,1282.89,4,2,Net Banking,1,Mobile,North India,1,0
OTT01997,18,Female,Standard,0,1,0,0,0,1,2,21.7,1.4,50,35,777.48,3,2,UPI,0,Mobile,South India,5,0
OTT01998,41,Female,Standard,0,0,0,0,1,1,2,16.8,2.5,19,51,859.12,3,3,Wallet,1,Laptop,South India,2,0
OTT01999,24,Male,Mobile,1,1,1,0,1,1,5,9.2,1.2,23,6,561.4,2,0,Wallet,0,Laptop,East India,4,0
OTT02000,57,Female,Premium,1,0,0,1,0,1,3,31.7,3.9,19,27,805.07,3,0,Debit Card,1,Tablet,South India,1,0
OTT02001,25,Female,Standard,1,1,1,1,1,0,5,54.2,2.0,59,25,935.34,5,2,UPI,1,Laptop,Central India,3,0
OTT02002,52,Male,Basic,0,1,1,0,1,0,3,23.0,4.3,30,47,708.99,5,1,Debit Card,1,Laptop,West India,3,0
OTT02003,42,Male,Basic,1,1,1,1,1,1,6,7.4,0.4,1,16,541.58,5,1,UPI,1,Mobile,South India,2,0
OTT02004,19,Female,Basic,1,1,1,0,1,0,4,19.5,1.6,21,54,956.6,3,0,Net Banking,0,Smart TV,East India,4,0
OTT02005,48,Female,Mobile,0,0,1,0,0,0,1,16.2,3.6,47,17,1198.6,5,1,Credit Card,1,Smart TV,West India,2,1
OTT02006,55,Male,Mobile,1,0,1,1,1,1,5,19.6,0.5,43,31,233.08,1,0,UPI,1,Smart TV,South India,3,0
OTT02007,27,Female,Basic,0,1,0,0,1,1,3,20.9,2.7,11,49,517.13,3,1,Debit Card,1,Smart TV,Central India,3,0
OTT02008,59,Male,Standard,0,1,0,0,0,1,2,59.3,0.3,54,24,637.37,5,1,Debit Card,0,Smart TV,North India,4,1
OTT02009,52,Female,Standard,0,0,0,0,1,1,2,30.6,0.5,29,46,549.12,3,0,Credit Card,1,Tablet,South India,2,0
OTT02010,49,Male,Standard,1,1,1,0,1,0,4,30.4,0.5,47,1,632.78,3,4,Wallet,1,Smart TV,West India,5,0
OTT02011,32,Male,Standard,0,0,0,1,0,0,1,16.0,0.6,20,58,369.14,5,0,Debit Card,0,Smart TV,South India,4,0
OTT02012,23,Male,Mobile,0,1,1,0,0,0,2,40.2,2.4,33,44,910.59,1,1,Debit Card,0,Laptop,Central India,5,0
OTT02013,36,Female,Basic,0,1,0,0,0,1,2,43.1,1.1,39,9,657.48,4,1,UPI,1,Mobile,South India,2,0
OTT02014,52,Female,Standard,0,1,0,0,1,1,3,34.2,1.4,41,58,719.82,5,0,UPI,1,Tablet,Central India,1,0
OTT02015,43,Female,Standard,1,0,0,0,1,1,3,32.4,0.7,40,52,570.27,4,1,UPI,1,Mobile,North India,2,1
OTT02016,45,Male,Basic,1,0,1,0,0,1,3,8.9,1.4,54,15,456.78,1,2,Debit Card,1,Mobile,North India,1,1
OTT02017,51,Female,Premium,0,0,0,1,1,0,2,29.8,3.5,46,22,465.38,5,1,Net Banking,0,Smart TV,North India,4,0
OTT02018,32,Male,Standard,0,0,0,0,1,0,1,51.4,0.5,36,57,1100.74,4,1,Credit Card,1,Laptop,South India,5,0
OTT02019,19,Female,Premium,0,1,1,0,1,0,3,30.7,9.9,20,23,374.69,4,2,Credit Card,0,Mobile,Central India,4,1
OTT02020,56,Male,Standard,0,1,1,0,0,1,3,37.1,1.2,3,59,539.16,2,1,UPI,1,Mobile,South India,3,0
OTT02021,44,Female,Basic,0,1,1,0,1,1,4,19.6,0.7,15,17,143.23,1,0,Wallet,1,Tablet,West India,2,1
OTT02022,42,Male,Premium,1,0,0,0,0,0,1,15.2,0.5,18,40,785.28,5,0,Wallet,0,Mobile,North India,5,0
OTT02023,42,Male,Premium,1,0,0,0,0,0,1,11.2,1.9,51,13,897.38,5,1,Credit Card,1,Tablet,West India,4,0
OTT02024,54,Female,Premium,0,1,0,0,0,1,2,46.8,1.7,20,39,159.38,3,3,Debit Card,1,Mobile,North India,2,0
OTT02025,51,Male,Premium,0,1,1,0,0,1,3,22.2,0.5,1,50,447.46,2,0,Debit Card,1,Mobile,West India,5,1
OTT02026,46,Male,Premium,1,0,1,1,0,0,3,43.3,3.1,60,51,427.55,2,1,UPI,1,Smart TV,North India,4,1
OTT02027,51,Female,Standard,0,1,1,1,0,1,4,18.1,2.1,27,25,550.22,2,0,Credit Card,1,Smart TV,East India,1,0
OTT02028,30,Male,Basic,1,0,1,0,1,0,3,45.0,3.0,45,59,804.59,2,0,UPI,1,Laptop,North India,2,1
OTT02029,48,Female,Standard,0,0,1,0,1,1,3,25.1,3.3,4,26,642.55,3,2,Debit Card,1,Mobile,North India,3,0
OTT02030,59,Female,Standard,1,0,1,0,0,1,3,19.5,0.4,26,38,649.86,3,0,UPI,0,Smart TV,North India,4,0
OTT02031,28,Female,Standard,0,1,0,0,0,0,1,19.6,3.3,53,53,250.91,1,3,Debit Card,1,Laptop,East India,2,0
OTT02032,42,Male,Standard,0,0,1,1,0,1,3,39.3,2.3,21,2,638.13,5,1,Credit Card,0,Laptop,South India,4,1
OTT02033,47,Female,Standard,0,0,1,0,1,0,2,30.6,2.0,28,42,916.95,2,2,Wallet,0,Mobile,West India,4,0
OTT02034,40,Female,Premium,1,0,0,0,1,1,3,39.5,1.2,58,46,679.48,3,0,Debit Card,1,Tablet,North India,3,0
OTT02035,59,Male,Basic,0,0,0,0,1,0,1,51.0,3.2,6,26,99.0,5,2,Debit Card,1,Laptop,North India,2,0
OTT02036,35,Female,Mobile,0,1,1,1,1,0,4,21.2,3.5,46,18,1005.5,3,2,UPI,1,Smart TV,South India,2,0
OTT02037,27,Female,Standard,0,1,1,1,1,1,5,34.5,1.9,25,44,1028.21,2,4,Debit Card,1,Fire TV,West India,2,0
OTT02038,23,Male,Basic,0,1,0,0,0,0,1,23.0,2.1,12,31,808.92,1,0,Credit Card,1,Mobile,North India,5,0
OTT02039,54,Male,Basic,1,0,1,0,1,0,3,18.6,5.3,14,8,911.16,2,0,UPI,1,Laptop,West India,2,0
OTT02040,47,Female,Standard,1,0,1,0,1,1,4,30.9,0.1,28,38,784.27,1,0,UPI,1,Smart TV,East India,1,0
OTT02041,42,Male,Premium,1,0,0,0,0,1,2,8.9,3.8,33,58,834.47,4,1,Net Banking,1,Smart TV,East India,4,0
OTT02042,36,Female,Basic,1,1,1,1,0,0,4,41.9,1.5,13,23,489.39,1,0,Wallet,0,Smart TV,Central India,5,0
OTT02043,35,Male,Basic,1,1,1,0,0,0,3,28.9,4.0,8,48,871.6,1,2,UPI,1,Mobile,West India,4,0
OTT02044,58,Male,Basic,0,1,1,1,1,1,5,15.6,0.7,60,8,99.0,1,1,Credit Card,0,Mobile,East India,2,1
OTT02045,47,Female,Standard,1,1,1,1,1,1,6,29.3,1.9,45,4,605.38,3,0,UPI,0,Smart TV,West India,3,0
OTT02046,59,Other,Basic,1,0,0,0,0,0,1,7.0,1.9,34,33,906.11,2,1,Net Banking,1,Laptop,West India,4,1
OTT02047,52,Male,Basic,0,0,0,1,1,1,3,11.0,2.2,48,16,1060.16,5,3,Net Banking,1,Mobile,East India,3,0
OTT02048,51,Female,Standard,1,1,1,0,0,0,3,11.0,1.2,4,29,766.73,2,0,UPI,1,Mobile,South India,5,0
OTT02049,41,Male,Premium,0,0,1,1,0,0,2,10.2,1.0,53,24,986.15,1,1,UPI,1,Smart TV,South India,5,1
OTT02050,28,Male,Basic,0,1,0,1,0,0,2,21.6,2.2,18,59,634.8,4,0,UPI,1,Mobile,East India,1,0
OTT02051,46,Female,Standard,1,1,1,1,1,1,6,29.2,2.4,13,22,828.98,4,1,Wallet,0,Mobile,North India,5,0
OTT02052,48,Male,Standard,1,0,0,0,0,0,1,87.7,1.4,32,5,849.72,4,1,Credit Card,1,Smart TV,East India,3,0
OTT02053,40,Female,Basic,1,1,0,0,1,0,3,45.5,2.1,56,15,99.0,3,0,Net Banking,1,Fire TV,North India,1,0
OTT02054,18,Male,Standard,0,1,1,1,1,1,5,5.7,4.5,31,53,868.72,2,3,UPI,1,Laptop,South India,5,0
OTT02055,59,Male,Basic,1,0,1,0,0,0,2,60.2,1.6,14,30,683.16,4,1,UPI,1,Mobile,South India,2,0
OTT02056,53,Male,Mobile,1,1,0,0,1,0,3,15.8,0.2,13,30,711.51,2,1,Net Banking,1,Smart TV,Central India,1,0
OTT02057,33,Female,Mobile,1,1,1,1,1,1,6,33.1,2.0,23,50,900.81,3,1,Net Banking,1,Smart TV,North India,1,0
OTT02058,39,Female,Mobile,0,1,1,0,0,1,3,22.0,0.5,41,13,500.45,2,0,Wallet,0,Tablet,South India,1,0
OTT02059,23,Male,Standard,0,1,1,0,0,0,2,62.4,1.8,40,51,657.31,3,1,UPI,1,Smart TV,East India,3,0
OTT02060,58,Male,Standard,0,0,0,0,0,1,1,43.3,2.8,14,18,669.64,2,0,Net Banking,1,Tablet,West India,3,0
OTT02061,27,Other,Standard,1,1,0,1,1,1,5,57.3,1.3,34,47,758.16,1,3,UPI,0,Smart TV,East India,1,1
OTT02062,34,Male,Standard,0,1,0,0,1,0,2,34.1,2.6,59,1,99.0,3,1,Credit Card,0,Mobile,South India,3,0
OTT02063,36,Female,Basic,0,1,1,0,0,1,3,18.0,2.6,51,24,837.71,3,0,UPI,1,Mobile,West India,5,0
OTT02064,29,Female,Premium,0,0,1,0,0,0,1,37.1,3.4,50,33,848.92,4,0,Wallet,1,Smart TV,Central India,4,0
OTT02065,45,Female,Premium,0,1,0,1,0,1,3,51.0,4.9,32,30,284.65,4,2,Debit Card,1,Fire TV,West India,5,0
OTT02066,60,Male,Basic,1,1,0,1,1,1,5,14.1,4.0,27,56,442.71,3,1,Credit Card,0,Fire TV,North India,4,0
OTT02067,54,Male,Standard,1,1,0,0,1,0,3,31.7,0.1,51,21,967.62,4,0,Credit Card,0,Mobile,South India,3,1
OTT02068,40,Male,Standard,1,1,1,1,1,1,6,40.6,0.9,22,46,375.77,2,0,Wallet,1,Mobile,Central India,1,0
OTT02069,23,Male,Standard,0,1,0,0,1,0,2,17.0,0.7,28,54,1066.96,2,1,UPI,1,Tablet,North India,4,0
OTT02070,55,Male,Mobile,1,1,0,0,1,0,3,19.7,2.3,10,18,389.24,3,2,Net Banking,1,Fire TV,Central India,2,0
OTT02071,29,Other,Basic,1,1,1,1,0,1,5,23.2,1.3,31,45,922.35,1,1,Net Banking,1,Tablet,North India,1,0
OTT02072,57,Male,Premium,0,1,0,1,0,1,3,31.8,0.8,5,22,380.21,5,1,UPI,1,Smart TV,East India,1,0
OTT02073,35,Male,Standard,0,1,0,0,0,1,2,25.1,1.0,27,27,881.97,5,2,Wallet,0,Mobile,West India,5,0
OTT02074,40,Male,Standard,1,1,0,1,1,1,5,26.7,1.1,46,18,713.84,3,2,UPI,1,Tablet,Central India,1,0
OTT02075,36,Male,Premium,0,0,0,1,1,1,3,66.2,2.6,10,21,717.71,4,3,Credit Card,1,Laptop,South India,4,0
OTT02076,37,Female,Basic,1,0,0,1,1,0,3,24.5,0.3,54,8,360.81,1,2,Credit Card,1,Mobile,South India,2,0
OTT02077,25,Male,Premium,1,1,1,1,1,1,6,55.0,0.8,39,47,647.93,2,2,Debit Card,1,Mobile,South India,5,0
OTT02078,41,Female,Standard,0,1,1,0,0,0,2,82.7,0.1,30,10,430.98,3,2,Credit Card,1,Tablet,North India,5,0
OTT02079,35,Female,Standard,0,1,1,0,0,0,2,15.0,2.5,22,45,402.16,1,2,UPI,1,Fire TV,South India,2,0
OTT02080,54,Male,Basic,0,0,0,0,1,0,1,44.0,3.1,54,43,1019.21,5,1,Credit Card,0,Tablet,North India,3,0
OTT02081,38,Female,Basic,1,1,0,0,1,0,3,18.8,2.1,52,53,1451.55,5,1,Debit Card,0,Smart TV,North India,5,0
OTT02082,59,Male,Basic,1,0,0,0,0,1,2,42.9,2.3,57,35,435.46,3,2,UPI,1,Mobile,South India,3,0
OTT02083,30,Male,Basic,1,1,1,1,0,0,4,18.4,1.7,40,9,768.88,5,1,Credit Card,1,Tablet,North India,4,0
OTT02084,32,Female,Mobile,0,0,0,0,1,1,2,5.1,2.1,36,18,914.24,1,3,Debit Card,1,Laptop,South India,1,1
OTT02085,19,Female,Basic,1,0,1,1,1,0,4,39.2,0.2,20,47,473.51,4,3,UPI,1,Smart TV,West India,4,0
OTT02086,49,Male,Standard,0,0,0,0,1,1,2,27.2,2.0,15,16,402.33,5,1,Credit Card,1,Laptop,North India,4,0
OTT02087,21,Male,Premium,0,0,0,1,1,0,2,52.2,0.7,52,49,650.08,1,0,UPI,1,Laptop,South India,2,1
OTT02088,30,Male,Mobile,0,1,1,0,0,0,2,18.2,2.3,49,44,654.81,2,0,UPI,1,Mobile,South India,5,0
OTT02089,57,Female,Mobile,1,0,1,0,1,1,4,24.4,1.3,21,38,99.0,2,2,UPI,1,Mobile,South India,4,0
OTT02090,44,Female,Standard,0,1,0,0,1,1,3,17.6,3.7,13,6,721.54,2,2,Net Banking,0,Smart TV,West India,1,0
OTT02091,42,Male,Standard,1,0,0,0,1,1,3,10.7,1.8,31,34,875.39,2,3,UPI,1,Smart TV,East India,5,0
OTT02092,52,Female,Standard,1,0,1,1,1,1,5,31.1,0.7,56,14,787.77,5,0,Wallet,1,Mobile,East India,4,0
OTT02093,51,Female,Premium,1,0,0,0,1,1,3,24.4,0.5,52,60,577.01,1,2,Net Banking,1,Smart TV,South India,4,0
OTT02094,56,Male,Basic,0,0,0,1,1,0,2,6.8,0.7,11,22,242.84,1,1,Credit Card,1,Smart TV,North India,4,0
OTT02095,46,Female,Standard,1,1,1,0,1,1,5,53.2,1.5,43,27,778.42,3,1,Wallet,1,Laptop,West India,2,0
OTT02096,37,Female,Premium,0,0,1,0,1,0,2,26.3,3.5,21,53,433.36,2,1,Wallet,1,Smart TV,East India,5,0
OTT02097,23,Male,Standard,0,0,1,0,0,0,1,17.3,1.0,34,2,561.29,5,0,Credit Card,1,Smart TV,South India,4,0
OTT02098,33,Female,Standard,0,0,1,0,1,1,3,39.5,2.0,7,50,651.9,5,0,Wallet,0,Mobile,Central India,3,0
OTT02099,48,Female,Premium,1,0,0,1,0,0,2,46.3,0.4,1,18,875.02,2,2,Credit Card,1,Smart TV,South India,3,0
OTT02100,28,Female,Basic,1,0,0,1,0,0,2,11.5,2.3,17,5,940.88,5,2,UPI,1,Mobile,South India,1,0
OTT02101,46,Male,Mobile,0,0,1,1,1,1,4,10.3,1.3,43,12,708.36,4,0,Net Banking,1,Laptop,North India,4,0
OTT02102,23,Female,Mobile,1,0,1,0,0,0,2,19.7,1.9,30,34,658.95,1,0,UPI,0,Mobile,North India,3,0
OTT02103,20,Female,Premium,1,0,1,0,1,1,4,32.4,3.9,22,14,864.7,1,3,Wallet,1,Smart TV,East India,5,0
OTT02104,33,Other,Premium,1,1,0,1,1,1,5,58.5,1.6,23,51,404.13,4,3,UPI,1,Mobile,East India,5,0
OTT02105,27,Male,Basic,1,0,1,0,0,1,3,3.0,0.5,4,5,458.2,1,1,UPI,1,Smart TV,South India,5,0
OTT02106,55,Female,Basic,1,0,1,0,1,1,4,68.7,1.7,38,33,1058.68,1,0,Credit Card,1,Smart TV,South India,4,1
OTT02107,34,Female,Standard,1,0,1,1,1,0,4,28.0,1.6,22,2,1060.49,4,2,Debit Card,1,Tablet,East India,1,0
OTT02108,36,Male,Mobile,1,1,1,1,1,1,6,51.0,2.6,22,28,155.81,3,2,Credit Card,1,Smart TV,Central India,1,0
OTT02109,35,Male,Premium,1,0,0,0,1,0,2,48.9,1.6,41,45,510.2,3,0,Debit Card,1,Mobile,North India,2,0
OTT02110,31,Female,Basic,0,0,1,1,0,0,2,24.5,3.8,34,54,909.54,4,1,Credit Card,0,Mobile,South India,3,0
OTT02111,57,Female,Premium,0,0,1,0,1,1,3,19.4,2.7,10,51,756.59,1,0,Credit Card,1,Mobile,North India,2,0
OTT02112,49,Female,Standard,0,1,0,1,0,1,3,33.7,1.6,38,45,608.24,3,2,Wallet,1,Mobile,West India,4,0
OTT02113,24,Male,Basic,0,0,1,0,0,1,2,28.4,1.5,2,52,310.66,2,1,UPI,1,Smart TV,South India,2,0
OTT02114,27,Female,Standard,1,1,0,1,0,0,3,16.7,0.6,56,31,506.94,5,0,Debit Card,1,Mobile,West India,1,0
OTT02115,21,Male,Standard,0,0,0,0,0,1,1,24.5,1.1,32,54,413.68,1,0,Debit Card,0,Smart TV,South India,3,0
OTT02116,29,Female,Basic,1,0,1,1,1,1,5,20.7,0.3,53,11,1031.2,3,1,UPI,1,Tablet,South India,5,1
OTT02117,46,Male,Basic,0,0,0,1,1,0,2,25.9,1.3,59,28,437.77,1,2,UPI,1,Laptop,South India,4,1
OTT02118,58,Male,Premium,1,0,0,0,0,0,1,46.2,0.3,16,11,685.96,1,0,UPI,1,Laptop,East India,1,0
OTT02119,38,Female,Standard,0,0,1,0,0,0,1,20.6,1.6,51,9,767.23,2,2,Debit Card,1,Fire TV,South India,2,0
OTT02120,21,Female,Standard,0,1,0,1,0,0,2,30.2,0.6,28,15,619.53,1,1,Wallet,1,Tablet,South India,4,0
OTT02121,20,Male,Basic,0,1,0,0,0,1,2,24.2,2.0,44,45,638.68,4,1,UPI,1,Mobile,North India,1,0
OTT02122,35,Male,Standard,1,0,0,0,0,0,1,24.0,1.5,6,36,292.31,4,2,UPI,1,Laptop,East India,3,0
OTT02123,29,Female,Standard,1,0,1,0,0,0,2,21.9,1.0,14,34,541.41,5,0,Credit Card,1,Smart TV,North India,5,0
OTT02124,42,Other,Basic,0,1,1,0,0,0,2,34.3,0.4,13,33,559.28,3,1,Wallet,1,Tablet,West India,3,0
OTT02125,23,Male,Basic,1,0,0,0,1,1,3,3.8,1.4,17,26,480.81,3,0,UPI,1,Fire TV,North India,5,0
OTT02126,27,Female,Basic,1,0,0,1,0,1,3,34.6,1.4,17,38,1038.92,4,1,UPI,1,Mobile,Central India,3,0
OTT02127,41,Male,Standard,1,0,0,0,1,0,2,29.0,4.8,26,11,1187.39,5,0,Wallet,0,Mobile,West India,2,0
OTT02128,30,Female,Basic,0,1,0,0,1,0,2,27.9,1.1,58,12,925.8,4,2,Wallet,1,Tablet,East India,1,0
OTT02129,33,Male,Premium,1,0,0,0,0,0,1,37.5,2.5,0,19,1073.72,1,1,UPI,1,Smart TV,North India,5,1
OTT02130,27,Male,Basic,0,1,0,0,0,0,1,7.4,0.8,46,32,473.22,2,1,Wallet,1,Laptop,West India,3,1
OTT02131,20,Female,Premium,0,0,1,0,0,1,2,45.3,0.6,53,39,590.64,1,1,Credit Card,1,Smart TV,East India,2,0
OTT02132,32,Male,Mobile,0,1,1,1,0,1,4,21.5,2.1,54,37,409.14,2,1,Credit Card,0,Smart TV,South India,1,0
OTT02133,32,Female,Standard,1,1,1,1,1,1,6,20.7,1.0,21,9,682.1,3,2,Net Banking,1,Mobile,North India,2,0
OTT02134,56,Male,Standard,1,0,1,1,1,1,5,14.3,1.4,18,52,400.84,3,2,Credit Card,1,Smart TV,South India,5,0
OTT02135,56,Male,Standard,0,0,1,0,1,1,3,15.6,0.1,15,44,353.27,1,1,Wallet,1,Laptop,West India,3,0
OTT02136,36,Female,Premium,0,0,0,1,1,1,3,7.2,0.9,52,17,99.0,3,1,UPI,1,Mobile,East India,2,0
OTT02137,30,Female,Mobile,1,1,0,0,0,0,2,26.5,1.0,46,10,778.02,1,0,UPI,1,Laptop,West India,3,0
OTT02138,35,Male,Mobile,1,1,1,0,0,1,4,18.1,0.6,47,17,980.34,2,0,UPI,1,Mobile,South India,4,0
OTT02139,44,Female,Mobile,1,0,1,0,1,1,4,41.2,1.1,50,59,949.39,4,3,Debit Card,1,Laptop,North India,5,0
OTT02140,34,Male,Standard,0,1,1,1,1,1,5,31.1,0.3,8,60,865.0,1,2,Credit Card,0,Laptop,West India,3,0
OTT02141,50,Female,Standard,1,1,1,1,1,0,5,28.5,1.6,55,26,880.12,3,3,Credit Card,0,Laptop,North India,3,1
OTT02142,59,Male,Mobile,0,1,0,0,1,1,3,19.4,1.1,19,4,563.44,5,1,Credit Card,0,Fire TV,East India,2,0
OTT02143,35,Female,Standard,0,1,0,1,1,1,4,22.6,1.1,47,21,207.51,1,2,Wallet,1,Mobile,West India,3,0
OTT02144,23,Male,Basic,0,1,1,1,1,0,4,57.4,2.1,43,30,348.48,5,0,UPI,1,Mobile,South India,2,0
OTT02145,23,Female,Premium,0,0,1,0,1,0,2,19.2,0.6,22,58,564.54,5,0,Wallet,1,Laptop,South India,3,0
OTT02146,55,Female,Basic,1,1,1,1,1,0,5,3.4,3.9,19,56,99.0,4,2,Debit Card,0,Smart TV,North India,2,0
OTT02147,35,Female,Premium,0,1,0,0,0,0,1,22.0,0.6,39,42,807.66,2,2,Credit Card,0,Mobile,West India,2,0
OTT02148,32,Male,Standard,1,1,1,1,1,1,6,13.1,2.7,15,33,766.63,2,0,Credit Card,1,Smart TV,North India,5,0
OTT02149,44,Male,Premium,1,0,0,1,1,1,4,20.9,3.5,37,31,799.12,4,0,Debit Card,1,Laptop,North India,2,0
OTT02150,59,Male,Standard,0,1,0,0,0,0,1,25.7,0.2,60,35,905.52,3,2,Debit Card,1,Smart TV,West India,1,1
OTT02151,36,Female,Basic,1,0,1,1,0,1,4,13.3,0.8,18,6,144.82,2,1,UPI,1,Mobile,West India,2,0
OTT02152,31,Male,Standard,0,0,1,0,0,0,1,6.8,0.4,29,17,428.06,1,0,UPI,0,Laptop,East India,1,1
OTT02153,55,Female,Standard,0,1,1,1,1,0,4,22.2,2.1,17,35,325.54,4,1,Credit Card,0,Mobile,Central India,4,0
OTT02154,21,Male,Basic,1,1,0,1,1,0,4,53.0,0.9,21,45,489.9,5,1,Debit Card,1,Smart TV,Central India,4,0
OTT02155,54,Other,Basic,1,1,1,0,0,0,3,24.9,0.6,2,26,451.38,5,2,Wallet,1,Mobile,South India,3,1
OTT02156,40,Female,Premium,1,1,1,1,0,1,5,29.5,1.2,21,58,99.0,2,1,UPI,1,Mobile,West India,2,0
OTT02157,18,Female,Standard,0,0,1,0,0,0,1,20.2,1.5,33,45,843.41,4,1,UPI,1,Mobile,North India,5,0
OTT02158,27,Female,Mobile,0,1,1,0,0,0,2,32.6,3.2,37,28,1026.6,4,2,UPI,1,Mobile,West India,3,0
OTT02159,47,Female,Premium,0,1,0,1,1,0,3,37.8,3.2,25,59,444.03,3,3,Wallet,1,Fire TV,East India,5,0
OTT02160,50,Female,Basic,1,0,0,0,0,0,1,47.5,0.8,39,52,472.87,3,1,Credit Card,0,Smart TV,East India,3,1
OTT02161,26,Female,Mobile,0,0,0,1,1,1,3,55.6,0.4,1,31,885.54,4,1,UPI,0,Smart TV,West India,5,0
OTT02162,46,Female,Mobile,0,1,0,1,0,0,2,30.6,1.9,52,3,629.05,1,1,UPI,1,Laptop,North India,5,1
OTT02163,60,Male,Mobile,1,0,0,1,1,0,3,48.3,1.2,13,36,806.58,3,1,Credit Card,1,Smart TV,North India,4,0
OTT02164,47,Male,Standard,0,0,0,1,1,1,3,41.3,3.4,40,51,365.75,4,2,Net Banking,1,Smart TV,North India,1,0
OTT02165,48,Female,Basic,1,0,1,1,1,1,5,33.1,3.5,8,54,820.57,3,1,Net Banking,1,Smart TV,North India,2,0
OTT02166,26,Female,Mobile,1,0,0,1,0,0,2,24.6,2.0,57,58,760.25,2,1,Credit Card,1,Smart TV,West India,1,1
OTT02167,45,Male,Basic,1,1,1,0,1,1,5,5.4,1.6,24,5,523.55,2,2,Net Banking,1,Mobile,South India,2,0
OTT02168,48,Male,Premium,0,0,1,0,1,1,3,73.8,1.7,35,52,636.68,4,2,UPI,0,Tablet,North India,5,0
OTT02169,22,Female,Standard,1,0,0,0,0,1,2,26.7,1.6,24,25,99.0,5,2,Wallet,0,Smart TV,West India,2,0
OTT02170,31,Male,Standard,1,0,1,0,0,1,3,18.9,1.7,30,6,572.34,5,0,Wallet,1,Mobile,West India,4,0
OTT02171,55,Female,Standard,0,1,1,0,0,1,3,19.0,1.0,49,27,657.97,4,2,Credit Card,1,Smart TV,North India,5,1
OTT02172,60,Female,Mobile,0,1,0,0,0,1,2,37.5,0.9,47,39,532.79,2,1,Debit Card,1,Mobile,Central India,1,0
OTT02173,25,Male,Premium,1,0,0,1,1,0,3,11.2,1.0,8,37,410.73,3,2,Debit Card,1,Tablet,West India,3,0
OTT02174,49,Male,Mobile,1,0,0,1,0,0,2,53.0,4.6,13,5,1036.71,5,0,Net Banking,1,Laptop,North India,3,0
OTT02175,39,Male,Mobile,1,0,0,0,0,1,2,30.4,0.1,20,7,997.79,3,2,UPI,1,Mobile,North India,1,1
OTT02176,43,Male,Basic,0,1,0,1,1,0,3,16.5,0.9,38,5,661.48,2,0,UPI,1,Laptop,South India,1,0
OTT02177,39,Female,Mobile,1,0,0,0,1,1,3,34.6,1.0,36,5,751.4,5,0,UPI,0,Mobile,North India,4,0
OTT02178,55,Female,Mobile,0,1,1,1,1,0,4,39.4,1.9,24,5,141.87,2,3,UPI,0,Mobile,Central India,4,0
OTT02179,37,Female,Standard,1,1,0,0,0,0,2,16.0,0.8,16,12,335.69,3,0,Net Banking,1,Smart TV,South India,2,0
OTT02180,43,Male,Basic,1,1,1,1,1,1,6,34.0,3.6,8,9,519.76,5,0,UPI,0,Mobile,Central India,4,0
OTT02181,46,Female,Mobile,1,1,0,1,0,1,4,20.3,3.0,3,46,353.22,2,1,UPI,1,Smart TV,East India,1,0
OTT02182,41,Male,Standard,1,1,1,1,1,1,6,51.6,3.7,19,33,931.44,4,2,UPI,0,Smart TV,North India,4,0
OTT02183,55,Female,Standard,1,1,0,1,0,1,4,20.6,1.6,50,35,475.32,3,0,Wallet,1,Smart TV,South India,2,0
OTT02184,28,Male,Premium,0,0,0,0,1,1,2,21.9,3.4,38,45,311.74,3,1,Net Banking,1,Smart TV,North India,2,1
OTT02185,58,Female,Mobile,0,1,1,0,1,0,3,3.8,0.8,25,36,1210.47,3,3,UPI,1,Smart TV,Central India,4,0
OTT02186,47,Female,Premium,1,0,1,0,0,0,2,45.4,1.4,57,10,1166.4,1,1,Net Banking,0,Mobile,West India,3,1
OTT02187,59,Male,Standard,1,0,1,0,1,1,4,20.9,0.2,60,54,855.42,3,1,UPI,1,Mobile,West India,3,0
OTT02188,34,Female,Standard,1,1,0,0,0,1,3,20.4,2.1,33,1,106.2,1,2,Wallet,0,Mobile,Central India,4,0
OTT02189,38,Male,Basic,1,0,0,0,0,1,2,49.0,2.0,31,19,1063.3,3,1,Wallet,1,Smart TV,West India,5,0
OTT02190,19,Male,Basic,1,1,1,1,0,1,5,32.0,1.6,25,26,1053.13,4,1,Credit Card,1,Laptop,South India,1,0
OTT02191,57,Female,Basic,0,1,0,0,0,0,1,14.9,1.2,49,13,165.29,3,0,UPI,0,Smart TV,East India,2,1
OTT02192,53,Female,Standard,1,0,0,1,1,0,3,29.5,2.5,54,26,99.0,3,1,UPI,1,Laptop,North India,5,0
OTT02193,30,Male,Standard,0,1,1,0,1,1,4,32.6,3.3,47,11,495.07,2,4,Credit Card,1,Laptop,East India,5,0
OTT02194,20,Male,Basic,0,0,1,0,0,0,1,22.6,4.7,12,27,751.53,1,1,Debit Card,0,Tablet,East India,5,0
OTT02195,47,Male,Basic,0,0,1,0,1,1,3,63.0,2.0,39,7,1049.55,2,2,Net Banking,0,Laptop,South India,3,0
OTT02196,46,Female,Premium,1,0,0,1,1,1,4,22.1,1.4,4,34,122.57,1,0,Credit Card,1,Smart TV,West India,5,0
OTT02197,40,Female,Basic,0,0,0,0,1,0,1,25.1,1.0,11,34,1157.43,5,3,Credit Card,1,Laptop,East India,2,0
OTT02198,24,Male,Standard,0,0,1,0,1,1,3,25.7,2.2,19,59,181.26,1,3,UPI,1,Laptop,North India,4,0
OTT02199,57,Male,Premium,0,1,1,0,0,0,2,37.9,0.8,2,11,892.77,2,1,Credit Card,1,Laptop,Central India,5,0
OTT02200,36,Female,Basic,1,0,1,1,0,1,4,13.9,2.1,5,17,641.72,3,2,UPI,1,Mobile,North India,4,0
OTT02201,49,Female,Standard,0,1,0,0,0,0,1,40.8,0.8,15,38,1001.55,2,1,UPI,0,Laptop,North India,5,0
OTT02202,54,Male,Standard,1,1,0,1,1,1,5,77.9,1.4,25,35,755.2,4,1,Debit Card,0,Laptop,Central India,3,0
OTT02203,41,Female,Basic,1,0,1,1,1,1,5,9.4,0.7,8,36,631.63,4,2,Credit Card,1,Tablet,Central India,1,0
OTT02204,22,Male,Basic,0,0,1,0,0,1,2,14.6,1.0,14,51,840.79,4,1,Debit Card,1,Smart TV,West India,3,0
OTT02205,56,Male,Premium,0,0,1,0,1,0,2,8.5,1.9,24,30,428.42,5,2,UPI,1,Tablet,East India,4,1
OTT02206,46,Female,Mobile,1,1,0,1,0,0,3,4.8,2.8,11,27,616.23,2,2,UPI,1,Mobile,North India,5,0
OTT02207,56,Female,Mobile,1,0,1,0,1,1,4,14.3,1.2,58,21,273.17,5,1,UPI,1,Laptop,West India,2,0
OTT02208,44,Male,Basic,1,0,0,0,1,1,3,14.9,0.1,11,1,854.93,4,1,Debit Card,0,Mobile,North India,1,0
OTT02209,57,Female,Standard,0,0,0,0,1,1,2,39.5,0.3,18,24,979.59,1,2,Net Banking,0,Smart TV,West India,4,0
OTT02210,55,Female,Basic,0,0,0,0,0,1,1,48.3,0.3,15,22,776.76,5,2,Credit Card,1,Smart TV,West India,1,0
OTT02211,27,Female,Basic,1,1,1,1,1,1,6,29.3,3.5,22,44,711.36,5,3,UPI,0,Tablet,West India,1,0
OTT02212,25,Female,Basic,1,0,1,0,0,1,3,45.0,6.5,32,43,566.16,5,1,UPI,1,Mobile,North India,2,0
OTT02213,24,Female,Basic,1,0,1,1,1,1,5,37.6,1.4,20,17,1323.18,3,2,UPI,1,Fire TV,East India,4,0
OTT02214,52,Female,Standard,0,1,1,0,0,1,3,17.1,0.3,0,12,639.71,3,2,Credit Card,0,Fire TV,North India,3,0
OTT02215,28,Male,Premium,1,1,1,0,1,1,5,31.5,0.6,37,41,211.86,3,2,Debit Card,0,Laptop,North India,3,0
OTT02216,37,Female,Basic,0,0,1,0,0,0,1,13.1,0.6,37,40,807.82,4,1,UPI,1,Laptop,South India,5,0
OTT02217,51,Male,Standard,1,0,0,0,0,0,1,25.1,3.4,57,18,665.43,2,2,Debit Card,1,Smart TV,South India,2,1
OTT02218,36,Female,Standard,1,0,1,1,1,1,5,28.4,1.1,42,4,1231.08,1,1,Credit Card,0,Smart TV,North India,5,0
OTT02219,20,Male,Standard,1,1,1,1,1,0,5,35.1,9.5,57,30,646.47,3,2,Credit Card,0,Mobile,South India,3,1
OTT02220,33,Male,Standard,1,0,0,1,0,0,2,59.3,0.6,43,41,270.04,4,1,Net Banking,0,Mobile,East India,5,0
OTT02221,22,Female,Mobile,0,1,0,0,1,0,2,10.7,0.6,47,13,1125.26,5,2,Debit Card,0,Mobile,West India,3,0
OTT02222,34,Male,Standard,0,0,1,1,0,1,3,24.7,1.0,30,31,734.43,2,0,Credit Card,1,Tablet,East India,1,0
OTT02223,49,Male,Standard,1,0,0,0,1,1,3,53.4,1.0,41,55,490.21,2,0,UPI,1,Smart TV,East India,2,0
OTT02224,40,Male,Standard,1,0,1,0,0,0,2,16.2,3.0,28,43,1282.33,2,1,Wallet,1,Tablet,South India,3,0
OTT02225,47,Female,Basic,1,1,1,0,1,1,5,13.5,1.5,20,52,641.28,4,2,UPI,0,Tablet,East India,5,1
OTT02226,22,Male,Mobile,0,0,1,0,1,0,2,37.1,2.3,36,2,494.02,3,1,UPI,0,Smart TV,South India,4,0
OTT02227,50,Male,Basic,0,1,0,1,1,1,4,33.9,1.8,28,57,917.16,2,0,Credit Card,1,Smart TV,South India,5,0
OTT02228,36,Female,Basic,0,0,0,0,1,0,1,8.5,1.8,18,58,919.17,3,0,Credit Card,1,Tablet,South India,3,0
OTT02229,30,Female,Mobile,0,0,1,0,0,0,1,17.8,1.3,58,40,907.22,2,1,UPI,1,Mobile,North India,3,1
OTT02230,46,Female,Basic,0,1,1,0,1,1,4,12.1,3.2,6,35,1026.9,3,0,UPI,1,Laptop,West India,3,0
OTT02231,23,Male,Mobile,0,1,0,0,1,0,2,12.1,2.7,7,11,117.96,5,3,Debit Card,0,Mobile,West India,2,0
OTT02232,39,Female,Basic,1,0,1,1,0,1,4,32.5,0.8,31,41,883.96,4,0,Net Banking,1,Smart TV,West India,3,1
OTT02233,36,Female,Premium,0,0,1,0,0,0,1,32.5,1.1,1,38,672.78,4,0,UPI,1,Fire TV,North India,3,0
OTT02234,25,Female,Standard,0,1,1,1,1,1,5,24.8,0.7,52,49,688.15,2,1,UPI,1,Mobile,East India,4,0
OTT02235,58,Female,Basic,1,1,1,1,0,0,4,10.6,1.6,19,12,508.61,1,3,Debit Card,0,Laptop,Central India,2,0
OTT02236,33,Male,Standard,1,1,0,1,1,1,5,12.4,1.9,29,3,532.26,5,1,Debit Card,1,Smart TV,North India,4,0
OTT02237,19,Female,Basic,0,0,0,1,0,1,2,30.9,1.0,34,29,581.52,3,1,Credit Card,1,Smart TV,West India,5,0
OTT02238,37,Female,Mobile,1,0,0,1,0,0,2,9.2,1.1,17,10,688.35,1,0,Credit Card,1,Mobile,South India,2,1
OTT02239,59,Male,Standard,0,0,0,1,1,1,3,6.7,0.7,7,53,99.0,3,0,UPI,1,Tablet,South India,5,0
OTT02240,46,Male,Basic,1,1,0,0,0,1,3,18.7,0.6,12,10,851.52,1,2,UPI,1,Smart TV,East India,3,0
OTT02241,45,Male,Standard,1,1,0,0,0,0,2,24.8,1.1,5,12,924.33,3,0,Debit Card,1,Smart TV,South India,3,0
OTT02242,56,Female,Mobile,0,0,0,0,1,0,1,7.4,1.3,4,10,781.34,5,2,Debit Card,1,Tablet,South India,1,0
OTT02243,21,Male,Standard,1,0,0,0,1,1,3,31.7,0.7,42,53,815.39,1,1,UPI,1,Fire TV,South India,4,0
OTT02244,41,Female,Basic,0,1,0,0,1,0,2,23.2,0.6,56,6,920.5,4,0,Wallet,0,Tablet,North India,5,0
OTT02245,31,Female,Basic,1,1,0,0,1,0,3,11.6,5.4,24,29,716.09,3,2,UPI,1,Tablet,South India,2,0
OTT02246,47,Male,Standard,0,0,0,1,0,1,2,26.2,1.0,19,56,1261.86,1,1,UPI,1,Smart TV,East India,5,0
OTT02247,54,Male,Basic,1,0,0,0,0,1,2,5.5,1.7,22,19,650.93,2,0,Credit Card,0,Laptop,East India,5,0
OTT02248,21,Male,Basic,1,1,0,0,1,0,3,19.7,2.2,54,21,923.1,3,2,UPI,1,Mobile,South India,4,0
OTT02249,24,Male,Mobile,0,1,1,0,0,1,3,20.2,1.8,17,41,399.57,5,2,Wallet,0,Mobile,South India,2,0
OTT02250,59,Female,Standard,0,0,1,0,1,0,2,25.0,2.4,57,7,612.54,1,0,Credit Card,0,Tablet,Central India,5,1
OTT02251,39,Female,Standard,0,1,1,0,0,1,3,26.8,1.6,17,34,960.41,3,2,Debit Card,1,Mobile,West India,2,0
OTT02252,31,Female,Standard,1,1,0,1,0,1,4,38.2,0.4,27,43,603.43,3,1,UPI,1,Smart TV,North India,3,0
OTT02253,24,Other,Standard,1,0,0,1,1,0,3,24.1,1.7,17,25,493.08,3,3,UPI,1,Laptop,North India,3,0
OTT02254,33,Male,Premium,1,0,1,1,0,0,3,9.0,1.1,25,22,746.11,5,2,Credit Card,1,Smart TV,West India,5,0
OTT02255,18,Female,Basic,1,1,1,1,1,1,6,13.5,0.7,41,10,661.96,4,1,Credit Card,1,Smart TV,West India,5,0
OTT02256,27,Male,Standard,1,0,1,0,0,1,3,90.2,4.4,19,13,390.24,4,0,UPI,1,Smart TV,East India,4,0
OTT02257,25,Female,Basic,0,1,1,1,1,1,5,7.4,0.3,2,18,542.7,2,1,UPI,1,Laptop,South India,2,0
OTT02258,21,Male,Basic,1,1,1,1,0,0,4,68.8,2.0,38,56,711.11,4,1,Credit Card,1,Smart TV,South India,1,0
OTT02259,59,Male,Standard,0,0,0,0,0,1,1,63.2,1.9,42,10,99.0,5,1,Credit Card,0,Smart TV,South India,2,1
OTT02260,51,Female,Premium,1,0,1,1,0,0,3,8.9,3.7,13,51,662.2,5,0,UPI,0,Tablet,South India,5,0
OTT02261,58,Female,Standard,1,0,1,1,1,0,4,42.1,1.8,41,20,396.55,2,2,UPI,1,Mobile,East India,3,1
OTT02262,28,Male,Basic,1,1,1,1,1,1,6,31.4,0.9,20,36,577.1,3,0,UPI,1,Fire TV,North India,1,0
OTT02263,30,Male,Standard,0,0,1,1,0,1,3,46.5,0.3,42,48,294.19,3,0,Debit Card,0,Smart TV,North India,3,1
OTT02264,30,Female,Basic,0,1,0,0,0,0,1,13.9,0.3,17,30,549.18,4,1,Credit Card,1,Laptop,South India,4,0
OTT02265,42,Female,Standard,1,0,1,1,0,0,3,31.5,1.0,4,58,1153.07,3,0,UPI,1,Mobile,West India,3,0
OTT02266,25,Female,Basic,0,1,0,1,0,0,2,16.0,3.4,22,7,364.41,2,2,Credit Card,1,Fire TV,North India,1,1
OTT02267,28,Male,Basic,1,0,1,0,1,1,4,11.8,0.4,5,39,462.9,5,1,Credit Card,1,Tablet,Central India,1,0
OTT02268,59,Male,Mobile,1,1,0,0,1,0,3,26.0,1.6,4,29,544.54,3,0,Debit Card,1,Smart TV,East India,5,0
OTT02269,33,Female,Premium,0,1,1,0,1,1,4,37.4,3.1,13,32,99.0,5,1,Credit Card,0,Mobile,West India,5,0
OTT02270,51,Female,Mobile,1,1,1,1,0,1,5,35.5,4.2,32,25,160.85,4,2,Credit Card,1,Mobile,Central India,4,0
OTT02271,27,Male,Basic,1,0,1,1,0,0,3,43.9,1.2,9,51,801.32,4,1,Debit Card,0,Fire TV,West India,2,0
OTT02272,57,Male,Basic,0,1,1,0,0,1,3,14.7,0.2,5,31,481.09,3,2,Debit Card,1,Mobile,North India,1,0
OTT02273,47,Male,Standard,1,0,1,1,1,0,4,62.9,2.9,23,51,1150.19,1,0,UPI,1,Mobile,West India,1,0
OTT02274,55,Female,Basic,1,1,1,1,0,1,5,25.6,1.0,47,25,384.15,3,0,UPI,1,Mobile,South India,1,0
OTT02275,40,Male,Standard,0,1,1,1,1,1,5,11.3,2.1,18,3,1167.13,4,0,Credit Card,1,Mobile,North India,2,0
OTT02276,56,Female,Basic,0,0,0,0,1,0,1,42.0,2.1,25,32,155.81,2,0,UPI,1,Smart TV,South India,1,0
OTT02277,33,Female,Basic,0,1,0,1,1,0,3,23.5,0.7,53,60,600.98,4,2,UPI,1,Smart TV,South India,4,1
OTT02278,38,Male,Basic,1,0,0,0,1,0,2,14.3,0.1,44,35,394.5,2,2,UPI,1,Smart TV,Central India,3,1
OTT02279,20,Male,Basic,1,0,1,1,1,1,5,17.4,1.6,26,57,860.2,4,0,Credit Card,1,Tablet,North India,5,0
OTT02280,25,Male,Standard,1,1,0,1,0,1,4,23.6,2.5,7,6,462.01,5,3,Debit Card,1,Mobile,North India,1,0
OTT02281,51,Male,Basic,1,1,0,0,1,0,3,6.5,3.0,39,41,494.39,2,1,UPI,1,Mobile,South India,3,0
OTT02282,32,Female,Standard,0,1,0,0,1,0,2,55.9,1.9,35,13,617.07,1,1,UPI,0,Smart TV,West India,5,0
OTT02283,22,Female,Basic,1,1,0,0,0,0,2,33.7,2.4,17,4,1362.04,5,1,UPI,1,Laptop,Central India,1,0
OTT02284,30,Male,Basic,0,1,1,0,1,1,4,25.6,0.8,11,28,1032.86,4,2,UPI,0,Tablet,North India,2,0
OTT02285,33,Female,Basic,0,1,1,0,0,0,2,20.4,3.2,17,40,515.39,5,1,UPI,1,Mobile,South India,4,0
OTT02286,48,Male,Standard,0,0,0,1,0,0,1,45.1,2.7,35,55,376.17,4,1,Wallet,1,Smart TV,South India,3,0
OTT02287,21,Female,Basic,1,1,1,0,1,1,5,57.7,2.2,24,34,398.02,1,0,Debit Card,1,Mobile,West India,2,0
OTT02288,19,Female,Standard,1,0,1,0,1,1,4,10.4,0.9,25,57,335.19,1,0,UPI,1,Laptop,East India,4,0
OTT02289,49,Male,Standard,0,1,0,1,0,0,2,25.6,1.5,47,35,933.72,4,1,UPI,0,Laptop,South India,5,0
OTT02290,24,Female,Mobile,0,1,0,0,1,0,2,30.3,1.1,39,35,437.41,1,0,Wallet,1,Mobile,East India,4,1
OTT02291,36,Female,Basic,1,1,1,1,1,1,6,44.9,1.2,50,13,983.7,5,1,Debit Card,0,Laptop,West India,5,1
OTT02292,47,Male,Basic,0,1,0,1,1,1,4,36.6,2.3,5,35,981.41,2,0,UPI,1,Tablet,South India,3,0
OTT02293,40,Other,Basic,1,0,0,1,0,1,3,31.5,2.2,42,59,602.03,2,1,Wallet,1,Mobile,East India,1,0
OTT02294,23,Male,Basic,0,0,0,0,1,1,2,24.1,0.2,55,32,229.25,3,1,Debit Card,1,Mobile,West India,1,0
OTT02295,49,Male,Standard,0,0,1,0,0,1,2,9.5,0.8,21,38,863.8,3,2,UPI,1,Mobile,North India,3,0
OTT02296,20,Female,Standard,0,0,0,0,1,0,1,26.7,1.9,29,18,294.68,1,1,Wallet,0,Smart TV,South India,1,0
OTT02297,27,Male,Standard,0,1,1,1,0,1,4,21.0,1.2,17,55,648.85,5,1,Credit Card,1,Smart TV,West India,5,0
OTT02298,22,Male,Mobile,0,0,0,0,1,0,1,10.4,0.5,41,28,1069.82,2,2,Net Banking,1,Smart TV,West India,5,1
OTT02299,40,Male,Basic,0,1,0,0,0,0,1,57.8,2.9,32,24,99.0,3,0,Debit Card,0,Mobile,North India,4,0
OTT02300,47,Male,Standard,0,1,1,0,1,1,4,25.3,9.5,15,35,569.46,2,1,UPI,1,Mobile,South India,1,0
OTT02301,45,Male,Basic,1,1,1,1,1,0,5,36.0,0.5,3,41,465.87,4,2,Debit Card,1,Mobile,East India,5,0
OTT02302,23,Male,Standard,1,1,1,0,0,1,4,21.6,0.2,44,52,517.45,1,0,UPI,0,Smart TV,South India,3,1
OTT02303,32,Female,Standard,1,0,1,1,0,0,3,12.6,4.0,33,33,250.72,3,1,Wallet,0,Smart TV,West India,1,0
OTT02304,24,Male,Basic,1,0,1,0,1,0,3,37.5,0.8,57,21,1230.87,1,2,UPI,0,Mobile,West India,3,1
OTT02305,32,Female,Mobile,0,1,0,0,1,1,3,60.0,2.5,14,19,695.52,2,3,Debit Card,1,Fire TV,North India,3,1
OTT02306,27,Female,Standard,0,1,0,1,0,0,2,44.5,0.7,58,13,99.0,1,2,UPI,0,Smart TV,North India,5,0
OTT02307,49,Male,Standard,0,1,0,0,1,1,3,32.3,4.6,28,17,752.84,3,1,Debit Card,1,Mobile,West India,1,0
OTT02308,50,Female,Mobile,0,0,1,1,1,0,3,21.1,2.6,48,9,965.11,5,1,UPI,1,Mobile,West India,5,0
OTT02309,53,Female,Basic,1,1,0,1,0,0,3,28.8,0.7,23,47,628.37,2,1,UPI,1,Laptop,West India,1,0
OTT02310,26,Female,Mobile,1,1,1,1,0,1,5,36.8,0.6,24,20,1105.87,5,1,UPI,1,Mobile,East India,4,0
OTT02311,18,Female,Standard,1,1,1,1,1,1,6,20.0,0.7,39,59,99.0,2,2,Wallet,1,Mobile,West India,4,0
OTT02312,19,Male,Mobile,0,0,0,0,1,0,1,36.6,1.0,11,31,968.37,3,1,UPI,1,Smart TV,Central India,3,0
OTT02313,54,Male,Premium,0,1,1,1,0,0,3,22.1,3.0,51,7,578.42,1,3,Debit Card,1,Smart TV,North India,1,1
OTT02314,56,Female,Premium,0,0,1,0,0,1,2,5.2,0.3,16,60,398.06,1,1,Wallet,1,Smart TV,North India,4,0
OTT02315,27,Female,Premium,0,0,0,1,1,0,2,13.1,0.8,35,41,871.26,1,1,UPI,0,Fire TV,Central India,1,0
OTT02316,55,Female,Basic,1,0,0,0,0,1,2,22.9,2.6,45,12,865.36,3,1,Wallet,0,Smart TV,Central India,2,0
OTT02317,40,Female,Standard,1,1,0,0,0,0,2,26.6,2.7,23,46,1073.84,4,1,UPI,1,Smart TV,Central India,4,0
OTT02318,25,Male,Premium,1,1,0,1,0,1,4,42.0,3.2,17,3,1060.36,5,1,UPI,1,Mobile,West India,2,0
OTT02319,31,Male,Standard,1,0,0,0,1,1,3,29.8,0.4,39,6,669.76,3,3,Wallet,1,Smart TV,North India,2,0
OTT02320,29,Female,Basic,1,1,1,1,0,1,5,7.8,1.2,17,17,198.44,5,1,Debit Card,0,Mobile,North India,4,0
OTT02321,50,Male,Premium,0,0,0,0,0,1,1,36.8,0.8,29,42,139.05,3,1,Credit Card,1,Laptop,South India,3,0
OTT02322,26,Female,Standard,0,0,0,1,0,0,1,20.5,4.3,16,37,165.93,3,0,UPI,1,Fire TV,West India,2,0
OTT02323,25,Female,Standard,0,1,0,1,1,0,3,9.5,1.6,36,20,527.47,5,1,Net Banking,0,Smart TV,South India,2,0
OTT02324,48,Male,Premium,0,0,1,0,0,0,1,36.6,0.7,19,58,718.36,1,1,UPI,1,Laptop,East India,3,0
OTT02325,30,Male,Premium,0,0,0,0,1,1,2,40.0,4.1,41,44,803.82,5,1,Credit Card,0,Smart TV,West India,4,1
OTT02326,28,Female,Standard,1,1,1,1,1,1,6,27.5,1.3,33,41,810.54,2,4,Debit Card,0,Fire TV,North India,2,0
OTT02327,52,Female,Mobile,0,0,0,1,0,1,2,30.7,1.6,4,3,418.79,1,1,Credit Card,1,Mobile,North India,2,0
OTT02328,58,Female,Standard,0,1,0,0,0,1,2,27.0,4.8,42,48,1033.38,5,3,UPI,1,Mobile,North India,1,0
OTT02329,41,Male,Standard,1,0,0,0,1,1,3,36.0,1.7,42,9,1099.92,1,3,Debit Card,1,Smart TV,East India,3,1
OTT02330,53,Male,Standard,0,1,1,0,0,1,3,22.5,3.4,23,38,365.87,5,1,Net Banking,1,Fire TV,South India,3,0
OTT02331,54,Male,Basic,1,0,1,0,0,1,3,4.8,1.0,33,17,619.51,3,0,Wallet,1,Laptop,North India,1,0
OTT02332,43,Male,Standard,1,1,1,0,0,0,3,13.3,2.5,23,58,840.2,4,1,Debit Card,0,Laptop,West India,5,0
OTT02333,53,Male,Standard,1,1,0,1,1,0,4,15.0,1.7,33,59,1057.19,4,2,Credit Card,1,Smart TV,West India,5,0
OTT02334,18,Female,Premium,0,0,0,0,1,1,2,20.6,2.9,50,36,817.59,2,0,UPI,1,Mobile,South India,1,0
OTT02335,19,Male,Premium,1,0,1,1,0,0,3,22.0,1.6,3,30,481.76,3,3,UPI,1,Smart TV,West India,1,0
OTT02336,55,Female,Basic,1,0,1,1,0,1,4,54.6,1.6,12,41,361.8,1,2,Debit Card,0,Smart TV,South India,3,0
OTT02337,24,Female,Standard,1,1,0,1,1,1,5,25.1,3.3,36,53,346.31,2,0,UPI,1,Fire TV,West India,2,0
OTT02338,49,Female,Standard,1,1,0,0,1,0,3,30.7,0.8,37,60,576.91,3,0,Credit Card,1,Fire TV,West India,2,0
OTT02339,36,Female,Standard,1,1,1,0,0,0,3,23.0,0.9,42,56,505.49,1,2,UPI,1,Mobile,West India,4,1
OTT02340,51,Male,Mobile,0,0,0,1,0,0,1,27.0,5.3,33,34,290.04,2,1,Debit Card,1,Tablet,South India,3,0
OTT02341,46,Female,Standard,0,0,0,1,0,1,2,30.5,0.8,39,7,849.6,5,1,UPI,1,Smart TV,West India,4,0
OTT02342,21,Male,Standard,0,0,0,1,0,0,1,44.6,1.1,28,15,551.88,2,1,UPI,1,Mobile,South India,3,0
OTT02343,32,Male,Standard,1,1,1,0,0,1,4,44.0,0.8,2,23,772.29,5,1,Debit Card,0,Smart TV,North India,2,0
OTT02344,48,Female,Premium,1,0,0,0,1,0,2,9.3,1.0,55,57,285.95,5,0,Credit Card,1,Smart TV,North India,2,0
OTT02345,57,Male,Premium,1,0,0,1,1,1,4,15.4,0.4,22,21,932.73,3,1,Debit Card,1,Tablet,North India,3,0
OTT02346,52,Male,Standard,0,0,0,0,1,0,1,20.5,2.2,0,34,882.48,1,2,Credit Card,1,Laptop,Central India,1,0
OTT02347,56,Female,Premium,1,1,1,1,1,0,5,42.1,2.5,38,45,973.59,4,1,Debit Card,1,Mobile,East India,5,0
OTT02348,59,Male,Standard,1,1,0,0,1,1,4,28.8,0.2,48,49,616.28,2,1,Net Banking,0,Fire TV,South India,2,0
OTT02349,56,Male,Premium,0,1,0,0,0,0,1,21.9,1.1,19,15,583.67,4,3,UPI,0,Mobile,North India,2,0
OTT02350,42,Male,Premium,0,0,0,0,1,0,1,11.0,1.1,24,25,825.3,2,0,Credit Card,1,Smart TV,North India,3,0
OTT02351,32,Male,Standard,0,0,1,0,0,0,1,37.7,0.5,58,54,1012.4,3,0,Credit Card,1,Smart TV,Central India,3,0
OTT02352,39,Female,Mobile,1,1,0,1,1,1,5,45.7,0.5,50,58,643.15,5,2,UPI,0,Smart TV,North India,4,0
OTT02353,52,Female,Mobile,0,1,0,1,0,0,2,13.7,1.1,46,35,212.04,3,2,Credit Card,0,Smart TV,East India,5,1
OTT02354,36,Male,Basic,1,1,0,0,1,0,3,7.6,3.3,27,48,522.29,1,1,UPI,1,Smart TV,North India,1,0
OTT02355,53,Female,Standard,0,0,0,1,1,1,3,23.9,1.8,8,31,1028.57,2,1,Net Banking,0,Mobile,West India,4,0
OTT02356,48,Other,Standard,1,1,0,0,1,1,4,24.3,1.8,11,39,865.94,3,0,UPI,1,Laptop,West India,3,1
OTT02357,27,Female,Standard,0,1,0,0,1,1,3,53.0,0.9,51,60,736.31,1,0,Debit Card,1,Laptop,South India,3,0
OTT02358,57,Female,Standard,1,0,0,1,1,0,3,17.1,0.6,34,46,530.64,5,1,UPI,1,Smart TV,West India,5,0
OTT02359,54,Female,Basic,1,1,1,1,1,1,6,15.3,4.7,25,47,1127.95,1,0,UPI,1,Tablet,East India,3,0
OTT02360,43,Female,Mobile,0,0,0,1,0,1,2,14.9,3.2,59,50,360.68,5,2,Wallet,1,Mobile,North India,5,1
OTT02361,26,Female,Standard,0,1,1,1,1,0,4,11.6,3.0,10,1,655.07,4,2,Wallet,1,Laptop,East India,1,0
OTT02362,27,Male,Basic,0,0,0,0,0,1,1,22.2,1.9,6,52,784.88,4,0,UPI,1,Laptop,South India,2,0
OTT02363,54,Male,Premium,0,0,0,1,1,1,3,39.0,2.8,19,37,770.35,2,1,UPI,1,Mobile,South India,3,0
OTT02364,18,Male,Premium,1,1,1,1,1,0,5,39.9,2.3,53,34,428.39,4,3,Credit Card,1,Smart TV,West India,2,0
OTT02365,38,Female,Basic,0,1,1,0,1,1,4,12.0,0.7,53,57,882.41,2,3,Debit Card,1,Fire TV,East India,1,0
OTT02366,44,Male,Standard,1,1,0,1,1,0,4,43.1,4.8,37,43,817.45,4,1,UPI,0,Smart TV,West India,5,0
OTT02367,27,Female,Premium,0,1,1,0,0,0,2,25.3,2.9,8,36,701.83,3,3,Credit Card,0,Laptop,Central India,4,0
OTT02368,55,Male,Premium,1,0,0,1,0,1,3,6.1,1.3,50,59,770.08,1,0,Wallet,1,Mobile,South India,5,1
OTT02369,40,Female,Standard,0,1,1,0,1,0,3,36.5,0.5,52,35,500.26,4,1,Debit Card,1,Mobile,Central India,1,0
OTT02370,20,Male,Premium,0,1,1,0,0,1,3,44.4,0.5,50,35,1170.63,1,1,UPI,1,Smart TV,West India,5,0
OTT02371,31,Male,Standard,1,0,1,0,1,0,3,17.8,1.9,48,7,1029.98,3,2,Credit Card,1,Mobile,North India,4,1
OTT02372,35,Male,Mobile,0,0,1,0,1,0,2,25.0,1.4,7,1,467.19,1,3,Debit Card,0,Smart TV,South India,2,0
OTT02373,27,Female,Standard,1,0,0,0,1,0,2,21.8,0.9,57,24,605.71,1,2,Debit Card,1,Laptop,North India,4,1
OTT02374,58,Female,Standard,0,1,1,0,0,0,2,26.3,1.8,24,1,973.98,3,0,Credit Card,1,Laptop,South India,4,1
OTT02375,33,Male,Premium,1,0,1,1,0,0,3,21.4,1.5,48,35,838.52,2,1,UPI,0,Smart TV,East India,5,0
OTT02376,39,Female,Mobile,0,1,0,0,1,0,2,27.9,1.2,34,47,689.11,4,0,Wallet,0,Laptop,Central India,2,0
OTT02377,41,Female,Basic,1,1,1,0,1,1,5,4.6,0.6,21,20,378.59,4,1,Credit Card,1,Tablet,East India,1,0
OTT02378,27,Female,Standard,0,1,0,1,1,0,3,17.3,1.5,49,3,407.3,3,0,UPI,1,Smart TV,West India,3,0
OTT02379,42,Female,Premium,0,0,1,0,1,0,2,22.9,3.6,18,53,679.46,4,1,Credit Card,1,Laptop,South India,4,0
OTT02380,33,Male,Standard,0,1,1,1,1,0,4,34.1,0.5,18,41,1126.62,1,0,Wallet,0,Tablet,South India,4,0
OTT02381,18,Female,Basic,1,1,1,1,1,0,5,4.6,3.4,12,6,985.56,2,1,Credit Card,1,Laptop,South India,5,0
OTT02382,35,Male,Premium,1,0,0,0,0,1,2,44.5,3.5,58,54,835.27,4,1,Debit Card,0,Mobile,North India,4,0
OTT02383,43,Female,Standard,1,0,0,1,0,0,2,25.1,1.7,8,28,868.55,5,2,Debit Card,1,Smart TV,East India,4,0
OTT02384,23,Female,Premium,0,0,1,0,0,0,1,42.5,1.7,2,34,99.0,2,3,Debit Card,0,Mobile,East India,5,0
OTT02385,51,Male,Premium,0,0,0,0,0,1,1,30.2,1.6,3,49,746.84,3,0,Debit Card,0,Smart TV,Central India,4,0
OTT02386,46,Male,Mobile,0,0,1,1,1,1,4,50.8,2.0,34,14,744.28,5,2,UPI,1,Tablet,West India,4,0
OTT02387,31,Female,Premium,1,1,1,1,1,1,6,31.3,1.1,6,12,247.73,3,1,UPI,1,Smart TV,North India,1,0
OTT02388,43,Female,Basic,0,0,0,1,0,0,1,8.0,2.3,39,56,1284.65,5,0,Debit Card,0,Smart TV,East India,1,0
OTT02389,31,Female,Premium,1,1,1,0,1,0,4,35.0,0.2,19,7,790.39,2,0,Credit Card,1,Smart TV,West India,5,0
OTT02390,45,Female,Basic,0,1,0,0,0,0,1,26.5,5.8,35,31,818.81,3,4,Wallet,1,Smart TV,North India,3,0
OTT02391,24,Female,Standard,0,0,0,1,1,1,3,16.6,2.6,58,16,449.08,5,1,Debit Card,0,Laptop,East India,4,0
OTT02392,44,Male,Basic,1,1,1,1,0,0,4,27.2,1.8,3,11,735.0,3,0,UPI,0,Smart TV,West India,4,0
OTT02393,20,Female,Mobile,1,0,1,0,0,0,2,31.7,2.5,32,54,703.53,2,0,Debit Card,1,Fire TV,North India,4,1
OTT02394,18,Male,Premium,0,0,0,0,0,1,1,28.1,1.6,27,25,1199.36,2,0,UPI,1,Laptop,West India,5,0
OTT02395,28,Female,Basic,1,0,0,0,1,1,3,9.4,2.4,0,59,930.45,1,0,Net Banking,1,Smart TV,South India,1,0
OTT02396,25,Female,Mobile,1,1,1,1,1,1,6,53.5,1.6,11,47,716.33,3,2,Credit Card,1,Laptop,East India,1,0
OTT02397,39,Male,Premium,0,0,1,1,0,0,2,37.9,1.1,36,39,236.51,2,3,Credit Card,1,Fire TV,Central India,5,0
OTT02398,25,Female,Basic,0,0,0,0,1,1,2,24.2,2.1,33,35,309.06,4,0,Credit Card,1,Mobile,East India,1,0
OTT02399,28,Female,Standard,0,0,1,1,0,0,2,20.5,1.8,41,9,99.0,5,1,UPI,1,Laptop,West India,2,1
OTT02400,22,Male,Premium,1,0,0,1,1,0,3,51.6,2.2,22,34,565.96,4,1,Credit Card,1,Smart TV,North India,2,0
OTT02401,56,Female,Standard,1,0,1,1,0,0,3,27.9,1.0,3,58,804.17,5,1,Credit Card,0,Tablet,South India,1,0
OTT02402,49,Female,Mobile,1,0,0,1,1,1,4,9.8,0.3,50,3,681.28,2,1,Wallet,1,Laptop,Central India,4,1
OTT02403,27,Female,Standard,0,1,1,0,1,1,4,51.7,1.8,12,51,840.1,3,1,UPI,1,Mobile,Central India,3,0
OTT02404,23,Male,Standard,1,1,1,1,1,0,5,18.6,2.5,3,26,1259.39,2,0,Debit Card,1,Smart TV,North India,4,0
OTT02405,54,Male,Basic,1,1,1,0,0,1,4,9.7,4.8,12,27,393.29,3,1,UPI,1,Smart TV,South India,4,0
OTT02406,46,Female,Standard,1,0,0,0,1,0,2,28.3,2.1,26,42,391.58,1,2,Credit Card,1,Fire TV,South India,2,0
OTT02407,56,Male,Basic,1,0,0,1,1,0,3,16.0,0.7,15,47,693.55,2,1,Net Banking,1,Mobile,South India,2,0
OTT02408,25,Male,Mobile,0,0,0,0,1,1,2,22.7,3.3,52,11,220.5,4,2,Credit Card,1,Laptop,South India,2,0
OTT02409,33,Female,Basic,0,0,1,1,0,0,2,30.9,1.7,35,43,641.3,1,2,Wallet,1,Smart TV,South India,5,0
OTT02410,23,Female,Premium,1,1,1,1,0,1,5,2.4,3.3,39,59,529.95,3,1,Wallet,0,Laptop,North India,4,0
OTT02411,36,Female,Basic,0,1,1,1,1,0,4,26.2,1.0,3,15,300.96,1,2,Credit Card,0,Mobile,South India,3,0
OTT02412,24,Female,Basic,1,1,1,1,1,1,6,45.6,1.4,10,2,293.62,4,1,Net Banking,1,Smart TV,North India,3,0
OTT02413,18,Male,Premium,0,1,0,0,1,1,3,10.4,2.6,34,16,509.97,2,1,Credit Card,0,Smart TV,North India,1,0
OTT02414,39,Male,Basic,0,1,0,0,1,1,3,3.9,2.8,49,16,463.3,2,2,Wallet,1,Mobile,East India,4,0
OTT02415,60,Female,Premium,1,0,1,0,1,0,3,38.7,2.0,55,29,557.08,1,2,Credit Card,0,Smart TV,South India,2,1
OTT02416,45,Male,Premium,0,0,0,0,0,1,1,25.5,2.2,20,3,1033.51,4,0,Wallet,0,Mobile,Central India,1,0
OTT02417,50,Male,Basic,1,0,0,1,0,0,2,33.0,2.8,54,35,950.88,1,1,Wallet,1,Laptop,South India,4,0
OTT02418,52,Female,Basic,1,1,0,1,0,0,3,18.7,1.5,31,16,767.67,3,1,UPI,1,Smart TV,West India,5,0
OTT02419,59,Male,Mobile,0,1,0,0,0,0,1,27.8,1.7,43,34,847.04,2,3,Credit Card,1,Laptop,South India,5,0
OTT02420,23,Female,Basic,1,0,1,1,1,1,5,52.1,4.7,35,19,371.73,5,1,Net Banking,0,Smart TV,West India,3,0
OTT02421,28,Female,Basic,1,1,0,0,0,0,2,33.3,1.0,59,55,830.21,4,3,Credit Card,1,Laptop,North India,3,0
OTT02422,44,Female,Basic,1,0,0,0,1,0,2,11.2,0.4,7,29,375.92,3,0,Credit Card,0,Smart TV,West India,1,0
OTT02423,53,Male,Basic,1,1,0,1,0,1,4,43.5,1.7,33,60,822.7,5,2,UPI,1,Tablet,Central India,4,0
OTT02424,51,Male,Standard,1,0,0,0,0,0,1,23.3,1.7,40,52,1169.42,4,0,Credit Card,0,Laptop,Central India,4,0
OTT02425,49,Female,Basic,1,1,1,1,1,0,5,5.1,0.6,32,45,937.07,2,0,UPI,0,Fire TV,East India,3,0
OTT02426,31,Female,Basic,1,0,1,1,0,1,4,14.2,1.6,41,19,906.97,3,1,Wallet,1,Tablet,West India,1,0
OTT02427,33,Male,Mobile,0,1,0,0,0,0,1,12.2,0.4,0,51,359.48,1,1,Net Banking,0,Laptop,North India,5,0
OTT02428,21,Male,Basic,1,1,0,1,0,1,4,22.6,0.9,38,13,656.95,5,1,UPI,0,Fire TV,Central India,1,0
OTT02429,31,Female,Standard,1,1,1,0,0,0,3,44.2,2.1,36,49,739.66,2,0,Credit Card,1,Smart TV,North India,5,0
OTT02430,24,Male,Standard,1,0,1,1,1,0,4,37.7,0.5,41,13,954.96,4,1,UPI,1,Mobile,South India,4,0
OTT02431,58,Male,Basic,1,0,0,1,1,1,4,16.4,1.3,36,32,461.31,3,0,Debit Card,1,Smart TV,North India,3,0
OTT02432,21,Male,Standard,0,1,1,1,0,1,4,31.5,0.2,14,6,637.5,3,1,Credit Card,0,Smart TV,West India,2,0
OTT02433,33,Male,Basic,0,0,1,0,1,1,3,17.8,1.0,51,35,1119.68,1,5,UPI,1,Tablet,South India,2,0
OTT02434,56,Male,Premium,1,0,1,0,0,0,2,20.3,3.3,14,9,682.31,1,0,Credit Card,1,Mobile,South India,5,1
OTT02435,59,Male,Basic,0,1,0,1,1,1,4,29.2,6.1,46,52,99.0,5,2,Wallet,0,Fire TV,North India,5,0
OTT02436,34,Female,Standard,1,1,1,1,1,1,6,10.4,1.4,15,18,351.1,3,2,Wallet,0,Mobile,North India,5,0
OTT02437,38,Female,Basic,1,1,1,0,0,0,3,21.4,2.0,42,60,481.06,1,1,Wallet,1,Mobile,West India,4,0
OTT02438,40,Male,Basic,1,1,0,1,1,0,4,21.6,0.6,16,14,384.27,5,0,Debit Card,0,Tablet,East India,4,0
OTT02439,53,Male,Standard,1,1,0,1,0,0,3,15.1,1.9,51,46,741.05,5,0,UPI,1,Smart TV,South India,4,0
OTT02440,51,Female,Mobile,0,1,1,1,0,1,4,31.2,3.7,22,5,990.45,4,2,UPI,1,Mobile,North India,5,0
OTT02441,40,Male,Standard,1,1,1,1,1,1,6,31.4,1.6,25,34,1041.7,3,0,Wallet,1,Mobile,West India,2,0
OTT02442,33,Male,Standard,1,0,0,1,0,0,2,13.0,3.0,15,58,1061.39,3,1,UPI,1,Smart TV,South India,1,0
OTT02443,34,Female,Mobile,0,0,0,0,1,1,2,10.1,0.9,19,14,505.37,3,1,UPI,1,Tablet,East India,3,0
OTT02444,45,Female,Premium,1,0,0,1,1,0,3,23.5,0.3,58,5,608.35,2,3,Wallet,1,Smart TV,North India,3,0
OTT02445,53,Female,Mobile,1,0,0,1,0,1,3,13.9,1.2,56,37,645.02,1,1,UPI,0,Tablet,Central India,3,1
OTT02446,21,Male,Premium,0,0,1,1,1,0,3,18.9,0.9,5,45,1492.11,1,2,Debit Card,1,Smart TV,North India,3,0
OTT02447,51,Male,Standard,0,0,0,0,0,1,1,2.2,2.9,37,17,784.75,3,1,UPI,1,Smart TV,South India,4,0
OTT02448,38,Male,Basic,0,1,1,1,0,0,3,21.5,2.9,51,16,635.0,2,0,UPI,1,Mobile,West India,2,1
OTT02449,24,Female,Mobile,1,0,1,1,0,0,3,19.4,0.6,35,36,420.04,3,1,Debit Card,1,Mobile,North India,4,0
OTT02450,22,Male,Standard,0,1,0,1,1,0,3,10.6,2.1,21,34,1011.63,4,2,Wallet,0,Smart TV,North India,2,0
OTT02451,32,Male,Standard,1,0,0,1,1,1,4,36.5,2.6,48,17,323.7,3,2,UPI,1,Mobile,South India,3,0
OTT02452,28,Male,Standard,0,1,1,0,1,1,4,19.2,1.0,37,1,744.85,5,2,UPI,1,Mobile,Central India,2,0
OTT02453,22,Female,Basic,0,1,1,0,1,1,4,25.2,1.7,11,24,651.37,2,0,Net Banking,1,Laptop,South India,3,0
OTT02454,30,Male,Mobile,1,0,1,1,1,0,4,35.4,2.4,19,1,578.22,4,1,Credit Card,1,Laptop,West India,3,0
OTT02455,53,Male,Standard,0,1,1,0,0,1,3,32.3,3.1,4,49,1207.63,5,1,Debit Card,1,Mobile,South India,3,0
OTT02456,48,Female,Premium,0,0,1,0,1,1,3,8.7,1.7,55,21,825.87,1,2,Wallet,0,Mobile,South India,3,1
OTT02457,26,Female,Basic,0,0,0,1,1,1,3,25.9,2.0,11,5,960.24,3,1,UPI,0,Mobile,South India,3,0
OTT02458,46,Female,Premium,0,0,1,0,0,0,1,15.0,2.5,4,43,341.43,2,1,UPI,1,Mobile,West India,5,0
OTT02459,37,Female,Standard,0,0,1,0,0,1,2,42.2,0.6,56,44,961.25,4,0,Debit Card,1,Mobile,South India,1,0
OTT02460,50,Male,Standard,0,1,0,0,1,1,3,58.3,0.2,16,59,1060.33,4,1,UPI,1,Smart TV,North India,3,0
OTT02461,28,Female,Standard,1,0,1,1,1,1,5,45.3,2.3,39,46,744.63,3,1,Credit Card,0,Laptop,East India,1,0
OTT02462,20,Male,Mobile,1,1,1,0,1,0,4,36.0,1.7,58,28,542.27,5,3,UPI,0,Mobile,North India,1,1
OTT02463,31,Female,Mobile,0,0,0,0,0,1,1,22.8,0.5,7,22,439.2,1,0,Debit Card,1,Mobile,South India,5,0
OTT02464,60,Male,Standard,0,0,0,1,1,1,3,37.8,2.4,21,41,671.88,1,2,Net Banking,1,Smart TV,East India,4,0
OTT02465,41,Female,Premium,1,0,0,1,0,0,2,6.8,0.5,12,11,610.52,5,3,UPI,1,Tablet,South India,5,0
OTT02466,20,Female,Standard,1,1,1,1,0,0,4,16.1,1.6,15,35,497.4,2,1,Credit Card,1,Laptop,North India,1,0
OTT02467,59,Male,Mobile,0,0,1,1,1,1,4,31.6,2.3,54,20,798.54,4,1,UPI,1,Laptop,South India,3,0
OTT02468,53,Male,Mobile,1,0,1,0,1,0,3,21.2,2.9,18,57,721.89,2,0,Debit Card,1,Laptop,West India,3,0
OTT02469,41,Female,Basic,0,0,0,1,1,1,3,11.7,1.2,14,11,558.38,1,0,Debit Card,1,Tablet,South India,4,0
OTT02470,49,Male,Standard,1,0,1,0,0,0,2,31.1,2.8,7,34,563.11,5,1,Net Banking,1,Laptop,South India,2,0
OTT02471,25,Female,Mobile,1,0,1,0,0,1,3,50.2,1.3,46,18,185.94,3,2,UPI,0,Laptop,West India,1,0
OTT02472,43,Male,Mobile,1,1,1,1,0,1,5,47.8,0.7,20,17,617.23,3,2,UPI,0,Laptop,South India,4,0
OTT02473,57,Female,Standard,1,0,1,0,1,1,4,16.2,0.9,4,42,315.12,5,1,Credit Card,0,Fire TV,South India,2,0
OTT02474,36,Female,Mobile,1,0,0,1,0,1,3,55.0,1.1,19,43,554.25,1,2,Credit Card,1,Laptop,West India,3,0
OTT02475,19,Male,Basic,1,1,0,0,1,0,3,18.1,0.1,53,51,746.3,4,0,Net Banking,1,Laptop,North India,5,0
OTT02476,50,Female,Standard,0,0,0,0,1,0,1,26.2,2.5,17,52,143.25,3,1,Credit Card,0,Mobile,North India,2,1
OTT02477,49,Female,Mobile,1,0,0,1,0,0,2,41.1,2.0,49,54,580.36,5,2,Net Banking,1,Smart TV,North India,5,0
OTT02478,49,Female,Basic,1,0,0,0,0,1,2,4.5,0.9,4,51,757.44,4,0,UPI,1,Mobile,East India,4,0
OTT02479,45,Female,Mobile,1,0,1,0,0,1,3,25.3,2.1,20,8,228.81,3,1,Credit Card,1,Smart TV,North India,1,0
OTT02480,23,Female,Basic,1,1,0,1,1,1,5,13.6,0.5,36,49,486.04,2,0,UPI,1,Smart TV,North India,2,0
OTT02481,22,Male,Premium,1,1,0,0,1,0,3,19.5,2.2,0,54,282.88,4,0,UPI,0,Tablet,North India,5,0
OTT02482,52,Male,Standard,0,0,0,1,0,1,2,41.0,2.4,41,6,900.26,5,0,Debit Card,1,Laptop,North India,4,0
OTT02483,54,Male,Mobile,0,0,0,0,1,0,1,18.0,0.4,60,49,478.62,4,2,Debit Card,1,Mobile,North India,3,0
OTT02484,21,Female,Mobile,0,0,0,1,0,1,2,22.9,2.7,42,28,464.94,5,1,UPI,1,Smart TV,South India,1,1
OTT02485,42,Female,Basic,0,1,1,1,0,1,4,23.6,1.3,49,22,893.9,2,2,UPI,1,Smart TV,East India,3,0
OTT02486,39,Male,Premium,1,0,1,1,0,0,3,34.9,1.3,9,26,582.56,4,0,Credit Card,1,Fire TV,South India,5,0
OTT02487,33,Female,Standard,0,1,0,1,1,1,4,39.6,0.4,30,28,1160.39,5,3,UPI,0,Mobile,South India,4,0
OTT02488,45,Male,Standard,0,1,1,1,1,0,4,28.3,3.0,39,60,802.31,2,1,UPI,1,Tablet,North India,5,0
OTT02489,57,Female,Mobile,0,0,1,0,0,0,1,19.1,3.0,27,53,780.48,1,0,Wallet,0,Mobile,West India,1,0
OTT02490,53,Female,Premium,1,0,0,0,1,1,3,27.1,4.0,54,9,789.64,1,2,Credit Card,0,Mobile,South India,1,0
OTT02491,24,Female,Standard,1,1,1,1,1,1,6,18.6,3.2,47,55,1016.23,3,3,Debit Card,1,Mobile,South India,5,0
OTT02492,37,Female,Basic,0,0,1,1,0,1,3,57.6,1.7,59,28,99.0,1,2,UPI,0,Smart TV,North India,5,1
OTT02493,58,Female,Basic,0,1,0,0,0,0,1,22.9,1.9,44,52,844.85,5,1,UPI,1,Mobile,South India,2,0
OTT02494,28,Male,Basic,1,0,1,1,1,1,5,44.7,0.2,54,44,421.94,5,3,UPI,1,Smart TV,East India,2,0
OTT02495,54,Female,Standard,1,0,1,1,1,1,5,44.8,0.1,47,43,318.98,4,0,Credit Card,1,Laptop,South India,3,0
OTT02496,39,Male,Basic,0,1,0,1,1,0,3,28.4,1.4,8,4,611.08,5,3,Debit Card,0,Fire TV,South India,3,0
OTT02497,40,Female,Basic,0,0,1,1,0,1,3,30.4,1.4,53,24,626.38,3,1,Debit Card,1,Laptop,North India,1,0
OTT02498,28,Female,Standard,0,1,0,0,0,1,2,30.5,0.7,58,54,159.85,1,1,UPI,1,Smart TV,West India,3,0
OTT02499,57,Male,Standard,1,1,0,0,1,1,4,33.9,1.4,39,21,317.43,4,2,UPI,0,Tablet,South India,5,0
OTT02500,40,Male,Basic,0,1,1,0,0,1,3,11.3,0.8,19,43,254.44,1,2,Debit Card,1,Mobile,West India,5,0
OTT02501,42,Male,Standard,0,0,0,0,0,1,1,71.9,3.0,25,22,414.62,1,1,Wallet,1,Tablet,Central India,1,0
OTT02502,37,Female,Mobile,1,1,1,0,0,1,4,26.8,1.6,1,9,791.35,4,0,Debit Card,1,Mobile,East India,2,0
OTT02503,21,Male,Basic,1,1,1,1,1,1,6,50.0,0.9,0,26,543.55,2,0,Wallet,0,Mobile,South India,3,0
OTT02504,51,Female,Standard,1,1,0,1,1,0,4,27.1,3.0,22,42,730.5,3,4,UPI,0,Smart TV,South India,3,0
OTT02505,32,Male,Standard,1,0,0,1,0,0,2,28.1,0.5,19,56,428.31,1,0,Wallet,1,Smart TV,West India,5,0
OTT02506,28,Female,Premium,1,0,0,0,0,0,1,16.7,5.1,18,39,1031.96,2,3,UPI,1,Smart TV,South India,1,1
OTT02507,51,Female,Standard,1,1,1,1,0,1,5,18.3,1.8,13,28,522.23,3,1,Credit Card,1,Tablet,South India,1,0
OTT02508,26,Male,Standard,1,1,1,1,1,0,5,6.0,1.4,41,8,900.72,2,1,Wallet,1,Smart TV,North India,4,0
OTT02509,47,Female,Basic,0,1,1,0,0,1,3,64.5,0.3,23,53,667.67,5,4,UPI,1,Laptop,West India,5,0
OTT02510,38,Male,Mobile,1,1,0,0,1,1,4,45.5,1.5,60,58,432.36,2,1,Net Banking,1,Mobile,South India,4,0
OTT02511,52,Female,Premium,1,0,1,1,0,0,3,16.7,1.3,54,32,1256.91,3,0,Wallet,1,Smart TV,North India,3,0
OTT02512,20,Male,Standard,0,1,1,0,0,1,3,25.6,2.3,44,31,996.1,1,1,UPI,1,Mobile,West India,3,0
OTT02513,51,Female,Premium,0,0,0,0,0,1,1,34.2,1.4,50,50,590.1,3,1,Debit Card,1,Fire TV,West India,3,0
OTT02514,27,Male,Standard,0,0,0,0,1,0,1,12.0,0.5,41,33,907.93,2,0,Wallet,0,Mobile,North India,5,0
OTT02515,55,Female,Basic,0,1,1,0,0,0,2,15.7,1.2,13,9,645.63,1,1,Credit Card,1,Tablet,North India,1,0
OTT02516,33,Male,Mobile,1,1,0,0,1,1,4,23.6,0.8,10,42,573.73,2,0,Credit Card,1,Mobile,West India,2,0
OTT02517,18,Female,Basic,0,0,1,0,0,1,2,52.0,0.5,30,12,453.51,5,1,Debit Card,0,Mobile,West India,3,0
OTT02518,38,Male,Standard,0,0,0,1,1,0,2,16.4,3.3,43,13,646.89,3,1,UPI,1,Laptop,South India,1,0
OTT02519,20,Male,Premium,0,0,1,1,0,1,3,34.7,0.3,32,15,737.63,3,2,Debit Card,1,Mobile,West India,4,0
OTT02520,29,Female,Premium,0,1,0,0,1,0,2,62.7,3.1,16,36,710.02,5,2,Debit Card,0,Tablet,North India,5,0
OTT02521,48,Male,Standard,0,1,0,0,0,1,2,45.8,1.6,4,11,812.63,4,1,Wallet,1,Tablet,North India,4,0
OTT02522,42,Female,Basic,1,0,0,0,1,1,3,11.0,2.5,17,20,643.48,1,4,Debit Card,1,Mobile,West India,3,0
OTT02523,48,Female,Mobile,1,0,0,1,1,0,3,18.7,3.5,54,50,285.24,3,1,UPI,1,Mobile,South India,5,1
OTT02524,55,Male,Basic,1,1,1,0,0,0,3,23.7,0.9,26,53,761.95,4,1,Credit Card,0,Smart TV,East India,5,0
OTT02525,38,Female,Premium,0,1,1,1,1,1,5,14.9,1.6,55,19,444.58,2,0,Net Banking,0,Smart TV,North India,2,0
OTT02526,41,Male,Standard,0,0,1,1,0,0,2,6.2,1.0,54,54,180.91,1,1,Net Banking,1,Smart TV,West India,5,1
OTT02527,20,Female,Standard,0,1,1,1,1,1,5,41.7,1.3,8,20,577.47,2,1,Credit Card,0,Fire TV,North India,2,0
OTT02528,30,Female,Premium,1,1,1,1,0,1,5,10.3,2.3,13,46,493.38,3,4,Credit Card,0,Smart TV,South India,5,0
OTT02529,49,Male,Mobile,0,1,1,1,0,1,4,16.6,1.4,32,2,403.66,2,1,UPI,0,Smart TV,North India,1,0
OTT02530,20,Male,Premium,1,0,1,1,0,0,3,30.3,1.6,54,11,273.45,1,0,Debit Card,1,Fire TV,West India,1,0
OTT02531,33,Female,Standard,1,1,0,0,0,1,3,24.8,0.7,15,20,717.0,5,2,Credit Card,1,Laptop,North India,2,0
OTT02532,23,Female,Mobile,1,0,0,1,1,0,3,14.8,1.4,30,29,453.41,1,1,Wallet,1,Smart TV,East India,5,0
OTT02533,54,Male,Standard,0,1,1,1,1,0,4,55.1,1.1,24,33,375.13,2,2,UPI,0,Mobile,Central India,3,0
OTT02534,42,Male,Mobile,0,0,0,0,1,0,1,12.5,1.5,4,58,747.75,1,0,Wallet,1,Laptop,North India,5,0
OTT02535,45,Male,Standard,1,1,1,1,1,1,6,38.4,0.6,32,4,578.68,2,2,Net Banking,1,Smart TV,South India,3,0
OTT02536,47,Female,Basic,1,0,1,1,0,0,3,33.3,0.9,41,22,736.53,2,1,Net Banking,1,Laptop,West India,4,0
OTT02537,27,Female,Basic,1,1,0,1,1,0,4,34.4,1.8,39,25,591.22,4,0,Wallet,1,Smart TV,South India,2,0
OTT02538,20,Male,Standard,1,0,0,0,1,1,3,8.2,2.2,40,20,733.93,2,1,Credit Card,1,Laptop,East India,5,0
OTT02539,35,Female,Basic,0,1,0,0,0,0,1,23.8,1.7,48,30,225.11,4,0,UPI,0,Laptop,South India,1,0
OTT02540,25,Female,Mobile,0,1,1,0,1,0,3,28.6,1.2,58,14,1039.9,1,4,Credit Card,1,Smart TV,West India,3,0
OTT02541,31,Female,Premium,0,1,1,1,0,0,3,31.1,0.9,58,27,150.42,5,1,Net Banking,1,Smart TV,Central India,4,1
OTT02542,31,Male,Basic,0,1,0,1,0,1,3,22.2,0.3,19,5,872.3,2,0,Credit Card,0,Tablet,West India,1,0
OTT02543,51,Male,Standard,0,1,0,0,1,0,2,34.8,3.4,8,10,600.6,3,0,Debit Card,1,Mobile,South India,2,0
OTT02544,31,Male,Standard,0,1,0,0,0,1,2,22.9,2.9,6,5,1244.09,2,1,UPI,0,Tablet,South India,3,0
OTT02545,24,Female,Mobile,1,0,1,0,0,1,3,14.3,3.7,47,37,649.38,2,0,Net Banking,1,Tablet,North India,1,0
OTT02546,59,Male,Premium,1,1,1,0,0,0,3,14.9,3.7,27,11,825.18,5,1,Net Banking,1,Fire TV,Central India,2,0
OTT02547,20,Male,Basic,1,1,1,1,1,1,6,32.0,1.9,30,52,99.0,3,5,UPI,1,Mobile,West India,2,0
OTT02548,26,Female,Basic,0,1,0,0,0,1,2,15.4,5.9,17,25,984.87,4,2,UPI,1,Tablet,North India,1,0
OTT02549,32,Female,Basic,0,1,1,0,0,0,2,36.4,1.3,15,16,767.96,4,2,Credit Card,1,Mobile,South India,5,0
OTT02550,20,Male,Standard,0,0,0,1,0,1,2,15.3,1.6,33,34,137.6,1,2,Debit Card,0,Smart TV,North India,2,1
OTT02551,56,Male,Mobile,1,1,1,0,0,0,3,11.6,0.9,15,4,450.19,1,2,Debit Card,0,Laptop,South India,4,0
OTT02552,33,Male,Basic,1,0,0,1,1,0,3,65.0,0.5,34,32,551.15,4,2,Credit Card,1,Tablet,North India,1,0
OTT02553,51,Male,Standard,1,0,1,0,1,1,4,49.5,1.0,46,33,944.01,2,1,Debit Card,0,Tablet,South India,4,0
OTT02554,23,Male,Standard,1,1,1,1,1,1,6,26.4,1.0,20,26,562.07,3,2,Wallet,1,Fire TV,South India,3,0
OTT02555,40,Male,Basic,1,0,0,0,0,1,2,18.2,2.5,34,45,277.72,5,3,Credit Card,1,Laptop,South India,1,0
OTT02556,23,Male,Basic,1,1,1,0,1,0,4,36.7,1.7,58,53,511.16,3,2,Wallet,1,Tablet,South India,4,0
OTT02557,27,Female,Basic,0,0,0,0,1,0,1,72.9,2.1,46,44,792.29,2,0,UPI,1,Mobile,West India,1,0
OTT02558,35,Female,Basic,0,0,1,0,1,0,2,19.6,1.9,10,50,608.51,2,4,UPI,0,Smart TV,South India,1,0
OTT02559,55,Male,Standard,1,1,1,0,0,0,3,63.5,1.9,19,26,823.99,4,2,UPI,1,Fire TV,South India,2,0
OTT02560,31,Female,Basic,0,1,0,0,0,0,1,18.2,0.9,13,24,99.0,4,2,UPI,1,Fire TV,North India,3,0
OTT02561,50,Male,Basic,1,1,0,0,0,1,3,9.3,1.8,32,4,1151.04,4,2,UPI,1,Mobile,Central India,1,0
OTT02562,21,Female,Basic,1,1,0,0,1,1,4,25.6,2.6,23,31,631.74,1,1,UPI,0,Laptop,West India,4,0
OTT02563,28,Female,Standard,1,1,0,1,1,0,4,8.1,3.3,17,57,729.66,1,1,Debit Card,1,Laptop,East India,3,1
OTT02564,43,Female,Standard,1,0,0,0,1,1,3,35.7,2.9,32,54,882.45,2,2,UPI,0,Smart TV,West India,1,0
OTT02565,38,Female,Basic,1,1,0,0,0,1,3,11.0,2.3,34,7,994.7,4,2,UPI,0,Smart TV,South India,2,0
OTT02566,39,Male,Standard,0,1,1,0,0,1,3,32.8,1.7,32,12,963.3,4,1,Credit Card,0,Smart TV,West India,5,0
OTT02567,47,Male,Standard,1,0,0,0,0,0,1,40.2,1.1,25,54,419.66,3,1,UPI,0,Laptop,South India,5,0
OTT02568,21,Female,Mobile,0,0,0,1,0,0,1,60.3,1.9,43,22,173.5,5,1,UPI,1,Smart TV,West India,5,0
OTT02569,47,Male,Basic,1,0,0,1,1,1,4,9.3,3.8,14,35,783.0,3,1,UPI,0,Smart TV,South India,5,0
OTT02570,55,Female,Basic,1,1,1,1,1,1,6,16.6,1.2,5,36,977.7,1,2,UPI,1,Mobile,South India,5,0
OTT02571,50,Male,Premium,0,0,1,0,0,0,1,20.3,4.4,3,25,784.32,5,1,UPI,1,Smart TV,Central India,2,0
OTT02572,30,Male,Basic,0,1,0,1,1,0,3,33.9,2.0,57,27,99.0,2,1,Net Banking,1,Mobile,West India,4,1
OTT02573,33,Female,Basic,0,0,1,1,1,1,4,22.9,3.4,16,51,1219.54,2,1,Net Banking,0,Fire TV,South India,3,0
OTT02574,59,Female,Standard,1,1,1,0,1,0,4,12.9,1.0,3,34,499.1,2,0,Credit Card,0,Smart TV,East India,2,0
OTT02575,51,Female,Standard,1,1,0,0,0,1,3,18.1,0.9,8,59,886.31,5,2,Credit Card,0,Smart TV,Central India,1,0
OTT02576,58,Female,Standard,1,0,1,0,0,1,3,28.2,0.5,38,3,112.56,3,0,UPI,1,Smart TV,North India,3,0
OTT02577,57,Female,Basic,1,1,0,1,0,1,4,19.4,3.8,18,8,1038.19,3,0,UPI,0,Mobile,South India,4,0
OTT02578,36,Male,Basic,1,1,1,1,0,1,5,55.6,2.0,32,30,926.46,3,1,Debit Card,1,Smart TV,South India,5,0
OTT02579,23,Female,Standard,1,0,0,0,1,0,2,31.0,2.5,46,41,526.12,5,0,Wallet,1,Laptop,South India,2,0
OTT02580,27,Male,Standard,1,1,1,1,1,0,5,12.9,1.6,15,58,1007.71,5,0,Debit Card,1,Smart TV,South India,3,0
OTT02581,30,Male,Premium,0,0,0,0,1,0,1,24.2,1.7,12,57,698.44,1,0,Credit Card,1,Mobile,West India,3,0
OTT02582,53,Female,Standard,1,1,0,1,0,1,4,35.0,0.4,23,57,881.77,4,2,Credit Card,0,Smart TV,West India,2,0
OTT02583,29,Male,Standard,0,1,0,0,0,0,1,29.4,2.0,26,28,615.32,5,1,Credit Card,1,Mobile,North India,3,0
OTT02584,33,Male,Mobile,1,0,0,0,0,1,2,18.7,2.7,29,42,449.18,5,2,Credit Card,1,Tablet,North India,3,0
OTT02585,54,Male,Premium,0,0,0,1,0,0,1,22.1,0.2,52,17,1155.71,2,3,UPI,0,Mobile,West India,5,1
OTT02586,25,Other,Standard,1,0,0,1,1,0,3,23.9,1.1,3,57,781.17,4,1,Wallet,0,Mobile,South India,3,0
OTT02587,46,Female,Mobile,1,0,0,1,0,0,2,42.7,0.8,50,52,260.08,3,0,UPI,0,Tablet,Central India,3,0
OTT02588,41,Male,Basic,0,1,1,0,0,0,2,35.6,2.3,22,46,690.73,5,1,Credit Card,1,Laptop,West India,4,0
OTT02589,60,Female,Standard,1,1,0,0,1,0,3,9.2,2.2,52,41,844.78,3,0,Debit Card,1,Smart TV,North India,3,0
OTT02590,39,Male,Basic,0,1,0,1,1,0,3,54.0,2.5,25,12,960.34,4,0,Wallet,0,Mobile,South India,2,0
OTT02591,40,Female,Standard,0,1,1,1,1,0,4,63.3,0.1,8,43,1248.85,2,2,UPI,1,Laptop,North India,5,0
OTT02592,54,Male,Standard,1,1,0,1,1,1,5,19.8,1.6,30,42,823.8,1,1,UPI,1,Smart TV,North India,2,0
OTT02593,60,Male,Basic,1,0,0,1,1,1,4,32.8,0.3,48,19,445.23,4,1,Debit Card,1,Tablet,South India,3,0
OTT02594,49,Female,Premium,0,0,1,1,0,0,2,87.9,1.9,29,60,588.83,4,3,UPI,1,Mobile,North India,3,0
OTT02595,48,Female,Premium,0,0,0,0,1,1,2,25.0,0.5,3,21,1015.16,5,2,UPI,0,Mobile,East India,1,0
OTT02596,55,Male,Basic,1,1,1,0,1,1,5,28.2,2.2,59,40,454.65,1,2,Credit Card,0,Mobile,East India,5,1
OTT02597,60,Male,Basic,1,0,0,0,0,0,1,37.0,0.5,45,59,707.53,3,1,UPI,1,Laptop,North India,3,0
OTT02598,49,Female,Premium,1,0,1,0,1,0,3,50.2,0.7,53,49,514.85,1,0,Debit Card,1,Smart TV,South India,5,0
OTT02599,30,Male,Basic,1,1,1,1,0,1,5,7.2,3.2,56,47,561.72,1,2,Wallet,1,Smart TV,South India,2,1
OTT02600,45,Male,Premium,1,1,1,1,1,1,6,24.6,1.4,42,42,585.7,5,0,Credit Card,1,Mobile,West India,3,0
OTT02601,28,Female,Basic,1,0,0,0,1,1,3,50.1,1.4,29,5,713.69,4,3,Debit Card,1,Smart TV,Central India,2,0
OTT02602,39,Male,Standard,1,1,1,0,0,1,4,37.7,0.7,59,3,611.3,5,1,Credit Card,1,Mobile,South India,3,0
OTT02603,37,Male,Standard,1,0,0,1,0,1,3,31.0,2.9,0,44,198.17,4,0,UPI,1,Smart TV,Central India,1,0
OTT02604,60,Male,Basic,1,1,1,1,0,0,4,28.3,2.0,20,2,993.8,1,2,Credit Card,1,Mobile,East India,4,0
OTT02605,41,Male,Standard,0,0,1,0,0,0,1,48.7,1.9,22,41,960.86,5,5,Debit Card,0,Fire TV,North India,5,0
OTT02606,59,Female,Mobile,0,0,1,0,1,0,2,35.2,0.6,18,45,708.24,2,2,UPI,1,Mobile,West India,2,0
OTT02607,52,Female,Basic,1,0,1,1,0,0,3,60.7,1.6,9,14,1000.99,1,2,UPI,1,Mobile,West India,4,0
OTT02608,54,Male,Basic,0,0,0,0,1,1,2,22.8,6.5,28,19,857.91,5,1,Wallet,1,Smart TV,Central India,1,0
OTT02609,25,Female,Mobile,1,0,1,0,1,1,4,5.2,0.9,13,51,873.14,5,1,Credit Card,0,Laptop,North India,1,0
OTT02610,51,Male,Mobile,0,1,1,0,0,0,2,45.4,3.1,41,29,741.39,1,1,UPI,1,Laptop,North India,4,1
OTT02611,28,Male,Basic,1,0,1,1,1,1,5,21.3,0.2,49,42,862.54,2,3,Debit Card,0,Mobile,East India,1,0
OTT02612,42,Female,Basic,1,1,0,0,1,1,4,26.1,2.5,43,20,362.66,5,0,UPI,1,Laptop,West India,3,0
OTT02613,38,Male,Mobile,1,0,1,0,0,1,3,29.3,2.0,37,10,559.23,1,2,Credit Card,1,Mobile,Central India,5,0
OTT02614,29,Female,Mobile,1,1,0,1,0,1,4,18.5,1.3,39,12,242.22,5,0,Credit Card,1,Tablet,North India,2,0
OTT02615,60,Male,Premium,0,0,0,0,1,1,2,10.8,2.0,21,14,318.61,2,2,Credit Card,0,Tablet,East India,3,1
OTT02616,55,Female,Mobile,1,1,0,0,0,1,3,43.8,2.0,11,19,1000.69,5,2,UPI,0,Mobile,Central India,2,0
OTT02617,42,Female,Standard,0,0,0,1,0,1,2,2.5,2.0,18,43,768.14,2,1,Credit Card,1,Laptop,South India,5,0
OTT02618,18,Male,Mobile,1,0,1,1,1,1,5,74.4,1.1,13,27,511.81,5,2,Credit Card,0,Fire TV,South India,3,0
OTT02619,25,Female,Mobile,1,1,0,1,0,1,4,26.5,1.0,33,30,380.28,2,0,Debit Card,1,Fire TV,Central India,4,0
OTT02620,27,Male,Basic,1,1,1,1,1,0,5,5.2,0.8,19,18,263.84,3,1,Debit Card,0,Laptop,North India,3,0
OTT02621,59,Male,Basic,1,1,0,1,1,1,5,47.5,0.4,29,36,311.03,4,0,UPI,1,Mobile,North India,4,0
OTT02622,35,Male,Standard,1,1,1,1,1,1,6,7.1,1.4,26,58,475.99,5,2,Credit Card,1,Smart TV,North India,5,0
OTT02623,20,Female,Standard,1,0,0,0,0,1,2,18.0,2.8,39,50,99.0,2,0,Credit Card,1,Fire TV,South India,1,0
OTT02624,43,Female,Basic,0,1,1,1,1,1,5,64.4,1.0,22,57,902.86,1,0,Debit Card,1,Laptop,East India,5,0
OTT02625,58,Female,Basic,1,1,0,0,0,1,3,33.6,0.6,39,27,737.53,3,0,UPI,0,Smart TV,South India,3,1
OTT02626,42,Female,Premium,1,0,0,1,1,0,3,30.8,0.8,40,7,767.03,1,0,Credit Card,1,Mobile,West India,5,1
OTT02627,37,Male,Mobile,0,1,0,0,1,1,3,33.3,1.6,31,16,827.9,2,0,Debit Card,1,Mobile,North India,1,0
OTT02628,25,Female,Standard,0,0,0,1,1,0,2,14.3,1.6,40,15,640.67,4,0,Credit Card,1,Mobile,East India,5,0
OTT02629,55,Female,Standard,1,1,0,0,0,0,2,4.3,0.7,16,32,710.36,2,0,UPI,1,Mobile,North India,1,0
OTT02630,22,Female,Basic,0,0,0,1,0,1,2,34.3,1.5,19,8,637.71,1,1,UPI,1,Mobile,South India,1,0
OTT02631,58,Female,Basic,0,0,0,1,0,0,1,31.8,1.3,42,26,1056.74,1,0,UPI,1,Smart TV,West India,4,0
OTT02632,27,Female,Basic,1,0,0,1,1,0,3,23.6,2.1,45,36,396.28,4,0,Debit Card,1,Mobile,South India,3,1
OTT02633,23,Male,Standard,1,1,1,1,0,1,5,54.4,3.6,31,25,882.25,1,1,UPI,0,Fire TV,South India,4,0
OTT02634,32,Female,Premium,0,1,0,0,1,1,3,40.3,1.0,22,33,347.62,4,0,UPI,1,Laptop,East India,1,0
OTT02635,18,Other,Basic,1,0,1,1,0,0,3,12.0,0.9,2,31,323.18,2,0,UPI,1,Laptop,South India,4,0
OTT02636,18,Female,Premium,0,1,0,0,1,1,3,20.3,1.6,2,8,236.31,4,2,UPI,0,Smart TV,North India,4,0
OTT02637,26,Male,Basic,1,1,1,0,0,0,3,17.8,1.8,46,12,109.34,5,1,Wallet,1,Laptop,Central India,1,1
OTT02638,47,Male,Mobile,0,1,0,1,0,0,2,14.6,2.2,39,39,720.42,1,0,UPI,1,Laptop,North India,4,0
OTT02639,53,Female,Standard,1,1,1,0,1,0,4,50.8,0.3,25,28,360.44,2,2,UPI,1,Laptop,North India,1,0
OTT02640,28,Female,Premium,0,0,0,1,1,0,2,20.2,4.9,48,22,740.41,5,1,Debit Card,1,Laptop,North India,1,0
OTT02641,45,Female,Standard,1,1,0,0,1,1,4,40.7,1.2,34,33,1107.31,2,3,UPI,0,Laptop,East India,2,0
OTT02642,33,Female,Standard,1,0,1,0,1,1,4,34.8,0.9,41,29,520.91,4,1,UPI,1,Mobile,South India,3,0
OTT02643,36,Female,Basic,1,0,0,1,0,1,3,11.8,0.6,27,38,752.13,3,1,Credit Card,1,Smart TV,East India,3,1
OTT02644,32,Female,Premium,1,1,1,1,1,0,5,50.8,1.0,11,44,938.57,2,0,Debit Card,0,Laptop,Central India,4,0
OTT02645,56,Male,Standard,0,0,1,1,0,0,2,25.1,0.4,46,7,730.83,5,1,UPI,0,Smart TV,East India,5,0
OTT02646,40,Male,Standard,1,1,0,1,1,1,5,20.2,3.1,26,2,684.76,3,1,UPI,0,Laptop,West India,3,0
OTT02647,39,Female,Standard,0,1,1,0,1,1,4,9.6,1.3,46,41,178.76,4,1,Credit Card,1,Laptop,South India,2,0
OTT02648,54,Male,Standard,1,0,0,1,1,1,4,15.2,0.9,48,54,683.53,2,1,UPI,1,Laptop,Central India,1,1
OTT02649,46,Male,Premium,0,1,1,1,1,0,4,13.1,2.7,25,43,821.01,4,0,UPI,0,Mobile,East India,2,0
OTT02650,24,Female,Standard,1,1,0,1,1,1,5,8.0,1.2,4,7,1156.92,4,0,UPI,0,Tablet,South India,2,0
OTT02651,26,Male,Basic,1,1,1,1,1,1,6,33.3,0.9,59,53,547.45,3,0,UPI,0,Tablet,East India,4,0
OTT02652,32,Female,Premium,1,0,0,0,1,1,3,13.4,4.0,57,33,992.28,3,1,Credit Card,0,Smart TV,East India,4,0
OTT02653,22,Male,Standard,1,1,1,0,0,1,4,27.4,1.0,55,1,476.25,3,1,Credit Card,1,Laptop,West India,3,0
OTT02654,47,Female,Standard,1,1,1,0,0,1,4,47.9,0.2,2,57,911.2,2,2,Credit Card,0,Mobile,South India,2,0
OTT02655,39,Male,Standard,1,0,0,0,1,1,3,38.1,1.4,24,2,416.93,3,0,Wallet,1,Tablet,Central India,5,0
OTT02656,19,Female,Basic,1,1,1,0,1,1,5,29.9,1.3,11,58,684.98,5,1,Credit Card,0,Smart TV,Central India,1,0
OTT02657,35,Female,Basic,0,0,1,0,1,1,3,5.7,0.9,40,46,466.9,5,1,Wallet,0,Fire TV,South India,2,1
OTT02658,53,Male,Basic,1,0,1,0,1,0,3,8.0,0.8,37,45,652.19,2,2,Debit Card,1,Smart TV,South India,3,0
OTT02659,57,Male,Premium,0,0,1,0,0,0,1,17.3,1.5,48,54,651.38,5,2,UPI,1,Tablet,Central India,5,0
OTT02660,59,Male,Standard,0,0,0,1,1,0,2,31.3,1.1,28,39,675.94,5,2,Net Banking,0,Mobile,North India,5,0
OTT02661,57,Male,Premium,1,1,1,1,1,0,5,13.3,1.2,37,7,427.57,3,0,Credit Card,1,Smart TV,North India,4,0
OTT02662,44,Male,Basic,1,1,0,0,1,0,3,13.0,1.8,36,31,636.7,2,0,Credit Card,1,Mobile,South India,4,1
OTT02663,57,Male,Premium,0,0,1,1,0,1,3,46.5,1.1,52,10,746.0,3,2,Net Banking,1,Mobile,North India,3,1
OTT02664,59,Female,Basic,1,0,0,0,1,0,2,21.9,0.9,27,10,558.44,3,0,Credit Card,0,Smart TV,East India,4,0
OTT02665,45,Male,Basic,1,1,0,0,0,1,3,8.3,2.2,3,6,406.63,3,3,UPI,1,Laptop,South India,5,0
OTT02666,35,Male,Premium,1,1,1,0,0,1,4,31.7,1.1,50,30,440.01,2,1,UPI,1,Fire TV,North India,5,1
OTT02667,59,Male,Standard,1,1,1,1,1,0,5,10.6,0.9,13,40,927.4,5,2,UPI,1,Smart TV,West India,4,0
OTT02668,35,Male,Premium,0,0,0,1,0,0,1,31.2,0.5,58,21,652.25,3,2,UPI,1,Tablet,East India,4,0
OTT02669,25,Female,Standard,1,1,0,0,1,0,3,19.8,0.7,58,43,1041.04,1,1,Debit Card,1,Smart TV,South India,3,0
OTT02670,22,Female,Basic,0,1,0,0,1,1,3,26.0,0.5,47,55,582.08,5,2,Net Banking,1,Laptop,Central India,3,0
OTT02671,42,Female,Basic,0,1,1,0,1,0,3,12.8,0.4,20,19,608.17,1,2,Debit Card,1,Laptop,South India,3,0
OTT02672,19,Male,Premium,1,1,0,1,0,0,3,19.1,0.8,36,1,800.21,1,3,Wallet,1,Smart TV,East India,4,1
OTT02673,23,Male,Standard,1,1,0,0,0,1,3,17.4,1.8,57,43,804.95,3,0,UPI,0,Smart TV,West India,5,0
OTT02674,28,Male,Standard,0,1,1,0,1,0,3,13.9,1.4,23,37,1024.46,5,1,Credit Card,0,Smart TV,South India,4,0
OTT02675,40,Female,Mobile,1,0,1,0,1,0,3,19.5,1.1,14,4,99.0,5,0,UPI,1,Laptop,West India,1,0
OTT02676,38,Male,Basic,0,1,0,1,1,0,3,5.7,1.9,38,51,783.15,5,0,UPI,1,Mobile,South India,4,0
OTT02677,39,Female,Premium,0,1,1,0,0,1,3,36.8,0.9,56,37,351.75,3,1,UPI,1,Mobile,South India,2,1
OTT02678,39,Female,Premium,1,0,1,0,1,1,4,35.6,1.7,48,3,615.15,4,3,Debit Card,1,Laptop,North India,5,0
OTT02679,60,Female,Basic,1,1,1,0,1,0,4,20.2,2.2,22,40,338.7,2,2,Wallet,1,Laptop,West India,4,0
OTT02680,27,Female,Mobile,0,0,0,1,0,1,2,20.6,0.2,48,35,709.54,3,0,Credit Card,1,Smart TV,North India,5,0
OTT02681,38,Female,Mobile,0,1,1,0,1,1,4,19.0,1.4,53,2,350.78,5,3,UPI,0,Mobile,East India,3,0
OTT02682,44,Male,Mobile,1,1,1,0,1,1,5,36.7,1.9,0,33,117.0,3,2,UPI,1,Laptop,Central India,3,0
OTT02683,29,Male,Premium,0,0,0,1,0,1,2,16.8,1.8,43,31,325.15,1,1,UPI,1,Mobile,East India,4,0
OTT02684,25,Female,Basic,0,0,1,0,1,1,3,41.6,1.5,42,4,968.36,4,1,Debit Card,1,Smart TV,Central India,4,0
OTT02685,20,Female,Basic,0,0,0,1,0,1,2,9.8,1.0,32,23,836.45,4,1,UPI,1,Mobile,West India,2,0
OTT02686,32,Male,Standard,1,1,0,1,0,1,4,41.8,1.2,12,43,1004.18,5,4,Net Banking,1,Mobile,South India,2,0
OTT02687,28,Male,Standard,1,0,1,0,0,0,2,4.4,3.2,50,35,100.12,5,0,Debit Card,1,Fire TV,North India,4,0
OTT02688,26,Male,Basic,0,1,1,1,1,0,4,18.6,0.3,32,25,1147.34,2,0,Debit Card,1,Mobile,Central India,4,1
OTT02689,29,Female,Premium,0,1,1,0,0,0,2,37.1,0.8,55,36,1316.43,5,1,UPI,1,Tablet,North India,2,0
OTT02690,47,Male,Basic,0,0,1,0,1,1,3,40.5,1.4,45,27,356.25,5,2,UPI,0,Smart TV,South India,1,0
OTT02691,53,Male,Basic,1,1,1,0,1,1,5,10.1,0.4,17,6,754.16,5,2,Debit Card,1,Tablet,Central India,4,0
OTT02692,40,Male,Premium,0,1,0,1,1,0,3,32.2,1.2,58,4,473.84,2,2,UPI,0,Smart TV,North India,3,0
OTT02693,20,Female,Mobile,0,1,1,1,1,1,5,30.2,2.3,22,38,866.79,3,1,Credit Card,1,Mobile,West India,5,0
OTT02694,49,Female,Premium,1,1,1,1,1,1,6,33.3,2.0,2,24,1110.47,3,2,Debit Card,1,Tablet,South India,1,0
OTT02695,24,Male,Standard,1,1,1,1,1,0,5,82.4,1.4,3,46,374.68,5,2,Credit Card,1,Fire TV,South India,3,0
OTT02696,20,Female,Premium,0,1,1,0,0,0,2,87.5,1.6,19,7,281.1,3,2,UPI,1,Smart TV,West India,3,0
OTT02697,42,Male,Mobile,1,0,1,1,1,0,4,47.6,0.1,14,49,576.63,2,2,Debit Card,1,Mobile,Central India,3,0
OTT02698,36,Female,Basic,0,0,0,0,0,1,1,13.5,0.6,3,44,1667.78,1,0,Credit Card,1,Smart TV,South India,3,0
OTT02699,31,Female,Premium,1,0,0,0,1,1,3,17.9,0.9,51,50,885.29,3,2,UPI,1,Laptop,North India,4,0
OTT02700,59,Male,Premium,1,1,1,1,0,1,5,26.6,1.1,47,47,789.89,1,0,Wallet,1,Laptop,West India,3,1
OTT02701,21,Female,Premium,0,1,1,1,0,1,4,18.7,2.3,2,4,937.61,1,1,Credit Card,1,Fire TV,South India,3,0
OTT02702,20,Female,Basic,0,1,0,1,1,0,3,13.5,4.2,10,10,976.75,5,2,Net Banking,0,Smart TV,West India,2,0
OTT02703,43,Male,Standard,0,1,0,1,0,1,3,40.9,1.2,51,11,743.76,1,0,UPI,1,Laptop,North India,4,1
OTT02704,35,Male,Basic,1,1,0,1,1,0,4,10.0,1.2,7,7,635.2,5,0,Credit Card,1,Smart TV,South India,3,0
OTT02705,52,Female,Basic,1,1,1,1,0,0,4,4.7,1.4,4,44,488.08,3,3,Credit Card,1,Tablet,West India,5,0
OTT02706,19,Male,Standard,0,0,1,1,0,1,3,35.7,0.8,5,59,711.34,5,1,Wallet,1,Mobile,North India,4,0
OTT02707,36,Female,Standard,0,1,1,1,1,1,5,35.0,3.5,48,50,970.4,3,1,Net Banking,0,Smart TV,West India,2,1
OTT02708,24,Male,Standard,0,1,0,1,0,0,2,8.2,0.7,43,27,953.6,2,1,Credit Card,1,Fire TV,West India,2,1
OTT02709,19,Female,Basic,0,1,1,0,0,0,2,8.1,0.7,32,55,496.02,3,3,Credit Card,1,Smart TV,North India,1,0
OTT02710,37,Female,Standard,1,0,1,1,0,1,4,23.0,0.9,5,45,618.05,2,2,Credit Card,0,Fire TV,East India,3,0
OTT02711,49,Female,Premium,1,1,1,1,1,1,6,27.8,3.8,35,43,315.02,2,0,UPI,1,Laptop,South India,4,0
OTT02712,24,Male,Basic,1,1,0,0,0,0,2,19.0,1.9,27,14,951.0,1,1,Wallet,1,Mobile,Central India,4,0
OTT02713,54,Female,Premium,1,0,0,1,0,0,2,16.6,1.4,16,49,795.19,3,1,UPI,1,Smart TV,South India,5,0
OTT02714,40,Female,Premium,1,0,0,1,0,0,2,22.2,1.1,9,10,573.21,4,3,Debit Card,1,Smart TV,Central India,4,0
OTT02715,38,Female,Basic,1,1,1,1,0,1,5,34.1,1.3,2,35,532.04,4,2,Debit Card,1,Laptop,East India,5,0
OTT02716,57,Female,Standard,0,0,0,1,1,0,2,8.5,0.6,38,19,378.49,1,0,Net Banking,1,Mobile,North India,4,1
OTT02717,32,Male,Premium,1,1,0,0,0,1,3,25.2,0.2,41,43,673.06,1,3,Credit Card,0,Smart TV,East India,2,0
OTT02718,26,Female,Standard,1,1,1,1,1,1,6,13.5,2.5,8,45,1068.88,4,3,Credit Card,1,Smart TV,North India,4,0
OTT02719,51,Male,Mobile,1,0,0,0,0,0,1,76.6,0.5,16,35,430.84,3,2,Net Banking,1,Smart TV,South India,1,0
OTT02720,22,Male,Standard,1,0,1,1,0,0,3,26.2,3.4,14,32,264.77,2,0,Credit Card,1,Tablet,Central India,2,1
OTT02721,55,Female,Standard,1,0,1,0,1,0,3,52.7,1.9,59,1,683.35,3,2,UPI,0,Smart TV,South India,4,0
OTT02722,53,Male,Standard,1,1,1,0,0,1,4,33.0,1.2,52,51,981.27,4,1,UPI,1,Mobile,North India,2,0
OTT02723,60,Female,Mobile,0,1,0,0,1,0,2,63.7,1.8,5,41,918.8,2,2,UPI,1,Mobile,West India,1,0
OTT02724,37,Male,Mobile,0,1,1,1,0,0,3,22.4,1.5,1,1,990.67,1,1,UPI,1,Smart TV,South India,2,0
OTT02725,44,Male,Standard,1,1,0,0,0,0,2,24.3,1.3,56,32,505.5,1,3,Debit Card,1,Mobile,North India,1,0
OTT02726,55,Female,Standard,0,1,1,0,1,1,4,20.5,1.4,2,33,898.53,5,1,UPI,1,Mobile,South India,5,0
OTT02727,23,Male,Premium,1,1,1,0,1,0,4,14.7,2.5,13,2,754.4,2,0,Debit Card,1,Smart TV,South India,5,0
OTT02728,31,Female,Basic,0,1,1,0,0,0,2,8.9,1.8,44,26,576.48,1,1,UPI,1,Smart TV,West India,4,1
OTT02729,38,Other,Premium,1,0,0,1,0,1,3,27.9,1.3,10,5,658.16,2,1,Credit Card,0,Mobile,South India,1,0
OTT02730,44,Male,Mobile,1,1,0,1,1,1,5,40.0,2.2,12,10,879.68,1,1,UPI,1,Smart TV,Central India,5,0
OTT02731,47,Male,Premium,0,0,0,0,0,1,1,21.6,3.6,42,51,810.24,1,1,Debit Card,1,Smart TV,South India,1,0
OTT02732,57,Male,Premium,1,0,0,0,1,0,2,17.2,1.2,14,22,803.88,1,1,Debit Card,1,Mobile,West India,2,0
OTT02733,39,Female,Basic,1,1,0,0,1,0,3,51.7,0.8,38,8,838.21,4,2,Debit Card,0,Smart TV,South India,1,1
OTT02734,25,Male,Basic,1,0,0,0,0,1,2,11.5,2.3,0,30,536.49,2,0,UPI,1,Smart TV,West India,3,0
OTT02735,26,Female,Premium,0,0,0,0,1,1,2,23.7,1.3,58,32,279.03,1,2,Wallet,1,Smart TV,South India,3,1
OTT02736,52,Other,Standard,0,1,0,1,1,0,3,35.9,2.8,31,24,456.47,4,5,Debit Card,1,Laptop,North India,4,0
OTT02737,37,Male,Standard,0,1,0,0,0,1,2,13.3,0.6,33,7,897.33,3,1,Wallet,0,Mobile,West India,1,1
OTT02738,45,Female,Basic,1,0,1,0,0,1,3,23.9,1.0,24,55,251.12,3,1,Wallet,1,Smart TV,North India,5,0
OTT02739,42,Male,Premium,1,1,0,1,0,1,4,40.9,4.4,32,5,652.9,1,0,Debit Card,0,Mobile,South India,5,0
OTT02740,52,Female,Standard,0,1,0,0,1,1,3,13.2,1.0,50,23,692.0,3,2,Debit Card,1,Smart TV,South India,2,0
OTT02741,27,Male,Basic,1,0,0,0,0,0,1,33.5,2.9,59,40,853.33,1,1,Debit Card,0,Mobile,East India,1,1
OTT02742,25,Female,Standard,1,1,1,1,0,1,5,7.1,0.8,6,53,293.25,3,1,Debit Card,1,Mobile,South India,2,0
OTT02743,49,Male,Mobile,0,0,0,0,1,1,2,21.4,2.2,29,42,99.0,1,0,UPI,1,Mobile,East India,1,0
OTT02744,36,Female,Standard,1,1,0,0,1,1,4,44.8,0.7,60,36,490.31,4,0,Debit Card,1,Smart TV,East India,2,0
OTT02745,53,Male,Premium,0,0,0,1,1,1,3,34.3,2.4,47,27,807.12,3,0,Wallet,1,Smart TV,South India,2,0
OTT02746,23,Female,Basic,1,1,0,1,0,1,4,46.4,1.1,3,50,1039.12,4,1,UPI,0,Mobile,East India,2,0
OTT02747,29,Female,Basic,1,0,1,0,0,0,2,3.7,1.0,55,28,462.71,3,1,Credit Card,1,Smart TV,South India,3,0
OTT02748,59,Female,Basic,0,0,1,0,0,1,2,21.9,1.2,13,36,415.06,3,1,Credit Card,1,Laptop,West India,4,0
OTT02749,54,Female,Mobile,1,0,1,0,0,1,3,14.0,1.4,9,26,718.74,5,2,Debit Card,0,Smart TV,North India,5,0
OTT02750,20,Male,Premium,0,0,0,0,0,1,1,22.6,1.6,8,47,1233.98,1,0,Debit Card,1,Smart TV,North India,5,0
OTT02751,53,Male,Standard,0,0,1,0,0,1,2,42.0,0.5,14,3,779.47,3,1,Debit Card,1,Smart TV,South India,5,0
OTT02752,20,Male,Basic,0,1,1,0,1,1,4,55.5,1.7,47,14,800.11,1,2,UPI,1,Tablet,North India,5,0
OTT02753,23,Female,Mobile,1,1,0,0,1,1,4,70.1,0.4,15,51,1198.33,1,1,Wallet,0,Laptop,East India,2,0
OTT02754,56,Male,Mobile,0,1,0,0,0,0,1,17.5,2.6,17,6,911.22,2,1,UPI,0,Tablet,West India,4,0
OTT02755,23,Male,Standard,0,1,1,1,1,1,5,6.4,1.8,33,37,696.8,1,2,UPI,1,Mobile,East India,3,1
OTT02756,30,Female,Basic,1,1,0,0,1,1,4,5.1,1.8,1,37,336.0,1,1,Credit Card,0,Tablet,East India,5,1
OTT02757,23,Male,Basic,1,1,1,1,0,1,5,9.8,2.4,20,9,670.41,4,0,Credit Card,1,Fire TV,North India,1,0
OTT02758,43,Female,Premium,0,0,1,1,1,1,4,39.6,1.8,32,16,852.43,2,1,UPI,1,Smart TV,North India,3,0
OTT02759,20,Male,Standard,1,1,1,0,1,0,4,30.8,3.7,39,19,358.4,4,2,UPI,1,Mobile,Central India,5,0
OTT02760,30,Male,Standard,0,0,1,1,0,1,3,55.6,0.7,14,28,911.57,5,2,Debit Card,1,Mobile,Central India,5,0
OTT02761,32,Female,Mobile,1,0,1,0,1,1,4,32.0,0.5,11,33,618.79,2,1,Credit Card,1,Mobile,South India,3,0
OTT02762,45,Female,Basic,1,0,1,1,1,1,5,22.3,3.8,37,15,590.79,2,0,Net Banking,1,Smart TV,Central India,2,0
OTT02763,39,Female,Premium,0,0,0,0,0,1,1,17.5,1.8,15,20,389.35,2,1,Credit Card,1,Laptop,West India,5,0
OTT02764,26,Male,Standard,1,0,1,0,0,0,2,51.3,2.0,27,39,748.36,5,1,UPI,1,Tablet,North India,2,0
OTT02765,37,Male,Standard,0,0,1,0,0,0,1,3.6,0.6,57,54,841.24,1,0,Debit Card,0,Smart TV,South India,2,0
OTT02766,37,Male,Standard,1,1,1,1,0,1,5,10.4,1.9,5,44,350.22,4,2,Credit Card,1,Mobile,Central India,2,0
OTT02767,33,Male,Basic,0,1,1,1,0,0,3,35.2,1.3,54,55,794.61,2,3,Credit Card,1,Mobile,North India,5,0
OTT02768,40,Female,Standard,1,1,0,1,1,0,4,18.7,2.2,54,31,900.8,1,5,UPI,1,Tablet,East India,3,1
OTT02769,32,Male,Mobile,0,1,1,1,1,1,5,38.7,1.5,59,2,885.61,3,1,Credit Card,1,Laptop,North India,3,0
OTT02770,32,Female,Basic,1,1,1,1,1,1,6,36.4,1.3,13,22,714.35,4,1,UPI,1,Smart TV,West India,1,0
OTT02771,51,Female,Standard,0,0,1,0,0,1,2,34.1,1.5,27,60,559.73,5,4,UPI,0,Mobile,North India,3,0
OTT02772,28,Male,Mobile,1,1,1,1,0,0,4,33.0,0.9,0,37,576.24,4,2,UPI,0,Laptop,South India,4,0
OTT02773,32,Female,Basic,1,1,1,0,1,1,5,40.9,1.0,24,17,259.88,1,0,Wallet,1,Smart TV,South India,5,0
OTT02774,24,Male,Mobile,1,0,0,0,0,0,1,40.9,3.0,35,51,473.86,4,0,Credit Card,1,Smart TV,South India,3,0
OTT02775,48,Female,Basic,1,1,0,1,0,1,4,24.0,1.9,48,23,568.11,1,2,Net Banking,1,Laptop,East India,5,0
OTT02776,48,Male,Premium,0,1,0,0,1,0,2,20.3,1.2,50,19,423.65,1,0,Credit Card,0,Mobile,West India,1,0
OTT02777,47,Female,Premium,0,1,1,1,0,1,4,29.4,1.9,10,1,690.97,1,1,UPI,1,Laptop,West India,3,1
OTT02778,25,Male,Mobile,0,0,1,0,1,1,3,47.4,1.7,30,9,1067.66,1,3,Debit Card,1,Smart TV,South India,1,0
OTT02779,37,Male,Basic,0,1,1,0,0,0,2,14.1,1.1,1,27,1117.69,5,0,Credit Card,1,Tablet,North India,1,0
OTT02780,30,Male,Premium,0,0,1,0,0,1,2,21.3,0.9,51,35,486.17,5,3,Credit Card,1,Smart TV,North India,5,0
OTT02781,50,Male,Mobile,0,0,0,1,0,0,1,17.0,1.0,47,11,1142.99,5,0,Net Banking,1,Mobile,North India,2,0
OTT02782,32,Female,Standard,0,0,0,0,1,0,1,12.4,2.7,4,27,966.7,4,1,Wallet,0,Mobile,North India,1,0
OTT02783,35,Male,Mobile,1,1,0,1,0,0,3,18.0,1.2,54,25,454.87,3,0,Debit Card,1,Smart TV,North India,1,1
OTT02784,37,Female,Standard,1,1,0,0,0,0,2,9.4,2.9,17,33,789.31,3,1,UPI,1,Mobile,Central India,4,0
OTT02785,50,Female,Basic,0,0,1,0,0,1,2,8.5,1.0,51,55,643.69,4,1,Wallet,1,Mobile,North India,3,0
OTT02786,48,Male,Standard,0,1,1,1,0,1,4,59.1,0.8,39,28,99.0,4,2,Credit Card,1,Smart TV,West India,3,0
OTT02787,53,Male,Standard,0,1,1,1,0,1,4,11.5,1.3,39,43,291.87,1,3,Wallet,0,Smart TV,South India,2,0
OTT02788,36,Male,Mobile,1,0,0,1,1,0,3,33.9,1.7,47,37,848.36,3,1,UPI,0,Mobile,North India,5,0
OTT02789,53,Female,Basic,1,1,1,1,0,1,5,70.0,1.5,14,51,214.88,2,1,Wallet,1,Smart TV,North India,2,0
OTT02790,55,Male,Standard,0,1,1,1,0,0,3,45.1,1.8,4,58,1154.64,3,0,UPI,1,Smart TV,West India,2,0
OTT02791,40,Female,Premium,1,1,1,0,1,0,4,33.2,1.9,46,48,930.23,2,1,Credit Card,1,Mobile,South India,1,1
OTT02792,47,Male,Standard,0,0,0,0,0,1,1,36.6,2.1,37,13,841.09,5,1,Debit Card,1,Smart TV,West India,1,0
OTT02793,57,Male,Mobile,1,1,0,0,1,1,4,17.2,0.7,37,16,213.46,1,4,Debit Card,1,Mobile,North India,2,0
OTT02794,54,Male,Standard,1,1,1,1,1,1,6,45.8,0.9,46,15,942.81,1,0,Debit Card,0,Smart TV,East India,5,1
OTT02795,29,Female,Basic,1,1,1,1,0,1,5,62.2,1.5,45,46,918.94,5,1,Credit Card,0,Mobile,East India,4,0
OTT02796,48,Female,Premium,0,0,0,1,1,1,3,19.3,1.1,7,60,902.02,2,2,Credit Card,1,Tablet,North India,5,0
OTT02797,37,Female,Premium,1,0,1,1,0,0,3,8.2,1.3,9,4,913.26,3,0,Wallet,0,Smart TV,South India,4,0
OTT02798,24,Male,Mobile,1,0,0,0,0,1,2,40.0,1.4,9,59,1138.48,1,0,Credit Card,0,Tablet,Central India,5,0
OTT02799,33,Male,Standard,1,1,1,0,0,1,4,81.6,1.2,22,39,446.09,4,5,Credit Card,1,Laptop,West India,2,0
OTT02800,60,Female,Standard,1,0,1,1,0,1,4,12.4,1.1,30,28,594.69,2,2,UPI,1,Tablet,South India,1,0
OTT02801,59,Female,Basic,1,1,1,1,1,1,6,3.3,0.8,41,46,402.95,4,0,Credit Card,1,Tablet,South India,4,0
OTT02802,51,Female,Standard,1,1,0,0,0,1,3,21.5,1.2,26,29,868.67,5,1,Credit Card,1,Smart TV,West India,3,0
OTT02803,60,Male,Basic,0,0,1,0,0,0,1,16.4,1.0,3,22,582.42,3,3,Net Banking,0,Smart TV,West India,2,1
OTT02804,42,Female,Standard,0,1,1,0,1,0,3,27.1,2.3,25,34,275.78,4,1,Credit Card,0,Laptop,West India,2,0
OTT02805,50,Male,Standard,0,0,0,0,1,0,1,14.7,2.0,32,29,671.07,2,0,UPI,0,Smart TV,North India,2,0
OTT02806,25,Other,Standard,0,1,0,0,1,0,2,21.1,0.6,52,34,99.0,3,0,UPI,1,Laptop,West India,3,0
OTT02807,30,Male,Standard,1,0,0,0,1,0,2,11.7,3.5,16,50,670.23,1,2,UPI,1,Mobile,East India,3,0
OTT02808,25,Female,Basic,0,1,1,0,1,1,4,5.2,1.0,3,44,683.88,2,3,UPI,1,Mobile,South India,4,0
OTT02809,58,Male,Standard,0,0,1,0,0,1,2,22.5,0.5,33,47,525.22,3,2,UPI,0,Smart TV,South India,4,0
OTT02810,44,Female,Standard,1,0,0,0,0,1,2,35.4,1.0,44,32,931.31,3,0,UPI,0,Fire TV,South India,5,0
OTT02811,58,Female,Standard,0,0,0,0,0,1,1,9.7,0.4,29,60,142.86,2,2,Credit Card,1,Tablet,South India,2,0
OTT02812,35,Female,Basic,0,1,1,1,1,1,5,74.2,0.5,49,45,676.37,3,3,UPI,1,Smart TV,West India,2,0
OTT02813,35,Male,Standard,1,0,1,1,0,1,4,31.8,5.9,16,19,704.87,2,5,UPI,1,Mobile,South India,4,0
OTT02814,47,Male,Basic,0,1,0,0,0,0,1,17.2,2.2,23,47,637.49,1,2,Net Banking,0,Smart TV,West India,1,0
OTT02815,42,Female,Basic,1,0,0,0,0,0,1,49.9,0.6,59,22,994.42,5,1,Debit Card,1,Smart TV,South India,1,0
OTT02816,34,Female,Mobile,1,0,1,1,0,0,3,40.9,0.4,42,21,469.54,1,1,UPI,1,Tablet,North India,5,0
OTT02817,31,Female,Standard,1,1,0,0,0,0,2,34.4,1.3,52,28,623.28,1,3,Debit Card,1,Smart TV,West India,5,0
OTT02818,40,Male,Mobile,1,0,0,0,1,1,3,26.4,0.3,35,42,679.97,1,1,Net Banking,1,Smart TV,North India,1,0
OTT02819,21,Male,Basic,1,1,0,0,0,1,3,17.5,1.2,15,17,539.99,5,0,UPI,1,Laptop,North India,4,0
OTT02820,26,Male,Basic,0,1,1,1,1,1,5,30.0,1.8,16,33,210.12,4,3,Net Banking,1,Smart TV,North India,2,0
OTT02821,19,Female,Standard,0,1,0,1,0,0,2,26.4,1.8,13,50,1074.05,5,2,Debit Card,0,Tablet,North India,5,0
OTT02822,24,Male,Premium,0,1,1,1,1,0,4,48.4,0.6,31,58,430.4,3,0,UPI,0,Fire TV,North India,3,0
OTT02823,26,Male,Premium,0,1,0,0,0,0,1,32.9,1.6,21,20,435.73,5,1,Wallet,1,Laptop,East India,2,1
OTT02824,21,Female,Premium,1,1,1,1,1,1,6,19.7,2.6,3,33,99.0,4,0,Debit Card,1,Smart TV,North India,4,0
OTT02825,20,Female,Premium,1,1,1,1,1,1,6,19.5,1.1,21,54,665.91,4,0,UPI,1,Laptop,South India,2,0
OTT02826,53,Female,Mobile,1,1,1,0,1,0,4,14.4,0.6,49,47,698.65,1,3,UPI,1,Smart TV,South India,5,1
OTT02827,25,Male,Basic,1,1,0,0,0,1,3,27.3,1.0,34,40,1001.17,2,1,UPI,1,Smart TV,South India,3,1
OTT02828,41,Male,Basic,0,0,1,1,0,0,2,18.1,0.7,3,7,544.9,2,2,Credit Card,1,Tablet,East India,4,0
OTT02829,22,Female,Mobile,0,1,1,1,1,0,4,10.4,7.0,23,49,721.02,4,0,Credit Card,1,Fire TV,South India,4,0
OTT02830,58,Male,Premium,1,1,1,1,0,0,4,38.8,2.3,17,39,930.3,2,0,Debit Card,1,Smart TV,West India,2,0
OTT02831,28,Female,Premium,0,0,1,1,0,0,2,17.0,2.0,3,30,1036.95,1,1,Debit Card,0,Smart TV,North India,2,0
OTT02832,50,Male,Standard,0,1,1,0,1,0,3,20.4,0.4,24,7,754.6,4,2,UPI,1,Mobile,South India,2,0
OTT02833,45,Female,Premium,1,0,0,0,1,1,3,54.3,1.1,24,43,551.83,2,0,UPI,1,Smart TV,West India,3,0
OTT02834,51,Male,Standard,1,0,1,1,0,1,4,42.3,1.0,30,41,987.04,1,3,Credit Card,0,Mobile,East India,1,0
OTT02835,45,Female,Basic,0,0,1,1,1,1,4,32.6,0.9,45,16,994.22,5,1,UPI,0,Smart TV,South India,4,0
OTT02836,39,Female,Mobile,1,1,1,1,0,0,4,27.1,2.8,32,20,164.96,2,1,Net Banking,1,Fire TV,North India,1,0
OTT02837,51,Male,Premium,1,1,0,1,0,1,4,61.1,5.1,15,58,747.97,4,0,Credit Card,1,Tablet,West India,5,0
OTT02838,53,Male,Standard,0,1,0,1,0,0,2,20.8,0.9,36,39,924.0,4,0,UPI,1,Mobile,North India,5,0
OTT02839,34,Female,Basic,1,1,0,0,1,0,3,14.7,0.2,11,32,852.23,5,2,UPI,0,Smart TV,South India,4,0
OTT02840,58,Female,Mobile,1,0,0,0,0,0,1,48.3,0.9,55,27,574.43,4,2,UPI,0,Mobile,West India,3,0
OTT02841,60,Male,Standard,1,1,1,1,0,0,4,32.6,2.7,36,33,515.89,3,1,Net Banking,1,Smart TV,West India,1,0
OTT02842,49,Male,Standard,0,1,1,1,0,0,3,12.7,2.3,29,50,1035.87,5,1,Wallet,1,Mobile,Central India,5,0
OTT02843,57,Female,Standard,1,0,0,1,1,0,3,32.6,1.4,15,4,718.79,1,1,UPI,1,Smart TV,South India,2,0
OTT02844,22,Female,Premium,1,0,1,0,0,0,2,8.3,2.0,39,8,598.82,5,1,Wallet,1,Mobile,Central India,2,0
OTT02845,41,Female,Basic,1,0,0,0,0,1,2,42.9,1.1,7,13,610.7,5,3,Debit Card,1,Mobile,West India,1,0
OTT02846,45,Male,Premium,0,0,1,1,1,0,3,27.8,0.8,5,15,649.82,5,1,Net Banking,0,Mobile,South India,3,0
OTT02847,57,Female,Standard,0,0,1,0,0,1,2,30.2,0.7,37,8,607.98,4,0,UPI,1,Smart TV,Central India,1,0
OTT02848,23,Male,Standard,0,0,0,0,0,1,1,31.4,1.3,51,26,972.72,4,1,UPI,1,Tablet,West India,5,1
OTT02849,52,Male,Premium,1,0,1,0,1,1,4,32.4,0.9,53,1,772.72,5,3,Debit Card,1,Laptop,East India,5,1
OTT02850,21,Female,Premium,0,1,1,0,1,0,3,23.2,0.6,20,22,753.8,1,0,Debit Card,1,Smart TV,Central India,3,1
OTT02851,33,Male,Basic,0,1,0,1,0,1,3,24.7,1.5,37,2,594.13,4,0,UPI,1,Smart TV,North India,2,0
OTT02852,47,Female,Premium,0,0,1,1,0,1,3,17.9,1.0,36,6,812.11,3,2,Debit Card,1,Smart TV,Central India,3,0
OTT02853,30,Male,Standard,1,1,0,1,1,0,4,27.2,2.8,19,40,397.48,4,0,Wallet,1,Smart TV,West India,4,0
OTT02854,53,Male,Mobile,0,0,1,1,0,0,2,23.3,1.7,59,26,699.98,1,0,Credit Card,0,Mobile,Central India,1,1
OTT02855,58,Female,Standard,0,0,1,1,1,1,4,25.6,4.2,9,59,195.15,1,0,Debit Card,0,Tablet,North India,1,0
OTT02856,24,Male,Standard,1,1,1,0,1,1,5,9.8,1.9,46,35,580.64,3,1,Debit Card,0,Fire TV,East India,1,0
OTT02857,29,Female,Standard,1,1,1,0,1,0,4,16.0,1.3,53,24,504.39,1,0,Debit Card,0,Smart TV,East India,1,1
OTT02858,21,Female,Basic,0,1,1,0,1,0,3,4.5,2.5,24,45,642.01,4,0,Debit Card,1,Mobile,East India,3,0
OTT02859,48,Male,Mobile,1,1,0,1,1,0,4,21.8,3.9,34,51,533.82,2,1,Debit Card,1,Smart TV,South India,1,0
OTT02860,56,Female,Basic,0,1,1,0,0,1,3,11.6,0.3,27,12,794.85,3,0,Credit Card,0,Smart TV,North India,5,0
OTT02861,43,Female,Standard,1,1,0,0,0,1,3,6.7,2.5,3,33,459.15,1,1,UPI,1,Smart TV,West India,4,0
OTT02862,23,Female,Basic,0,0,1,1,1,0,3,27.2,1.3,8,17,893.37,2,2,Credit Card,1,Laptop,East India,5,1
OTT02863,25,Male,Standard,0,1,1,0,0,0,2,12.4,1.9,17,60,1085.47,4,0,UPI,1,Mobile,East India,3,0
OTT02864,19,Female,Standard,0,0,1,0,0,0,1,16.0,4.1,38,27,347.02,5,0,Debit Card,1,Fire TV,North India,1,0
OTT02865,39,Female,Basic,0,1,1,0,1,0,3,29.8,1.4,48,5,823.42,4,2,UPI,0,Mobile,North India,1,0
OTT02866,49,Female,Basic,0,0,1,1,0,0,2,38.0,0.6,33,51,574.77,2,1,Net Banking,1,Smart TV,South India,3,0
OTT02867,24,Male,Basic,0,0,0,1,1,1,3,18.3,0.4,41,54,911.34,3,0,UPI,1,Smart TV,East India,4,0
OTT02868,54,Male,Premium,1,1,0,0,1,0,3,42.9,4.0,36,23,346.25,1,2,UPI,1,Laptop,West India,3,1
OTT02869,28,Female,Premium,1,0,1,1,1,1,5,49.1,1.7,41,28,987.8,3,1,Net Banking,1,Smart TV,North India,4,0
OTT02870,40,Female,Basic,0,0,1,0,0,0,1,22.6,1.4,16,44,545.25,3,0,UPI,0,Smart TV,East India,3,1
OTT02871,46,Female,Mobile,1,0,0,1,1,0,3,22.5,3.7,10,2,588.05,1,2,Wallet,0,Smart TV,Central India,3,0
OTT02872,41,Female,Standard,1,1,0,0,1,0,3,15.5,0.8,43,54,588.52,3,0,UPI,1,Smart TV,South India,2,0
OTT02873,38,Male,Basic,0,0,0,0,1,0,1,26.0,0.8,35,1,336.93,4,2,Debit Card,1,Smart TV,South India,3,0
OTT02874,32,Female,Standard,1,0,1,0,0,0,2,38.1,4.5,18,12,870.62,2,0,Credit Card,0,Mobile,West India,4,1
OTT02875,36,Male,Basic,0,0,0,0,1,0,1,47.1,0.7,8,19,482.83,1,3,Credit Card,1,Mobile,West India,5,0
OTT02876,28,Male,Standard,0,0,1,1,0,0,2,12.7,0.5,27,39,788.96,2,1,Debit Card,1,Smart TV,South India,3,0
OTT02877,30,Male,Basic,1,0,0,1,0,0,2,23.5,4.5,33,47,577.57,4,0,Credit Card,0,Mobile,North India,1,0
OTT02878,50,Female,Premium,0,1,0,0,1,1,3,34.2,2.5,9,11,590.9,5,5,Credit Card,1,Smart TV,South India,1,0
OTT02879,55,Male,Basic,1,0,0,1,0,1,3,7.0,1.3,58,20,930.82,5,0,Credit Card,0,Tablet,North India,4,0
OTT02880,54,Male,Basic,0,0,0,1,0,0,1,1.9,5.9,43,48,229.65,2,0,Debit Card,1,Laptop,South India,2,0
OTT02881,32,Male,Premium,1,0,0,1,0,0,2,22.9,1.0,43,20,99.0,3,0,Net Banking,1,Mobile,North India,5,0
OTT02882,31,Male,Basic,0,1,0,0,0,0,1,13.0,2.1,10,22,452.77,3,0,Wallet,1,Mobile,East India,5,0
OTT02883,20,Female,Mobile,1,0,1,0,0,1,3,11.8,2.0,46,26,622.13,4,0,Net Banking,1,Mobile,South India,2,0
OTT02884,29,Male,Mobile,1,0,0,0,0,1,2,13.5,3.7,35,38,580.9,1,0,Wallet,0,Smart TV,Central India,4,0
OTT02885,43,Male,Standard,0,0,1,1,1,0,3,13.6,0.8,41,49,437.2,3,2,Credit Card,1,Laptop,South India,3,0
OTT02886,29,Male,Standard,1,0,0,0,1,0,2,29.5,4.5,50,56,1118.54,3,0,Credit Card,0,Fire TV,South India,4,0
OTT02887,49,Female,Standard,0,0,0,0,0,1,1,4.3,5.5,31,51,1001.29,2,1,Debit Card,0,Fire TV,West India,1,0
OTT02888,20,Female,Mobile,1,0,1,1,1,1,5,28.2,3.3,35,15,99.0,3,3,Wallet,1,Mobile,North India,4,1
OTT02889,35,Female,Mobile,0,0,1,0,0,0,1,19.0,0.9,6,23,461.54,1,1,Wallet,1,Laptop,South India,3,0
OTT02890,30,Male,Basic,0,0,1,0,0,1,2,8.9,1.7,36,39,758.0,2,1,Credit Card,1,Mobile,South India,2,0
OTT02891,39,Male,Basic,0,1,0,0,0,1,2,32.6,2.0,54,24,741.12,4,1,Wallet,1,Mobile,North India,1,0
OTT02892,19,Male,Basic,1,1,1,1,1,1,6,29.1,1.9,53,33,423.45,1,2,Wallet,1,Smart TV,West India,1,0
OTT02893,36,Female,Standard,1,0,1,0,1,0,3,14.3,0.4,10,21,1020.98,1,1,Credit Card,0,Laptop,South India,2,1
OTT02894,51,Male,Standard,1,0,0,1,1,0,3,31.4,2.3,60,40,394.13,3,0,Net Banking,1,Laptop,North India,2,1
OTT02895,54,Male,Standard,1,1,1,1,1,1,6,45.2,1.8,25,37,642.13,3,1,Debit Card,1,Mobile,North India,5,0
OTT02896,29,Female,Standard,1,0,0,0,0,0,1,4.8,1.3,11,7,628.44,1,0,Credit Card,1,Laptop,West India,1,1
OTT02897,36,Female,Standard,1,1,1,1,1,1,6,11.9,1.4,34,60,718.0,2,3,Net Banking,1,Smart TV,West India,2,0
OTT02898,47,Male,Basic,0,0,0,0,1,1,2,4.1,6.0,29,7,488.84,2,1,UPI,1,Mobile,South India,5,0
OTT02899,37,Female,Standard,0,1,1,0,1,0,3,35.9,3.3,26,25,785.78,1,1,UPI,0,Fire TV,West India,1,0
OTT02900,41,Male,Mobile,1,1,0,1,0,0,3,20.9,0.3,22,51,415.61,5,0,Credit Card,1,Fire TV,East India,4,0
OTT02901,32,Female,Standard,0,1,0,0,1,1,3,17.9,1.3,46,2,743.31,5,1,UPI,1,Mobile,South India,1,0
OTT02902,54,Female,Basic,1,1,1,0,1,1,5,34.5,3.0,4,18,489.1,2,1,Wallet,1,Smart TV,East India,3,0
OTT02903,45,Female,Standard,0,0,0,0,1,1,2,16.1,3.4,28,43,1039.99,3,1,Debit Card,1,Smart TV,North India,1,0
OTT02904,59,Male,Premium,1,1,1,1,1,1,6,34.9,1.9,22,41,580.9,3,1,Debit Card,0,Smart TV,South India,5,0
OTT02905,51,Female,Basic,1,1,0,1,0,0,3,10.3,0.6,41,54,698.34,1,1,Credit Card,0,Mobile,West India,2,0
OTT02906,33,Male,Mobile,1,1,1,1,0,0,4,22.9,0.6,42,42,954.18,3,1,UPI,0,Smart TV,North India,3,0
OTT02907,32,Female,Premium,1,1,1,1,1,1,6,38.5,2.3,57,36,709.17,2,0,Net Banking,0,Mobile,North India,3,0
OTT02908,21,Female,Basic,0,0,0,1,0,0,1,7.7,1.1,51,12,874.89,5,2,Credit Card,1,Mobile,North India,2,0
OTT02909,44,Female,Basic,1,0,1,1,1,1,5,13.6,0.7,55,53,312.56,3,1,Debit Card,1,Mobile,East India,5,0
OTT02910,50,Female,Basic,0,0,1,1,1,0,3,17.9,0.1,50,25,804.68,2,1,UPI,1,Smart TV,East India,1,1
OTT02911,33,Female,Basic,1,1,0,1,1,0,4,57.9,0.4,40,11,593.95,4,1,Credit Card,1,Smart TV,North India,2,0
OTT02912,18,Female,Standard,0,1,0,0,0,1,2,27.4,1.7,1,7,889.9,5,3,Credit Card,1,Mobile,Central India,5,0
OTT02913,53,Male,Premium,0,0,0,1,1,1,3,9.1,1.2,52,59,785.19,5,1,Credit Card,1,Laptop,West India,4,0
OTT02914,27,Other,Standard,1,1,1,0,1,0,4,63.2,3.6,24,7,796.83,4,1,Net Banking,0,Laptop,East India,5,0
OTT02915,43,Male,Standard,0,1,1,1,0,0,3,55.0,0.5,22,12,846.68,3,2,Wallet,1,Tablet,North India,2,0
OTT02916,20,Male,Standard,0,1,0,1,0,0,2,26.1,0.9,57,54,937.84,1,1,UPI,1,Laptop,North India,1,0
OTT02917,20,Female,Premium,1,0,1,0,0,0,2,73.3,1.0,31,41,99.0,2,1,UPI,0,Mobile,Central India,3,1
OTT02918,56,Male,Mobile,1,1,0,1,1,1,5,15.4,1.6,33,39,432.66,4,0,Credit Card,0,Smart TV,West India,1,0
OTT02919,46,Female,Standard,0,0,0,0,0,1,1,19.4,1.0,19,7,645.03,2,0,UPI,1,Fire TV,Central India,4,0
OTT02920,18,Male,Mobile,1,0,1,1,0,1,4,12.0,0.8,59,20,321.08,4,2,Credit Card,1,Mobile,North India,3,0
OTT02921,22,Male,Basic,1,1,1,1,1,1,6,34.7,1.9,22,47,583.17,4,1,UPI,0,Smart TV,South India,2,0
OTT02922,39,Female,Standard,1,0,0,0,0,0,1,66.8,1.6,20,34,705.57,4,2,Credit Card,1,Laptop,West India,4,0
OTT02923,47,Female,Standard,0,1,0,0,0,1,2,41.6,2.5,46,4,1092.91,2,1,Wallet,1,Smart TV,Central India,4,0
OTT02924,36,Female,Premium,1,0,1,0,1,1,4,12.7,1.2,24,38,852.89,2,0,UPI,0,Mobile,West India,1,0
OTT02925,55,Female,Standard,0,0,0,1,0,0,1,16.1,3.2,57,3,852.32,4,0,UPI,1,Fire TV,East India,2,0
OTT02926,46,Male,Mobile,1,0,0,1,0,1,3,38.7,0.7,27,2,665.19,4,0,UPI,1,Smart TV,North India,4,0
OTT02927,44,Male,Mobile,0,0,1,1,1,1,4,12.4,2.3,41,14,166.61,1,1,Credit Card,1,Tablet,South India,3,0
OTT02928,30,Female,Basic,1,1,1,0,0,0,3,22.8,2.7,52,21,447.69,5,1,Credit Card,1,Smart TV,West India,3,1
OTT02929,47,Female,Basic,1,1,0,0,1,0,3,7.2,0.2,59,34,193.67,4,0,UPI,1,Laptop,South India,1,0
OTT02930,55,Female,Standard,1,1,0,1,0,1,4,19.2,2.3,17,35,807.87,1,0,Debit Card,1,Mobile,West India,4,0
OTT02931,20,Male,Standard,1,1,0,0,0,1,3,26.1,1.3,21,54,678.45,1,1,Credit Card,1,Mobile,North India,5,1
OTT02932,49,Male,Mobile,1,1,0,0,0,0,2,26.8,1.6,26,22,709.23,2,1,UPI,1,Tablet,South India,5,0
OTT02933,55,Male,Basic,1,1,1,0,0,0,3,32.4,3.6,29,19,791.03,5,0,UPI,1,Laptop,South India,3,0
OTT02934,36,Female,Mobile,1,0,1,1,1,1,5,52.9,1.4,47,18,519.75,3,1,Debit Card,0,Mobile,South India,1,0
OTT02935,50,Male,Standard,0,0,1,1,1,1,4,43.1,0.7,59,28,285.57,3,1,Credit Card,1,Mobile,South India,4,0
OTT02936,33,Female,Basic,0,1,0,1,1,0,3,41.0,2.2,20,29,528.48,5,0,Credit Card,1,Tablet,South India,4,0
OTT02937,26,Male,Mobile,1,0,0,0,0,1,2,37.6,1.3,0,14,777.98,1,1,Debit Card,1,Tablet,East India,4,0
OTT02938,53,Female,Basic,0,0,0,1,0,0,1,27.0,1.5,24,44,171.06,3,0,Wallet,1,Smart TV,North India,2,0
OTT02939,31,Male,Basic,1,0,0,1,0,0,2,23.0,1.4,5,32,706.01,1,1,UPI,1,Tablet,Central India,1,0
OTT02940,50,Female,Basic,1,0,0,0,0,0,1,44.4,2.5,53,45,313.52,2,2,Debit Card,1,Smart TV,West India,5,0
OTT02941,31,Female,Premium,1,1,1,1,1,1,6,38.4,1.9,47,2,815.63,1,1,Debit Card,1,Mobile,South India,1,0
OTT02942,35,Male,Basic,0,1,0,0,1,0,2,14.7,1.5,21,36,292.74,1,0,UPI,1,Laptop,North India,2,0
OTT02943,47,Male,Mobile,1,1,0,0,1,1,4,33.9,1.8,26,53,869.78,5,1,UPI,1,Tablet,Central India,5,0
OTT02944,32,Male,Basic,1,0,0,1,0,0,2,27.3,0.7,33,47,258.85,4,1,Wallet,1,Tablet,West India,5,0
OTT02945,52,Female,Mobile,1,0,1,0,0,0,2,31.0,2.3,44,19,384.3,5,1,UPI,1,Smart TV,West India,2,1
OTT02946,19,Female,Premium,1,1,1,0,0,0,3,48.0,1.9,4,9,839.64,5,1,UPI,1,Mobile,West India,4,0
OTT02947,18,Male,Standard,0,1,0,0,1,0,2,15.4,3.9,23,56,600.83,2,1,UPI,1,Mobile,South India,3,0
OTT02948,21,Female,Basic,1,1,0,0,1,1,4,14.4,0.9,57,10,99.34,5,1,Wallet,1,Tablet,North India,1,0
OTT02949,29,Male,Standard,1,1,1,1,1,1,6,28.9,1.0,24,27,847.96,1,0,Wallet,0,Smart TV,South India,2,0
OTT02950,20,Female,Basic,1,1,1,1,0,1,5,16.4,1.7,40,46,99.0,4,0,Wallet,1,Fire TV,West India,5,0
OTT02951,34,Female,Basic,1,0,0,1,0,0,2,8.4,1.4,15,34,600.22,1,1,UPI,1,Laptop,North India,5,0
OTT02952,19,Female,Basic,0,1,1,1,0,1,4,11.2,0.7,58,17,1230.73,4,4,Wallet,1,Smart TV,South India,3,1
OTT02953,50,Male,Premium,1,0,0,0,0,1,2,73.6,0.6,38,51,672.81,4,0,Net Banking,0,Mobile,North India,1,0
OTT02954,24,Male,Standard,1,0,1,1,1,1,5,25.9,3.1,49,12,552.43,3,1,Credit Card,1,Mobile,South India,4,0
OTT02955,59,Other,Basic,0,1,0,1,1,0,3,34.5,0.9,60,57,629.8,2,4,Debit Card,1,Mobile,South India,4,0
OTT02956,54,Male,Standard,0,1,0,1,0,0,2,21.6,1.2,46,7,344.19,4,4,UPI,0,Mobile,West India,5,0
OTT02957,47,Female,Mobile,0,0,1,0,1,0,2,45.4,0.5,11,2,698.32,4,2,Credit Card,0,Smart TV,East India,1,0
OTT02958,52,Female,Basic,0,0,0,1,0,0,1,4.6,5.5,8,27,1257.24,3,0,UPI,1,Laptop,North India,3,1
OTT02959,51,Female,Mobile,0,0,0,0,1,1,2,57.6,0.9,18,26,530.91,3,1,Wallet,1,Laptop,West India,4,0
OTT02960,54,Female,Basic,1,1,1,1,1,0,5,25.6,1.3,29,33,422.87,2,2,UPI,1,Fire TV,West India,2,0
OTT02961,41,Female,Basic,1,1,1,0,0,1,4,16.3,0.4,19,31,782.74,3,1,UPI,1,Smart TV,Central India,4,0
OTT02962,44,Female,Premium,1,1,1,1,1,1,6,52.9,1.6,0,17,858.49,2,1,Credit Card,1,Smart TV,South India,5,0
OTT02963,38,Male,Basic,0,0,0,1,0,0,1,33.2,4.6,7,21,679.07,4,2,UPI,1,Mobile,South India,3,0
OTT02964,44,Female,Basic,1,1,0,0,0,1,3,23.4,0.6,34,22,563.45,4,0,Debit Card,1,Smart TV,West India,2,0
OTT02965,34,Male,Mobile,0,1,0,0,0,1,2,9.1,1.7,1,60,805.42,5,0,Debit Card,1,Mobile,North India,4,0
OTT02966,23,Female,Mobile,1,0,1,0,1,0,3,23.9,1.1,58,58,239.42,5,2,UPI,0,Mobile,Central India,3,0
OTT02967,58,Female,Basic,0,0,0,1,0,1,2,27.5,1.5,16,33,513.22,3,0,Credit Card,1,Mobile,South India,1,0
OTT02968,48,Female,Mobile,1,1,0,0,0,0,2,29.7,1.1,23,16,99.0,4,1,UPI,1,Mobile,South India,4,0
OTT02969,48,Male,Basic,1,0,1,0,1,0,3,14.9,0.5,17,32,619.89,5,1,Debit Card,1,Tablet,West India,1,0
OTT02970,30,Male,Basic,0,0,0,1,0,1,2,15.2,1.8,21,25,590.21,4,3,Credit Card,0,Laptop,South India,3,0
OTT02971,51,Female,Mobile,0,1,1,1,0,0,3,11.0,2.6,39,1,944.28,1,2,UPI,1,Fire TV,North India,5,1
OTT02972,40,Female,Standard,1,1,0,0,1,1,4,16.1,1.1,17,22,410.9,1,0,Net Banking,1,Mobile,North India,2,0
OTT02973,21,Male,Premium,1,1,0,0,0,0,2,36.6,3.1,30,22,940.78,4,1,Wallet,1,Laptop,West India,2,0
OTT02974,59,Female,Mobile,1,1,1,1,0,1,5,64.9,3.1,35,35,591.32,5,1,UPI,0,Mobile,North India,3,0
OTT02975,60,Female,Standard,1,0,0,1,1,0,3,21.2,2.6,50,48,829.05,4,0,Debit Card,1,Mobile,West India,5,1
OTT02976,55,Female,Standard,0,1,1,1,0,1,4,30.2,0.6,55,50,866.09,1,1,Wallet,1,Mobile,North India,5,1
OTT02977,38,Female,Standard,0,1,0,1,1,1,4,10.6,2.2,14,60,663.41,1,1,UPI,0,Laptop,West India,2,0
OTT02978,28,Female,Standard,1,0,1,1,1,0,4,10.8,2.0,35,55,726.87,2,2,Credit Card,0,Smart TV,Central India,4,0
OTT02979,18,Female,Standard,1,1,0,0,1,1,4,43.9,0.7,5,10,488.84,4,0,Debit Card,0,Mobile,South India,1,0
OTT02980,49,Male,Premium,1,1,0,1,1,1,5,3.9,1.0,45,25,985.63,2,0,Wallet,0,Tablet,North India,5,1
OTT02981,56,Other,Mobile,0,0,1,1,0,1,3,33.4,1.5,25,9,1404.45,2,3,Net Banking,0,Smart TV,South India,5,1
OTT02982,22,Female,Basic,0,1,0,0,1,0,2,34.2,1.0,22,26,241.72,2,1,UPI,1,Laptop,South India,1,0
OTT02983,47,Female,Standard,0,0,0,1,0,0,1,44.6,1.3,51,48,669.11,4,1,Net Banking,1,Mobile,East India,5,0
OTT02984,19,Female,Premium,1,0,1,0,1,0,3,31.2,4.0,22,35,569.17,1,2,UPI,0,Fire TV,South India,1,0
OTT02985,51,Female,Standard,1,0,0,0,0,0,1,8.7,0.8,17,44,775.03,2,1,Debit Card,1,Tablet,South India,2,0
OTT02986,19,Male,Premium,1,1,0,0,0,0,2,50.4,0.8,14,54,198.63,1,0,UPI,1,Tablet,North India,1,0
OTT02987,59,Male,Standard,0,0,1,0,0,0,1,17.8,2.9,41,57,354.55,2,0,Debit Card,0,Tablet,East India,2,1
OTT02988,25,Male,Standard,1,0,1,0,1,0,3,48.2,1.5,5,5,1133.29,5,1,Credit Card,1,Smart TV,East India,5,0
OTT02989,35,Female,Standard,0,1,0,0,1,0,2,42.3,1.7,55,19,1060.04,1,0,UPI,0,Smart TV,West India,2,0
OTT02990,47,Female,Standard,1,0,1,0,1,0,3,30.6,1.2,50,59,201.59,3,1,UPI,1,Tablet,North India,4,0
OTT02991,54,Male,Standard,0,1,1,1,0,1,4,42.6,1.2,6,25,1201.96,2,0,UPI,1,Mobile,North India,3,0
OTT02992,33,Male,Standard,1,1,0,0,1,1,4,54.2,1.4,44,47,441.84,1,3,UPI,0,Laptop,Central India,2,1
OTT02993,60,Female,Mobile,1,0,0,0,0,1,2,33.3,1.7,0,30,884.4,2,1,UPI,1,Mobile,Central India,5,0
OTT02994,18,Male,Premium,0,1,0,1,1,0,3,39.8,2.6,8,28,619.56,3,0,UPI,1,Smart TV,East India,3,0
OTT02995,38,Male,Premium,0,0,0,1,1,1,3,13.7,0.7,37,18,723.46,1,4,Debit Card,0,Smart TV,West India,3,1
OTT02996,60,Male,Standard,1,0,0,1,0,1,3,38.1,0.8,32,37,694.15,3,0,Debit Card,1,Smart TV,West India,2,0
OTT02997,29,Female,Mobile,0,1,1,0,1,1,4,13.5,3.0,50,4,921.18,3,2,Credit Card,0,Smart TV,Central India,5,0
OTT02998,40,Female,Basic,0,0,0,1,0,1,2,28.7,1.6,38,58,512.87,4,0,UPI,1,Laptop,South India,4,0
OTT02999,37,Female,Basic,1,1,1,1,1,1,6,16.4,1.1,3,47,1179.49,4,1,Wallet,1,Laptop,North India,4,0
OTT03000,34,Male,Basic,0,0,0,1,0,0,1,19.0,1.8,52,13,968.14,3,1,Credit Card,1,Mobile,Central India,2,0
OTT03001,51,Male,Standard,0,0,1,1,1,1,4,58.2,1.0,19,37,558.47,3,4,Debit Card,1,Smart TV,South India,1,0
OTT03002,40,Female,Premium,1,0,0,1,0,1,3,25.2,2.9,8,57,671.49,4,2,Debit Card,0,Mobile,South India,4,0
OTT03003,48,Other,Standard,0,1,1,0,0,0,2,28.6,0.9,24,5,694.31,4,0,UPI,1,Tablet,North India,3,0
OTT03004,40,Male,Basic,1,0,1,0,1,1,4,39.1,1.0,6,12,546.57,1,2,UPI,0,Smart TV,North India,1,0
OTT03005,60,Female,Premium,0,0,0,0,1,0,1,27.4,1.1,15,31,566.18,2,4,Wallet,1,Laptop,East India,5,0
OTT03006,38,Female,Premium,1,1,0,1,1,0,4,37.7,2.0,15,58,885.28,5,1,Debit Card,1,Smart TV,East India,2,0
OTT03007,52,Female,Standard,1,0,1,0,1,0,3,39.8,3.1,55,5,825.9,4,2,UPI,1,Fire TV,North India,1,0
OTT03008,44,Male,Basic,0,0,0,0,1,0,1,18.1,2.2,14,1,509.68,5,1,Credit Card,1,Smart TV,South India,1,0
OTT03009,52,Male,Standard,1,0,0,0,0,0,1,11.9,2.6,34,26,679.42,1,2,Debit Card,0,Fire TV,South India,2,1
OTT03010,56,Male,Basic,1,0,1,1,1,0,4,27.1,0.4,8,43,377.63,1,0,Credit Card,1,Smart TV,South India,5,0
OTT03011,27,Female,Mobile,0,1,0,0,0,1,2,19.1,0.4,7,40,1136.17,4,1,Credit Card,0,Tablet,North India,3,0
OTT03012,30,Female,Standard,1,1,1,0,1,1,5,41.7,0.5,53,2,872.04,2,0,Debit Card,1,Smart TV,South India,5,0
OTT03013,30,Male,Standard,1,0,1,1,0,1,4,19.4,1.4,23,27,632.59,3,2,UPI,1,Mobile,North India,4,0
OTT03014,38,Male,Basic,0,1,1,1,0,1,4,54.0,1.0,60,28,705.02,5,1,Wallet,1,Mobile,East India,2,1
OTT03015,39,Male,Premium,0,0,0,1,0,1,2,55.2,0.5,13,30,883.12,1,0,Credit Card,1,Fire TV,South India,4,0
OTT03016,18,Female,Premium,1,0,0,1,1,1,4,51.3,0.1,39,1,505.13,2,0,Wallet,1,Laptop,Central India,1,0
OTT03017,56,Female,Standard,1,1,1,1,0,1,5,35.8,2.1,1,27,651.37,2,2,Net Banking,0,Laptop,East India,3,0
OTT03018,54,Male,Mobile,1,0,0,0,0,0,1,16.8,3.4,46,3,850.32,1,0,Credit Card,0,Smart TV,South India,1,1
OTT03019,43,Female,Mobile,1,0,0,0,1,0,2,21.0,2.6,52,28,315.67,5,0,UPI,1,Laptop,North India,3,0
OTT03020,31,Female,Standard,0,1,0,1,0,0,2,35.5,1.4,31,48,806.78,1,0,UPI,1,Mobile,Central India,4,0
OTT03021,53,Female,Standard,1,1,1,0,0,0,3,23.6,1.7,43,3,1351.44,4,2,Wallet,1,Laptop,West India,4,1
OTT03022,29,Female,Standard,1,1,0,1,1,0,4,22.8,0.9,38,56,189.9,1,3,Debit Card,0,Mobile,West India,1,1
OTT03023,31,Male,Mobile,1,0,0,1,0,1,3,52.8,1.5,30,35,906.93,2,0,Credit Card,1,Fire TV,North India,1,0
OTT03024,60,Female,Mobile,0,1,0,1,1,0,3,10.3,1.4,51,43,308.55,2,2,Credit Card,1,Smart TV,Central India,2,1
OTT03025,57,Female,Basic,0,0,0,1,1,0,2,36.7,1.9,46,29,264.35,1,0,UPI,1,Smart TV,South India,3,0
OTT03026,43,Female,Standard,1,0,0,0,1,0,2,34.2,0.8,54,51,540.69,4,4,UPI,1,Smart TV,West India,5,0
OTT03027,25,Female,Standard,1,0,0,1,0,0,2,28.2,5.4,14,18,799.1,1,1,Credit Card,1,Smart TV,South India,5,1
OTT03028,23,Male,Mobile,1,0,1,1,1,1,5,13.1,0.6,19,10,809.41,1,0,Credit Card,1,Mobile,East India,1,0
OTT03029,59,Female,Standard,1,0,0,1,1,0,3,21.2,1.7,6,29,617.6,2,1,UPI,1,Tablet,West India,4,0
OTT03030,29,Female,Premium,0,1,0,0,1,1,3,27.9,2.3,48,36,350.96,3,1,UPI,1,Smart TV,South India,2,0
OTT03031,47,Male,Basic,1,1,1,1,0,0,4,12.1,0.6,24,51,610.41,1,1,UPI,1,Smart TV,South India,1,0
OTT03032,33,Female,Mobile,0,0,1,0,0,0,1,47.1,0.3,0,30,142.35,5,2,UPI,1,Mobile,North India,5,0
OTT03033,39,Male,Standard,1,1,0,0,0,0,2,26.1,2.4,59,6,886.0,2,0,UPI,1,Smart TV,South India,1,1
OTT03034,60,Female,Premium,0,0,1,0,1,0,2,25.0,5.5,7,52,540.5,5,1,Net Banking,1,Smart TV,South India,1,1
OTT03035,43,Male,Mobile,1,1,1,1,1,1,6,38.0,0.3,57,50,960.02,2,3,UPI,1,Smart TV,East India,3,0
OTT03036,36,Male,Mobile,0,1,1,0,1,1,4,59.0,5.5,17,34,377.73,4,1,UPI,0,Laptop,East India,1,0
OTT03037,35,Female,Standard,1,0,1,1,0,0,3,20.9,2.4,37,4,800.67,1,1,Wallet,1,Laptop,North India,1,0
OTT03038,27,Female,Basic,0,0,0,0,0,1,1,11.3,1.4,30,55,154.6,2,0,Credit Card,1,Smart TV,East India,5,0
OTT03039,41,Female,Premium,0,0,0,1,0,1,2,63.0,2.6,29,40,1027.73,5,1,UPI,1,Mobile,South India,5,0
OTT03040,42,Female,Standard,0,0,1,1,1,0,3,29.7,3.2,14,55,773.4,2,1,Debit Card,1,Smart TV,West India,5,0
OTT03041,22,Male,Mobile,1,0,1,0,1,0,3,76.7,1.3,26,8,548.59,2,3,Wallet,1,Smart TV,East India,1,0
OTT03042,35,Female,Premium,1,1,1,0,1,1,5,54.6,6.5,53,21,527.82,3,2,UPI,1,Smart TV,Central India,4,0
OTT03043,45,Female,Standard,1,1,1,1,0,0,4,15.6,5.4,19,14,561.87,2,1,UPI,0,Laptop,East India,4,1
OTT03044,20,Male,Standard,1,0,1,1,0,0,3,23.2,0.9,33,45,649.49,5,0,Net Banking,1,Smart TV,South India,4,0
OTT03045,59,Female,Basic,0,1,0,1,1,1,4,3.9,1.8,55,19,203.76,2,0,Credit Card,1,Smart TV,West India,3,0
OTT03046,55,Male,Standard,1,1,1,1,1,1,6,16.7,0.6,25,54,557.4,2,1,UPI,1,Tablet,East India,4,0
OTT03047,45,Male,Premium,0,0,1,1,1,0,3,10.1,0.5,60,26,563.12,2,1,Debit Card,0,Mobile,West India,3,1
OTT03048,18,Female,Mobile,1,1,0,0,1,1,4,17.7,1.2,48,22,934.99,1,3,Debit Card,1,Mobile,North India,4,1
OTT03049,40,Female,Basic,1,1,1,0,1,1,5,7.6,1.8,36,37,504.16,3,2,UPI,0,Laptop,North India,4,1
OTT03050,56,Female,Premium,1,1,0,0,0,0,2,14.7,0.7,43,47,361.47,1,1,UPI,1,Tablet,South India,3,0
OTT03051,18,Female,Basic,1,0,1,1,1,1,5,17.3,2.6,46,24,630.85,2,0,Wallet,1,Laptop,South India,1,1
OTT03052,52,Male,Mobile,0,0,0,0,1,0,1,25.0,1.9,45,1,813.68,3,1,UPI,1,Smart TV,West India,5,1
OTT03053,54,Other,Mobile,1,0,1,0,1,1,4,8.9,1.5,16,55,676.4,2,1,Debit Card,1,Smart TV,West India,2,0
OTT03054,21,Male,Standard,1,1,0,0,1,1,4,48.2,0.8,19,26,666.36,2,0,Debit Card,1,Mobile,West India,3,0
OTT03055,27,Male,Standard,1,1,1,0,0,0,3,16.8,0.9,56,7,662.98,2,1,UPI,0,Smart TV,North India,5,0
OTT03056,49,Male,Mobile,1,0,1,0,1,0,3,30.7,1.2,19,39,605.26,5,0,Debit Card,1,Laptop,North India,4,0
OTT03057,57,Male,Basic,1,1,0,0,0,1,3,16.4,0.9,44,44,493.22,3,0,Debit Card,1,Mobile,West India,2,0
OTT03058,51,Male,Standard,0,0,1,0,0,1,2,25.9,1.1,18,22,430.04,3,3,Wallet,0,Mobile,South India,3,0
OTT03059,40,Female,Standard,0,1,0,0,1,0,2,24.3,0.8,21,10,657.69,2,0,Credit Card,1,Tablet,North India,2,0
OTT03060,43,Female,Mobile,0,1,0,0,1,0,2,49.5,2.0,48,54,740.95,4,1,Debit Card,0,Mobile,West India,3,0
OTT03061,40,Female,Basic,0,1,1,0,1,0,3,22.0,0.5,39,52,668.4,3,0,Credit Card,0,Mobile,West India,3,0
OTT03062,42,Male,Standard,1,0,0,1,0,1,3,22.8,2.8,23,40,146.49,5,0,Debit Card,1,Smart TV,Central India,3,0
OTT03063,51,Female,Mobile,0,0,0,1,1,0,2,12.6,1.0,37,16,910.17,1,1,Debit Card,0,Smart TV,Central India,4,0
OTT03064,20,Male,Basic,1,1,0,1,1,1,5,7.5,2.1,7,33,265.29,5,1,Debit Card,1,Mobile,North India,3,0
OTT03065,27,Female,Premium,1,1,1,0,0,0,3,29.6,1.5,18,37,280.23,4,1,UPI,0,Smart TV,North India,5,1
OTT03066,20,Female,Premium,0,1,0,0,1,1,3,30.0,0.5,30,52,356.9,1,4,Wallet,0,Tablet,North India,3,0
OTT03067,52,Male,Basic,1,1,1,0,0,0,3,28.0,2.7,51,54,529.93,3,2,Wallet,0,Smart TV,Central India,2,0
OTT03068,49,Female,Premium,0,0,0,1,0,1,2,42.6,4.3,12,45,618.44,4,1,UPI,1,Tablet,South India,1,0
OTT03069,20,Female,Standard,1,1,0,0,1,1,4,24.7,1.3,25,40,923.67,4,1,Debit Card,1,Smart TV,South India,3,0
OTT03070,22,Male,Premium,1,1,0,1,0,0,3,19.4,0.3,35,15,927.92,4,2,UPI,1,Smart TV,South India,3,0
OTT03071,29,Female,Premium,0,0,0,1,0,0,1,27.6,1.9,15,8,163.41,1,0,UPI,0,Laptop,Central India,3,1
OTT03072,28,Female,Standard,1,1,1,1,1,1,6,22.4,1.6,32,49,147.45,3,1,UPI,1,Smart TV,West India,4,0
OTT03073,40,Male,Basic,1,1,0,1,0,1,4,9.6,0.8,42,7,950.11,5,2,UPI,1,Mobile,East India,2,0
OTT03074,39,Male,Mobile,0,1,1,0,1,1,4,45.1,1.6,16,31,600.41,5,2,UPI,0,Smart TV,North India,4,0
OTT03075,33,Male,Standard,1,1,0,1,1,1,5,16.5,3.5,13,32,362.01,1,2,UPI,1,Laptop,East India,5,0
OTT03076,25,Female,Basic,1,1,0,1,1,1,5,23.3,3.1,56,13,813.15,2,2,Wallet,1,Smart TV,West India,2,1
OTT03077,45,Male,Standard,0,1,0,1,0,0,2,17.5,1.2,43,17,965.05,5,0,Net Banking,1,Smart TV,South India,3,0
OTT03078,51,Male,Mobile,1,0,1,0,1,0,3,49.2,1.1,26,59,766.54,1,1,Credit Card,1,Mobile,South India,5,0
OTT03079,45,Male,Premium,0,1,1,0,0,1,3,17.9,0.7,19,45,433.45,3,3,Net Banking,1,Mobile,South India,2,0
OTT03080,52,Other,Premium,0,0,1,0,1,0,2,53.5,1.2,32,25,99.0,1,0,Wallet,1,Mobile,South India,2,0
OTT03081,57,Female,Basic,0,1,0,1,0,0,2,15.5,1.7,51,45,795.4,5,0,UPI,1,Mobile,North India,3,0
OTT03082,54,Female,Standard,0,1,0,0,0,0,1,36.8,1.7,43,3,614.91,4,1,Debit Card,1,Tablet,North India,2,0
OTT03083,46,Female,Standard,0,1,0,1,1,1,4,22.7,1.9,31,11,414.96,5,2,Wallet,1,Mobile,North India,2,0
OTT03084,20,Female,Standard,1,0,1,1,1,0,4,8.5,1.8,38,56,211.29,3,2,UPI,0,Laptop,South India,4,0
OTT03085,32,Female,Premium,1,0,1,1,0,1,4,52.5,0.8,8,48,712.42,1,1,Debit Card,1,Tablet,North India,4,0
OTT03086,36,Male,Standard,0,1,0,1,0,0,2,14.7,2.7,2,8,495.64,4,3,Debit Card,1,Laptop,South India,1,0
OTT03087,48,Male,Basic,0,1,0,0,1,0,2,19.9,3.0,43,13,696.23,5,0,Debit Card,0,Laptop,South India,5,0
OTT03088,54,Female,Basic,0,0,1,0,1,1,3,29.2,1.6,30,28,904.98,5,1,UPI,1,Smart TV,South India,1,0
OTT03089,45,Male,Standard,1,0,0,1,0,1,3,11.4,6.6,54,24,459.35,1,3,Wallet,1,Smart TV,North India,4,0
OTT03090,33,Male,Basic,0,1,1,1,1,1,5,16.2,2.0,55,32,1243.22,4,0,UPI,1,Smart TV,West India,4,0
OTT03091,51,Female,Standard,1,1,1,1,1,0,5,21.6,0.5,59,51,618.83,1,1,UPI,1,Mobile,East India,1,1
OTT03092,47,Female,Standard,1,1,1,0,1,1,5,8.1,1.2,54,46,860.97,3,0,UPI,0,Smart TV,West India,1,0
OTT03093,52,Male,Basic,0,1,1,1,1,1,5,27.6,1.2,36,45,501.99,2,2,Debit Card,0,Mobile,North India,5,0
OTT03094,43,Male,Basic,1,1,1,1,1,1,6,10.6,0.3,7,5,813.38,1,1,Credit Card,1,Smart TV,West India,3,0
OTT03095,45,Male,Basic,1,0,0,0,1,1,3,36.3,1.3,39,27,397.35,3,2,UPI,1,Smart TV,North India,3,0
OTT03096,32,Male,Basic,0,0,1,0,0,0,1,45.5,2.6,18,45,833.55,3,2,UPI,1,Fire TV,West India,3,0
OTT03097,35,Male,Standard,0,0,0,0,0,1,1,37.7,2.9,52,43,1347.23,3,0,UPI,0,Smart TV,East India,2,1
OTT03098,29,Female,Basic,0,1,0,1,1,0,3,40.5,4.5,16,43,345.45,3,1,UPI,1,Laptop,East India,3,0
OTT03099,29,Female,Standard,0,1,0,0,0,1,2,21.0,2.1,54,48,99.0,2,2,Debit Card,1,Mobile,South India,2,0
OTT03100,46,Male,Premium,0,1,1,0,0,0,2,9.8,2.5,55,19,479.08,4,0,Net Banking,1,Smart TV,North India,3,1
OTT03101,34,Male,Standard,1,1,1,1,1,1,6,44.3,1.0,28,50,733.16,1,2,Wallet,1,Smart TV,West India,3,0
OTT03102,23,Female,Standard,0,1,0,0,0,1,2,16.4,2.3,59,48,675.16,3,2,UPI,1,Mobile,West India,2,0
OTT03103,19,Male,Premium,1,1,1,1,1,1,6,23.9,2.0,23,13,531.84,3,1,UPI,1,Laptop,South India,2,0
OTT03104,54,Male,Basic,1,0,1,1,0,1,4,13.5,1.2,26,11,950.82,3,0,UPI,1,Smart TV,East India,4,0
OTT03105,36,Male,Basic,1,0,1,1,1,0,4,12.3,4.6,55,20,523.19,5,1,UPI,1,Laptop,Central India,2,0
OTT03106,42,Female,Mobile,0,1,1,1,0,1,4,28.8,0.5,42,58,896.52,4,0,UPI,1,Smart TV,South India,2,0
OTT03107,56,Male,Basic,0,1,0,0,0,1,2,25.7,1.6,11,34,544.24,4,1,Debit Card,1,Fire TV,East India,4,0
OTT03108,22,Male,Basic,1,0,1,0,1,1,4,8.2,3.5,10,57,398.86,5,2,Debit Card,1,Laptop,West India,3,0
OTT03109,58,Female,Standard,0,1,0,0,1,0,2,16.9,0.8,31,23,683.14,5,2,Credit Card,1,Laptop,West India,5,0
OTT03110,48,Female,Basic,1,1,0,1,1,1,5,63.8,1.0,40,40,697.63,3,1,Credit Card,1,Smart TV,South India,1,0
OTT03111,45,Female,Basic,0,1,0,0,1,0,2,33.9,2.5,34,60,1172.2,3,0,Debit Card,0,Mobile,West India,1,0
OTT03112,36,Female,Basic,0,1,0,1,0,0,2,15.8,2.5,2,21,769.95,5,1,Credit Card,0,Mobile,Central India,1,0
OTT03113,48,Female,Mobile,1,1,1,0,1,0,4,19.4,1.4,9,44,727.96,5,1,Wallet,1,Laptop,South India,5,0
OTT03114,26,Male,Standard,0,1,1,1,0,1,4,25.3,1.9,4,26,682.34,3,0,UPI,0,Laptop,Central India,1,0
OTT03115,30,Male,Basic,1,0,1,0,1,0,3,19.5,1.6,47,55,492.43,4,2,Credit Card,1,Tablet,West India,1,0
OTT03116,59,Male,Mobile,1,0,1,0,1,0,3,50.6,2.7,24,46,581.67,2,1,UPI,1,Laptop,North India,3,0
OTT03117,29,Male,Mobile,0,1,0,0,0,1,2,32.7,2.8,22,45,503.16,2,0,Credit Card,1,Mobile,East India,5,0
OTT03118,48,Male,Standard,1,1,1,0,1,0,4,37.7,3.7,52,13,687.16,2,0,UPI,1,Smart TV,North India,3,0
OTT03119,58,Male,Basic,0,0,0,1,0,1,2,39.9,3.7,59,58,219.89,4,0,Credit Card,1,Mobile,North India,3,0
OTT03120,43,Female,Standard,0,0,1,0,0,1,2,32.6,1.9,0,19,165.01,4,0,Debit Card,0,Tablet,South India,1,0
OTT03121,30,Female,Standard,0,0,1,0,0,1,2,35.3,0.6,53,25,438.71,3,1,Wallet,1,Laptop,Central India,3,0
OTT03122,54,Male,Standard,1,0,0,0,1,0,2,49.4,0.9,20,27,407.15,3,2,UPI,1,Smart TV,Central India,5,0
OTT03123,53,Female,Mobile,1,1,0,0,0,0,2,36.3,1.0,46,43,731.25,5,1,Net Banking,0,Smart TV,North India,5,0
OTT03124,41,Male,Standard,1,0,1,1,0,0,3,11.7,1.4,38,47,489.03,4,0,Debit Card,0,Fire TV,North India,3,1
OTT03125,22,Female,Mobile,0,1,0,1,0,0,2,59.3,1.7,8,56,796.93,3,1,Credit Card,1,Smart TV,North India,3,0
OTT03126,36,Female,Standard,0,1,0,1,0,0,2,6.8,0.7,18,9,468.94,3,1,Credit Card,0,Mobile,North India,4,0
OTT03127,36,Male,Standard,1,1,0,1,0,0,3,31.9,0.3,23,51,1263.35,4,0,Credit Card,1,Mobile,West India,5,0
OTT03128,26,Male,Basic,0,0,1,1,0,0,2,26.8,2.2,0,7,573.22,1,0,UPI,0,Mobile,North India,3,0
OTT03129,35,Female,Basic,1,0,1,1,1,0,4,18.5,1.5,23,33,758.04,3,1,UPI,1,Smart TV,South India,1,0
OTT03130,24,Female,Standard,1,0,1,1,1,1,5,40.0,4.8,32,55,467.31,3,2,UPI,1,Laptop,North India,1,0
OTT03131,47,Female,Standard,1,0,0,0,1,1,3,22.7,1.0,36,46,527.88,5,0,Net Banking,1,Mobile,South India,1,0
OTT03132,36,Male,Mobile,1,1,1,1,1,0,5,33.0,4.3,7,58,765.93,3,2,UPI,0,Fire TV,South India,4,0
OTT03133,49,Male,Standard,0,0,1,0,0,0,1,10.7,0.8,43,3,648.75,1,2,Wallet,1,Mobile,West India,3,1
OTT03134,37,Male,Basic,1,0,0,0,0,0,1,44.1,1.5,19,33,852.94,4,2,Wallet,1,Fire TV,North India,2,0
OTT03135,48,Female,Premium,0,0,1,1,1,1,4,41.9,1.6,31,5,933.87,5,3,Debit Card,0,Smart TV,North India,2,0
OTT03136,49,Male,Premium,1,0,1,1,1,0,4,25.0,0.4,54,43,1226.09,4,1,Debit Card,1,Mobile,Central India,2,0
OTT03137,24,Male,Basic,1,1,1,1,1,0,5,13.9,1.8,30,12,850.63,4,2,Credit Card,1,Smart TV,Central India,5,1
OTT03138,37,Other,Basic,0,0,0,0,1,0,1,45.8,0.9,36,12,660.01,1,3,UPI,1,Tablet,South India,5,0
OTT03139,50,Male,Basic,0,0,1,1,1,1,4,7.1,3.2,54,18,534.8,3,1,UPI,0,Smart TV,West India,5,1
OTT03140,43,Male,Standard,0,1,0,1,0,1,3,25.7,2.5,44,52,453.15,4,0,Debit Card,1,Smart TV,South India,4,0
OTT03141,27,Female,Mobile,0,1,0,1,0,0,2,20.8,2.0,23,21,534.31,5,4,Wallet,1,Fire TV,Central India,5,0
OTT03142,53,Female,Basic,1,0,1,0,0,0,2,31.4,1.0,9,53,710.18,4,1,Net Banking,1,Tablet,West India,3,0
OTT03143,26,Female,Standard,1,1,1,1,1,1,6,20.6,0.6,26,36,976.38,3,0,UPI,1,Laptop,West India,2,0
OTT03144,60,Male,Mobile,0,0,0,0,1,0,1,40.7,4.1,45,10,752.68,5,0,UPI,0,Smart TV,West India,1,0
OTT03145,48,Female,Mobile,0,1,1,1,1,0,4,11.6,3.9,25,15,569.82,2,0,Credit Card,1,Mobile,West India,4,0
OTT03146,31,Male,Standard,0,0,0,1,1,1,3,46.0,1.0,10,45,313.9,3,2,UPI,1,Tablet,North India,1,0
OTT03147,26,Female,Standard,1,1,1,0,0,1,4,23.1,2.8,2,51,429.72,5,1,UPI,0,Laptop,South India,3,0
OTT03148,56,Female,Standard,1,1,1,1,0,0,4,18.0,0.8,53,13,710.14,1,0,Credit Card,1,Smart TV,North India,3,1
OTT03149,40,Female,Basic,1,1,1,1,0,1,5,30.9,0.9,14,30,806.07,4,0,Wallet,0,Laptop,North India,3,0
OTT03150,52,Female,Standard,1,1,0,0,0,0,2,39.4,1.5,42,28,914.38,1,1,UPI,0,Laptop,North India,2,1
OTT03151,53,Female,Standard,0,0,0,0,0,1,1,21.9,2.1,51,28,914.09,2,0,UPI,1,Smart TV,South India,2,0
OTT03152,20,Male,Basic,0,1,0,0,1,1,3,23.1,0.6,40,20,366.9,3,0,UPI,1,Laptop,North India,4,0
OTT03153,47,Male,Premium,0,1,0,0,0,1,2,15.0,0.3,2,53,455.08,2,0,UPI,0,Tablet,West India,4,0
OTT03154,32,Male,Mobile,1,0,0,0,1,0,2,6.8,0.8,13,53,888.6,4,3,Debit Card,1,Mobile,North India,1,0
OTT03155,57,Female,Basic,0,0,1,0,0,1,2,17.4,1.4,6,23,941.22,3,0,UPI,0,Laptop,North India,3,0
OTT03156,27,Male,Premium,0,0,1,0,0,1,2,25.2,0.5,26,28,647.14,5,0,UPI,1,Smart TV,North India,2,0
OTT03157,19,Female,Basic,0,0,0,0,1,0,1,19.9,1.1,52,54,1097.96,4,3,Net Banking,1,Mobile,South India,4,0
OTT03158,46,Female,Premium,0,0,0,1,0,0,1,19.9,1.1,2,50,970.79,2,0,Credit Card,1,Laptop,South India,4,0
OTT03159,41,Female,Basic,1,0,1,1,1,1,5,11.5,5.4,26,31,838.91,1,0,UPI,1,Mobile,South India,3,0
OTT03160,41,Male,Mobile,1,0,0,1,0,0,2,12.8,2.1,21,37,746.95,4,1,UPI,1,Smart TV,East India,5,0
OTT03161,29,Female,Mobile,1,1,1,1,1,1,6,11.4,1.7,35,50,172.27,1,4,UPI,0,Laptop,Central India,3,1
OTT03162,39,Female,Basic,1,1,1,1,1,1,6,25.5,1.2,1,30,388.69,4,0,Debit Card,1,Laptop,North India,1,0
OTT03163,59,Other,Premium,1,0,1,0,0,0,2,31.7,3.7,38,52,623.65,1,1,Debit Card,1,Tablet,North India,1,0
OTT03164,50,Female,Premium,1,0,1,1,0,1,4,26.2,0.6,0,41,1102.34,1,1,Debit Card,1,Fire TV,South India,5,0
OTT03165,60,Male,Standard,0,0,1,1,1,0,3,32.6,2.3,25,24,1021.17,4,0,Wallet,1,Smart TV,South India,4,0
OTT03166,32,Male,Mobile,1,1,0,1,0,1,4,12.7,3.8,11,1,453.02,3,1,Debit Card,1,Mobile,North India,4,0
OTT03167,55,Female,Basic,0,0,0,1,0,0,1,24.3,2.6,21,49,922.22,5,1,UPI,1,Mobile,North India,5,0
OTT03168,34,Female,Basic,0,1,0,0,0,1,2,18.1,0.9,41,33,399.99,1,0,UPI,1,Mobile,South India,4,0
OTT03169,58,Female,Basic,0,0,0,0,1,0,1,22.1,0.5,51,36,99.0,2,1,UPI,1,Mobile,North India,4,0
OTT03170,55,Female,Mobile,1,0,1,0,1,0,3,8.6,2.7,14,12,1190.13,3,0,UPI,1,Mobile,North India,1,0
OTT03171,25,Female,Basic,1,1,1,1,1,1,6,11.2,2.4,22,52,99.0,5,1,Wallet,0,Laptop,East India,2,0
OTT03172,59,Female,Basic,1,0,1,1,0,1,4,25.1,3.1,54,48,99.0,5,0,Net Banking,1,Tablet,North India,3,0
OTT03173,44,Female,Standard,1,1,1,0,0,1,4,15.0,2.5,59,5,718.85,5,1,Net Banking,1,Laptop,Central India,4,1
OTT03174,51,Female,Basic,1,1,1,1,1,1,6,15.6,3.2,33,52,560.99,4,1,Credit Card,0,Smart TV,East India,4,0
OTT03175,42,Male,Mobile,1,1,0,0,1,1,4,21.0,1.2,31,26,747.68,3,1,Net Banking,1,Smart TV,Central India,5,0
OTT03176,27,Male,Mobile,0,0,0,0,0,1,1,32.0,1.6,27,45,1169.46,4,1,UPI,0,Mobile,East India,1,0
OTT03177,60,Male,Standard,1,1,1,0,1,1,5,38.9,0.6,57,58,921.38,4,2,Debit Card,0,Smart TV,South India,1,0
OTT03178,22,Male,Standard,1,0,0,1,1,0,3,7.2,0.5,25,57,804.47,5,0,Credit Card,0,Tablet,Central India,4,0
OTT03179,52,Female,Mobile,0,0,1,0,0,0,1,17.6,2.0,23,53,405.27,1,3,UPI,0,Smart TV,North India,1,1
OTT03180,26,Female,Premium,1,0,1,0,0,1,3,27.0,1.0,27,9,509.66,2,1,Credit Card,1,Mobile,South India,5,1
OTT03181,51,Male,Standard,1,1,1,0,1,1,5,31.2,3.9,52,34,812.06,2,1,Credit Card,1,Fire TV,South India,3,0
OTT03182,36,Male,Mobile,1,0,0,0,1,0,2,37.0,2.4,12,14,528.78,3,3,Wallet,1,Smart TV,South India,4,0
OTT03183,28,Female,Basic,1,1,0,0,0,1,3,29.4,1.7,0,49,874.06,4,0,Credit Card,0,Laptop,West India,3,0
OTT03184,28,Female,Premium,0,0,0,0,1,1,2,15.9,0.4,25,43,712.5,2,1,Wallet,1,Tablet,Central India,2,0
OTT03185,31,Female,Basic,0,0,0,1,0,0,1,26.6,0.7,30,22,594.91,2,1,Debit Card,1,Mobile,West India,1,0
OTT03186,56,Male,Basic,1,0,0,0,0,0,1,24.8,0.9,0,9,964.24,2,0,Debit Card,1,Smart TV,North India,4,0
OTT03187,51,Male,Standard,0,1,1,0,1,1,4,10.8,1.2,33,54,581.7,3,1,UPI,1,Laptop,North India,4,0
OTT03188,46,Female,Basic,0,1,1,1,1,1,5,14.8,2.9,25,31,267.16,4,1,UPI,1,Smart TV,South India,3,0
OTT03189,45,Female,Standard,0,0,1,0,0,1,2,28.4,0.5,38,43,997.54,2,1,Wallet,1,Smart TV,South India,2,0
OTT03190,35,Female,Standard,0,0,0,0,1,1,2,37.0,5.3,23,42,651.91,4,3,UPI,0,Mobile,North India,3,0
OTT03191,56,Female,Standard,1,1,0,0,0,0,2,17.0,2.6,1,39,587.06,4,1,Credit Card,1,Smart TV,East India,2,0
OTT03192,29,Male,Standard,0,0,1,0,0,0,1,63.8,0.6,2,13,615.13,1,1,UPI,1,Mobile,South India,1,0
OTT03193,58,Male,Standard,1,1,1,0,0,0,3,3.4,3.7,35,10,490.22,1,0,UPI,1,Fire TV,East India,5,1
OTT03194,34,Male,Basic,1,1,0,0,1,1,4,23.5,2.3,37,25,1382.6,5,1,UPI,1,Smart TV,West India,3,0
OTT03195,32,Male,Premium,0,1,1,0,1,1,4,25.1,1.0,14,57,286.82,4,0,Credit Card,1,Mobile,North India,2,0
OTT03196,38,Male,Mobile,0,0,1,1,1,0,3,41.0,2.6,47,49,750.86,2,0,Debit Card,1,Smart TV,East India,5,0
OTT03197,50,Male,Basic,1,0,0,1,0,1,3,15.6,0.7,26,55,707.81,3,0,Wallet,1,Smart TV,East India,3,0
OTT03198,48,Male,Premium,0,0,1,0,0,0,1,17.3,1.6,11,22,875.08,2,0,Net Banking,0,Mobile,Central India,1,0
OTT03199,50,Female,Premium,1,0,0,1,0,0,2,17.5,2.2,26,22,550.44,1,2,Debit Card,0,Mobile,South India,1,1
OTT03200,21,Male,Standard,1,0,1,1,1,1,5,39.9,0.7,28,42,997.07,2,1,Credit Card,1,Mobile,East India,5,0
OTT03201,24,Female,Standard,1,1,1,1,0,0,4,44.0,1.8,6,3,556.7,2,2,Credit Card,1,Smart TV,North India,1,0
OTT03202,54,Male,Mobile,0,1,1,1,1,1,5,19.2,2.0,55,58,511.97,2,0,Debit Card,1,Mobile,North India,2,0
OTT03203,60,Male,Standard,1,1,1,1,0,1,5,13.5,1.1,22,49,673.87,5,3,UPI,1,Tablet,East India,4,0
OTT03204,23,Male,Mobile,0,1,1,0,1,1,4,13.8,0.9,54,46,747.52,4,0,Debit Card,1,Smart TV,North India,2,0
OTT03205,56,Male,Basic,1,1,1,1,1,0,5,9.6,1.7,17,47,956.45,3,1,Credit Card,0,Laptop,North India,5,0
OTT03206,29,Male,Basic,1,0,0,1,0,1,3,46.6,1.3,15,48,287.67,4,3,Credit Card,0,Smart TV,South India,5,0
OTT03207,60,Female,Premium,0,0,1,0,0,0,1,23.8,4.1,11,32,907.85,3,1,Debit Card,0,Laptop,East India,3,0
OTT03208,60,Female,Premium,0,0,1,0,0,0,1,38.8,2.2,13,19,926.4,4,0,Net Banking,1,Laptop,South India,3,0
OTT03209,45,Male,Premium,0,1,0,0,0,0,1,20.4,1.3,41,59,855.85,3,2,Debit Card,0,Tablet,East India,5,0
OTT03210,26,Male,Standard,0,0,0,1,0,0,1,69.2,1.5,13,11,632.3,3,0,UPI,1,Smart TV,West India,5,0
OTT03211,51,Male,Basic,1,0,0,1,0,0,2,35.3,0.9,4,56,514.31,5,1,Debit Card,0,Mobile,East India,3,0
OTT03212,22,Female,Mobile,1,0,0,1,1,1,4,28.6,3.2,35,45,790.02,2,2,UPI,0,Smart TV,North India,3,1
OTT03213,32,Male,Basic,1,0,1,0,1,1,4,31.9,2.4,42,50,715.68,4,1,Credit Card,0,Mobile,East India,1,0
OTT03214,45,Male,Basic,0,0,1,0,1,1,3,13.0,4.3,51,27,235.57,2,0,Net Banking,0,Laptop,South India,3,1
OTT03215,20,Female,Standard,1,0,1,0,0,0,2,17.7,1.8,30,45,905.65,1,1,UPI,1,Smart TV,East India,1,0
OTT03216,34,Female,Basic,1,0,0,1,1,1,4,38.5,1.4,14,42,461.04,5,1,Credit Card,1,Mobile,North India,2,0
OTT03217,52,Female,Premium,1,0,0,0,1,0,2,24.2,1.8,55,51,470.83,4,0,UPI,0,Fire TV,East India,2,0
OTT03218,21,Male,Basic,0,0,0,0,0,1,1,33.0,4.2,39,19,950.83,1,0,Net Banking,1,Smart TV,East India,1,0
OTT03219,33,Male,Basic,0,1,1,0,0,0,2,20.0,1.1,59,45,698.7,5,1,UPI,1,Smart TV,North India,2,0
OTT03220,18,Male,Standard,0,0,0,0,1,1,2,22.2,1.0,43,13,605.86,3,2,Wallet,0,Smart TV,North India,4,1
OTT03221,46,Female,Standard,0,1,0,0,1,0,2,44.6,1.2,22,59,548.01,2,2,Credit Card,1,Laptop,South India,1,0
OTT03222,21,Female,Basic,0,1,1,1,0,1,4,26.5,0.9,8,31,584.25,5,2,Debit Card,1,Tablet,Central India,2,0
OTT03223,30,Male,Standard,1,1,0,0,1,1,4,27.2,1.9,38,55,643.24,4,0,UPI,1,Laptop,South India,3,0
OTT03224,40,Female,Standard,1,1,1,1,0,0,4,23.0,1.1,5,7,1112.9,3,1,UPI,1,Mobile,South India,4,0
OTT03225,27,Male,Mobile,0,0,1,0,1,0,2,18.7,3.6,50,22,111.33,3,0,Credit Card,1,Smart TV,West India,5,1
OTT03226,27,Female,Basic,1,1,0,1,1,0,4,20.8,0.6,5,34,1355.11,5,1,UPI,1,Mobile,South India,5,0
OTT03227,53,Male,Premium,1,0,0,1,1,1,4,24.3,2.4,16,59,1306.74,2,0,Debit Card,1,Smart TV,West India,5,0
OTT03228,51,Male,Basic,1,0,1,0,0,0,2,45.9,3.3,27,15,549.39,5,2,UPI,1,Mobile,West India,2,0
OTT03229,21,Male,Basic,1,1,0,0,1,1,4,24.5,0.6,57,28,703.19,3,0,UPI,1,Mobile,North India,2,0
OTT03230,54,Female,Basic,0,0,0,1,1,1,3,41.2,2.2,15,9,702.5,5,1,UPI,0,Laptop,North India,2,0
OTT03231,38,Male,Standard,1,1,1,0,0,0,3,13.8,2.9,21,48,950.03,1,1,UPI,1,Laptop,North India,4,0
OTT03232,24,Male,Premium,0,0,0,1,0,0,1,30.8,0.4,21,29,689.51,3,1,UPI,1,Laptop,North India,5,0
OTT03233,56,Female,Basic,1,1,1,0,0,0,3,6.6,0.8,7,14,758.18,3,0,Credit Card,0,Fire TV,North India,2,0
OTT03234,32,Female,Premium,0,0,0,0,1,0,1,15.2,3.2,59,36,982.24,5,1,Net Banking,1,Mobile,South India,3,0
OTT03235,32,Female,Premium,0,1,0,0,1,0,2,15.6,3.2,28,42,108.69,1,1,Debit Card,1,Laptop,South India,2,0
OTT03236,24,Female,Basic,0,0,1,1,0,0,2,17.9,1.5,19,48,606.97,4,1,Debit Card,1,Smart TV,West India,5,0
OTT03237,56,Female,Standard,1,1,1,1,1,1,6,41.1,1.8,44,21,715.61,5,0,UPI,0,Smart TV,Central India,2,0
OTT03238,30,Female,Premium,0,0,0,1,0,1,2,7.1,2.3,20,18,560.34,5,3,Credit Card,0,Smart TV,South India,4,1
OTT03239,43,Male,Premium,1,0,0,1,0,0,2,44.0,2.8,60,42,174.99,3,3,UPI,1,Laptop,West India,1,1
OTT03240,28,Male,Standard,0,0,0,0,1,1,2,6.5,1.7,45,35,663.21,2,1,UPI,0,Mobile,South India,1,0
OTT03241,56,Male,Mobile,1,1,1,0,1,1,5,19.4,2.8,6,13,498.4,5,1,Debit Card,1,Tablet,South India,4,0
OTT03242,51,Male,Mobile,0,0,0,1,1,1,3,20.0,0.3,57,35,531.27,1,1,Wallet,0,Smart TV,East India,1,1
OTT03243,39,Male,Basic,1,1,1,1,1,0,5,51.9,1.3,13,36,648.47,5,0,Debit Card,1,Mobile,North India,4,0
OTT03244,32,Male,Standard,1,0,0,0,1,0,2,34.4,2.3,39,10,177.84,3,1,Debit Card,0,Smart TV,North India,4,1
OTT03245,46,Male,Basic,0,1,0,0,0,0,1,61.4,2.0,2,60,569.97,2,1,Net Banking,1,Mobile,West India,5,0
OTT03246,39,Female,Standard,0,1,0,1,0,1,3,66.5,3.8,46,2,460.63,3,0,UPI,1,Laptop,South India,5,0
OTT03247,58,Female,Standard,0,0,0,1,0,1,2,41.0,0.8,52,40,291.56,2,1,UPI,0,Mobile,North India,5,1
OTT03248,46,Female,Basic,0,1,1,1,0,1,4,14.9,0.8,13,37,791.66,3,1,Debit Card,1,Smart TV,West India,1,0
OTT03249,19,Female,Premium,0,1,1,1,1,1,5,29.9,4.1,14,20,291.61,2,1,Credit Card,1,Smart TV,Central India,5,0
OTT03250,53,Male,Mobile,0,0,1,1,1,0,3,25.3,0.4,11,33,804.87,5,0,UPI,1,Mobile,West India,1,0
OTT03251,26,Male,Basic,1,1,1,1,1,1,6,16.9,2.6,8,18,897.14,5,0,Credit Card,1,Mobile,South India,5,0
OTT03252,30,Male,Standard,1,0,0,1,1,0,3,39.7,2.4,60,57,619.56,5,0,UPI,1,Fire TV,Central India,2,0
OTT03253,36,Female,Basic,0,1,0,1,0,0,2,9.6,1.1,34,27,957.69,3,2,Credit Card,1,Mobile,East India,5,0
OTT03254,26,Male,Basic,0,0,1,0,1,1,3,13.7,4.0,58,36,1299.82,1,4,UPI,0,Smart TV,West India,2,1
OTT03255,58,Female,Premium,1,0,0,0,0,0,1,7.0,1.5,5,21,811.06,1,3,Net Banking,1,Smart TV,North India,2,0
OTT03256,60,Male,Premium,1,0,1,1,1,0,4,12.6,1.6,20,13,564.83,1,2,Wallet,0,Mobile,South India,2,0
OTT03257,24,Female,Standard,1,0,0,0,0,0,1,14.5,0.8,46,10,981.57,2,2,Net Banking,1,Smart TV,West India,1,1
OTT03258,31,Female,Mobile,0,1,0,1,0,0,2,21.8,0.9,49,45,107.93,4,3,Debit Card,1,Laptop,West India,2,0
OTT03259,33,Male,Basic,1,0,0,0,1,1,3,41.4,0.7,38,58,1306.34,1,1,UPI,1,Smart TV,North India,2,1
OTT03260,46,Female,Basic,0,0,0,0,0,1,1,17.6,2.2,17,2,678.48,3,3,Credit Card,0,Laptop,South India,1,0
OTT03261,43,Female,Basic,1,0,0,0,0,0,1,41.9,2.1,11,9,729.99,5,1,UPI,0,Mobile,East India,1,0
OTT03262,47,Female,Premium,1,1,1,0,0,1,4,65.8,0.3,3,43,213.32,1,0,Debit Card,0,Smart TV,Central India,2,0
OTT03263,19,Female,Mobile,0,0,0,0,1,0,1,45.1,3.1,54,14,906.52,2,1,Net Banking,1,Laptop,North India,5,0
OTT03264,40,Male,Standard,0,1,0,1,1,0,3,13.2,1.4,42,49,684.73,1,1,Net Banking,0,Laptop,North India,3,0
OTT03265,27,Male,Mobile,1,1,0,0,0,0,2,15.8,0.4,38,47,612.8,5,1,UPI,1,Laptop,East India,3,0
OTT03266,27,Female,Standard,0,0,0,1,1,0,2,42.1,3.9,32,11,475.89,2,2,Credit Card,1,Fire TV,North India,5,0
OTT03267,51,Male,Mobile,0,0,1,1,0,0,2,15.6,1.2,34,6,402.24,3,3,Wallet,0,Laptop,South India,1,1
OTT03268,24,Male,Mobile,1,1,1,0,0,1,4,25.0,1.2,3,17,443.76,2,2,UPI,1,Mobile,South India,3,0
OTT03269,19,Male,Basic,1,1,1,1,1,1,6,31.1,1.5,14,9,195.6,5,2,Debit Card,1,Smart TV,North India,3,0
OTT03270,38,Female,Premium,0,0,1,0,1,0,2,35.8,2.9,25,6,706.79,1,2,Credit Card,1,Laptop,North India,5,0
OTT03271,49,Male,Standard,1,1,1,1,1,1,6,27.1,1.1,24,56,1094.29,5,0,UPI,1,Laptop,South India,2,0
OTT03272,39,Other,Standard,0,1,1,0,1,0,3,11.1,3.4,35,12,760.75,5,0,Wallet,0,Mobile,East India,3,0
OTT03273,24,Male,Basic,0,1,1,1,1,0,4,18.8,0.7,22,34,420.37,5,0,Debit Card,1,Smart TV,North India,1,0
OTT03274,51,Male,Standard,0,1,1,1,1,0,4,45.1,1.2,24,16,741.74,5,1,Wallet,1,Laptop,North India,4,0
OTT03275,34,Male,Standard,0,1,1,1,0,1,4,23.9,0.2,12,12,99.0,1,0,Credit Card,1,Smart TV,South India,5,0
OTT03276,48,Male,Basic,1,1,1,0,0,1,4,57.9,1.2,2,17,1127.38,1,0,Debit Card,1,Smart TV,North India,5,0
OTT03277,26,Male,Standard,1,0,0,0,1,1,3,28.0,0.5,49,15,493.34,2,2,UPI,0,Smart TV,South India,5,1
OTT03278,57,Female,Premium,0,1,1,0,1,0,3,14.1,0.6,57,28,793.75,4,0,Debit Card,1,Laptop,Central India,1,0
OTT03279,30,Male,Premium,1,0,0,0,0,1,2,33.2,0.5,46,37,634.29,3,1,Wallet,1,Mobile,South India,4,0
OTT03280,59,Male,Premium,0,0,0,0,0,1,1,46.4,1.5,56,57,812.76,4,2,Net Banking,1,Smart TV,South India,3,0
OTT03281,34,Male,Standard,1,1,1,0,0,1,4,25.9,1.5,37,43,1302.64,4,1,UPI,1,Mobile,East India,5,0
OTT03282,49,Male,Mobile,0,0,0,0,0,1,1,26.2,2.5,54,5,99.0,3,1,UPI,0,Tablet,West India,2,1
OTT03283,39,Female,Basic,1,0,0,0,0,1,2,29.8,1.2,25,11,722.35,5,3,Net Banking,1,Mobile,East India,1,0
OTT03284,21,Male,Basic,0,0,0,1,0,0,1,31.8,2.2,42,21,729.91,3,0,Credit Card,0,Mobile,West India,5,0
OTT03285,22,Female,Basic,1,1,0,0,0,0,2,16.1,1.7,18,36,544.1,3,0,UPI,1,Mobile,Central India,1,0
OTT03286,35,Male,Basic,0,0,1,0,1,1,3,7.2,1.0,55,14,442.44,2,0,Credit Card,1,Mobile,North India,5,0
OTT03287,26,Male,Standard,0,0,0,1,1,1,3,34.2,3.0,45,34,917.52,5,0,Credit Card,1,Laptop,Central India,5,0
OTT03288,44,Female,Standard,0,1,0,1,1,0,3,24.1,0.9,52,46,640.17,4,1,Debit Card,1,Tablet,North India,3,0
OTT03289,23,Male,Standard,0,0,1,0,0,0,1,30.1,0.4,1,2,649.87,4,2,UPI,1,Mobile,Central India,4,0
OTT03290,43,Female,Premium,1,0,1,0,1,0,3,21.6,0.2,33,57,565.65,1,0,Debit Card,1,Fire TV,South India,3,0
OTT03291,26,Male,Mobile,1,0,1,0,0,0,2,30.4,1.0,36,43,605.5,1,0,UPI,0,Smart TV,North India,1,0
OTT03292,25,Male,Mobile,0,1,0,1,1,1,4,13.4,1.3,31,27,820.96,3,1,Debit Card,1,Fire TV,East India,2,0
OTT03293,33,Female,Standard,1,0,1,0,1,0,3,19.2,1.4,27,14,809.14,4,0,Net Banking,1,Smart TV,Central India,5,0
OTT03294,43,Male,Standard,1,1,1,0,0,0,3,13.0,0.2,37,55,432.45,3,1,Wallet,1,Smart TV,Central India,3,0
OTT03295,35,Female,Standard,0,0,1,1,1,0,3,19.5,1.9,13,20,565.13,4,0,Credit Card,0,Mobile,West India,4,0
OTT03296,33,Female,Premium,1,1,1,1,1,1,6,10.0,1.2,17,52,935.16,5,0,Credit Card,0,Tablet,South India,4,0
OTT03297,32,Male,Mobile,1,0,1,1,1,0,4,36.1,2.4,60,54,1121.02,3,2,Debit Card,0,Tablet,North India,2,0
OTT03298,32,Male,Standard,0,1,1,0,0,1,3,50.8,1.5,7,22,1121.32,5,0,UPI,1,Tablet,North India,3,0
OTT03299,35,Female,Premium,1,0,1,0,0,1,3,10.4,2.2,54,3,1099.59,2,0,UPI,0,Smart TV,West India,4,1
OTT03300,53,Male,Basic,0,0,0,0,0,1,1,24.2,0.5,56,7,705.67,3,2,Debit Card,1,Fire TV,East India,5,0
OTT03301,42,Female,Standard,1,1,1,1,0,1,5,21.6,2.4,30,38,939.86,2,1,Credit Card,1,Tablet,East India,5,1
OTT03302,36,Male,Mobile,1,0,0,0,1,0,2,51.9,1.8,29,59,752.72,2,1,Credit Card,1,Smart TV,North India,2,0
OTT03303,50,Male,Basic,0,0,0,0,1,1,2,25.2,0.9,52,49,443.23,4,2,Credit Card,0,Smart TV,North India,5,0
OTT03304,40,Female,Mobile,1,1,1,1,1,1,6,43.9,3.8,5,49,615.73,3,2,Debit Card,1,Smart TV,Central India,1,0
OTT03305,58,Female,Standard,1,1,0,0,1,1,4,34.8,5.6,47,54,592.47,3,0,Wallet,1,Tablet,North India,4,0
OTT03306,42,Female,Standard,0,0,0,0,1,0,1,28.3,0.9,57,44,909.12,3,1,UPI,0,Mobile,North India,5,1
OTT03307,27,Female,Premium,1,0,0,0,0,0,1,17.2,2.6,20,13,872.89,3,1,Credit Card,1,Smart TV,South India,1,0
OTT03308,42,Male,Standard,0,0,1,0,0,0,1,28.4,1.4,49,27,621.17,3,0,Debit Card,1,Smart TV,North India,2,0
OTT03309,51,Male,Mobile,0,0,1,0,1,1,3,12.8,2.1,29,21,586.52,4,2,Net Banking,1,Mobile,East India,3,0
OTT03310,27,Male,Premium,0,0,0,1,0,0,1,19.1,1.7,39,13,459.27,3,1,Debit Card,1,Smart TV,Central India,4,1
OTT03311,26,Male,Basic,1,1,1,1,1,0,5,6.6,2.5,60,31,558.2,4,1,Debit Card,1,Tablet,North India,5,0
OTT03312,43,Male,Standard,1,1,1,1,1,0,5,47.9,0.3,60,21,620.4,1,1,UPI,1,Mobile,South India,1,0
OTT03313,56,Female,Basic,1,0,1,0,0,1,3,26.4,2.1,24,50,742.07,3,0,Wallet,1,Smart TV,West India,3,0
OTT03314,32,Male,Standard,0,0,0,1,1,1,3,47.2,1.8,50,28,681.74,3,0,UPI,0,Mobile,South India,4,1
OTT03315,39,Male,Premium,0,0,1,0,0,1,2,25.8,1.6,17,38,424.94,1,1,Wallet,0,Smart TV,North India,2,0
OTT03316,46,Female,Mobile,0,0,0,0,1,0,1,26.9,3.2,4,38,513.8,2,1,Credit Card,1,Laptop,West India,1,0
OTT03317,46,Male,Standard,1,0,1,0,1,1,4,33.6,0.6,43,10,619.47,5,1,UPI,1,Smart TV,East India,3,0
OTT03318,24,Female,Standard,0,0,0,0,0,1,1,23.1,2.4,43,7,791.89,3,1,UPI,0,Smart TV,South India,1,0
OTT03319,34,Male,Basic,0,1,0,0,0,0,1,21.5,0.8,26,29,510.73,4,2,Credit Card,1,Mobile,South India,1,0
OTT03320,60,Male,Basic,1,0,0,0,0,1,2,19.8,1.0,7,43,239.88,4,1,Credit Card,0,Mobile,South India,1,0
OTT03321,56,Female,Standard,0,0,0,1,0,0,1,13.4,0.9,2,39,338.16,2,0,UPI,1,Mobile,North India,1,0
OTT03322,51,Female,Basic,0,1,0,1,0,1,3,19.8,1.6,47,44,739.43,4,1,UPI,0,Mobile,Central India,3,1
OTT03323,19,Female,Mobile,1,1,0,1,1,0,4,41.6,2.4,7,51,780.07,2,0,UPI,1,Mobile,West India,5,0
OTT03324,35,Male,Standard,1,1,0,0,1,1,4,18.8,1.5,16,60,485.68,5,1,Credit Card,1,Laptop,North India,1,0
OTT03325,20,Male,Standard,1,1,0,0,1,0,3,64.4,2.7,16,48,372.79,5,0,UPI,1,Mobile,Central India,3,0
OTT03326,30,Female,Basic,1,0,1,1,1,1,5,7.0,1.1,21,47,256.82,2,0,UPI,0,Smart TV,West India,5,0
OTT03327,55,Male,Premium,0,0,0,1,1,1,3,42.6,0.4,9,38,270.32,2,1,UPI,1,Mobile,North India,4,0
OTT03328,34,Female,Premium,1,1,1,1,1,0,5,21.0,1.7,50,60,541.83,2,2,Credit Card,1,Mobile,East India,3,1
OTT03329,25,Male,Premium,0,0,1,1,0,1,3,31.4,1.3,29,49,209.64,4,0,Debit Card,1,Laptop,South India,2,0
OTT03330,49,Male,Standard,1,0,0,0,1,0,2,14.0,3.7,8,4,695.22,2,0,Credit Card,1,Smart TV,South India,1,0
OTT03331,50,Male,Basic,1,0,1,1,1,1,5,8.2,0.7,43,5,793.31,3,1,Wallet,0,Smart TV,North India,1,1
OTT03332,46,Female,Mobile,0,0,1,0,1,0,2,38.1,1.9,57,56,267.97,1,2,UPI,1,Smart TV,West India,3,1
OTT03333,52,Male,Premium,0,0,1,0,0,0,1,47.1,1.5,10,57,360.31,3,0,UPI,0,Laptop,South India,1,0
OTT03334,48,Female,Premium,0,0,1,0,1,0,2,24.5,0.4,7,48,623.98,1,2,Wallet,1,Laptop,East India,3,0
OTT03335,45,Male,Standard,0,1,0,1,1,0,3,18.8,0.3,59,47,422.96,4,1,Debit Card,1,Smart TV,Central India,1,1
OTT03336,56,Male,Standard,0,0,0,0,1,1,2,23.4,0.3,1,34,703.52,5,1,Credit Card,0,Smart TV,East India,5,0
OTT03337,31,Male,Basic,0,0,1,1,0,1,3,23.4,2.4,35,40,925.46,1,1,UPI,1,Smart TV,South India,1,1
OTT03338,37,Female,Standard,0,1,1,1,1,1,5,20.7,1.4,1,22,592.49,5,2,Wallet,1,Mobile,West India,2,0
OTT03339,42,Female,Mobile,1,0,0,1,0,0,2,26.1,2.1,5,38,173.13,5,1,UPI,1,Mobile,East India,2,0
OTT03340,46,Male,Standard,1,1,0,0,0,1,3,32.4,2.2,49,9,696.85,1,2,Net Banking,1,Fire TV,West India,1,1
OTT03341,38,Male,Standard,1,0,0,1,0,0,2,30.9,4.1,10,33,554.93,3,1,Wallet,0,Tablet,South India,1,1
OTT03342,36,Female,Standard,1,0,0,1,1,1,4,16.6,2.8,29,5,798.87,1,0,UPI,1,Tablet,North India,4,1
OTT03343,25,Male,Basic,0,0,1,0,1,0,2,21.0,1.4,37,13,1300.96,2,2,UPI,1,Smart TV,West India,2,0
OTT03344,45,Female,Standard,0,0,0,0,0,1,1,12.4,2.0,30,22,381.41,2,1,Credit Card,1,Laptop,South India,5,0
OTT03345,23,Female,Mobile,1,0,1,1,0,0,3,30.4,0.6,31,38,444.82,1,1,Net Banking,0,Mobile,South India,3,0
OTT03346,38,Male,Basic,1,1,0,0,1,1,4,14.7,0.5,50,25,730.35,5,0,UPI,1,Fire TV,North India,4,0
OTT03347,35,Female,Mobile,0,1,1,1,0,1,4,4.6,1.3,33,25,892.11,5,2,Debit Card,1,Tablet,West India,2,0
OTT03348,51,Female,Basic,1,1,0,1,0,0,3,17.7,0.9,31,46,1221.18,4,0,Credit Card,1,Fire TV,East India,5,0
OTT03349,38,Male,Basic,1,1,1,0,1,0,4,31.2,1.5,48,45,531.92,4,2,UPI,0,Mobile,North India,3,0
OTT03350,18,Male,Basic,0,1,1,1,0,0,3,32.2,1.0,58,16,406.14,5,2,Wallet,1,Fire TV,Central India,1,0
OTT03351,39,Male,Basic,0,0,0,0,1,0,1,42.2,2.7,6,13,427.97,1,0,Credit Card,1,Smart TV,West India,1,0
OTT03352,27,Female,Basic,0,0,0,1,0,0,1,70.3,2.0,0,17,527.23,5,0,Wallet,0,Mobile,North India,2,0
OTT03353,34,Female,Standard,0,1,0,0,0,0,1,24.0,0.9,6,9,580.74,2,1,UPI,1,Mobile,West India,1,0
OTT03354,30,Male,Standard,0,0,0,0,1,1,2,21.5,2.2,9,12,697.5,2,1,Credit Card,1,Laptop,South India,4,0
OTT03355,25,Male,Mobile,0,1,1,0,1,0,3,25.8,0.6,3,56,658.76,3,2,UPI,1,Fire TV,North India,5,0
OTT03356,58,Male,Basic,0,1,0,0,0,1,2,19.2,1.4,48,58,291.92,2,1,UPI,0,Smart TV,North India,1,0
OTT03357,28,Male,Mobile,0,1,0,0,1,1,3,11.5,2.7,29,32,221.08,5,0,Wallet,1,Laptop,South India,2,0
OTT03358,39,Male,Mobile,0,1,0,0,1,1,3,10.9,0.3,55,9,619.64,1,1,UPI,1,Tablet,North India,1,1
OTT03359,53,Male,Standard,0,0,1,1,1,1,4,22.5,3.3,19,59,436.45,3,0,Credit Card,1,Smart TV,South India,2,0
OTT03360,33,Male,Premium,0,1,0,1,1,1,4,49.5,1.1,43,32,483.17,3,2,Debit Card,1,Mobile,West India,5,0
OTT03361,58,Female,Basic,1,0,0,0,1,0,2,18.4,2.8,28,15,896.62,1,4,Credit Card,1,Mobile,West India,1,0
OTT03362,35,Female,Basic,0,1,0,0,0,1,2,35.2,1.1,18,22,833.71,5,3,Debit Card,0,Smart TV,South India,5,0
OTT03363,58,Male,Basic,1,0,1,0,0,1,3,44.6,0.4,48,23,547.68,3,0,Debit Card,1,Mobile,West India,3,0
OTT03364,37,Female,Mobile,0,1,0,1,1,0,3,35.0,0.9,51,35,934.67,4,2,Credit Card,1,Fire TV,North India,5,0
OTT03365,18,Male,Premium,0,1,0,0,0,1,2,37.1,3.1,10,22,953.44,5,2,UPI,1,Smart TV,West India,3,0
OTT03366,55,Male,Standard,0,1,0,0,1,0,2,11.5,1.6,13,1,1032.74,2,0,UPI,1,Smart TV,South India,5,0
OTT03367,55,Other,Standard,0,1,0,1,1,1,4,20.6,2.8,45,17,1086.11,2,0,Net Banking,1,Mobile,South India,3,1
OTT03368,59,Female,Premium,0,1,1,1,0,1,4,8.9,1.1,26,52,592.54,3,1,UPI,1,Laptop,West India,2,0
OTT03369,23,Male,Standard,0,1,0,0,1,0,2,16.5,0.8,32,53,960.54,2,2,Debit Card,1,Tablet,South India,1,0
OTT03370,54,Male,Basic,1,0,1,0,1,0,3,10.8,2.7,47,25,564.43,4,1,Net Banking,1,Fire TV,West India,3,0
OTT03371,32,Female,Standard,1,0,1,1,1,1,5,31.3,1.4,45,48,989.86,2,1,Net Banking,1,Fire TV,West India,3,0
OTT03372,54,Male,Standard,0,1,0,0,0,0,1,10.8,1.8,24,16,583.64,2,2,Wallet,1,Smart TV,Central India,3,0
OTT03373,59,Female,Basic,0,1,1,1,1,1,5,10.9,1.9,38,18,655.29,1,1,Wallet,1,Smart TV,West India,1,0
OTT03374,26,Male,Standard,0,1,0,1,0,0,2,23.1,0.2,50,19,369.06,2,0,UPI,1,Laptop,South India,4,0
OTT03375,33,Male,Standard,1,1,0,1,0,0,3,6.7,2.3,8,51,366.25,1,0,Credit Card,1,Smart TV,West India,5,0
OTT03376,29,Female,Basic,0,0,1,1,1,0,3,66.8,0.6,36,59,764.06,4,2,Net Banking,1,Mobile,Central India,1,0
OTT03377,31,Female,Standard,0,0,0,0,0,1,1,20.3,0.3,27,57,921.47,3,0,UPI,1,Mobile,North India,5,0
OTT03378,43,Male,Basic,1,1,1,1,1,0,5,44.0,1.0,52,23,360.33,3,1,UPI,1,Smart TV,South India,3,0
OTT03379,35,Female,Basic,0,0,1,0,1,1,3,11.3,1.3,17,43,1021.2,5,0,Wallet,1,Mobile,West India,4,0
OTT03380,46,Female,Basic,1,1,1,1,1,1,6,28.6,3.5,14,29,989.78,1,0,UPI,1,Laptop,South India,3,1
OTT03381,46,Male,Standard,1,0,0,0,0,1,2,32.0,2.4,46,51,761.35,3,1,UPI,1,Mobile,South India,1,0
OTT03382,26,Male,Premium,1,1,1,1,0,1,5,12.9,0.3,38,52,915.95,5,0,UPI,1,Smart TV,South India,5,0
OTT03383,19,Male,Standard,1,1,1,1,1,0,5,36.3,1.8,11,52,502.84,5,3,UPI,1,Smart TV,Central India,3,0
OTT03384,50,Female,Standard,0,0,1,1,1,0,3,16.2,1.4,40,60,252.56,5,1,Net Banking,1,Smart TV,East India,2,0
OTT03385,25,Female,Basic,1,0,0,0,0,1,2,18.3,0.7,16,15,503.58,4,2,Debit Card,1,Smart TV,East India,4,0
OTT03386,26,Male,Standard,1,1,1,0,0,1,4,12.8,2.2,25,59,982.97,5,0,UPI,0,Smart TV,West India,2,0
OTT03387,43,Female,Mobile,0,1,1,1,0,0,3,37.3,3.5,60,14,1003.72,5,2,Credit Card,0,Laptop,West India,5,1
OTT03388,29,Male,Basic,1,1,0,1,1,1,5,28.3,1.5,26,9,318.73,3,1,UPI,1,Mobile,North India,4,0
OTT03389,26,Female,Standard,0,1,1,1,0,0,3,27.2,1.1,56,47,314.54,3,1,UPI,0,Tablet,North India,4,0
OTT03390,31,Female,Mobile,0,1,1,0,0,0,2,26.8,1.6,55,34,400.51,4,1,UPI,0,Mobile,Central India,2,0
OTT03391,40,Male,Premium,0,0,0,1,1,0,2,27.8,1.8,40,46,107.29,3,0,Debit Card,1,Mobile,West India,5,0
OTT03392,54,Male,Basic,1,1,1,0,1,0,4,15.7,4.8,13,36,479.04,4,2,UPI,0,Fire TV,South India,4,0
OTT03393,60,Male,Standard,1,1,1,1,1,1,6,34.7,0.8,39,26,784.87,1,0,Credit Card,0,Laptop,North India,2,0
OTT03394,49,Female,Basic,1,0,0,0,0,0,1,14.2,0.9,5,47,99.0,3,1,Credit Card,0,Smart TV,North India,3,0
OTT03395,56,Male,Standard,0,1,0,1,1,1,4,27.1,2.6,42,38,628.78,2,0,Credit Card,1,Smart TV,North India,1,0
OTT03396,40,Female,Standard,1,1,1,1,0,1,5,22.0,1.0,31,30,1046.69,2,0,Credit Card,0,Fire TV,South India,5,0
OTT03397,35,Male,Mobile,0,0,0,0,0,1,1,17.7,0.2,60,32,905.14,4,0,UPI,1,Smart TV,Central India,2,0
OTT03398,53,Male,Premium,0,1,0,0,0,0,1,22.3,3.5,53,29,761.38,5,0,Credit Card,1,Laptop,South India,3,0
OTT03399,31,Female,Standard,1,1,0,1,0,1,4,27.2,3.4,8,11,680.26,4,0,UPI,1,Smart TV,South India,5,0
OTT03400,52,Male,Basic,1,1,0,0,1,1,4,34.7,0.5,59,22,967.37,3,2,UPI,1,Tablet,South India,4,0
OTT03401,60,Female,Standard,0,1,0,0,0,0,1,24.7,1.5,38,8,791.21,4,1,Credit Card,1,Laptop,North India,5,0
OTT03402,34,Male,Basic,1,0,0,1,1,1,4,39.7,0.3,54,44,573.27,1,1,Credit Card,1,Smart TV,South India,3,0
OTT03403,45,Male,Standard,1,1,1,0,0,0,3,16.3,2.5,53,42,912.0,4,2,Wallet,0,Smart TV,North India,3,0
OTT03404,51,Male,Basic,1,0,1,1,1,1,5,20.3,2.4,47,40,267.97,1,1,Debit Card,1,Smart TV,Central India,3,0
OTT03405,51,Male,Standard,1,1,1,0,1,1,5,31.7,1.4,43,18,872.13,5,1,UPI,0,Smart TV,West India,5,0
OTT03406,26,Female,Basic,1,1,1,0,1,0,4,11.3,2.9,6,60,803.42,2,1,UPI,0,Smart TV,North India,1,0
OTT03407,59,Male,Standard,1,0,1,0,0,1,3,75.9,0.3,10,45,706.11,3,1,Debit Card,1,Laptop,North India,3,0
OTT03408,39,Male,Premium,0,0,0,0,1,1,2,37.0,1.7,37,36,676.29,3,1,UPI,0,Laptop,South India,4,0
OTT03409,19,Male,Premium,0,1,0,0,1,1,3,11.9,0.2,60,38,1121.05,2,1,Debit Card,1,Smart TV,North India,1,1
OTT03410,23,Female,Standard,0,0,0,1,0,0,1,58.0,0.7,39,56,953.25,1,2,UPI,1,Smart TV,South India,4,0
OTT03411,49,Female,Standard,1,0,1,1,0,1,4,16.4,0.3,40,1,1034.35,4,1,Wallet,1,Smart TV,North India,5,0
OTT03412,36,Female,Standard,0,0,0,1,1,0,2,55.2,3.9,30,59,786.58,3,1,Credit Card,1,Mobile,North India,1,0
OTT03413,22,Other,Mobile,0,0,0,1,1,1,3,35.4,2.8,29,29,971.61,4,1,Credit Card,1,Smart TV,South India,1,0
OTT03414,40,Male,Standard,0,0,0,0,1,0,1,9.9,0.2,51,3,775.92,2,3,Wallet,1,Mobile,South India,4,1
OTT03415,43,Male,Standard,0,0,1,0,0,1,2,13.8,1.8,36,21,610.07,5,2,UPI,1,Fire TV,North India,1,0
OTT03416,21,Female,Mobile,0,1,1,0,0,0,2,10.7,0.2,59,3,871.1,5,1,Credit Card,1,Smart TV,North India,1,1
OTT03417,33,Male,Standard,0,1,0,1,1,0,3,20.1,2.3,59,37,575.93,3,2,UPI,1,Smart TV,South India,1,0
OTT03418,37,Female,Mobile,0,1,1,0,1,1,4,39.5,2.6,59,59,980.43,4,1,Credit Card,0,Smart TV,South India,2,0
OTT03419,51,Female,Standard,0,0,1,0,0,0,1,51.4,2.3,16,39,311.54,3,1,Debit Card,1,Mobile,North India,5,0
OTT03420,46,Male,Basic,1,1,1,1,1,0,5,12.7,1.8,1,36,581.24,3,1,UPI,1,Mobile,North India,1,0
OTT03421,21,Female,Premium,1,1,1,1,0,1,5,11.6,1.3,51,4,460.65,1,1,UPI,1,Smart TV,South India,5,1
OTT03422,44,Male,Basic,1,0,1,0,0,0,2,29.5,1.7,2,17,1305.26,4,2,UPI,1,Mobile,North India,1,0
OTT03423,56,Female,Mobile,0,1,0,1,1,1,4,10.1,0.7,40,17,468.62,5,0,Credit Card,1,Tablet,Central India,2,0
OTT03424,20,Male,Standard,1,1,1,0,0,0,3,39.1,1.8,3,27,635.84,5,2,UPI,1,Mobile,East India,2,0
OTT03425,60,Female,Basic,0,0,1,0,1,0,2,33.7,1.1,58,49,99.0,4,0,Debit Card,1,Mobile,North India,2,0
OTT03426,22,Male,Mobile,0,0,0,1,1,1,3,24.9,0.3,19,27,1131.21,1,2,Wallet,1,Mobile,West India,2,0
OTT03427,44,Female,Standard,0,0,0,0,0,1,1,38.3,0.6,58,10,424.51,1,2,UPI,1,Mobile,South India,2,0
OTT03428,33,Female,Premium,1,1,0,1,1,1,5,37.6,2.6,45,7,1072.24,4,0,Debit Card,1,Smart TV,South India,4,0
OTT03429,49,Female,Standard,1,1,1,0,1,1,5,13.7,0.3,3,7,359.39,1,1,Credit Card,1,Laptop,South India,4,0
OTT03430,54,Female,Basic,1,0,0,1,1,1,4,11.4,1.6,35,55,378.94,2,2,Credit Card,0,Smart TV,West India,1,0
OTT03431,54,Female,Basic,1,1,0,0,1,0,3,23.2,1.1,1,14,884.25,4,3,Credit Card,1,Tablet,Central India,2,0
OTT03432,55,Female,Standard,1,1,0,0,0,1,3,38.8,0.6,29,20,218.51,4,1,Credit Card,0,Mobile,South India,3,0
OTT03433,53,Female,Standard,1,1,1,1,1,1,6,13.3,2.9,43,31,771.88,5,0,Debit Card,1,Smart TV,South India,5,0
OTT03434,31,Female,Premium,1,1,0,0,0,0,2,11.9,3.3,44,33,438.21,3,0,Credit Card,0,Smart TV,North India,3,0
OTT03435,38,Female,Mobile,0,0,1,0,0,0,1,12.3,0.4,32,50,1255.85,2,1,Credit Card,1,Smart TV,West India,3,1
OTT03436,48,Female,Standard,0,1,1,0,0,1,3,18.6,1.6,15,53,1157.01,1,2,UPI,0,Mobile,East India,4,1
OTT03437,25,Male,Premium,1,0,0,0,1,0,2,3.4,1.2,31,13,1006.69,3,1,Wallet,0,Smart TV,East India,5,0
OTT03438,42,Female,Mobile,1,0,0,1,0,0,2,14.5,1.6,60,54,1304.56,4,1,UPI,1,Fire TV,South India,1,1
OTT03439,40,Male,Premium,0,0,1,0,0,0,1,30.8,6.6,32,25,478.38,5,2,UPI,0,Smart TV,South India,1,0
OTT03440,60,Male,Basic,0,1,0,1,1,0,3,38.6,1.1,15,12,870.74,1,0,Debit Card,1,Mobile,West India,3,0
OTT03441,20,Other,Standard,1,0,0,0,1,0,2,67.0,0.8,48,32,387.63,5,1,UPI,0,Laptop,South India,4,0
OTT03442,22,Male,Basic,1,1,0,0,0,0,2,22.7,1.3,22,11,897.22,5,3,UPI,1,Mobile,North India,2,0
OTT03443,19,Male,Premium,0,0,0,0,1,0,1,16.9,1.9,53,22,747.8,4,1,Wallet,0,Laptop,North India,5,0
OTT03444,41,Female,Premium,1,1,1,0,0,0,3,59.4,1.0,51,9,306.86,2,1,Credit Card,1,Laptop,West India,3,0
OTT03445,41,Female,Mobile,1,1,1,1,0,1,5,1.3,6.3,1,46,636.01,2,3,Debit Card,0,Smart TV,Central India,1,0
OTT03446,43,Male,Standard,0,1,1,0,0,0,2,24.3,0.7,48,15,679.28,2,2,Credit Card,1,Smart TV,North India,1,1
OTT03447,28,Female,Mobile,1,1,1,0,1,0,4,24.7,2.3,47,57,670.51,5,0,Debit Card,1,Mobile,East India,5,0
OTT03448,31,Male,Basic,0,1,1,1,0,1,4,46.1,3.7,9,20,1153.83,5,1,Wallet,1,Mobile,West India,1,0
OTT03449,35,Male,Standard,0,0,1,1,0,0,2,8.4,0.1,7,10,352.83,2,0,Credit Card,1,Mobile,Central India,5,0
OTT03450,20,Male,Standard,1,1,1,0,1,0,4,25.4,2.0,3,44,461.81,2,3,Credit Card,0,Smart TV,West India,3,0
OTT03451,50,Male,Basic,0,0,1,1,1,1,4,10.7,0.7,20,30,99.0,1,2,UPI,1,Tablet,South India,5,0
OTT03452,20,Female,Basic,1,0,1,0,1,0,3,6.8,0.6,39,10,839.37,4,2,UPI,1,Smart TV,West India,4,0
OTT03453,46,Female,Mobile,0,1,0,0,0,0,1,13.8,1.3,58,24,879.76,3,3,Debit Card,1,Laptop,Central India,3,1
OTT03454,37,Female,Basic,0,0,0,1,0,0,1,53.5,3.5,42,14,897.12,1,2,UPI,1,Smart TV,South India,4,1
OTT03455,60,Female,Mobile,1,1,1,1,1,1,6,8.4,2.7,36,41,639.66,4,0,Credit Card,1,Smart TV,South India,2,0
OTT03456,47,Female,Basic,1,1,0,1,1,0,4,18.6,0.3,54,23,443.52,1,2,Debit Card,0,Fire TV,East India,3,1
OTT03457,38,Female,Premium,0,1,1,1,1,1,5,36.7,2.7,3,6,315.71,1,2,Net Banking,1,Mobile,Central India,5,0
OTT03458,48,Male,Basic,1,1,1,1,1,0,5,14.3,0.7,1,2,808.09,5,0,Debit Card,1,Laptop,North India,5,0
OTT03459,23,Female,Premium,0,0,0,0,1,0,1,66.4,3.2,4,58,419.23,5,1,Net Banking,1,Laptop,South India,4,0
OTT03460,25,Female,Basic,0,1,1,1,1,0,4,23.7,0.2,52,16,181.44,1,2,Wallet,1,Smart TV,Central India,4,0
OTT03461,39,Male,Standard,0,1,0,1,0,1,3,7.8,2.1,19,50,940.62,5,0,Credit Card,1,Fire TV,South India,1,0
OTT03462,54,Male,Mobile,1,1,0,1,0,1,4,13.7,0.7,20,28,547.71,2,3,Debit Card,1,Smart TV,West India,2,0
OTT03463,53,Male,Mobile,0,0,1,0,0,0,1,8.2,2.7,27,41,697.53,3,2,UPI,0,Laptop,South India,4,0
OTT03464,34,Male,Standard,1,0,0,0,1,0,2,14.8,4.2,22,34,99.0,5,4,UPI,1,Laptop,South India,3,0
OTT03465,30,Female,Basic,1,1,1,0,0,1,4,20.1,1.3,58,26,638.13,4,3,UPI,1,Smart TV,North India,3,0
OTT03466,59,Male,Basic,1,1,0,1,1,0,4,37.2,0.9,39,39,584.02,3,0,Debit Card,0,Fire TV,West India,1,0
OTT03467,42,Male,Basic,0,0,1,1,1,0,3,73.9,1.1,42,7,1170.67,3,2,Credit Card,1,Smart TV,West India,3,0
OTT03468,23,Male,Standard,0,0,0,1,1,0,2,20.5,1.4,52,24,580.73,2,0,Credit Card,0,Laptop,South India,4,1
OTT03469,27,Female,Basic,0,0,1,0,1,0,2,33.9,2.0,39,8,99.0,2,0,UPI,1,Smart TV,Central India,1,0
OTT03470,53,Male,Mobile,1,1,1,1,1,1,6,22.2,0.3,25,34,582.74,2,0,UPI,1,Mobile,East India,3,1
OTT03471,56,Male,Basic,0,0,1,1,1,0,3,13.2,0.5,29,33,652.04,5,3,UPI,1,Laptop,East India,1,1
OTT03472,57,Female,Standard,1,0,1,0,0,1,3,15.9,1.5,0,52,1018.3,2,1,UPI,1,Tablet,North India,4,0
OTT03473,18,Female,Premium,0,1,0,1,0,1,3,50.8,1.4,20,1,636.36,5,1,Credit Card,1,Tablet,North India,1,0
OTT03474,53,Female,Mobile,0,1,0,1,0,1,3,17.9,0.5,39,44,525.77,2,1,UPI,1,Smart TV,South India,5,0
OTT03475,22,Female,Basic,1,0,0,1,0,1,3,56.0,3.1,15,40,607.65,4,2,Debit Card,0,Smart TV,West India,3,0
OTT03476,52,Male,Standard,1,1,0,0,0,1,3,24.9,0.8,33,35,1475.08,2,0,Credit Card,0,Smart TV,West India,1,0
OTT03477,55,Female,Premium,1,0,1,1,1,0,4,26.2,4.8,29,54,796.78,2,0,UPI,1,Smart TV,South India,4,0
OTT03478,33,Female,Mobile,1,1,1,1,1,0,5,45.2,2.0,59,47,565.34,3,0,Debit Card,0,Smart TV,East India,5,0
OTT03479,26,Female,Standard,1,1,1,0,1,1,5,27.3,2.5,59,21,944.94,4,1,UPI,1,Smart TV,North India,1,0
OTT03480,48,Male,Standard,1,1,1,0,0,0,3,3.0,1.7,32,18,315.67,2,1,UPI,1,Smart TV,South India,2,1
OTT03481,20,Female,Basic,1,0,0,0,1,1,3,14.9,0.9,17,44,428.77,5,0,Debit Card,1,Mobile,West India,5,0
OTT03482,42,Male,Standard,1,1,0,1,1,0,4,26.0,1.7,38,58,488.64,4,0,Debit Card,1,Smart TV,South India,3,0
OTT03483,32,Male,Standard,1,0,0,1,1,1,4,27.8,1.2,56,20,127.92,2,1,UPI,1,Mobile,South India,5,0
OTT03484,36,Female,Mobile,0,1,1,0,0,1,3,27.4,0.4,53,42,940.48,5,3,Credit Card,1,Smart TV,South India,4,1
OTT03485,53,Female,Basic,1,0,0,1,1,1,4,22.7,0.4,24,12,415.91,4,0,UPI,1,Smart TV,West India,2,0
OTT03486,60,Male,Basic,1,1,0,1,0,1,4,25.5,1.1,16,41,686.67,3,2,Credit Card,0,Fire TV,South India,3,0
OTT03487,35,Female,Basic,1,1,0,1,0,1,4,47.6,2.1,36,18,480.56,2,2,UPI,1,Laptop,Central India,5,0
OTT03488,30,Male,Standard,0,0,1,1,1,1,4,19.0,1.1,0,48,746.48,1,1,Net Banking,1,Mobile,North India,3,0
OTT03489,53,Female,Standard,1,1,0,0,0,0,2,22.8,1.1,24,43,1215.97,5,2,Credit Card,1,Mobile,South India,1,0
OTT03490,35,Male,Standard,0,0,1,0,1,1,3,39.6,2.1,45,1,543.51,3,2,UPI,0,Fire TV,West India,4,0
OTT03491,26,Male,Standard,1,0,0,0,1,1,3,40.5,1.1,32,45,506.14,5,2,Wallet,1,Fire TV,Central India,4,0
OTT03492,56,Female,Basic,0,0,0,0,0,1,1,11.2,6.0,41,9,273.46,2,1,Net Banking,1,Mobile,South India,1,1
OTT03493,60,Male,Mobile,1,1,1,0,1,1,5,6.0,0.8,33,15,563.05,5,2,Debit Card,1,Smart TV,East India,5,1
OTT03494,30,Female,Standard,1,0,1,0,0,1,3,35.9,2.6,53,35,99.0,2,0,UPI,0,Laptop,West India,5,0
OTT03495,24,Male,Mobile,0,1,1,0,0,0,2,30.2,1.5,38,36,1083.17,4,1,Net Banking,0,Tablet,North India,3,0
OTT03496,24,Female,Basic,0,0,1,1,1,1,4,24.0,8.5,14,37,453.39,3,1,Credit Card,1,Smart TV,North India,4,0
OTT03497,43,Male,Standard,1,1,0,1,1,0,4,37.7,1.0,53,20,365.3,3,4,Wallet,1,Smart TV,South India,2,0
OTT03498,31,Female,Standard,1,1,1,0,1,0,4,21.1,2.4,26,54,593.25,5,1,Credit Card,0,Smart TV,North India,4,0
OTT03499,44,Female,Mobile,1,0,1,0,1,0,3,29.5,1.4,5,38,841.67,2,1,UPI,0,Mobile,West India,2,0
OTT03500,50,Female,Standard,1,0,1,1,1,1,5,18.0,0.2,2,32,572.93,2,2,UPI,1,Mobile,West India,4,0
OTT03501,18,Male,Mobile,1,1,0,0,1,0,3,14.7,1.5,37,45,982.12,4,3,Net Banking,1,Fire TV,South India,3,0
OTT03502,54,Female,Standard,1,0,0,1,0,1,3,20.7,1.0,43,17,512.31,1,0,UPI,0,Fire TV,West India,4,0
OTT03503,19,Female,Standard,0,0,1,0,0,0,1,8.6,1.8,13,26,411.99,4,2,Credit Card,1,Mobile,Central India,3,0
OTT03504,22,Male,Standard,1,1,1,0,1,0,4,14.0,0.8,11,30,630.23,1,4,Debit Card,1,Smart TV,South India,5,0
OTT03505,49,Female,Mobile,0,1,1,1,1,0,4,23.5,0.1,21,8,599.85,5,2,UPI,1,Smart TV,South India,3,0
OTT03506,44,Female,Standard,1,0,0,0,1,1,3,30.0,4.0,33,19,925.13,2,0,Credit Card,0,Laptop,South India,5,1
OTT03507,60,Female,Basic,0,1,0,1,0,1,3,44.7,0.9,0,49,892.93,4,1,Wallet,1,Smart TV,West India,1,0
OTT03508,42,Male,Standard,1,0,1,1,0,1,4,22.7,2.6,30,41,506.52,3,1,UPI,0,Smart TV,West India,5,0
OTT03509,35,Male,Premium,1,1,0,0,1,1,4,14.4,1.3,5,56,176.81,3,2,Credit Card,1,Smart TV,Central India,4,0
OTT03510,46,Female,Mobile,0,1,1,0,0,0,2,10.8,1.7,24,37,825.75,1,1,Wallet,0,Laptop,East India,1,1
OTT03511,50,Female,Standard,1,1,1,1,1,1,6,42.8,1.6,24,4,280.45,3,0,Credit Card,1,Laptop,South India,1,0
OTT03512,46,Female,Mobile,1,1,0,0,1,1,4,26.2,1.1,2,12,617.05,4,2,Credit Card,0,Mobile,North India,2,0
OTT03513,33,Other,Standard,1,1,1,1,1,1,6,22.1,1.5,2,20,798.97,3,1,UPI,1,Mobile,Central India,5,0
OTT03514,59,Male,Standard,1,1,1,1,1,1,6,26.7,2.5,36,23,1197.29,5,3,Debit Card,0,Smart TV,South India,4,0
OTT03515,30,Male,Basic,1,1,0,1,1,1,5,38.0,1.5,21,59,1307.36,4,1,Net Banking,1,Mobile,South India,5,0
OTT03516,32,Female,Standard,0,1,0,1,1,1,4,52.0,2.8,31,41,773.7,5,1,UPI,1,Mobile,North India,3,0
OTT03517,29,Female,Premium,0,0,1,1,0,1,3,9.7,1.0,11,53,99.0,4,0,UPI,1,Smart TV,South India,1,0
OTT03518,30,Female,Standard,0,0,0,1,1,0,2,21.0,1.4,14,57,312.01,3,2,UPI,1,Mobile,South India,4,0
OTT03519,27,Female,Premium,0,1,1,0,0,1,3,36.1,0.5,19,36,600.39,1,0,UPI,0,Smart TV,Central India,1,0
OTT03520,42,Male,Basic,1,1,0,0,1,1,4,10.2,1.8,40,24,542.32,1,4,UPI,1,Laptop,South India,2,1
OTT03521,49,Male,Premium,0,0,1,1,0,1,3,62.5,1.3,25,32,683.55,2,2,UPI,0,Smart TV,South India,5,0
OTT03522,36,Male,Basic,1,1,1,1,1,0,5,20.9,1.6,59,44,688.62,5,0,Net Banking,0,Mobile,Central India,3,0
OTT03523,57,Female,Mobile,0,0,0,1,0,0,1,67.4,3.8,53,45,291.36,3,0,Net Banking,1,Laptop,North India,5,0
OTT03524,38,Male,Basic,1,1,0,1,0,0,3,9.2,1.3,56,26,829.78,5,0,Debit Card,1,Smart TV,North India,5,0
OTT03525,38,Female,Basic,0,1,1,0,0,1,3,41.9,3.5,7,7,374.31,3,1,Credit Card,1,Smart TV,Central India,2,0
OTT03526,20,Male,Standard,1,1,0,0,1,0,3,15.9,0.7,54,23,697.54,2,4,Net Banking,1,Laptop,West India,5,1
OTT03527,56,Male,Mobile,0,0,0,1,0,0,1,24.4,0.8,1,27,1193.86,5,1,Credit Card,1,Mobile,North India,4,0
OTT03528,24,Male,Standard,1,1,0,0,0,0,2,33.9,0.7,45,38,351.61,3,2,UPI,0,Smart TV,South India,4,0
OTT03529,25,Female,Basic,0,1,0,1,1,1,4,40.0,0.5,31,36,694.37,1,3,Wallet,1,Mobile,West India,3,0
OTT03530,58,Male,Basic,1,1,0,0,0,1,3,30.9,1.5,48,58,530.12,2,1,UPI,1,Mobile,West India,4,0
OTT03531,40,Female,Premium,1,0,0,0,0,0,1,23.7,2.1,28,41,348.19,1,2,Debit Card,1,Mobile,North India,1,0
OTT03532,20,Female,Standard,0,0,0,0,1,0,1,26.3,4.9,43,20,685.94,4,0,UPI,1,Mobile,Central India,1,0
OTT03533,36,Male,Basic,0,0,1,1,0,1,3,88.5,1.3,20,48,419.59,4,0,Credit Card,0,Mobile,West India,1,0
OTT03534,43,Female,Standard,0,1,0,0,0,1,2,43.7,3.7,24,27,885.16,4,2,Debit Card,1,Smart TV,West India,1,0
OTT03535,18,Male,Premium,1,1,1,0,0,1,4,13.0,0.6,56,21,840.53,2,1,Credit Card,1,Smart TV,North India,3,0
OTT03536,50,Male,Basic,0,0,1,1,1,1,4,26.0,0.8,11,4,1151.54,2,1,UPI,1,Laptop,North India,3,0
OTT03537,46,Male,Basic,0,0,0,1,0,1,2,31.9,1.2,37,47,880.82,3,0,Credit Card,1,Smart TV,East India,5,0
OTT03538,18,Female,Premium,1,0,1,0,0,1,3,4.3,0.6,46,38,844.99,1,1,Credit Card,0,Laptop,North India,3,0
OTT03539,44,Female,Basic,1,0,0,0,0,1,2,46.7,1.7,12,5,99.0,5,3,Credit Card,1,Smart TV,West India,5,0
OTT03540,27,Male,Basic,1,0,0,0,1,0,2,13.9,0.4,37,23,918.64,2,1,UPI,0,Tablet,East India,2,0
OTT03541,49,Female,Mobile,1,0,1,1,1,1,5,16.8,1.4,32,26,878.15,1,3,Credit Card,0,Mobile,East India,1,0
OTT03542,34,Female,Mobile,1,1,0,1,0,0,3,11.4,1.4,49,8,433.38,2,1,Credit Card,1,Mobile,West India,4,1
OTT03543,26,Female,Premium,0,1,1,1,1,1,5,42.2,1.8,39,47,1175.34,1,1,UPI,1,Smart TV,North India,5,0
OTT03544,39,Female,Premium,0,1,1,0,0,0,2,34.9,3.5,58,38,923.38,3,2,Credit Card,0,Mobile,West India,4,0
OTT03545,37,Female,Standard,1,1,0,0,0,0,2,43.4,0.8,33,14,714.39,5,1,UPI,0,Laptop,North India,1,0
OTT03546,32,Female,Standard,0,1,0,1,0,1,3,54.3,4.4,24,41,870.66,5,0,Net Banking,1,Smart TV,South India,1,0
OTT03547,55,Male,Premium,0,0,0,1,1,1,3,28.0,2.8,35,34,788.6,2,0,Debit Card,1,Fire TV,East India,4,0
OTT03548,45,Female,Standard,1,1,1,1,1,1,6,18.3,1.8,55,8,707.3,1,0,Credit Card,1,Smart TV,North India,3,0
OTT03549,38,Male,Standard,0,0,0,0,1,0,1,28.3,0.5,0,35,594.8,1,0,Debit Card,1,Smart TV,South India,5,0
OTT03550,27,Female,Premium,1,1,1,1,1,0,5,16.7,1.6,4,36,1010.71,2,3,UPI,1,Mobile,South India,3,0
OTT03551,42,Female,Mobile,1,1,1,1,1,0,5,33.6,0.5,9,12,236.76,4,0,UPI,1,Smart TV,West India,1,0
OTT03552,19,Male,Mobile,1,0,1,0,0,1,3,47.5,2.2,15,51,709.46,3,2,UPI,0,Laptop,East India,1,0
OTT03553,56,Male,Standard,0,1,0,1,0,0,2,14.5,1.0,36,45,1079.55,4,3,Credit Card,1,Smart TV,West India,2,0
OTT03554,18,Female,Standard,0,0,1,1,1,0,3,28.5,3.2,28,33,685.69,3,2,Net Banking,1,Mobile,Central India,4,0
OTT03555,48,Female,Basic,0,1,0,0,0,1,2,23.3,3.3,35,43,879.39,3,1,Credit Card,1,Smart TV,North India,2,0
OTT03556,32,Female,Basic,1,0,1,1,0,1,4,24.3,2.3,57,48,651.49,2,1,Debit Card,0,Mobile,North India,1,0
OTT03557,48,Female,Standard,0,0,1,0,1,1,3,41.7,0.6,0,31,361.19,3,3,UPI,1,Mobile,Central India,3,0
OTT03558,33,Male,Standard,1,1,1,1,1,0,5,32.3,1.1,59,30,913.75,4,2,Credit Card,0,Mobile,North India,5,1
OTT03559,19,Male,Premium,0,1,1,0,0,1,3,21.1,3.3,18,25,1074.37,1,1,UPI,1,Smart TV,North India,3,0
OTT03560,58,Female,Premium,1,1,0,0,0,1,3,22.7,6.2,31,14,490.31,2,1,Credit Card,1,Laptop,Central India,1,0
OTT03561,50,Male,Standard,0,1,0,1,1,1,4,26.2,1.0,10,34,809.59,4,1,UPI,1,Laptop,South India,1,0
OTT03562,19,Female,Standard,1,1,0,0,1,0,3,25.3,1.7,35,10,734.03,1,2,Debit Card,0,Smart TV,West India,4,0
OTT03563,19,Male,Standard,0,1,1,1,1,1,5,26.2,1.0,14,2,543.66,3,0,UPI,1,Laptop,South India,5,0
OTT03564,40,Male,Mobile,0,0,0,0,1,1,2,37.9,0.6,27,14,982.48,5,0,UPI,1,Smart TV,West India,2,0
OTT03565,59,Female,Basic,1,1,1,1,1,1,6,11.2,0.8,13,7,580.93,2,2,Net Banking,0,Laptop,Central India,1,1
OTT03566,42,Female,Basic,1,1,1,1,0,0,4,32.5,1.4,54,39,353.78,5,1,Net Banking,1,Mobile,South India,3,0
OTT03567,18,Female,Premium,1,1,0,1,1,1,5,34.5,0.3,37,10,544.67,3,3,Debit Card,0,Mobile,North India,2,0
OTT03568,48,Male,Premium,1,0,0,1,0,1,3,65.3,2.9,52,18,603.45,3,0,Debit Card,1,Smart TV,West India,2,0
OTT03569,36,Female,Mobile,0,1,1,1,0,1,4,23.6,1.2,56,26,457.13,3,2,Net Banking,1,Smart TV,East India,2,0
OTT03570,45,Male,Premium,0,1,0,0,1,0,2,32.2,1.7,15,33,492.13,2,0,Net Banking,1,Smart TV,Central India,3,0
OTT03571,33,Female,Standard,1,1,0,1,0,1,4,41.5,1.7,29,10,318.24,5,0,UPI,0,Mobile,East India,3,0
OTT03572,18,Female,Mobile,1,0,0,1,0,0,2,31.8,1.2,4,49,560.15,5,1,UPI,0,Smart TV,West India,1,0
OTT03573,18,Male,Basic,1,0,0,1,0,0,2,6.3,0.9,59,8,698.19,3,1,Wallet,1,Smart TV,North India,3,0
OTT03574,45,Female,Premium,1,1,0,1,0,0,3,6.9,0.8,4,6,389.11,2,1,UPI,0,Smart TV,Central India,3,0
OTT03575,45,Female,Basic,1,0,0,0,0,1,2,22.4,2.8,9,10,338.1,2,0,Credit Card,0,Tablet,Central India,2,0
OTT03576,31,Female,Standard,0,1,1,0,1,0,3,25.1,0.5,54,8,357.83,3,0,Net Banking,1,Fire TV,South India,5,0
OTT03577,21,Female,Standard,1,1,1,0,0,1,4,30.0,2.3,24,9,604.93,2,0,UPI,1,Mobile,West India,1,0
OTT03578,51,Male,Standard,0,0,1,0,1,0,2,10.7,2.4,44,45,499.06,5,0,UPI,1,Mobile,West India,1,0
OTT03579,24,Female,Standard,1,1,1,0,1,0,4,35.1,0.8,38,37,178.52,2,0,UPI,1,Fire TV,South India,4,0
OTT03580,26,Male,Standard,0,0,0,0,1,0,1,10.8,1.0,10,2,285.31,4,2,UPI,1,Smart TV,East India,4,1
OTT03581,37,Male,Premium,0,0,1,1,1,1,4,31.6,1.8,39,36,616.38,4,2,UPI,1,Fire TV,East India,5,0
OTT03582,48,Female,Basic,1,0,0,1,1,1,4,13.2,1.7,42,13,534.11,3,1,UPI,0,Laptop,East India,3,0
OTT03583,60,Male,Basic,0,1,0,1,0,1,3,34.1,2.8,7,5,615.9,4,1,Credit Card,1,Smart TV,North India,4,0
OTT03584,44,Other,Basic,0,1,1,1,0,1,4,41.7,2.5,24,26,1082.45,3,2,Net Banking,1,Laptop,North India,3,1
OTT03585,59,Male,Standard,0,1,1,1,1,1,5,15.2,0.8,6,50,714.24,1,1,UPI,0,Fire TV,Central India,2,0
OTT03586,46,Male,Basic,0,1,1,1,0,1,4,31.3,3.3,35,59,118.6,2,2,Net Banking,0,Smart TV,North India,3,0
OTT03587,54,Male,Standard,1,0,0,1,0,1,3,27.5,1.0,5,5,462.77,4,1,Credit Card,1,Mobile,Central India,4,0
OTT03588,25,Male,Basic,1,0,0,0,1,1,3,14.8,0.4,36,32,738.43,4,1,Net Banking,1,Mobile,East India,4,0
OTT03589,20,Male,Standard,1,0,1,0,1,1,4,10.4,0.3,44,30,451.25,4,0,Debit Card,0,Smart TV,South India,1,0
OTT03590,46,Male,Premium,0,1,1,0,0,0,2,35.5,2.3,41,9,362.43,5,1,Debit Card,1,Tablet,North India,4,0
OTT03591,59,Male,Standard,1,1,0,1,0,1,4,60.3,5.3,4,36,894.65,4,1,UPI,1,Laptop,East India,1,0
OTT03592,49,Male,Standard,1,0,0,0,0,1,2,21.1,0.7,17,36,523.22,5,2,Credit Card,1,Mobile,West India,1,0
OTT03593,32,Male,Standard,0,1,1,0,1,1,4,6.4,0.3,54,2,396.48,2,1,UPI,1,Mobile,South India,2,0
OTT03594,39,Male,Standard,0,0,0,0,0,1,1,4.3,2.1,56,23,399.78,3,1,UPI,1,Laptop,South India,4,0
OTT03595,22,Male,Basic,0,0,0,0,0,1,1,26.1,0.6,6,56,1111.67,4,1,Credit Card,0,Smart TV,East India,2,0
OTT03596,32,Male,Standard,1,1,1,1,1,1,6,8.6,2.6,53,4,320.58,5,1,Credit Card,1,Mobile,West India,4,1
OTT03597,47,Male,Basic,1,0,1,1,1,1,5,7.4,1.2,6,6,583.51,4,1,Debit Card,1,Laptop,West India,1,0
OTT03598,25,Male,Basic,1,1,1,1,1,0,5,14.6,0.8,0,31,600.19,1,0,Credit Card,1,Fire TV,East India,5,0
OTT03599,38,Male,Basic,1,1,1,1,1,1,6,35.0,1.3,7,59,833.01,4,3,Debit Card,1,Tablet,North India,3,0
OTT03600,30,Male,Basic,1,0,1,0,0,1,3,33.4,3.7,41,39,413.1,2,1,UPI,1,Mobile,East India,2,0
OTT03601,39,Female,Mobile,0,1,0,1,0,0,2,36.2,0.3,60,41,404.61,1,0,Debit Card,1,Smart TV,North India,1,1
OTT03602,50,Male,Standard,1,0,0,0,1,0,2,18.0,2.7,32,58,866.61,4,2,UPI,1,Tablet,East India,4,0
OTT03603,56,Male,Standard,1,0,0,1,0,1,3,18.8,2.9,12,4,1334.89,4,1,Debit Card,1,Fire TV,North India,4,0
OTT03604,35,Female,Mobile,1,0,0,0,1,0,2,43.2,1.0,30,44,481.75,5,2,UPI,1,Smart TV,South India,2,0
OTT03605,53,Female,Basic,1,0,1,1,1,1,5,20.3,2.2,27,55,462.96,3,0,Credit Card,1,Mobile,East India,4,0
OTT03606,48,Male,Standard,0,0,1,0,0,0,1,10.2,1.8,6,47,1336.49,5,4,Debit Card,1,Smart TV,West India,4,0
OTT03607,57,Female,Standard,1,0,0,0,1,0,2,15.1,2.8,22,13,539.95,4,1,UPI,0,Laptop,East India,2,0
OTT03608,49,Female,Standard,0,0,1,0,0,1,2,36.5,1.3,32,55,550.96,3,1,Debit Card,1,Smart TV,South India,4,0
OTT03609,41,Female,Standard,1,0,0,1,0,0,2,30.9,0.4,45,28,700.43,5,3,UPI,0,Mobile,North India,5,0
OTT03610,46,Female,Premium,0,0,0,1,0,1,2,22.1,3.4,44,20,763.91,5,2,Credit Card,0,Mobile,South India,2,0
OTT03611,31,Female,Mobile,1,1,0,1,1,0,4,8.2,0.8,10,13,719.09,4,0,Wallet,0,Fire TV,West India,4,0
OTT03612,46,Female,Standard,0,0,0,0,1,1,2,30.8,1.0,0,34,919.34,4,1,Net Banking,1,Tablet,South India,5,0
OTT03613,48,Male,Basic,0,0,0,1,1,1,3,19.7,1.2,57,10,259.06,1,0,Debit Card,1,Mobile,South India,3,1
OTT03614,44,Female,Basic,1,1,1,0,1,1,5,10.1,3.1,25,59,586.11,4,1,UPI,0,Mobile,North India,5,0
OTT03615,22,Female,Premium,1,0,1,0,1,0,3,36.0,4.8,21,15,954.37,3,2,Credit Card,1,Smart TV,South India,5,0
OTT03616,40,Male,Premium,1,1,0,1,0,1,4,20.4,1.1,37,34,99.0,3,2,UPI,1,Smart TV,North India,5,0
OTT03617,48,Male,Basic,1,1,0,0,1,0,3,25.4,1.1,14,3,281.37,2,1,Credit Card,0,Smart TV,South India,3,1
OTT03618,26,Female,Mobile,1,0,0,0,1,0,2,46.8,1.8,9,8,848.06,2,1,Credit Card,1,Laptop,North India,5,0
OTT03619,51,Female,Premium,0,0,1,0,1,0,2,29.2,0.6,34,52,673.18,1,2,Credit Card,1,Tablet,North India,5,0
OTT03620,54,Female,Mobile,1,1,1,1,1,1,6,34.6,2.1,60,58,468.86,1,1,Debit Card,1,Mobile,North India,4,1
OTT03621,41,Male,Premium,0,1,1,1,0,0,3,24.4,2.1,24,25,738.0,2,0,Wallet,1,Mobile,South India,2,0
OTT03622,59,Female,Basic,0,0,1,0,1,0,2,38.5,1.8,41,22,772.97,4,2,UPI,1,Mobile,South India,1,0
OTT03623,54,Male,Basic,1,0,1,1,0,0,3,11.7,0.5,26,40,401.08,2,2,Debit Card,1,Fire TV,South India,5,1
OTT03624,38,Female,Mobile,1,1,1,1,0,0,4,8.2,4.6,41,16,628.54,5,1,Credit Card,1,Mobile,South India,2,1
OTT03625,56,Male,Standard,1,0,1,0,1,1,4,10.9,2.3,43,18,320.75,4,0,Credit Card,1,Laptop,South India,2,0
OTT03626,58,Male,Basic,0,1,1,1,0,0,3,18.9,4.2,27,38,972.9,4,0,Debit Card,1,Smart TV,Central India,5,0
OTT03627,22,Male,Basic,1,1,1,1,0,1,5,34.5,0.5,28,30,213.05,3,0,Net Banking,0,Smart TV,South India,3,0
OTT03628,60,Male,Premium,1,1,1,1,0,0,4,17.4,0.7,5,22,613.82,3,1,Net Banking,0,Tablet,West India,4,0
OTT03629,18,Male,Basic,0,1,1,0,1,1,4,34.0,0.9,48,17,872.04,3,0,UPI,0,Mobile,North India,3,0
OTT03630,38,Female,Standard,0,1,0,1,0,0,2,26.2,4.8,55,25,1210.37,3,3,Debit Card,1,Smart TV,South India,4,1
OTT03631,58,Male,Basic,1,0,0,0,0,0,1,66.1,1.7,0,51,596.12,3,0,UPI,1,Smart TV,West India,4,0
OTT03632,49,Female,Standard,1,1,1,1,1,1,6,26.6,1.4,3,13,1420.11,2,4,Debit Card,1,Smart TV,South India,2,0
OTT03633,29,Female,Basic,0,0,0,1,1,1,3,16.3,0.1,39,15,331.81,4,3,Credit Card,1,Smart TV,North India,4,0
OTT03634,45,Male,Standard,0,0,1,1,1,0,3,32.1,1.1,47,3,814.66,5,1,Debit Card,0,Smart TV,South India,4,0
OTT03635,27,Female,Standard,0,0,0,1,1,1,3,25.1,1.3,32,12,454.36,3,2,Credit Card,1,Mobile,West India,5,0
OTT03636,28,Female,Premium,1,0,0,0,0,0,1,11.7,1.8,10,5,1109.04,1,1,Credit Card,1,Smart TV,North India,2,0
OTT03637,57,Female,Premium,0,0,1,1,1,1,4,22.0,4.8,42,38,625.18,4,2,Debit Card,1,Mobile,North India,3,0
OTT03638,20,Female,Basic,1,0,0,0,1,0,2,21.7,3.7,43,17,361.26,3,0,UPI,1,Mobile,South India,4,0
OTT03639,59,Female,Mobile,1,1,1,0,0,1,4,22.4,1.2,32,41,997.15,1,0,Debit Card,0,Tablet,West India,2,0
OTT03640,37,Other,Mobile,0,0,0,1,1,1,3,12.2,0.7,29,26,527.24,1,0,Credit Card,1,Smart TV,North India,5,1
OTT03641,20,Male,Standard,0,0,0,1,1,0,2,60.8,1.2,31,45,286.23,5,0,UPI,1,Smart TV,Central India,4,0
OTT03642,51,Male,Basic,0,1,0,0,0,0,1,8.8,1.6,27,50,560.05,3,0,UPI,1,Laptop,South India,3,0
OTT03643,20,Female,Standard,1,1,0,1,0,1,4,47.3,2.2,50,2,932.55,3,3,UPI,1,Laptop,West India,5,0
OTT03644,31,Male,Premium,0,1,1,0,0,0,2,23.8,0.1,60,13,608.23,2,1,Wallet,0,Mobile,North India,5,1
OTT03645,28,Female,Mobile,0,1,0,0,0,0,1,13.6,1.2,43,51,540.04,5,0,Wallet,1,Smart TV,South India,1,1
OTT03646,51,Male,Basic,1,0,0,1,1,1,4,55.6,1.3,60,40,649.11,1,3,Wallet,1,Mobile,South India,5,1
OTT03647,35,Male,Standard,0,1,0,0,0,1,2,3.1,1.2,53,2,99.0,2,0,Debit Card,1,Tablet,South India,4,0
OTT03648,46,Female,Basic,0,1,1,0,1,0,3,13.5,4.8,3,56,1450.75,1,3,Wallet,1,Smart TV,South India,1,0
OTT03649,21,Male,Basic,0,1,0,0,1,0,2,21.1,1.3,25,51,634.27,5,3,Net Banking,1,Fire TV,West India,5,0
OTT03650,47,Male,Basic,1,1,1,1,0,1,5,14.8,1.5,54,25,919.79,4,0,Debit Card,1,Mobile,North India,5,0
OTT03651,48,Female,Premium,0,1,1,0,0,0,2,22.6,4.5,26,31,1068.49,2,0,Credit Card,0,Mobile,West India,4,0
OTT03652,30,Female,Standard,0,1,0,0,1,0,2,33.1,3.6,0,59,348.28,1,0,Debit Card,0,Smart TV,North India,4,0
OTT03653,55,Female,Mobile,1,0,0,0,0,1,2,10.3,3.3,4,60,290.81,1,1,Credit Card,1,Laptop,South India,2,0
OTT03654,38,Male,Mobile,0,0,1,0,0,1,2,27.4,1.8,36,39,1095.45,5,1,Credit Card,1,Tablet,South India,3,0
OTT03655,46,Female,Standard,1,0,0,1,0,0,2,34.9,1.1,53,35,419.81,5,1,Wallet,0,Smart TV,West India,4,0
OTT03656,25,Female,Mobile,0,0,1,0,0,0,1,11.1,0.7,50,58,539.35,2,0,UPI,0,Smart TV,South India,4,1
OTT03657,58,Female,Premium,1,0,0,0,0,1,2,26.1,2.8,54,14,435.75,2,3,UPI,1,Mobile,North India,2,1
OTT03658,28,Male,Standard,1,1,0,1,0,0,3,21.6,4.2,19,18,99.0,5,0,Wallet,1,Fire TV,West India,1,0
OTT03659,44,Male,Premium,1,1,1,0,1,1,5,12.6,2.2,57,37,584.97,5,0,UPI,0,Tablet,North India,5,0
OTT03660,21,Female,Standard,0,0,1,0,0,0,1,13.4,0.6,42,40,627.61,3,0,UPI,1,Smart TV,South India,5,0
OTT03661,19,Female,Premium,1,0,0,1,0,0,2,13.5,1.7,12,20,948.03,5,2,UPI,1,Laptop,West India,4,0
OTT03662,23,Male,Standard,1,0,1,1,1,1,5,17.8,3.2,36,10,521.25,4,2,Credit Card,1,Smart TV,East India,2,0
OTT03663,58,Female,Standard,1,1,1,1,0,1,5,18.0,0.7,0,35,476.11,1,0,Credit Card,0,Smart TV,North India,5,0
OTT03664,27,Female,Mobile,0,0,1,1,1,1,4,48.3,0.8,28,55,798.57,1,2,Credit Card,1,Mobile,East India,2,0
OTT03665,55,Male,Standard,0,0,0,0,1,1,2,28.5,2.1,14,3,898.62,2,1,Credit Card,1,Tablet,North India,1,0
OTT03666,42,Female,Standard,0,1,0,0,1,1,3,29.0,2.2,51,21,320.43,2,0,Debit Card,1,Smart TV,West India,4,1
OTT03667,21,Male,Basic,1,0,1,0,0,0,2,25.4,2.0,9,49,99.0,2,0,UPI,1,Smart TV,East India,1,0
OTT03668,36,Female,Standard,0,1,0,0,0,1,2,26.6,3.5,41,10,1271.99,4,2,UPI,1,Laptop,South India,1,1
OTT03669,38,Female,Basic,1,0,0,1,1,0,3,30.1,1.5,31,51,1084.69,1,1,Debit Card,1,Smart TV,West India,3,0
OTT03670,29,Female,Basic,0,1,1,1,0,0,3,11.5,1.0,48,32,458.55,5,1,Debit Card,1,Laptop,South India,5,0
OTT03671,43,Female,Mobile,0,0,0,1,0,1,2,22.1,2.7,15,4,553.52,2,0,Debit Card,1,Laptop,South India,1,0
OTT03672,55,Female,Basic,1,0,0,0,1,1,3,13.7,5.5,4,11,633.98,5,0,UPI,0,Mobile,North India,2,0
OTT03673,56,Male,Basic,0,1,0,0,1,0,2,39.7,1.1,40,5,403.95,1,3,UPI,1,Mobile,Central India,3,0
OTT03674,40,Female,Premium,1,0,0,0,1,0,2,16.9,2.5,12,17,479.59,4,2,Wallet,0,Mobile,North India,2,0
OTT03675,56,Female,Standard,0,0,1,1,1,1,4,30.4,3.8,44,15,610.17,3,0,UPI,1,Laptop,South India,2,0
OTT03676,57,Male,Premium,1,1,1,1,1,0,5,33.4,1.9,36,23,245.9,5,2,UPI,0,Smart TV,South India,4,0
OTT03677,21,Female,Premium,0,0,1,0,1,0,2,27.6,0.6,26,34,1299.51,2,1,UPI,1,Smart TV,South India,4,0
OTT03678,45,Male,Mobile,0,0,1,1,0,1,3,25.9,1.9,50,9,170.97,5,1,Credit Card,1,Mobile,Central India,3,0
OTT03679,51,Female,Standard,1,1,0,0,0,0,2,23.7,2.1,12,60,99.0,4,1,UPI,0,Laptop,North India,3,0
OTT03680,18,Female,Basic,0,0,0,1,0,0,1,34.3,1.3,47,3,897.35,4,0,Wallet,1,Smart TV,East India,4,0
OTT03681,43,Female,Premium,1,0,1,0,1,1,4,14.4,1.2,40,43,532.57,2,4,Credit Card,1,Fire TV,West India,1,0
OTT03682,57,Female,Standard,0,1,0,0,1,0,2,28.8,0.5,28,23,762.97,2,1,Credit Card,1,Fire TV,West India,4,0
OTT03683,29,Male,Mobile,0,1,1,1,0,0,3,7.1,0.9,32,13,643.94,1,1,UPI,0,Mobile,West India,1,1
OTT03684,54,Female,Basic,0,1,1,0,0,1,3,16.4,1.0,50,13,537.17,2,0,UPI,1,Mobile,North India,1,0
OTT03685,58,Female,Standard,1,0,0,0,0,1,2,17.7,0.8,24,47,616.71,2,0,Net Banking,1,Mobile,North India,3,0
OTT03686,45,Male,Mobile,0,0,0,1,0,0,1,9.4,1.4,54,41,757.32,3,1,Debit Card,1,Mobile,South India,4,1
OTT03687,45,Male,Basic,0,0,0,0,1,1,2,26.0,3.0,60,44,962.84,4,2,Wallet,1,Smart TV,South India,5,0
OTT03688,40,Female,Premium,1,1,1,1,1,1,6,15.0,0.9,36,1,432.49,5,0,Net Banking,0,Smart TV,South India,2,0
OTT03689,35,Female,Mobile,1,1,1,0,0,0,3,44.1,4.0,28,53,776.06,3,0,Debit Card,1,Mobile,North India,3,0
OTT03690,37,Male,Standard,1,0,1,0,1,0,3,20.5,2.1,9,39,514.13,1,0,Credit Card,1,Mobile,Central India,2,0
OTT03691,40,Male,Standard,0,0,0,1,0,0,1,33.0,6.7,24,7,541.77,3,1,Net Banking,1,Laptop,East India,3,0
OTT03692,38,Male,Basic,1,1,0,0,1,0,3,40.2,2.5,36,33,398.24,5,2,Wallet,1,Smart TV,South India,4,0
OTT03693,53,Female,Mobile,1,0,0,0,0,0,1,30.8,0.4,19,47,562.41,2,1,Credit Card,1,Tablet,North India,2,0
OTT03694,51,Male,Mobile,1,1,0,0,1,0,3,18.8,3.5,19,32,300.49,5,0,Credit Card,1,Smart TV,South India,4,0
OTT03695,32,Male,Premium,1,0,0,1,1,1,4,23.6,0.2,3,41,325.57,1,2,Debit Card,1,Smart TV,East India,4,1
OTT03696,40,Female,Standard,0,0,1,0,1,1,3,9.4,0.3,21,31,388.95,1,0,Debit Card,0,Smart TV,West India,3,0
OTT03697,27,Male,Basic,1,0,0,0,1,0,2,33.3,3.0,20,4,99.0,5,0,UPI,1,Fire TV,South India,2,0
OTT03698,25,Female,Premium,0,1,0,0,0,0,1,67.5,5.1,54,33,378.35,1,0,UPI,1,Mobile,South India,2,0
OTT03699,33,Male,Mobile,0,0,0,0,1,0,1,38.4,5.1,4,45,503.27,3,2,Wallet,1,Mobile,Central India,1,0
OTT03700,20,Male,Mobile,1,1,1,0,0,0,3,18.3,1.9,60,31,744.03,4,0,Net Banking,1,Smart TV,North India,3,0
OTT03701,54,Female,Basic,1,1,0,1,1,1,5,19.3,1.2,37,60,252.99,5,1,Debit Card,1,Smart TV,East India,2,0
OTT03702,23,Female,Standard,0,0,0,1,0,1,2,39.3,1.4,43,27,631.8,1,0,Credit Card,1,Smart TV,East India,4,1
OTT03703,32,Female,Basic,1,0,0,1,1,0,3,5.2,1.5,41,41,747.03,2,0,UPI,0,Mobile,West India,2,0
OTT03704,28,Male,Standard,1,1,0,1,0,1,4,10.5,1.7,19,21,565.81,4,4,Debit Card,1,Tablet,Central India,4,0
OTT03705,26,Male,Basic,0,0,1,0,0,0,1,15.5,0.8,44,1,693.37,2,0,Credit Card,1,Mobile,South India,3,0
OTT03706,33,Male,Standard,1,0,0,0,1,0,2,16.3,1.6,17,22,700.16,2,1,Wallet,1,Smart TV,North India,5,1
OTT03707,48,Female,Standard,0,0,1,0,1,0,2,6.8,1.1,17,44,537.75,1,1,UPI,1,Fire TV,North India,2,0
OTT03708,56,Male,Basic,1,1,0,1,1,0,4,29.6,0.8,2,6,452.35,2,0,Debit Card,0,Mobile,North India,4,0
OTT03709,26,Female,Basic,1,1,0,1,0,0,3,18.5,4.1,57,11,686.02,5,2,UPI,0,Laptop,South India,3,0
OTT03710,28,Female,Standard,1,1,1,1,0,0,4,18.6,2.2,3,24,334.34,2,1,UPI,1,Smart TV,North India,4,0
OTT03711,38,Female,Basic,1,1,1,1,0,1,5,25.3,2.2,25,52,99.0,4,4,Credit Card,0,Smart TV,East India,4,0
OTT03712,31,Male,Mobile,1,1,0,1,0,1,4,8.4,1.7,4,30,433.56,5,1,Credit Card,1,Smart TV,West India,3,0
OTT03713,52,Male,Standard,1,1,1,1,1,1,6,22.4,0.8,59,4,477.82,3,0,Wallet,1,Smart TV,North India,4,0
OTT03714,27,Female,Standard,0,1,1,1,1,0,4,8.3,1.6,41,46,678.14,5,0,Wallet,1,Tablet,North India,3,0
OTT03715,35,Female,Standard,1,1,1,1,0,1,5,29.6,4.9,35,34,665.55,3,1,Debit Card,0,Smart TV,West India,2,0
OTT03716,41,Female,Basic,1,0,0,1,1,1,4,42.1,2.2,11,27,455.5,1,0,UPI,1,Smart TV,West India,4,0
OTT03717,34,Female,Basic,0,1,1,0,1,1,4,33.2,1.4,55,16,659.52,5,2,Wallet,1,Tablet,East India,2,0
OTT03718,44,Male,Standard,1,0,1,1,0,1,4,16.4,2.0,4,47,888.44,1,0,UPI,1,Mobile,Central India,5,0
OTT03719,52,Male,Standard,1,1,0,1,1,1,5,31.2,1.2,26,55,584.32,1,1,Credit Card,1,Smart TV,West India,5,0
OTT03720,40,Male,Basic,1,0,1,0,0,1,3,20.1,1.1,60,47,375.38,4,2,Credit Card,1,Mobile,West India,1,0
OTT03721,37,Female,Basic,0,1,0,1,0,1,3,24.5,3.1,22,5,521.96,5,0,Debit Card,0,Smart TV,South India,5,0
OTT03722,58,Female,Mobile,1,0,1,0,0,1,3,30.2,1.7,43,20,835.11,5,2,UPI,1,Mobile,Central India,1,0
OTT03723,60,Female,Basic,1,1,1,1,1,0,5,2.8,2.3,2,51,231.73,5,4,Wallet,1,Laptop,South India,3,0
OTT03724,60,Female,Premium,0,0,1,0,1,1,3,7.2,1.6,36,30,819.76,5,2,UPI,1,Laptop,South India,5,0
OTT03725,18,Male,Mobile,1,1,0,1,1,0,4,21.0,2.6,40,37,479.53,2,1,UPI,1,Smart TV,North India,3,0
OTT03726,54,Female,Standard,1,1,0,1,0,1,4,14.2,1.1,33,20,938.64,5,0,Credit Card,1,Smart TV,South India,1,0
OTT03727,56,Female,Mobile,1,1,1,1,1,1,6,22.8,1.3,34,28,709.78,5,1,Debit Card,0,Laptop,South India,4,0
OTT03728,52,Male,Basic,1,1,0,0,0,0,2,25.0,4.7,58,5,800.59,2,2,Credit Card,0,Laptop,East India,4,1
OTT03729,50,Female,Standard,0,1,0,1,1,1,4,16.5,0.3,44,22,887.43,4,1,UPI,1,Fire TV,South India,4,0
OTT03730,33,Female,Standard,1,0,1,1,1,0,4,19.0,2.6,37,52,936.82,1,1,Credit Card,1,Smart TV,West India,5,0
OTT03731,49,Female,Mobile,1,1,1,0,1,1,5,12.3,1.8,6,52,867.9,4,0,UPI,0,Tablet,West India,1,0
OTT03732,42,Male,Basic,1,1,0,1,1,1,5,26.7,1.3,2,50,368.53,1,0,Net Banking,1,Smart TV,Central India,2,0
OTT03733,53,Female,Mobile,1,1,0,1,0,0,3,35.4,0.9,0,44,840.42,2,1,Debit Card,1,Laptop,North India,2,0
OTT03734,33,Female,Basic,1,0,1,0,1,0,3,8.6,3.4,35,6,254.53,1,4,UPI,1,Mobile,South India,2,1
OTT03735,49,Female,Standard,1,1,0,0,0,0,2,34.4,5.0,34,14,299.48,3,0,Debit Card,1,Fire TV,East India,2,0
OTT03736,51,Male,Basic,1,1,1,1,1,1,6,28.7,1.3,26,40,607.35,3,0,UPI,0,Mobile,North India,1,0
OTT03737,53,Male,Basic,0,0,0,1,1,0,2,33.0,2.4,42,11,980.48,5,0,Credit Card,1,Tablet,West India,1,0
OTT03738,25,Female,Standard,1,0,0,1,1,1,4,42.7,2.3,60,51,601.02,2,1,UPI,1,Fire TV,South India,5,0
OTT03739,55,Male,Premium,1,1,1,0,1,0,4,16.5,2.5,16,37,408.74,4,2,UPI,1,Tablet,South India,3,1
OTT03740,27,Male,Mobile,0,0,1,0,1,1,3,39.2,0.6,29,3,805.51,5,2,Net Banking,0,Mobile,North India,3,1
OTT03741,58,Female,Standard,0,0,1,0,0,1,2,43.0,3.2,2,33,502.02,4,1,Credit Card,1,Smart TV,South India,5,0
OTT03742,19,Male,Mobile,1,0,1,0,0,0,2,9.4,0.4,47,24,760.38,4,0,UPI,0,Smart TV,Central India,2,0
OTT03743,27,Male,Mobile,1,0,1,1,1,1,5,25.0,2.3,1,54,669.47,5,0,UPI,0,Laptop,East India,2,0
OTT03744,44,Female,Basic,1,0,1,0,0,1,3,24.5,3.7,49,15,364.49,5,1,Debit Card,1,Smart TV,South India,5,0
OTT03745,41,Male,Standard,0,1,0,0,0,0,1,44.5,1.1,46,60,951.47,4,0,Debit Card,1,Smart TV,North India,4,0
OTT03746,47,Female,Mobile,1,1,0,0,1,1,4,77.5,1.8,3,29,172.35,5,0,UPI,1,Mobile,Central India,3,1
OTT03747,35,Male,Premium,0,1,1,0,0,0,2,33.2,2.7,60,12,382.74,4,0,Debit Card,0,Laptop,North India,5,0
OTT03748,18,Male,Basic,1,1,1,0,1,1,5,61.6,1.3,58,10,813.61,2,0,Net Banking,1,Laptop,North India,2,0
OTT03749,44,Male,Premium,0,0,1,0,1,0,2,14.7,0.8,22,14,1437.66,1,2,Credit Card,1,Mobile,West India,1,0
OTT03750,39,Male,Basic,1,0,0,0,1,0,2,31.5,2.5,31,3,139.44,1,3,UPI,1,Smart TV,South India,2,0
OTT03751,39,Male,Basic,0,0,0,0,1,0,1,22.5,0.7,47,4,599.23,5,2,UPI,1,Smart TV,Central India,5,1
OTT03752,34,Female,Standard,0,1,1,0,1,0,3,29.9,0.3,50,2,99.0,1,0,Debit Card,1,Mobile,North India,3,1
OTT03753,56,Female,Basic,0,1,0,1,1,0,3,33.5,1.7,1,57,593.62,5,3,Debit Card,1,Laptop,South India,2,0
OTT03754,52,Male,Standard,0,1,0,1,1,1,4,36.7,1.3,39,57,451.88,5,0,UPI,1,Smart TV,South India,4,0
OTT03755,25,Male,Standard,1,1,1,0,0,0,3,19.2,2.5,9,50,645.42,5,1,Credit Card,0,Mobile,South India,3,0
OTT03756,19,Female,Standard,0,1,1,0,0,0,2,21.3,1.8,27,5,1030.51,1,1,Credit Card,0,Mobile,North India,5,1
OTT03757,25,Male,Premium,0,1,0,1,0,0,2,35.1,5.5,57,7,877.13,5,3,UPI,1,Tablet,West India,1,1
OTT03758,20,Male,Mobile,1,0,1,0,0,0,2,27.6,3.5,16,14,536.62,3,1,Debit Card,1,Smart TV,North India,2,0
OTT03759,48,Male,Standard,0,1,1,1,1,1,5,15.6,2.0,30,43,833.69,5,2,UPI,1,Smart TV,South India,2,0
OTT03760,44,Male,Standard,0,0,0,0,1,1,2,21.7,3.2,11,38,657.96,3,1,UPI,1,Smart TV,North India,4,1
OTT03761,37,Female,Standard,1,1,1,1,1,1,6,40.8,3.9,58,27,346.64,5,1,UPI,1,Tablet,South India,1,0
OTT03762,43,Male,Standard,0,0,1,0,0,1,2,13.0,3.9,43,39,622.34,3,0,UPI,1,Smart TV,North India,3,0
OTT03763,52,Female,Standard,0,0,0,0,1,0,1,23.0,0.7,12,57,770.67,2,1,Net Banking,1,Smart TV,South India,5,0
OTT03764,53,Male,Premium,1,0,0,1,0,0,2,10.2,0.9,4,6,1678.74,5,2,Debit Card,1,Fire TV,South India,5,0
OTT03765,36,Male,Basic,0,0,0,1,0,0,1,42.7,4.3,46,16,1008.72,2,3,Credit Card,1,Fire TV,South India,4,0
OTT03766,43,Female,Mobile,1,1,0,1,1,0,4,79.6,1.8,14,33,841.88,1,1,Debit Card,1,Mobile,North India,5,0
OTT03767,42,Male,Mobile,0,0,0,1,1,1,3,49.0,1.8,48,23,140.89,2,1,Net Banking,1,Mobile,West India,4,0
OTT03768,58,Female,Mobile,0,0,1,0,0,1,2,17.2,2.3,32,28,695.67,4,0,Credit Card,1,Smart TV,East India,1,0
OTT03769,50,Female,Standard,0,0,1,1,1,1,4,17.2,1.5,54,2,1043.84,3,1,Credit Card,1,Mobile,West India,5,0
OTT03770,31,Female,Basic,0,0,0,1,1,1,3,41.5,4.6,13,14,797.82,1,2,UPI,1,Mobile,North India,1,0
OTT03771,56,Male,Basic,1,1,1,1,0,1,5,38.7,2.1,17,12,967.33,3,1,Credit Card,1,Smart TV,North India,4,0
OTT03772,35,Male,Premium,1,1,1,1,1,1,6,52.8,3.0,33,49,788.85,1,0,Debit Card,0,Laptop,North India,1,0
OTT03773,50,Male,Premium,1,1,0,0,1,1,4,23.7,1.2,55,45,934.19,1,2,UPI,1,Smart TV,South India,4,1
OTT03774,60,Female,Standard,1,0,1,1,1,0,4,11.8,1.4,22,58,166.04,4,1,Wallet,1,Mobile,North India,1,0
OTT03775,52,Female,Basic,1,0,1,0,1,1,4,24.0,0.8,37,56,1108.57,3,1,Credit Card,1,Mobile,North India,1,0
OTT03776,22,Male,Basic,1,0,0,0,1,1,3,22.0,2.8,16,18,875.0,3,1,Credit Card,1,Mobile,North India,2,0
OTT03777,26,Male,Basic,1,0,1,1,1,0,4,70.5,1.6,40,38,978.65,2,0,UPI,0,Smart TV,Central India,2,0
OTT03778,52,Male,Basic,0,0,0,0,1,0,1,33.8,2.8,43,13,686.34,1,2,Credit Card,1,Fire TV,West India,5,1
OTT03779,23,Male,Mobile,1,0,1,1,1,0,4,7.2,2.6,5,46,799.22,1,2,UPI,1,Laptop,West India,2,0
OTT03780,18,Male,Standard,1,1,1,1,1,1,6,34.5,0.8,14,22,854.51,3,0,Wallet,1,Smart TV,East India,4,0
OTT03781,29,Female,Basic,1,0,0,0,0,0,1,43.0,1.4,30,32,600.55,4,1,Credit Card,1,Tablet,Central India,5,0
OTT03782,38,Female,Basic,1,1,1,0,1,0,4,39.4,0.7,12,53,426.82,5,1,Wallet,1,Smart TV,West India,1,0
OTT03783,23,Male,Standard,1,1,1,1,1,0,5,38.1,0.8,13,35,338.01,3,1,Credit Card,1,Smart TV,North India,2,0
OTT03784,24,Male,Basic,0,1,0,0,1,0,2,27.3,0.6,10,46,613.4,1,1,Debit Card,0,Fire TV,East India,5,0
OTT03785,32,Male,Basic,0,1,1,0,1,0,3,21.4,0.9,41,9,406.7,4,1,UPI,0,Laptop,Central India,5,0
OTT03786,43,Male,Basic,1,0,1,1,1,1,5,11.4,1.0,12,46,446.71,2,2,UPI,1,Smart TV,South India,4,0
OTT03787,41,Female,Mobile,1,1,1,1,1,1,6,54.7,6.3,60,28,1061.44,5,1,Debit Card,1,Mobile,West India,2,0
OTT03788,52,Male,Standard,1,0,0,0,0,1,2,32.1,1.3,0,55,1104.08,4,0,Wallet,0,Laptop,West India,1,0
OTT03789,60,Other,Basic,0,0,0,1,0,1,2,17.4,2.9,18,18,550.84,5,0,Debit Card,1,Mobile,South India,4,0
OTT03790,19,Female,Mobile,0,1,0,1,1,1,4,25.7,2.4,43,14,1014.22,5,2,Net Banking,1,Mobile,Central India,5,0
OTT03791,47,Female,Standard,0,0,0,1,0,1,2,11.4,2.1,27,38,597.09,4,2,UPI,1,Mobile,North India,1,0
OTT03792,25,Female,Standard,0,0,0,1,1,0,2,25.6,3.1,34,52,544.34,3,1,UPI,0,Mobile,West India,3,1
OTT03793,33,Female,Standard,1,0,0,0,0,0,1,46.4,2.0,3,7,753.21,2,0,Credit Card,1,Smart TV,North India,3,0
OTT03794,32,Other,Premium,1,1,0,0,0,0,2,34.6,0.8,2,56,440.91,2,2,UPI,1,Smart TV,South India,5,0
OTT03795,48,Male,Standard,0,1,0,0,1,1,3,42.2,2.2,11,35,555.64,1,1,UPI,1,Smart TV,North India,2,0
OTT03796,28,Other,Mobile,0,0,1,1,1,1,4,40.5,2.6,29,42,1025.52,1,2,Debit Card,1,Laptop,North India,5,0
OTT03797,56,Male,Standard,0,1,1,1,1,0,4,30.6,0.7,31,52,742.78,5,4,Credit Card,1,Fire TV,West India,5,0
OTT03798,34,Male,Basic,1,1,0,1,1,0,4,22.2,1.9,50,25,756.29,1,4,UPI,1,Mobile,East India,2,0
OTT03799,53,Female,Basic,1,0,0,1,1,0,3,19.4,3.0,7,54,586.16,1,1,Credit Card,1,Smart TV,South India,1,0
OTT03800,58,Male,Premium,0,1,0,1,0,0,2,52.7,1.6,29,55,560.82,5,0,Net Banking,1,Mobile,West India,5,0
OTT03801,39,Male,Basic,0,1,0,0,0,0,1,32.8,5.1,22,45,681.91,3,0,Credit Card,0,Fire TV,North India,4,0
OTT03802,22,Male,Basic,0,1,1,0,0,0,2,31.4,1.1,60,3,867.18,1,1,Debit Card,1,Tablet,South India,3,1
OTT03803,48,Male,Mobile,0,0,0,0,1,1,2,32.7,1.3,57,35,745.86,3,4,Debit Card,1,Tablet,East India,5,0
OTT03804,36,Male,Premium,1,0,0,1,0,0,2,20.6,2.3,6,18,820.14,4,0,UPI,1,Laptop,North India,2,0
OTT03805,32,Male,Mobile,0,0,0,0,0,1,1,30.4,1.1,40,6,145.19,3,1,Credit Card,1,Smart TV,North India,2,0
OTT03806,37,Female,Premium,1,1,0,0,0,0,2,16.4,1.1,37,6,368.68,3,3,Credit Card,0,Fire TV,South India,5,0
OTT03807,30,Female,Mobile,1,1,1,1,0,0,4,18.4,3.7,0,54,478.11,3,0,Net Banking,1,Laptop,North India,4,0
OTT03808,30,Male,Standard,1,0,0,1,1,0,3,35.4,1.4,32,24,771.66,4,1,Wallet,0,Mobile,South India,1,0
OTT03809,60,Female,Basic,1,1,1,1,0,1,5,32.1,3.1,42,7,751.99,1,1,Credit Card,1,Mobile,North India,4,0
OTT03810,29,Female,Basic,1,1,0,0,1,1,4,36.0,0.8,35,45,831.75,1,1,Wallet,1,Mobile,South India,5,0
OTT03811,37,Female,Mobile,0,1,0,1,0,1,3,38.9,1.3,39,39,553.31,2,2,UPI,0,Smart TV,East India,5,0
OTT03812,48,Female,Mobile,1,0,0,1,0,0,2,20.7,1.3,31,25,679.97,4,2,Credit Card,0,Mobile,East India,1,0
OTT03813,27,Female,Mobile,1,1,0,0,0,1,3,24.5,1.4,56,32,1146.02,5,1,Wallet,1,Smart TV,South India,5,0
OTT03814,44,Male,Mobile,0,0,0,1,0,0,1,34.5,0.8,34,34,659.24,4,2,Credit Card,1,Tablet,West India,3,0
OTT03815,56,Female,Standard,1,1,1,0,0,0,3,15.3,1.2,44,56,129.29,2,2,Debit Card,0,Mobile,East India,2,0
OTT03816,52,Female,Standard,0,1,1,1,0,0,3,3.1,1.6,55,25,785.72,5,4,Debit Card,0,Smart TV,West India,3,0
OTT03817,19,Female,Basic,1,1,0,1,0,0,3,8.5,0.4,32,2,981.3,5,2,Net Banking,1,Mobile,South India,2,0
OTT03818,35,Male,Standard,1,1,0,0,0,0,2,18.0,1.1,22,2,969.66,5,0,UPI,1,Laptop,West India,1,0
OTT03819,18,Female,Standard,1,0,0,1,1,1,4,20.9,2.3,41,42,558.26,5,2,Wallet,0,Smart TV,East India,5,0
OTT03820,44,Female,Premium,1,1,1,0,1,1,5,29.7,1.0,40,4,577.23,4,0,UPI,1,Tablet,Central India,1,0
OTT03821,31,Male,Basic,1,1,0,1,1,0,4,43.3,1.9,47,57,861.82,2,0,Credit Card,1,Mobile,Central India,4,0
OTT03822,56,Female,Basic,0,1,0,1,0,1,3,21.7,0.9,13,3,689.68,4,1,Debit Card,1,Mobile,North India,3,0
OTT03823,25,Female,Premium,1,1,0,0,1,0,3,17.2,1.5,1,40,803.25,4,2,UPI,1,Mobile,West India,2,0
OTT03824,54,Female,Premium,0,1,0,0,0,0,1,11.4,0.3,21,49,489.33,1,2,Debit Card,0,Laptop,North India,2,1
OTT03825,32,Male,Premium,1,0,0,1,1,1,4,16.0,2.2,47,9,752.13,1,3,Wallet,1,Smart TV,North India,5,1
OTT03826,57,Female,Standard,1,1,1,0,0,0,3,15.9,1.1,32,6,499.34,3,3,Debit Card,0,Laptop,North India,5,1
OTT03827,26,Female,Standard,0,0,0,0,1,1,2,26.4,2.8,4,60,590.11,1,1,Debit Card,1,Laptop,East India,3,0
OTT03828,29,Male,Premium,0,1,1,0,0,0,2,15.9,1.4,43,20,346.96,4,3,UPI,0,Smart TV,North India,4,0
OTT03829,33,Female,Basic,1,1,1,1,0,1,5,20.3,1.2,35,16,422.4,5,3,Wallet,1,Tablet,East India,5,1
OTT03830,60,Male,Basic,1,0,0,1,1,0,3,19.1,1.0,55,34,248.33,5,1,UPI,0,Laptop,East India,2,0
OTT03831,49,Female,Premium,1,1,1,0,0,0,3,24.9,1.1,23,16,210.41,2,0,UPI,0,Smart TV,West India,4,0
OTT03832,53,Female,Premium,0,0,1,1,0,1,3,33.6,1.1,42,33,386.67,2,3,UPI,1,Smart TV,South India,2,1
OTT03833,41,Female,Mobile,1,1,0,0,1,0,3,30.3,0.9,53,19,768.32,2,0,Credit Card,1,Mobile,South India,2,1
OTT03834,52,Female,Mobile,0,1,0,0,1,1,3,14.1,1.0,42,37,716.21,1,2,Wallet,0,Smart TV,North India,5,1
OTT03835,44,Male,Premium,0,0,1,0,0,1,2,17.7,4.9,55,6,883.36,5,1,Credit Card,1,Smart TV,West India,2,1
OTT03836,46,Female,Basic,0,1,0,1,0,1,3,37.1,1.5,26,32,521.22,4,1,Credit Card,1,Fire TV,North India,5,0
OTT03837,54,Male,Standard,1,1,0,0,1,1,4,41.9,0.4,1,34,226.35,1,1,Credit Card,0,Mobile,North India,1,0
OTT03838,60,Female,Mobile,0,0,1,0,0,0,1,10.4,0.4,14,30,748.11,1,2,Wallet,1,Mobile,West India,3,0
OTT03839,42,Male,Mobile,0,1,1,1,0,1,4,9.5,5.0,9,17,644.07,1,3,UPI,1,Mobile,West India,3,0
OTT03840,36,Female,Standard,0,0,0,1,0,1,2,53.6,1.4,43,41,610.93,4,1,Credit Card,1,Smart TV,South India,2,0
OTT03841,46,Female,Premium,1,1,1,0,1,0,4,11.5,0.6,39,21,344.45,1,2,UPI,1,Laptop,North India,3,0
OTT03842,49,Male,Standard,0,1,1,1,0,1,4,15.1,3.0,22,18,546.2,2,3,Debit Card,1,Smart TV,South India,4,0
OTT03843,60,Male,Mobile,0,1,1,1,0,1,4,20.6,1.0,28,12,838.57,2,0,Debit Card,1,Mobile,Central India,2,0
OTT03844,48,Male,Basic,0,1,1,1,0,0,3,14.8,1.6,53,28,312.03,5,0,UPI,1,Laptop,North India,1,0
OTT03845,59,Male,Basic,1,1,1,1,1,1,6,15.3,1.8,20,29,135.26,5,4,Debit Card,1,Laptop,South India,2,0
OTT03846,49,Male,Premium,0,1,1,1,0,0,3,15.4,0.7,52,26,689.84,5,0,UPI,1,Laptop,West India,4,0
OTT03847,58,Female,Basic,1,0,1,0,1,1,4,26.4,1.0,10,20,422.66,1,0,Wallet,1,Smart TV,North India,1,0
OTT03848,50,Female,Premium,1,0,1,1,0,1,4,8.2,2.5,4,22,856.67,3,3,Credit Card,0,Mobile,South India,1,0
OTT03849,56,Female,Premium,1,0,0,0,0,1,2,37.1,3.7,15,40,555.14,1,4,UPI,1,Laptop,South India,3,0
OTT03850,26,Male,Basic,0,1,1,0,0,0,2,3.5,2.6,2,60,356.07,1,4,Debit Card,1,Laptop,Central India,5,0
OTT03851,60,Male,Mobile,0,0,0,1,1,1,3,9.5,2.0,3,41,689.28,3,2,UPI,1,Tablet,Central India,1,0
OTT03852,33,Male,Premium,0,1,0,0,0,1,2,50.3,1.2,28,55,638.83,3,0,Debit Card,1,Laptop,South India,1,0
OTT03853,52,Female,Mobile,1,0,0,0,1,1,3,18.1,2.1,24,32,639.23,4,2,Credit Card,0,Smart TV,South India,2,0
OTT03854,34,Female,Premium,0,0,1,1,1,0,3,17.2,2.4,13,41,346.32,1,1,Credit Card,1,Fire TV,West India,3,0
OTT03855,37,Female,Basic,0,0,1,0,1,1,3,7.0,3.6,9,22,986.89,4,2,UPI,0,Smart TV,East India,2,0
OTT03856,50,Female,Basic,0,0,1,1,0,0,2,6.5,1.5,14,45,481.97,1,2,Debit Card,0,Mobile,North India,3,1
OTT03857,41,Female,Basic,1,0,0,1,1,1,4,23.3,6.1,45,33,1051.03,4,1,Credit Card,1,Smart TV,North India,1,0
OTT03858,48,Female,Basic,1,0,1,0,0,1,3,7.0,2.9,25,53,168.34,4,1,UPI,0,Mobile,North India,5,0
OTT03859,21,Male,Standard,1,0,1,1,1,0,4,15.0,1.4,35,26,891.35,5,0,UPI,1,Laptop,North India,2,0
OTT03860,53,Female,Standard,0,1,0,0,0,0,1,32.6,3.3,47,22,789.25,1,3,Net Banking,1,Smart TV,South India,1,0
OTT03861,35,Female,Basic,0,0,1,0,1,1,3,26.0,1.2,47,26,565.16,5,2,UPI,1,Tablet,South India,4,0
OTT03862,51,Male,Standard,0,0,1,0,0,0,1,19.6,1.0,10,32,183.26,1,0,UPI,0,Smart TV,West India,4,0
OTT03863,30,Female,Basic,1,1,1,0,1,0,4,24.5,0.4,36,6,664.81,5,2,UPI,0,Laptop,West India,3,0
OTT03864,43,Female,Premium,1,0,0,1,0,0,2,33.0,4.9,58,22,130.3,3,0,Credit Card,0,Mobile,West India,1,1
OTT03865,43,Female,Premium,1,1,1,0,1,1,5,17.9,1.2,28,30,520.49,4,0,UPI,1,Smart TV,North India,3,0
OTT03866,24,Male,Standard,0,0,1,1,0,0,2,36.5,2.4,36,54,868.74,5,2,Debit Card,1,Mobile,West India,2,0
OTT03867,38,Male,Premium,0,0,1,1,1,0,3,23.2,2.9,53,36,592.64,2,1,Debit Card,1,Fire TV,West India,4,0
OTT03868,45,Female,Basic,0,0,1,0,0,1,2,41.0,1.2,46,37,592.08,4,0,UPI,0,Smart TV,East India,4,0
OTT03869,53,Male,Mobile,1,1,0,0,1,0,3,24.4,1.3,22,20,1033.95,4,0,UPI,0,Mobile,South India,4,1
OTT03870,56,Male,Mobile,0,0,0,1,1,1,3,9.5,0.4,9,34,684.97,3,3,Debit Card,1,Laptop,South India,1,0
OTT03871,34,Male,Premium,0,1,1,0,0,1,3,14.7,0.7,41,54,1127.85,3,0,UPI,1,Mobile,North India,3,0
OTT03872,45,Male,Basic,1,0,0,1,0,0,2,22.7,0.5,9,28,555.3,1,1,Net Banking,1,Smart TV,South India,2,0
OTT03873,25,Female,Premium,0,0,0,1,0,0,1,77.5,5.6,22,46,932.96,3,3,UPI,0,Mobile,South India,1,0
OTT03874,56,Female,Basic,0,0,1,0,0,0,1,14.1,1.4,19,35,605.51,2,0,UPI,1,Mobile,Central India,1,0
OTT03875,55,Male,Mobile,1,1,1,1,1,1,6,67.5,0.9,8,49,744.48,2,3,UPI,1,Smart TV,East India,3,0
OTT03876,60,Female,Standard,0,1,0,0,1,1,3,38.5,1.1,54,18,416.51,5,0,Debit Card,1,Mobile,North India,1,0
OTT03877,38,Male,Standard,0,1,0,0,0,0,1,39.5,1.6,51,26,717.72,4,1,Net Banking,1,Mobile,North India,1,0
OTT03878,33,Male,Basic,1,1,1,1,1,1,6,33.1,0.8,51,31,736.08,1,7,Debit Card,0,Smart TV,West India,5,1
OTT03879,50,Male,Premium,0,1,0,0,0,0,1,64.2,2.3,20,13,682.78,2,1,Wallet,1,Smart TV,South India,2,0
OTT03880,49,Female,Standard,1,1,0,0,1,0,3,15.5,2.9,16,13,162.15,3,1,UPI,0,Mobile,North India,4,0
OTT03881,27,Male,Basic,1,1,0,0,1,1,4,37.8,1.4,30,36,935.52,4,2,UPI,1,Smart TV,South India,3,0
OTT03882,41,Female,Standard,1,1,0,1,1,1,5,10.7,1.0,25,15,734.19,5,0,Debit Card,1,Smart TV,South India,1,0
OTT03883,45,Male,Basic,1,1,0,0,1,1,4,15.6,1.2,22,15,771.41,3,0,UPI,1,Smart TV,North India,1,0
OTT03884,37,Female,Premium,1,0,0,0,1,1,3,34.5,0.7,30,11,1071.47,3,0,Credit Card,0,Fire TV,West India,5,0
OTT03885,33,Male,Basic,1,1,1,1,1,1,6,39.9,1.3,41,45,627.13,1,1,Wallet,0,Smart TV,West India,5,0
OTT03886,28,Female,Standard,1,0,0,0,0,0,1,29.6,2.5,19,12,838.41,5,1,Credit Card,0,Mobile,North India,3,1
OTT03887,35,Female,Basic,1,1,1,1,1,1,6,6.2,4.2,46,31,864.05,2,1,UPI,1,Smart TV,North India,4,0
OTT03888,28,Male,Mobile,1,1,1,1,1,0,5,13.8,2.0,57,29,571.05,4,2,Credit Card,0,Mobile,West India,4,0
OTT03889,30,Female,Standard,1,1,0,1,1,1,5,9.5,2.5,37,8,650.12,5,2,UPI,0,Fire TV,North India,5,1
OTT03890,25,Female,Basic,0,0,0,1,1,0,2,21.9,1.4,41,4,427.36,4,1,UPI,0,Smart TV,North India,3,1
OTT03891,34,Male,Standard,1,1,0,0,0,0,2,9.4,3.1,35,45,99.0,3,2,Wallet,1,Laptop,Central India,2,0
OTT03892,45,Female,Standard,1,1,1,0,1,0,4,16.0,0.9,26,20,438.41,3,0,Credit Card,1,Mobile,West India,5,0
OTT03893,34,Female,Mobile,0,1,0,1,1,0,3,15.7,0.6,1,55,262.33,3,1,Net Banking,1,Mobile,South India,4,0
OTT03894,24,Male,Basic,1,0,0,1,0,1,3,45.3,1.4,0,29,228.36,1,1,UPI,1,Mobile,East India,2,0
OTT03895,52,Female,Standard,1,1,1,1,1,0,5,16.8,2.1,27,21,450.83,5,1,Debit Card,1,Mobile,South India,4,0
OTT03896,36,Male,Basic,1,1,0,0,1,0,3,66.3,0.5,3,9,1310.82,2,0,Wallet,0,Fire TV,South India,1,0
OTT03897,43,Female,Basic,0,0,1,1,0,0,2,18.3,4.7,16,8,322.57,3,1,Debit Card,1,Tablet,East India,4,0
OTT03898,40,Female,Mobile,0,0,1,1,1,0,3,31.8,0.8,33,22,791.83,1,0,UPI,0,Smart TV,West India,4,0
OTT03899,39,Other,Basic,0,0,0,1,1,0,2,27.1,1.1,2,14,122.33,5,1,UPI,1,Smart TV,West India,2,0
OTT03900,36,Female,Standard,0,0,1,0,0,1,2,24.8,2.1,46,33,731.37,4,1,Wallet,1,Smart TV,South India,4,0
OTT03901,50,Female,Premium,1,1,0,0,0,0,2,38.1,1.9,32,1,837.73,3,2,Net Banking,1,Smart TV,West India,3,0
OTT03902,54,Male,Standard,1,0,1,0,1,1,4,22.8,3.2,37,55,336.44,3,1,Wallet,1,Smart TV,West India,1,0
OTT03903,56,Male,Standard,1,0,0,1,1,1,4,16.0,2.5,10,28,466.4,2,1,Credit Card,1,Mobile,North India,2,0
OTT03904,37,Female,Basic,1,0,0,1,0,1,3,34.7,0.8,49,20,387.05,3,1,UPI,1,Mobile,South India,1,0
OTT03905,32,Male,Standard,0,0,1,1,0,1,3,12.3,1.2,35,3,787.82,1,1,UPI,0,Laptop,West India,1,1
OTT03906,21,Female,Standard,0,0,1,1,1,1,4,18.8,2.3,47,1,728.83,2,0,Debit Card,1,Mobile,North India,5,0
OTT03907,37,Male,Basic,1,0,1,0,1,1,4,38.0,1.4,5,12,871.72,4,2,Wallet,1,Laptop,East India,2,0
OTT03908,60,Male,Standard,1,1,0,1,1,1,5,21.5,0.8,49,41,604.11,2,0,Debit Card,1,Laptop,South India,1,0
OTT03909,29,Male,Basic,1,0,1,0,0,1,3,30.2,0.3,32,3,218.79,4,2,Net Banking,1,Smart TV,North India,4,0
OTT03910,54,Female,Mobile,0,1,0,1,1,1,4,27.5,3.7,37,58,336.77,4,0,Net Banking,0,Fire TV,South India,2,0
OTT03911,50,Male,Mobile,1,1,0,1,0,0,3,16.6,1.1,1,7,267.13,2,1,UPI,1,Mobile,West India,2,0
OTT03912,46,Male,Mobile,1,0,0,1,0,1,3,22.0,2.2,52,60,406.6,2,3,Credit Card,0,Tablet,North India,4,1
OTT03913,42,Other,Basic,1,0,1,1,1,1,5,11.9,0.8,1,21,483.53,4,0,Wallet,1,Mobile,North India,4,0
OTT03914,50,Female,Mobile,0,1,1,1,0,0,3,41.6,2.0,20,28,516.09,1,3,Wallet,0,Tablet,South India,4,0
OTT03915,22,Female,Mobile,1,0,0,1,0,1,3,19.2,0.3,17,44,605.32,2,1,UPI,0,Smart TV,North India,5,0
OTT03916,23,Male,Mobile,0,0,0,1,0,1,2,43.3,0.8,9,11,123.16,3,3,Debit Card,1,Mobile,East India,1,0
OTT03917,26,Male,Mobile,1,0,0,0,1,1,3,20.8,1.2,53,10,874.87,2,3,Credit Card,1,Mobile,Central India,1,0
OTT03918,50,Female,Basic,1,0,1,0,1,0,3,31.5,0.9,48,41,725.57,4,2,Net Banking,1,Mobile,Central India,2,0
OTT03919,36,Male,Premium,0,0,1,1,1,1,4,12.0,1.0,35,31,540.43,1,2,UPI,0,Mobile,South India,1,1
OTT03920,26,Male,Standard,1,0,1,1,0,0,3,39.8,2.6,18,49,492.56,1,1,Credit Card,1,Tablet,North India,5,0
OTT03921,19,Female,Mobile,0,0,1,0,0,1,2,2.8,1.1,49,29,500.45,1,1,Debit Card,0,Fire TV,North India,1,1
OTT03922,39,Male,Basic,0,1,1,1,1,1,5,21.4,0.7,14,34,543.65,2,1,Credit Card,1,Fire TV,South India,3,0
OTT03923,35,Female,Basic,0,1,0,0,1,0,2,17.4,1.1,20,20,771.16,2,1,Debit Card,1,Smart TV,East India,4,0
OTT03924,25,Male,Mobile,1,0,1,1,1,1,5,11.1,0.3,33,22,602.35,4,0,Credit Card,0,Mobile,Central India,4,1
OTT03925,19,Male,Basic,0,0,1,0,0,1,2,86.4,1.3,35,59,725.47,2,0,Credit Card,1,Smart TV,North India,5,0
OTT03926,50,Male,Basic,1,1,0,1,0,0,3,9.8,1.2,34,21,669.28,3,1,Wallet,1,Smart TV,Central India,3,0
OTT03927,51,Female,Standard,1,1,1,0,0,0,3,65.3,1.3,10,54,478.64,5,2,UPI,1,Mobile,West India,5,0
OTT03928,28,Female,Standard,1,1,1,0,0,1,4,54.2,0.5,4,27,195.95,1,2,Debit Card,0,Mobile,West India,1,0
OTT03929,39,Female,Basic,0,0,1,1,0,0,2,9.3,1.8,27,38,1031.7,3,1,Credit Card,1,Tablet,South India,2,0
OTT03930,28,Male,Mobile,0,1,1,1,1,1,5,22.6,1.4,38,13,819.8,4,1,Debit Card,0,Mobile,Central India,2,0
OTT03931,35,Female,Mobile,1,0,1,0,0,1,3,21.4,3.6,2,20,1007.05,3,0,Debit Card,1,Smart TV,South India,2,0
OTT03932,22,Female,Premium,1,0,1,0,0,1,3,23.0,2.8,13,26,507.55,2,1,UPI,1,Mobile,Central India,5,0
OTT03933,58,Female,Standard,0,0,1,1,1,0,3,27.4,0.8,29,46,742.18,1,0,UPI,0,Smart TV,Central India,3,0
OTT03934,48,Female,Standard,1,0,0,0,0,0,1,43.7,0.8,8,50,476.7,2,0,UPI,1,Mobile,West India,4,0
OTT03935,56,Female,Premium,0,1,1,1,0,0,3,10.8,2.8,55,33,832.63,4,2,UPI,1,Tablet,South India,1,1
OTT03936,30,Female,Standard,1,0,1,0,0,0,2,21.5,0.7,58,34,1088.46,3,2,UPI,1,Mobile,West India,2,0
OTT03937,55,Male,Mobile,1,0,0,0,1,0,2,17.5,0.7,33,3,1073.98,5,2,UPI,1,Smart TV,West India,3,1
OTT03938,40,Female,Standard,0,1,1,1,0,1,4,16.3,1.9,17,16,659.47,5,2,Credit Card,1,Mobile,North India,3,0
OTT03939,26,Male,Mobile,1,1,1,0,0,0,3,23.6,1.0,54,54,855.67,5,0,UPI,1,Smart TV,South India,4,0
OTT03940,32,Other,Standard,0,0,0,0,1,0,1,20.2,1.9,25,42,794.29,3,0,Debit Card,1,Smart TV,North India,1,0
OTT03941,52,Male,Basic,0,0,0,1,0,0,1,4.1,0.3,33,52,688.38,2,0,Net Banking,1,Smart TV,East India,2,0
OTT03942,51,Male,Mobile,0,1,0,0,0,1,2,27.7,1.1,8,21,770.0,1,3,Credit Card,1,Mobile,North India,4,0
OTT03943,48,Male,Mobile,1,0,0,0,0,1,2,6.2,3.0,18,41,433.54,3,1,Credit Card,1,Fire TV,South India,4,1
OTT03944,27,Female,Basic,1,1,1,0,0,0,3,41.0,0.8,57,12,219.28,3,0,UPI,1,Smart TV,East India,1,0
OTT03945,45,Male,Standard,0,0,0,0,1,1,2,25.1,1.0,36,44,770.72,3,1,UPI,0,Mobile,West India,2,1
OTT03946,58,Female,Mobile,1,1,0,1,1,1,5,19.2,1.3,0,4,342.82,2,3,UPI,1,Mobile,South India,1,0
OTT03947,20,Female,Mobile,0,1,0,1,0,0,2,9.1,1.0,26,60,412.5,4,3,Credit Card,1,Laptop,West India,1,0
OTT03948,31,Male,Basic,0,1,0,0,0,0,1,28.2,0.3,0,53,526.39,1,1,UPI,1,Smart TV,South India,3,0
OTT03949,21,Female,Standard,0,1,1,1,1,1,5,22.7,2.8,29,40,1070.99,1,0,UPI,1,Mobile,South India,4,0
OTT03950,22,Female,Standard,0,0,0,1,1,0,2,23.6,1.3,24,34,630.96,1,1,UPI,1,Laptop,North India,4,0
OTT03951,60,Female,Standard,1,0,1,0,0,1,3,25.6,2.0,34,48,402.88,1,1,UPI,0,Smart TV,Central India,5,1
OTT03952,28,Male,Basic,1,1,1,1,1,1,6,33.0,3.1,7,2,304.6,3,2,UPI,0,Smart TV,West India,1,0
OTT03953,25,Female,Basic,1,0,1,1,1,1,5,27.6,1.0,13,12,600.12,3,3,UPI,0,Tablet,East India,1,0
OTT03954,21,Male,Basic,1,1,1,0,0,1,4,52.0,1.8,11,30,589.48,5,0,Credit Card,1,Mobile,West India,2,0
OTT03955,60,Female,Mobile,0,0,1,0,0,0,1,33.0,0.1,50,7,322.8,4,1,UPI,1,Tablet,West India,3,0
OTT03956,38,Female,Mobile,1,1,1,0,0,0,3,27.2,0.2,17,18,687.3,5,1,Credit Card,1,Laptop,West India,5,0
OTT03957,52,Male,Premium,1,1,1,1,1,1,6,24.2,1.5,41,34,189.59,1,0,Debit Card,1,Smart TV,West India,2,0
OTT03958,28,Male,Standard,1,1,1,1,1,0,5,12.9,0.4,28,16,348.17,5,0,UPI,0,Smart TV,North India,5,0
OTT03959,45,Female,Mobile,0,1,0,0,0,0,1,8.2,2.0,21,24,1031.34,2,2,UPI,1,Smart TV,North India,2,0
OTT03960,56,Male,Standard,0,0,1,1,1,0,3,3.5,2.3,54,56,322.31,2,1,UPI,1,Mobile,South India,5,1
OTT03961,46,Male,Basic,0,1,0,1,0,0,2,31.9,0.9,33,43,611.88,3,1,Debit Card,1,Smart TV,North India,1,0
OTT03962,40,Male,Basic,0,1,0,0,1,0,2,22.9,2.2,25,58,757.05,3,0,Debit Card,1,Smart TV,South India,5,0
OTT03963,27,Female,Standard,1,0,1,1,0,1,4,33.5,1.2,2,15,1158.81,1,0,Net Banking,1,Smart TV,North India,5,0
OTT03964,28,Male,Standard,0,0,0,1,0,1,2,50.1,3.5,48,45,1075.69,1,2,Credit Card,0,Tablet,West India,2,0
OTT03965,43,Male,Standard,0,0,1,0,1,0,2,21.6,0.5,35,56,831.47,5,1,Debit Card,1,Smart TV,South India,3,0
OTT03966,37,Female,Premium,0,0,0,1,0,0,1,9.5,1.3,58,15,347.76,3,4,Debit Card,0,Mobile,South India,3,1
OTT03967,19,Female,Basic,1,1,0,1,0,0,3,39.1,1.7,49,7,381.15,5,2,UPI,0,Mobile,West India,5,0
OTT03968,26,Female,Standard,0,0,0,1,0,1,2,20.4,2.5,51,6,515.22,4,0,UPI,1,Smart TV,North India,5,0
OTT03969,36,Female,Premium,0,1,1,1,0,0,3,15.9,2.4,47,59,1331.36,1,1,Debit Card,0,Mobile,Central India,3,1
OTT03970,25,Male,Basic,1,0,0,1,0,0,2,15.1,1.1,52,4,788.15,2,0,UPI,0,Fire TV,South India,3,1
OTT03971,41,Male,Standard,1,1,1,1,1,1,6,31.7,1.2,47,27,633.33,1,0,UPI,0,Mobile,East India,5,0
OTT03972,30,Male,Premium,0,0,0,1,1,0,2,31.5,0.8,48,3,701.53,5,0,Net Banking,1,Fire TV,North India,2,0
OTT03973,30,Male,Standard,1,0,1,1,0,0,3,44.3,3.2,42,18,1030.4,2,0,Credit Card,0,Mobile,West India,3,0
OTT03974,22,Male,Mobile,0,0,1,0,0,1,2,11.4,4.1,6,59,478.45,4,0,UPI,0,Mobile,Central India,4,0
OTT03975,39,Female,Basic,0,0,1,0,0,0,1,11.3,0.3,15,10,669.46,3,0,Debit Card,1,Laptop,North India,3,0
OTT03976,26,Male,Standard,0,1,1,0,0,0,2,25.8,2.8,10,11,584.64,4,1,Wallet,1,Mobile,Central India,4,0
OTT03977,45,Male,Premium,0,1,0,0,0,0,1,27.5,2.3,60,2,445.94,3,0,Credit Card,1,Laptop,West India,2,0
OTT03978,58,Female,Mobile,0,0,1,1,0,0,2,41.0,0.1,16,44,578.55,5,1,Wallet,0,Tablet,West India,2,0
OTT03979,57,Male,Basic,0,1,0,1,1,0,3,42.7,2.6,17,13,746.74,5,1,Debit Card,1,Mobile,North India,5,0
OTT03980,46,Female,Basic,1,0,1,1,0,1,4,25.2,3.6,41,19,730.5,2,1,UPI,1,Smart TV,West India,3,0
OTT03981,52,Male,Basic,0,0,1,0,0,0,1,44.2,2.5,6,46,1039.33,1,1,Credit Card,1,Mobile,South India,3,1
OTT03982,57,Female,Standard,0,1,1,0,1,0,3,22.4,0.7,25,46,473.72,5,3,Debit Card,0,Smart TV,North India,2,0
OTT03983,47,Male,Standard,1,0,0,0,1,1,3,22.5,4.6,36,30,714.23,3,1,Wallet,0,Smart TV,North India,4,0
OTT03984,29,Male,Standard,1,0,1,0,0,0,2,20.1,2.9,30,49,313.97,2,1,UPI,1,Smart TV,South India,2,0
OTT03985,39,Female,Standard,1,0,0,1,0,1,3,10.9,0.7,0,35,627.23,2,1,Credit Card,0,Mobile,East India,1,0
OTT03986,54,Male,Standard,1,0,0,0,0,0,1,7.9,2.1,49,16,217.32,3,0,Credit Card,1,Smart TV,North India,5,0
OTT03987,46,Male,Standard,1,1,0,0,0,0,2,25.5,2.0,29,14,781.34,5,4,Wallet,0,Smart TV,South India,4,0
OTT03988,33,Male,Mobile,1,0,0,1,1,0,3,39.5,0.5,2,21,1156.26,5,1,Debit Card,0,Mobile,North India,3,0
OTT03989,25,Female,Mobile,1,1,1,1,1,1,6,15.5,1.6,3,2,937.27,5,2,Net Banking,0,Laptop,South India,2,0
OTT03990,24,Male,Premium,1,1,1,1,1,1,6,42.3,1.9,52,30,539.22,5,0,Debit Card,1,Mobile,West India,4,0
OTT03991,34,Female,Basic,1,1,1,1,1,1,6,48.9,1.0,59,7,921.19,3,3,Net Banking,1,Smart TV,West India,3,0
OTT03992,52,Female,Basic,0,1,0,0,1,1,3,18.8,3.8,34,4,232.54,4,1,Net Banking,0,Smart TV,South India,3,0
OTT03993,41,Female,Basic,0,0,0,0,0,1,1,6.6,1.3,40,12,771.03,4,1,Debit Card,0,Laptop,South India,1,1
OTT03994,20,Female,Standard,0,0,0,1,1,0,2,20.0,2.2,36,2,1359.95,2,1,UPI,1,Smart TV,West India,2,0
OTT03995,57,Male,Mobile,0,0,0,0,1,1,2,11.9,1.5,33,9,768.45,5,2,UPI,1,Laptop,West India,1,0
OTT03996,35,Female,Standard,1,0,0,0,0,0,1,39.6,0.9,17,49,573.47,5,2,UPI,1,Smart TV,West India,5,0
OTT03997,34,Male,Mobile,0,0,0,0,1,0,1,26.3,1.8,13,55,554.31,2,0,Debit Card,0,Mobile,West India,4,0
OTT03998,53,Male,Premium,1,0,1,0,1,0,3,6.5,1.4,10,28,725.16,4,1,Debit Card,0,Smart TV,West India,5,0
OTT03999,34,Female,Standard,1,0,0,0,1,0,2,30.3,4.5,4,32,634.56,2,1,UPI,0,Smart TV,South India,3,0
OTT04000,44,Female,Standard,0,0,0,0,1,1,2,41.1,2.8,34,30,513.14,3,0,UPI,0,Smart TV,South India,1,1
OTT04001,57,Male,Standard,0,1,1,1,1,0,4,24.4,0.4,39,37,603.34,1,2,UPI,1,Mobile,East India,5,0
OTT04002,40,Other,Standard,0,1,1,0,0,0,2,17.6,0.8,51,37,179.84,2,2,UPI,0,Mobile,East India,1,0
OTT04003,44,Female,Basic,0,1,1,1,1,1,5,29.0,0.7,56,19,851.55,3,5,Net Banking,1,Mobile,West India,3,1
OTT04004,33,Male,Mobile,1,0,0,1,0,0,2,55.0,0.1,46,20,946.87,3,0,UPI,0,Smart TV,East India,3,0
OTT04005,56,Female,Premium,0,1,0,1,1,0,3,44.8,2.3,45,42,839.93,3,2,Credit Card,0,Smart TV,South India,2,0
OTT04006,21,Female,Premium,0,0,0,0,1,1,2,10.0,2.0,48,46,547.18,5,5,Credit Card,1,Fire TV,South India,3,1
OTT04007,29,Female,Premium,1,0,1,0,0,1,3,26.1,0.6,31,14,746.28,3,1,Debit Card,1,Laptop,North India,2,0
OTT04008,60,Female,Premium,0,0,0,1,1,0,2,12.2,0.6,20,2,760.06,5,2,Credit Card,0,Fire TV,North India,1,0
OTT04009,38,Male,Standard,0,0,1,1,0,0,2,17.4,0.2,26,1,561.38,1,2,Credit Card,0,Mobile,West India,5,1
OTT04010,25,Female,Standard,0,1,1,0,1,0,3,46.7,0.8,38,8,967.6,1,3,Wallet,1,Laptop,North India,3,0
OTT04011,35,Male,Standard,0,0,0,0,1,1,2,26.0,2.0,37,23,880.16,2,1,Credit Card,1,Fire TV,West India,2,0
OTT04012,28,Female,Mobile,1,1,0,0,0,0,2,13.0,4.9,34,56,926.09,4,1,Credit Card,0,Mobile,North India,5,0
OTT04013,40,Female,Standard,1,1,1,1,1,0,5,19.8,0.4,52,36,737.38,3,1,Wallet,1,Laptop,South India,4,0
OTT04014,28,Female,Standard,0,0,0,0,1,0,1,35.2,1.8,5,53,224.34,3,1,Debit Card,1,Laptop,North India,5,0
OTT04015,35,Male,Standard,1,1,0,1,0,0,3,16.7,5.3,39,54,99.0,1,1,UPI,1,Smart TV,North India,2,0
OTT04016,57,Female,Basic,0,1,1,0,1,0,3,26.8,1.3,32,5,508.06,1,0,UPI,0,Mobile,South India,4,0
OTT04017,21,Female,Standard,1,0,0,0,0,1,2,17.5,1.3,4,9,408.78,2,1,Debit Card,1,Mobile,North India,3,0
OTT04018,50,Male,Premium,1,0,1,1,0,0,3,18.6,1.5,0,34,626.96,1,0,Credit Card,1,Smart TV,East India,5,0
OTT04019,21,Male,Mobile,0,1,0,0,0,0,1,49.3,1.4,0,55,321.84,2,3,Wallet,1,Mobile,West India,3,0
OTT04020,37,Male,Basic,0,1,1,1,1,0,4,25.5,2.4,44,44,323.88,3,2,Wallet,1,Fire TV,North India,1,0
OTT04021,46,Female,Standard,0,1,1,0,0,0,2,31.9,6.4,58,27,99.0,5,1,Debit Card,1,Tablet,South India,4,0
OTT04022,59,Male,Premium,0,0,0,1,1,0,2,25.2,0.9,54,16,257.39,2,1,Credit Card,1,Smart TV,North India,3,1
OTT04023,28,Female,Standard,0,1,0,0,1,0,2,8.8,0.5,1,17,519.43,3,0,Net Banking,1,Fire TV,East India,5,0
OTT04024,20,Female,Standard,1,1,1,1,0,1,5,11.5,0.7,54,1,478.58,2,2,Credit Card,1,Smart TV,North India,1,0
OTT04025,50,Female,Mobile,1,0,0,1,1,1,4,49.2,2.5,37,38,935.5,2,1,Net Banking,1,Smart TV,South India,3,1
OTT04026,56,Female,Basic,1,1,0,1,1,1,5,46.3,1.7,19,40,553.65,4,2,Wallet,0,Smart TV,North India,5,0
OTT04027,42,Male,Premium,0,1,1,1,0,1,4,24.7,2.8,12,31,195.26,4,1,Credit Card,1,Smart TV,West India,2,0
OTT04028,20,Male,Basic,1,0,1,0,1,1,4,14.3,0.3,37,47,564.51,3,0,UPI,0,Mobile,West India,1,0
OTT04029,39,Male,Basic,0,0,1,0,1,1,3,7.5,1.3,10,44,777.38,2,2,Credit Card,1,Mobile,North India,3,0
OTT04030,34,Female,Basic,1,1,1,1,0,1,5,69.9,2.4,45,44,99.0,2,0,Debit Card,0,Laptop,South India,5,0
OTT04031,37,Female,Basic,0,1,1,0,0,1,3,11.1,0.3,12,4,984.96,3,0,UPI,0,Mobile,East India,1,0
OTT04032,20,Female,Basic,1,0,0,0,1,0,2,15.0,1.8,39,11,763.09,5,0,Credit Card,1,Tablet,West India,5,0
OTT04033,31,Female,Standard,1,0,0,1,1,1,4,16.6,1.3,57,53,1036.54,2,0,Credit Card,1,Smart TV,West India,1,0
OTT04034,60,Female,Basic,0,0,1,0,1,1,3,14.1,4.1,0,35,778.0,3,3,UPI,1,Mobile,North India,3,0
OTT04035,19,Other,Standard,0,0,0,0,1,1,2,23.5,0.4,9,8,524.72,4,3,Debit Card,1,Mobile,Central India,4,0
OTT04036,57,Female,Basic,1,0,1,1,0,0,3,65.4,3.0,32,14,627.49,1,0,UPI,1,Smart TV,West India,4,0
OTT04037,40,Male,Premium,0,1,1,0,0,0,2,21.5,1.1,35,57,509.55,2,0,Wallet,1,Laptop,North India,3,0
OTT04038,43,Male,Mobile,1,0,1,1,1,1,5,28.0,0.3,31,37,877.06,1,0,UPI,1,Laptop,West India,1,0
OTT04039,58,Female,Mobile,1,1,0,0,1,0,3,33.2,0.9,10,28,426.54,1,0,Debit Card,1,Mobile,East India,4,0
OTT04040,27,Female,Basic,0,1,1,1,1,0,4,37.7,2.7,49,29,739.86,5,0,Credit Card,1,Mobile,East India,2,0
OTT04041,60,Female,Premium,1,1,1,0,0,0,3,24.8,2.6,20,36,966.49,5,1,Wallet,1,Mobile,Central India,4,0
OTT04042,29,Male,Standard,1,1,0,1,1,0,4,13.3,2.2,49,35,709.24,3,2,Credit Card,1,Mobile,North India,5,0
OTT04043,33,Female,Standard,0,1,0,1,0,0,2,33.4,0.7,54,36,667.5,2,0,UPI,1,Smart TV,North India,5,0
OTT04044,37,Male,Basic,1,0,1,1,1,1,5,54.9,4.2,40,19,763.38,4,1,UPI,1,Mobile,West India,5,0
OTT04045,43,Male,Basic,1,0,1,0,0,1,3,7.3,1.5,49,4,454.31,4,2,Credit Card,1,Smart TV,East India,3,0
OTT04046,31,Female,Premium,0,0,0,1,1,0,2,16.1,1.3,9,32,99.0,5,1,Credit Card,1,Laptop,West India,4,0
OTT04047,52,Female,Basic,1,0,1,0,0,0,2,28.9,1.5,16,35,369.21,5,2,UPI,1,Tablet,North India,1,0
OTT04048,18,Male,Standard,1,1,0,0,0,0,2,34.1,0.5,34,31,427.8,2,3,Credit Card,1,Smart TV,Central India,5,1
OTT04049,46,Male,Standard,1,0,1,0,0,1,3,18.3,0.3,25,59,741.51,2,3,UPI,1,Tablet,Central India,5,0
OTT04050,46,Female,Standard,1,0,1,0,1,1,4,37.6,1.3,54,11,394.42,1,1,Credit Card,0,Mobile,South India,1,1
OTT04051,40,Male,Basic,1,0,1,1,1,1,5,44.2,0.2,58,45,430.76,5,1,Debit Card,1,Smart TV,West India,1,0
OTT04052,44,Male,Basic,1,1,1,1,0,0,4,28.9,2.7,9,2,858.8,3,3,UPI,1,Tablet,East India,5,0
OTT04053,50,Female,Mobile,0,0,1,1,0,1,3,36.8,3.7,58,20,757.59,4,1,Credit Card,1,Mobile,West India,4,0
OTT04054,56,Female,Premium,0,1,1,0,1,0,3,21.5,6.2,52,40,984.92,1,4,UPI,0,Mobile,East India,5,0
OTT04055,27,Male,Premium,1,1,1,0,0,1,4,10.7,0.8,16,30,618.97,2,1,Debit Card,1,Mobile,South India,5,0
OTT04056,38,Female,Basic,1,1,0,1,1,1,5,13.0,2.6,5,15,219.88,2,2,UPI,1,Tablet,East India,4,0
OTT04057,42,Female,Premium,0,1,0,0,0,1,2,60.6,0.1,23,29,1246.01,2,0,Credit Card,1,Smart TV,South India,3,0
OTT04058,32,Male,Mobile,1,1,1,1,1,1,6,44.4,2.5,58,32,818.98,1,1,Debit Card,0,Mobile,Central India,5,0
OTT04059,59,Male,Mobile,1,1,1,0,0,0,3,12.4,1.4,1,7,483.73,5,2,Credit Card,0,Mobile,East India,5,0
OTT04060,39,Male,Mobile,1,1,0,1,1,0,4,11.6,2.1,58,2,890.96,5,1,Wallet,1,Tablet,South India,3,1
OTT04061,43,Male,Premium,1,1,1,1,1,1,6,33.9,3.4,14,14,703.94,3,2,Debit Card,0,Smart TV,East India,4,0
OTT04062,26,Female,Mobile,1,0,1,1,1,0,4,87.8,1.1,60,17,990.66,1,2,UPI,1,Laptop,West India,4,0
OTT04063,35,Male,Mobile,0,0,1,1,0,0,2,25.2,2.2,33,32,714.16,3,1,Credit Card,1,Laptop,North India,5,1
OTT04064,44,Other,Basic,1,0,1,0,0,1,3,14.5,2.0,20,3,531.44,5,0,UPI,1,Smart TV,South India,2,0
OTT04065,36,Male,Basic,0,0,0,1,0,0,1,38.8,1.8,39,24,726.31,2,2,Credit Card,1,Mobile,Central India,2,0
OTT04066,51,Female,Standard,1,1,1,0,1,0,4,48.1,0.7,52,18,921.02,3,1,UPI,1,Laptop,East India,3,1
OTT04067,23,Female,Basic,0,0,1,0,1,0,2,33.9,0.6,20,37,427.83,4,3,Credit Card,1,Laptop,North India,1,0
OTT04068,24,Female,Standard,1,0,1,1,0,1,4,31.2,1.1,20,44,664.21,3,2,Wallet,1,Mobile,South India,4,0
OTT04069,32,Female,Premium,1,1,0,1,1,1,5,12.3,2.7,41,45,312.3,5,1,Credit Card,1,Mobile,East India,5,0
OTT04070,31,Female,Basic,0,1,0,0,1,0,2,39.2,1.8,6,38,784.43,1,3,UPI,0,Smart TV,South India,1,0
OTT04071,53,Female,Premium,1,1,0,0,0,1,3,34.2,2.2,42,31,664.4,2,2,UPI,1,Smart TV,South India,4,0
OTT04072,55,Female,Standard,1,0,1,0,1,1,4,19.5,2.1,26,10,826.85,4,1,UPI,1,Mobile,South India,2,0
OTT04073,38,Female,Premium,0,1,1,0,0,1,3,9.9,5.9,17,37,931.37,3,3,Debit Card,1,Mobile,East India,2,0
OTT04074,39,Other,Mobile,0,0,0,0,1,1,2,18.5,2.5,48,8,463.5,4,1,Wallet,1,Smart TV,East India,1,0
OTT04075,30,Male,Premium,0,0,0,0,0,1,1,24.1,0.7,37,26,702.06,5,0,Net Banking,1,Tablet,North India,2,0
OTT04076,40,Male,Standard,0,1,1,1,0,0,3,35.5,1.3,1,8,713.86,4,0,Wallet,1,Laptop,West India,3,0
OTT04077,48,Male,Mobile,0,1,1,1,1,0,4,47.5,2.9,58,17,468.82,4,1,Net Banking,0,Laptop,North India,1,0
OTT04078,49,Female,Standard,0,0,1,0,1,1,3,39.1,0.2,26,51,370.7,1,1,Debit Card,1,Laptop,East India,4,0
OTT04079,59,Male,Basic,1,0,0,0,1,0,2,22.7,1.5,0,1,1077.73,3,1,UPI,1,Mobile,West India,4,0
OTT04080,42,Male,Standard,1,1,0,1,0,0,3,21.6,1.1,36,18,532.45,3,2,UPI,1,Mobile,West India,1,0
OTT04081,32,Female,Standard,0,1,1,1,0,0,3,42.9,0.7,21,6,531.22,3,0,Credit Card,0,Mobile,West India,4,0
OTT04082,20,Male,Standard,0,0,1,0,0,1,2,29.5,0.6,49,60,578.71,5,1,UPI,1,Mobile,South India,3,0
OTT04083,47,Female,Mobile,1,1,0,0,1,1,4,34.0,2.4,41,53,791.55,2,3,Debit Card,1,Mobile,East India,2,1
OTT04084,52,Male,Premium,0,1,0,0,0,1,2,19.6,2.7,15,34,516.68,1,5,Debit Card,1,Mobile,North India,1,0
OTT04085,41,Female,Mobile,1,1,0,0,1,0,3,42.4,1.1,53,11,430.86,1,0,UPI,0,Laptop,West India,1,1
OTT04086,57,Male,Premium,1,0,1,1,1,1,5,16.6,1.2,6,60,692.74,4,2,Debit Card,1,Mobile,South India,2,0
OTT04087,31,Female,Standard,0,1,1,0,0,1,3,65.2,1.4,21,5,847.43,4,1,Credit Card,1,Tablet,North India,4,0
OTT04088,20,Female,Mobile,1,0,0,1,0,1,3,11.4,0.1,12,15,777.91,4,1,UPI,1,Smart TV,South India,5,0
OTT04089,45,Male,Standard,1,0,0,0,0,0,1,25.1,4.6,14,34,475.54,2,0,UPI,1,Fire TV,Central India,5,0
OTT04090,23,Male,Premium,1,0,0,0,1,0,2,10.7,2.3,37,57,344.18,5,0,Net Banking,1,Mobile,North India,2,0
OTT04091,21,Female,Premium,0,0,0,0,0,1,1,32.7,2.9,48,9,379.14,1,1,Wallet,1,Tablet,South India,2,0
OTT04092,48,Female,Mobile,1,1,1,1,0,0,4,45.4,1.1,37,56,742.22,3,0,Wallet,0,Smart TV,East India,4,0
OTT04093,36,Male,Mobile,1,1,0,1,1,0,4,34.1,2.3,2,14,798.21,4,0,Wallet,1,Smart TV,West India,1,0
OTT04094,43,Female,Mobile,0,1,0,0,1,0,2,19.0,0.5,21,11,514.46,2,3,Credit Card,1,Mobile,North India,3,0
OTT04095,50,Male,Standard,1,1,0,0,0,0,2,10.7,2.2,34,59,496.93,2,0,Credit Card,1,Fire TV,South India,2,0
OTT04096,34,Male,Mobile,0,0,1,0,0,1,2,18.9,1.5,31,60,311.78,1,0,Wallet,1,Mobile,West India,5,0
OTT04097,44,Male,Mobile,0,0,0,1,1,1,3,34.6,0.5,29,8,630.77,3,0,UPI,1,Laptop,East India,2,0
OTT04098,41,Male,Basic,1,1,0,1,0,0,3,13.0,4.1,22,22,841.91,5,2,UPI,1,Mobile,West India,4,0
OTT04099,42,Male,Premium,0,1,0,1,1,1,4,8.3,2.4,7,24,460.7,3,0,UPI,0,Smart TV,South India,5,0
OTT04100,48,Male,Basic,1,1,1,0,1,1,5,21.3,6.3,5,9,943.45,3,0,UPI,1,Fire TV,North India,2,0
OTT04101,34,Male,Standard,0,0,0,0,1,1,2,10.9,0.7,0,56,356.13,4,1,UPI,1,Mobile,West India,2,0
OTT04102,39,Male,Mobile,0,1,1,0,1,1,4,28.7,1.3,5,22,427.67,2,2,Credit Card,1,Fire TV,North India,1,0
OTT04103,43,Female,Standard,1,0,0,1,1,0,3,22.8,2.4,46,49,605.88,3,0,Debit Card,1,Smart TV,North India,3,1
OTT04104,24,Female,Standard,0,0,1,1,0,0,2,20.8,0.2,31,5,693.37,5,0,Credit Card,1,Smart TV,North India,5,0
OTT04105,27,Male,Premium,1,1,1,0,1,1,5,69.7,1.8,50,24,580.03,3,0,Wallet,1,Mobile,South India,5,0
OTT04106,21,Male,Standard,0,0,0,0,0,1,1,31.1,2.4,56,36,723.66,4,0,UPI,1,Laptop,Central India,2,0
OTT04107,26,Female,Mobile,1,0,1,0,1,1,4,3.9,0.6,1,12,712.43,3,1,Wallet,1,Smart TV,North India,4,0
OTT04108,36,Female,Basic,1,1,1,0,1,0,4,64.5,1.6,26,36,982.0,1,0,Debit Card,1,Mobile,South India,4,0
OTT04109,58,Female,Mobile,1,1,0,1,1,1,5,25.0,0.9,19,26,669.78,4,3,UPI,0,Smart TV,South India,4,1
OTT04110,57,Male,Basic,1,0,1,1,0,0,3,19.6,2.0,31,20,556.79,4,0,Wallet,1,Mobile,Central India,2,1
OTT04111,50,Male,Premium,0,1,0,1,0,0,2,27.6,2.3,42,24,762.16,1,3,Wallet,0,Smart TV,South India,4,0
OTT04112,41,Male,Basic,1,1,0,1,0,1,4,11.7,1.5,49,19,151.78,5,2,Credit Card,1,Smart TV,West India,1,0
OTT04113,26,Female,Premium,1,1,1,0,0,1,4,22.3,2.7,29,17,264.73,5,0,UPI,1,Smart TV,East India,1,0
OTT04114,33,Male,Mobile,0,1,0,1,1,0,3,41.8,0.5,33,3,901.07,2,0,Credit Card,0,Mobile,West India,4,0
OTT04115,50,Male,Premium,0,1,1,1,0,1,4,20.4,2.7,2,33,498.76,3,3,UPI,0,Laptop,Central India,1,0
OTT04116,57,Male,Premium,0,0,0,1,0,1,2,17.5,4.6,3,40,425.99,2,3,Debit Card,0,Mobile,North India,3,0
OTT04117,59,Female,Standard,1,1,0,0,0,1,3,15.3,0.6,22,57,772.43,5,0,Credit Card,1,Smart TV,South India,2,0
OTT04118,34,Male,Mobile,1,1,0,1,1,1,5,38.3,0.6,22,16,613.33,5,1,UPI,1,Mobile,South India,2,0
OTT04119,38,Female,Premium,0,0,0,1,0,1,2,29.1,3.7,27,27,916.61,3,0,Wallet,1,Tablet,North India,4,0
OTT04120,39,Male,Premium,1,1,1,0,0,0,3,64.6,1.8,1,29,532.92,4,2,UPI,1,Fire TV,West India,1,0
OTT04121,20,Male,Basic,1,1,1,1,1,1,6,59.1,2.5,14,39,1005.62,1,3,UPI,1,Smart TV,North India,4,0
OTT04122,23,Male,Premium,0,1,1,1,0,1,4,21.2,0.9,56,31,551.77,5,1,Debit Card,1,Laptop,North India,3,0
OTT04123,19,Other,Premium,1,0,1,1,1,1,5,33.5,1.1,2,28,909.63,2,0,Credit Card,1,Fire TV,South India,2,0
OTT04124,49,Male,Basic,0,1,0,1,1,0,3,19.2,3.2,59,48,674.09,2,0,Net Banking,0,Laptop,North India,5,1
OTT04125,27,Male,Basic,1,1,1,1,1,1,6,17.4,1.2,43,9,420.66,1,0,UPI,0,Smart TV,Central India,4,1
OTT04126,48,Female,Basic,1,0,0,1,0,0,2,16.7,1.0,13,38,629.2,5,0,Credit Card,1,Laptop,East India,2,0
OTT04127,34,Male,Standard,0,1,0,1,0,1,3,15.7,0.3,49,12,680.12,1,1,UPI,1,Smart TV,West India,1,1
OTT04128,52,Male,Premium,1,1,0,1,0,0,3,41.9,1.1,33,59,622.87,3,1,Net Banking,0,Tablet,South India,4,0
OTT04129,22,Male,Premium,0,1,1,1,0,1,4,17.3,0.6,31,41,430.79,3,2,UPI,1,Mobile,North India,1,0
OTT04130,31,Female,Mobile,1,1,1,0,1,1,5,19.5,0.7,4,38,1051.13,3,1,UPI,0,Tablet,West India,1,0
OTT04131,26,Male,Standard,1,0,1,1,0,1,4,28.8,0.8,36,53,718.14,5,2,UPI,0,Laptop,North India,3,0
OTT04132,36,Female,Standard,0,1,0,1,0,1,3,27.4,2.8,13,22,99.0,2,1,UPI,1,Smart TV,West India,5,0
OTT04133,42,Female,Basic,0,1,0,0,1,1,3,25.9,0.3,20,6,707.14,3,0,Net Banking,1,Laptop,South India,2,0
OTT04134,25,Female,Standard,0,1,1,1,0,0,3,45.9,1.6,5,53,791.95,1,1,UPI,0,Mobile,South India,2,0
OTT04135,46,Male,Standard,1,1,0,0,0,1,3,17.0,1.1,46,56,99.0,4,2,Credit Card,0,Mobile,West India,1,0
OTT04136,59,Female,Basic,0,1,0,0,0,0,1,15.6,1.9,0,31,450.75,3,2,Wallet,1,Tablet,South India,2,0
OTT04137,19,Female,Basic,0,0,1,0,1,1,3,2.7,2.1,37,27,908.88,3,1,UPI,0,Mobile,North India,4,0
OTT04138,21,Female,Premium,0,1,1,1,1,1,5,34.0,0.8,39,12,694.96,5,1,Wallet,1,Tablet,Central India,1,0
OTT04139,58,Male,Basic,1,0,0,1,1,1,4,33.3,2.9,28,15,695.41,2,3,Net Banking,1,Mobile,North India,2,0
OTT04140,45,Female,Basic,1,1,0,1,0,1,4,43.6,4.8,26,34,314.38,2,2,Credit Card,1,Smart TV,North India,5,0
OTT04141,57,Female,Premium,0,1,1,0,1,0,3,21.1,0.5,21,11,410.54,4,0,UPI,0,Mobile,South India,4,0
OTT04142,48,Female,Premium,0,1,1,0,1,0,3,23.1,2.4,42,8,269.5,5,1,Debit Card,0,Smart TV,East India,1,0
OTT04143,48,Male,Standard,0,0,1,0,0,0,1,41.0,1.4,44,17,121.34,2,0,Debit Card,1,Mobile,West India,5,0
OTT04144,24,Female,Basic,1,1,0,1,0,0,3,18.8,1.5,59,21,99.0,1,3,Credit Card,0,Smart TV,South India,2,0
OTT04145,40,Female,Standard,0,0,1,1,0,1,3,24.8,3.0,2,15,1233.32,3,1,Wallet,0,Mobile,South India,5,0
OTT04146,33,Female,Standard,1,0,0,1,0,0,2,45.5,2.3,54,2,445.95,2,2,UPI,0,Fire TV,East India,5,1
OTT04147,53,Female,Basic,0,0,0,0,1,0,1,32.8,1.2,28,20,729.28,3,4,UPI,1,Fire TV,West India,3,0
OTT04148,19,Female,Mobile,1,1,0,0,1,1,4,20.6,3.2,2,5,965.29,2,0,Debit Card,1,Smart TV,South India,1,0
OTT04149,18,Male,Basic,0,1,1,1,0,0,3,40.5,1.4,56,46,691.9,2,3,Credit Card,0,Smart TV,Central India,5,1
OTT04150,41,Male,Standard,1,0,1,1,0,0,3,23.5,0.8,24,14,622.9,2,0,UPI,1,Mobile,North India,5,0
OTT04151,59,Male,Premium,0,1,0,0,0,1,2,41.0,1.7,38,2,750.34,2,0,UPI,0,Smart TV,North India,3,1
OTT04152,60,Female,Standard,0,1,1,1,0,0,3,29.0,3.5,57,38,1223.28,3,3,Credit Card,1,Laptop,South India,2,0
OTT04153,43,Male,Mobile,0,0,1,1,0,1,3,18.3,0.4,40,24,665.53,1,1,Debit Card,1,Smart TV,East India,4,0
OTT04154,36,Female,Basic,0,1,0,0,1,1,3,12.3,2.2,58,30,241.49,5,2,Debit Card,1,Mobile,North India,1,0
OTT04155,29,Other,Standard,0,1,0,1,1,0,3,37.2,0.2,17,38,342.22,4,1,Credit Card,1,Smart TV,South India,1,0
OTT04156,60,Female,Basic,0,1,0,0,0,0,1,39.2,2.5,44,26,384.26,3,5,Debit Card,1,Laptop,South India,1,0
OTT04157,25,Female,Mobile,1,1,0,1,1,1,5,48.8,2.0,6,7,593.69,2,2,Debit Card,1,Mobile,North India,3,0
OTT04158,23,Female,Premium,0,0,0,0,0,1,1,34.6,4.0,15,35,311.7,1,1,UPI,0,Smart TV,West India,3,0
OTT04159,39,Male,Premium,0,1,1,1,0,0,3,22.1,0.5,13,34,482.17,2,0,Credit Card,1,Fire TV,South India,1,0
OTT04160,34,Female,Premium,0,0,1,0,0,1,2,28.4,1.8,26,12,602.17,1,0,UPI,1,Smart TV,Central India,2,0
OTT04161,39,Female,Basic,1,1,0,0,1,0,3,25.6,0.8,5,45,924.52,2,2,Debit Card,0,Mobile,West India,2,0
OTT04162,56,Female,Premium,0,0,1,1,0,0,2,21.7,1.1,17,41,396.95,4,1,Credit Card,0,Smart TV,North India,2,0
OTT04163,29,Male,Standard,1,1,0,1,1,1,5,11.4,4.4,2,41,813.36,4,1,Net Banking,1,Mobile,South India,3,0
OTT04164,55,Male,Standard,1,1,0,0,1,0,3,12.5,1.9,15,33,715.08,4,0,UPI,0,Laptop,South India,2,0
OTT04165,27,Female,Mobile,1,0,1,0,0,1,3,37.9,2.2,3,39,840.85,2,1,Credit Card,1,Smart TV,South India,2,0
OTT04166,31,Female,Mobile,1,0,1,0,0,0,2,15.2,1.1,15,9,99.0,1,1,UPI,1,Mobile,North India,2,0
OTT04167,18,Female,Basic,1,0,0,0,0,0,1,21.0,1.5,52,8,145.75,5,1,UPI,1,Mobile,North India,1,0
OTT04168,47,Male,Premium,0,1,1,0,0,1,3,8.5,3.0,42,34,218.9,1,3,Debit Card,0,Mobile,South India,5,1
OTT04169,54,Female,Standard,0,1,1,0,0,1,3,9.0,4.0,2,46,1024.93,3,1,UPI,0,Mobile,North India,4,0
OTT04170,56,Female,Premium,0,1,1,0,0,1,3,15.4,1.5,42,7,428.89,5,0,Wallet,1,Fire TV,North India,5,0
OTT04171,25,Female,Standard,1,1,1,1,1,1,6,37.1,3.5,57,38,318.68,5,1,Credit Card,0,Tablet,West India,4,0
OTT04172,50,Female,Mobile,0,0,1,1,1,1,4,38.3,1.5,34,41,613.77,3,0,UPI,0,Mobile,South India,1,0
OTT04173,24,Male,Basic,1,1,1,1,1,1,6,27.5,0.8,18,60,1224.46,4,3,Debit Card,0,Mobile,Central India,3,0
OTT04174,45,Male,Mobile,0,0,1,0,0,1,2,16.6,1.8,57,14,456.32,3,1,Wallet,1,Laptop,South India,2,0
OTT04175,48,Female,Premium,1,1,0,0,1,1,4,51.5,0.8,57,48,460.95,3,3,UPI,1,Fire TV,South India,1,0
OTT04176,24,Male,Basic,1,0,1,0,0,1,3,20.8,1.8,46,3,915.57,1,0,Net Banking,1,Smart TV,East India,1,0
OTT04177,22,Female,Basic,1,1,0,0,1,0,3,54.1,0.5,25,47,714.79,5,0,Debit Card,1,Fire TV,West India,5,0
OTT04178,21,Male,Standard,1,1,1,1,1,1,6,30.8,2.4,25,12,646.03,2,6,UPI,0,Mobile,North India,4,0
OTT04179,48,Female,Standard,0,0,1,1,1,1,4,42.0,0.6,16,28,515.2,3,0,UPI,1,Fire TV,West India,3,0
OTT04180,44,Male,Standard,1,1,1,1,1,0,5,42.1,0.8,50,29,728.27,4,1,UPI,1,Smart TV,North India,5,0
OTT04181,23,Female,Mobile,0,1,1,1,0,1,4,7.0,1.0,52,57,99.0,5,2,UPI,1,Laptop,South India,2,0
OTT04182,39,Female,Standard,0,0,0,0,1,1,2,12.3,0.6,14,43,722.7,3,2,UPI,1,Smart TV,South India,1,0
OTT04183,52,Male,Mobile,1,1,0,1,1,0,4,19.9,1.4,25,30,294.83,1,2,UPI,0,Mobile,South India,1,1
OTT04184,28,Female,Standard,1,1,0,0,1,0,3,15.3,0.1,25,23,1054.68,3,0,UPI,1,Smart TV,South India,3,0
OTT04185,44,Female,Standard,0,1,1,1,1,1,5,31.8,1.3,47,59,938.83,3,2,Credit Card,1,Mobile,North India,2,0
OTT04186,30,Female,Basic,0,1,1,1,1,0,4,33.3,0.1,3,22,859.96,4,0,Debit Card,0,Fire TV,East India,1,0
OTT04187,29,Other,Basic,0,0,1,0,0,0,1,18.8,1.9,24,51,1201.21,3,1,UPI,0,Tablet,South India,2,0
OTT04188,34,Female,Mobile,1,0,0,0,0,1,2,17.6,0.5,55,27,1390.13,4,2,UPI,0,Tablet,North India,5,1
OTT04189,33,Female,Basic,0,0,1,0,0,0,1,40.3,2.0,33,12,644.37,3,2,Credit Card,1,Smart TV,East India,2,0
OTT04190,39,Female,Standard,1,0,1,0,1,0,3,17.8,3.4,16,52,656.94,2,0,Net Banking,1,Smart TV,South India,2,0
OTT04191,26,Female,Basic,0,0,0,0,1,0,1,44.4,1.0,57,6,847.42,4,1,Debit Card,0,Tablet,Central India,3,0
OTT04192,34,Female,Mobile,1,1,1,0,1,0,4,27.9,1.6,6,49,818.77,5,3,Credit Card,1,Laptop,South India,4,1
OTT04193,44,Male,Standard,1,0,0,0,1,1,3,28.0,0.4,27,48,99.0,2,1,UPI,1,Laptop,North India,2,0
OTT04194,34,Female,Standard,1,1,0,1,0,1,4,13.5,2.0,47,56,567.15,4,0,Credit Card,1,Tablet,North India,2,1
OTT04195,46,Female,Premium,0,1,0,0,0,1,2,35.8,2.3,23,60,391.64,4,1,UPI,0,Mobile,North India,4,0
OTT04196,22,Male,Premium,1,1,0,1,0,0,3,12.1,0.4,57,48,758.99,1,1,Credit Card,1,Smart TV,North India,2,0
OTT04197,23,Male,Standard,0,0,0,0,0,1,1,35.8,2.4,49,3,769.63,1,3,UPI,0,Mobile,South India,5,1
OTT04198,55,Female,Basic,1,1,1,1,1,0,5,33.2,5.3,51,27,647.72,3,0,UPI,1,Mobile,North India,2,0
OTT04199,37,Female,Standard,0,0,1,0,0,1,2,33.6,1.2,29,50,447.4,5,2,Debit Card,1,Smart TV,North India,4,0
OTT04200,44,Male,Standard,0,0,0,1,0,0,1,33.2,1.0,19,35,491.14,3,1,Credit Card,1,Tablet,Central India,2,0
OTT04201,49,Female,Basic,0,0,1,0,0,1,2,40.3,2.9,44,31,1158.96,1,0,Debit Card,1,Smart TV,East India,4,0
OTT04202,24,Female,Premium,1,0,1,1,0,1,4,31.3,0.9,60,34,99.0,5,0,UPI,1,Mobile,East India,3,0
OTT04203,59,Male,Standard,0,0,1,0,0,0,1,7.1,0.5,35,14,1495.75,5,1,Credit Card,1,Smart TV,Central India,4,0
OTT04204,36,Female,Basic,0,1,0,1,0,1,3,29.5,1.4,16,60,1168.06,5,3,UPI,1,Smart TV,South India,3,0
OTT04205,56,Male,Standard,0,0,1,1,1,1,4,14.6,2.6,57,11,598.62,5,2,Credit Card,1,Mobile,West India,3,0
OTT04206,35,Female,Mobile,1,1,0,0,1,1,4,10.0,1.4,14,45,825.7,2,1,Credit Card,1,Mobile,North India,4,0
OTT04207,35,Male,Premium,0,0,0,1,1,0,2,13.2,1.2,8,5,613.5,2,4,Wallet,1,Laptop,Central India,1,0
OTT04208,43,Female,Basic,0,0,1,0,0,0,1,16.8,2.1,12,33,597.98,4,2,Net Banking,0,Smart TV,Central India,4,0
OTT04209,26,Male,Standard,0,0,1,1,0,1,3,34.2,0.7,12,60,517.89,4,1,Credit Card,1,Mobile,North India,1,0
OTT04210,44,Female,Standard,1,0,0,1,0,0,2,20.9,1.6,0,39,457.47,3,2,UPI,1,Smart TV,East India,4,0
OTT04211,60,Female,Mobile,0,0,1,1,1,1,4,39.9,0.2,17,49,844.01,3,0,Credit Card,1,Fire TV,North India,2,0
OTT04212,45,Male,Standard,0,1,1,0,0,0,2,15.9,2.0,35,58,402.59,5,2,Debit Card,1,Tablet,East India,5,0
OTT04213,21,Female,Basic,1,1,0,1,0,0,3,21.4,3.1,55,36,662.53,5,2,UPI,1,Fire TV,Central India,3,0
OTT04214,48,Female,Basic,1,0,0,0,0,0,1,16.4,3.9,44,12,532.34,1,1,UPI,1,Mobile,North India,2,0
OTT04215,19,Female,Mobile,0,0,1,0,1,1,3,5.6,2.7,44,42,1193.28,4,0,Debit Card,1,Smart TV,West India,5,0
OTT04216,22,Female,Standard,1,0,0,0,0,1,2,25.0,2.3,37,57,949.77,4,0,Credit Card,1,Smart TV,West India,5,0
OTT04217,30,Female,Premium,1,1,1,0,0,1,4,81.6,1.4,50,43,438.35,3,1,UPI,0,Laptop,West India,2,0
OTT04218,31,Female,Mobile,0,0,0,0,1,0,1,10.2,2.4,32,22,1010.53,5,3,Wallet,0,Laptop,West India,3,1
OTT04219,18,Female,Standard,1,1,1,1,1,1,6,35.9,1.5,47,12,756.16,2,2,UPI,0,Smart TV,East India,4,0
OTT04220,18,Male,Premium,1,0,1,1,1,0,4,40.4,0.5,39,21,957.98,3,3,UPI,1,Fire TV,South India,2,0
OTT04221,51,Male,Mobile,0,1,0,0,1,0,2,25.8,3.2,9,45,912.51,1,0,UPI,0,Mobile,North India,2,0
OTT04222,37,Male,Premium,0,0,0,0,1,0,1,11.0,0.2,53,14,243.83,2,2,Debit Card,0,Smart TV,South India,1,1
OTT04223,26,Male,Mobile,1,1,0,0,0,0,2,68.6,1.0,40,16,806.18,5,2,Debit Card,1,Smart TV,East India,1,0
OTT04224,36,Female,Premium,0,0,1,1,0,0,2,32.9,0.8,18,22,630.03,4,0,UPI,1,Smart TV,East India,5,0
OTT04225,47,Male,Standard,0,1,0,1,0,0,2,54.0,1.6,48,17,1191.05,4,1,UPI,0,Laptop,North India,5,0
OTT04226,49,Female,Premium,1,1,0,1,1,1,5,8.1,2.6,29,31,386.4,1,2,UPI,1,Mobile,North India,3,0
OTT04227,30,Male,Basic,0,0,1,1,0,1,3,17.2,2.2,0,41,848.08,1,2,UPI,0,Smart TV,South India,2,0
OTT04228,25,Male,Basic,0,0,0,1,0,1,2,10.3,0.3,55,11,306.87,3,1,UPI,0,Mobile,South India,3,0
OTT04229,59,Female,Premium,1,0,0,0,1,1,3,42.7,0.5,29,50,1255.47,1,3,Debit Card,1,Laptop,North India,5,1
OTT04230,45,Male,Standard,0,0,0,1,0,1,2,8.1,2.3,16,11,809.32,2,1,Wallet,1,Smart TV,Central India,1,0
OTT04231,60,Female,Standard,1,1,1,1,1,1,6,22.6,5.7,29,44,501.11,2,1,Wallet,0,Mobile,North India,1,1
OTT04232,31,Female,Standard,0,0,0,1,0,0,1,21.2,0.9,2,18,1052.94,1,1,Credit Card,0,Smart TV,West India,3,0
OTT04233,22,Female,Standard,1,0,0,1,1,1,4,6.5,0.5,54,36,1143.63,5,0,UPI,1,Smart TV,North India,1,0
OTT04234,34,Female,Mobile,1,1,0,0,1,1,4,34.6,1.1,20,1,762.62,5,0,UPI,1,Smart TV,South India,2,0
OTT04235,32,Female,Mobile,0,0,0,1,0,0,1,31.1,0.4,24,11,592.72,5,1,Credit Card,0,Laptop,South India,2,0
OTT04236,48,Male,Basic,1,0,1,0,0,0,2,16.6,1.3,40,39,321.97,3,4,Credit Card,0,Mobile,South India,2,0
OTT04237,48,Female,Mobile,0,1,1,1,0,0,3,54.0,1.6,30,9,365.21,1,0,UPI,1,Smart TV,South India,4,0
OTT04238,21,Male,Premium,1,1,1,0,1,1,5,7.4,3.0,3,13,286.74,5,1,UPI,1,Smart TV,East India,4,0
OTT04239,43,Male,Basic,0,0,1,1,1,0,3,5.0,2.1,26,46,965.88,5,0,UPI,0,Smart TV,South India,4,0
OTT04240,32,Female,Standard,0,1,1,1,0,1,4,26.5,2.6,11,53,979.77,2,1,Debit Card,1,Fire TV,South India,3,0
OTT04241,44,Female,Mobile,1,0,0,1,1,1,4,13.2,1.3,18,49,337.73,4,3,UPI,0,Laptop,North India,2,0
OTT04242,34,Female,Premium,1,1,0,0,1,1,4,23.2,4.5,26,23,990.77,2,0,Wallet,1,Mobile,Central India,4,0
OTT04243,41,Female,Mobile,0,1,0,1,0,1,3,46.1,0.4,5,35,558.39,5,1,Wallet,1,Smart TV,South India,4,0
OTT04244,48,Female,Mobile,1,1,1,0,0,0,3,9.9,1.3,22,28,479.62,5,0,UPI,1,Laptop,South India,3,0
OTT04245,30,Female,Standard,1,1,1,0,1,0,4,43.0,1.3,12,8,775.16,2,3,Debit Card,1,Smart TV,South India,2,0
OTT04246,26,Male,Mobile,0,0,0,1,1,0,2,10.4,0.8,56,56,621.73,3,3,UPI,1,Mobile,South India,5,0
OTT04247,48,Male,Standard,1,1,0,1,1,1,5,18.6,3.4,26,47,134.52,4,2,Debit Card,1,Mobile,East India,4,0
OTT04248,58,Female,Basic,1,0,0,0,0,0,1,48.2,0.1,32,2,541.41,2,0,UPI,1,Mobile,East India,4,0
OTT04249,37,Female,Standard,0,0,0,0,1,1,2,35.0,0.6,4,1,253.77,5,0,Credit Card,1,Smart TV,West India,2,0
OTT04250,60,Male,Mobile,1,0,0,1,1,1,4,13.8,1.6,54,43,151.73,4,3,Wallet,0,Fire TV,East India,3,1
OTT04251,25,Male,Basic,1,0,0,1,0,0,2,29.3,1.2,7,20,463.79,3,3,Debit Card,1,Smart TV,South India,2,0
OTT04252,53,Male,Standard,0,0,1,1,0,0,2,17.7,1.4,24,31,615.86,1,0,UPI,1,Laptop,Central India,2,0
OTT04253,60,Female,Standard,1,0,1,0,0,0,2,19.2,0.7,40,28,260.57,2,1,UPI,0,Mobile,South India,3,1
OTT04254,30,Male,Premium,1,0,0,1,1,0,3,21.3,1.0,35,39,660.64,4,1,Net Banking,0,Tablet,North India,3,0
OTT04255,24,Male,Basic,1,1,1,0,1,1,5,32.2,2.9,34,50,666.94,1,1,UPI,0,Smart TV,Central India,5,0
OTT04256,46,Male,Standard,1,0,0,0,0,0,1,25.5,2.2,34,59,840.43,1,0,UPI,0,Mobile,Central India,5,0
OTT04257,55,Male,Mobile,0,0,0,0,0,1,1,21.7,1.4,22,15,588.03,3,0,Credit Card,1,Mobile,East India,4,0
OTT04258,21,Female,Standard,1,0,0,0,1,1,3,22.1,2.5,9,8,846.25,1,1,UPI,0,Mobile,East India,2,0
OTT04259,45,Female,Premium,1,1,1,1,1,1,6,27.5,2.9,60,18,870.67,2,1,Debit Card,1,Laptop,North India,5,0
OTT04260,55,Male,Mobile,0,0,1,1,0,0,2,24.8,5.0,0,41,208.5,5,0,Credit Card,1,Tablet,South India,1,0
OTT04261,19,Female,Mobile,1,1,1,1,1,1,6,17.3,2.4,12,18,1137.04,5,0,Debit Card,0,Tablet,North India,2,0
OTT04262,40,Female,Standard,1,1,1,1,0,1,5,28.0,2.8,16,43,991.49,2,2,Wallet,0,Mobile,South India,1,0
OTT04263,21,Female,Premium,0,0,1,0,1,0,2,30.9,0.8,17,13,562.69,3,2,Credit Card,1,Mobile,West India,3,0
OTT04264,25,Male,Standard,1,1,1,1,0,0,4,28.4,2.0,3,28,374.38,5,3,Debit Card,1,Mobile,West India,4,0
OTT04265,38,Male,Basic,0,1,0,1,1,1,4,39.8,1.5,41,7,885.68,1,2,Credit Card,1,Tablet,North India,4,0
OTT04266,32,Female,Standard,1,0,1,0,1,0,3,16.4,2.8,45,11,451.72,3,2,Wallet,1,Mobile,North India,1,0
OTT04267,21,Female,Basic,0,0,1,1,1,0,3,15.9,2.7,11,59,346.67,5,1,Credit Card,0,Smart TV,North India,2,0
OTT04268,52,Male,Premium,1,1,1,0,1,0,4,50.3,2.7,51,11,548.82,1,3,UPI,1,Smart TV,West India,1,1
OTT04269,26,Female,Premium,1,1,1,0,1,0,4,14.2,3.3,20,26,984.81,5,1,Net Banking,0,Smart TV,South India,3,0
OTT04270,55,Male,Premium,1,1,0,0,1,1,4,20.4,2.1,20,26,1059.18,3,1,Credit Card,1,Mobile,South India,4,0
OTT04271,25,Male,Premium,1,1,1,1,1,1,6,5.5,0.8,28,42,1170.92,1,0,Debit Card,0,Smart TV,North India,5,0
OTT04272,40,Male,Premium,0,1,1,0,1,0,3,10.5,2.3,10,41,579.57,1,0,Debit Card,1,Laptop,East India,4,1
OTT04273,49,Female,Mobile,0,1,1,1,1,0,4,18.7,2.8,49,31,603.36,5,3,Debit Card,1,Smart TV,Central India,5,0
OTT04274,38,Male,Premium,1,0,1,1,1,1,5,18.1,2.9,9,33,605.07,1,0,UPI,1,Laptop,Central India,4,0
OTT04275,35,Male,Basic,0,0,0,0,1,1,2,20.9,1.1,51,47,468.88,4,1,Credit Card,1,Smart TV,Central India,5,0
OTT04276,50,Male,Basic,1,0,0,0,0,0,1,57.0,0.2,31,7,459.86,2,1,Net Banking,0,Smart TV,South India,5,0
OTT04277,18,Male,Basic,1,1,0,0,1,0,3,6.9,3.7,13,13,527.39,1,0,Credit Card,1,Smart TV,North India,3,0
OTT04278,53,Male,Basic,1,1,1,0,1,1,5,23.8,1.0,27,4,1175.11,3,2,UPI,0,Fire TV,West India,3,0
OTT04279,47,Female,Basic,1,0,0,0,0,1,2,22.2,1.3,48,19,409.23,4,0,UPI,1,Mobile,South India,2,0
OTT04280,50,Female,Standard,1,1,0,0,1,1,4,62.2,1.1,57,23,711.11,4,2,UPI,1,Smart TV,South India,5,0
OTT04281,36,Male,Mobile,0,1,0,0,0,0,1,37.7,1.7,20,8,818.9,2,2,Credit Card,1,Tablet,West India,3,0
OTT04282,34,Male,Basic,0,0,0,1,1,0,2,17.8,1.2,55,7,1243.21,2,1,UPI,0,Smart TV,West India,3,1
OTT04283,42,Female,Basic,0,0,1,1,0,1,3,49.6,1.6,32,29,733.86,3,0,Wallet,1,Tablet,South India,4,0
OTT04284,45,Male,Standard,1,0,0,1,0,0,2,16.9,0.8,57,9,571.96,2,0,Credit Card,1,Laptop,North India,5,0
OTT04285,57,Male,Standard,1,0,1,1,1,1,5,39.5,3.4,29,44,374.87,4,2,Wallet,1,Smart TV,Central India,4,0
OTT04286,54,Female,Standard,0,1,0,1,0,0,2,53.9,2.2,39,41,399.72,3,1,Debit Card,1,Tablet,Central India,5,1
OTT04287,20,Female,Standard,1,1,1,0,1,1,5,25.5,1.6,43,35,646.79,1,1,Credit Card,0,Tablet,Central India,2,1
OTT04288,24,Male,Standard,0,0,1,0,1,0,2,12.0,0.2,51,29,563.9,3,2,UPI,0,Fire TV,East India,2,1
OTT04289,58,Male,Basic,1,1,1,1,1,1,6,6.5,0.7,29,53,633.54,1,0,UPI,0,Laptop,East India,3,1
OTT04290,34,Male,Standard,1,0,0,1,0,1,3,26.1,2.5,49,39,812.55,5,0,Credit Card,1,Smart TV,South India,4,0
OTT04291,42,Male,Basic,0,0,0,0,0,1,1,38.6,0.7,11,54,466.92,3,1,UPI,0,Mobile,West India,1,0
OTT04292,20,Female,Mobile,0,0,1,0,0,0,1,91.0,2.0,18,21,755.16,1,0,Wallet,0,Tablet,Central India,5,0
OTT04293,22,Female,Premium,0,1,0,0,0,0,1,46.7,1.2,1,32,941.06,2,0,Credit Card,1,Smart TV,East India,2,0
OTT04294,35,Male,Mobile,1,0,1,0,1,0,3,24.4,1.6,37,6,138.63,1,2,UPI,1,Mobile,South India,1,0
OTT04295,48,Male,Premium,1,1,0,1,0,1,4,11.6,1.2,30,30,699.37,1,1,Credit Card,1,Tablet,South India,3,0
OTT04296,51,Male,Mobile,0,1,0,0,1,1,3,22.1,1.3,30,4,1052.12,3,0,UPI,0,Laptop,North India,1,0
OTT04297,56,Male,Standard,0,1,0,0,1,1,3,56.6,2.4,27,23,768.02,1,4,Credit Card,1,Mobile,East India,4,1
OTT04298,26,Female,Basic,0,1,1,0,0,1,3,68.6,2.5,34,2,474.78,3,2,UPI,1,Laptop,West India,2,0
OTT04299,26,Male,Premium,0,0,1,1,1,0,3,16.8,1.7,36,15,822.32,5,2,Credit Card,1,Mobile,South India,3,0
OTT04300,41,Female,Premium,1,1,0,1,0,1,4,20.8,2.5,26,52,503.36,2,2,UPI,1,Mobile,North India,1,0
OTT04301,41,Female,Mobile,1,1,0,0,0,1,3,51.5,0.5,53,44,897.61,1,0,Debit Card,1,Smart TV,North India,1,0
OTT04302,19,Female,Mobile,1,1,1,0,0,1,4,49.7,1.5,15,58,781.96,2,1,UPI,0,Smart TV,South India,3,0
OTT04303,37,Female,Standard,1,1,1,1,1,1,6,17.3,1.1,30,58,1184.4,5,2,Debit Card,1,Laptop,East India,2,0
OTT04304,56,Female,Mobile,0,0,1,0,1,0,2,35.8,1.1,48,9,621.14,5,1,UPI,0,Tablet,Central India,5,0
OTT04305,25,Other,Mobile,0,0,1,0,0,0,1,18.0,1.0,42,11,774.71,3,1,Net Banking,1,Mobile,South India,3,1
OTT04306,53,Male,Premium,0,0,1,1,0,0,2,44.1,3.2,9,57,555.08,2,1,Credit Card,1,Smart TV,South India,5,0
OTT04307,37,Male,Standard,0,1,0,1,0,1,3,24.3,0.6,39,49,680.35,2,0,Credit Card,1,Mobile,West India,4,0
OTT04308,40,Male,Mobile,1,0,0,1,0,0,2,19.6,1.0,16,16,411.75,4,1,Credit Card,1,Mobile,South India,1,0
OTT04309,45,Female,Standard,0,1,1,1,1,1,5,37.7,1.7,30,19,1020.82,2,0,Credit Card,1,Smart TV,North India,4,0
OTT04310,48,Female,Mobile,1,1,0,1,0,0,3,25.4,1.0,49,39,716.62,4,1,UPI,1,Smart TV,North India,5,0
OTT04311,45,Male,Standard,1,1,0,0,1,0,3,37.1,1.0,25,33,659.54,4,0,UPI,1,Smart TV,South India,1,0
OTT04312,22,Female,Mobile,1,0,0,1,1,1,4,12.6,1.1,54,23,905.05,3,0,Credit Card,1,Smart TV,East India,1,0
OTT04313,30,Female,Basic,0,1,0,0,0,1,2,14.3,2.2,34,21,1079.39,3,2,UPI,1,Smart TV,East India,4,1
OTT04314,54,Female,Basic,0,1,1,1,1,0,4,23.0,3.3,57,38,1286.56,2,1,Debit Card,0,Laptop,South India,2,0
OTT04315,19,Male,Premium,0,1,0,0,0,0,1,15.3,2.5,38,56,413.79,3,0,UPI,1,Tablet,North India,1,1
OTT04316,48,Male,Mobile,0,1,1,1,0,0,3,18.7,4.8,58,51,845.66,5,0,UPI,1,Mobile,South India,4,0
OTT04317,40,Female,Standard,0,1,1,1,1,1,5,23.4,4.2,17,45,918.16,1,0,Credit Card,1,Mobile,South India,4,0
OTT04318,23,Male,Basic,0,1,1,1,0,1,4,16.5,0.3,8,52,626.04,3,0,Debit Card,1,Laptop,North India,2,0
OTT04319,23,Female,Standard,1,1,0,1,1,1,5,55.5,3.2,59,4,471.47,2,1,UPI,0,Mobile,Central India,5,1
OTT04320,60,Male,Basic,0,1,1,1,0,0,3,14.7,4.1,32,53,979.28,1,2,Wallet,1,Mobile,West India,2,0
OTT04321,19,Male,Premium,1,1,1,1,0,0,4,22.6,2.2,55,24,395.12,1,0,UPI,1,Smart TV,Central India,3,0
OTT04322,18,Male,Premium,0,1,0,0,1,1,3,22.9,1.3,10,16,765.56,1,1,Credit Card,1,Smart TV,West India,2,0
OTT04323,18,Female,Basic,0,0,0,1,1,1,3,26.0,0.8,54,52,455.53,4,0,UPI,1,Tablet,East India,2,0
OTT04324,45,Male,Basic,0,1,0,0,0,0,1,19.6,2.3,29,47,663.94,5,2,UPI,0,Mobile,West India,3,0
OTT04325,57,Female,Premium,0,0,0,1,1,0,2,39.5,0.5,6,5,216.93,1,0,Debit Card,0,Laptop,South India,3,0
OTT04326,25,Male,Basic,1,0,0,1,1,0,3,41.0,1.6,45,21,360.87,5,1,Net Banking,0,Mobile,East India,1,0
OTT04327,52,Female,Premium,0,1,0,0,0,0,1,16.8,6.8,33,41,143.61,2,1,Wallet,1,Tablet,West India,3,0
OTT04328,48,Male,Premium,1,0,1,1,0,1,4,42.8,0.4,59,11,1397.52,5,2,Credit Card,1,Mobile,West India,4,0
OTT04329,27,Male,Basic,1,1,1,1,0,1,5,16.3,1.7,39,11,247.71,1,1,UPI,1,Mobile,North India,5,0
OTT04330,21,Other,Mobile,1,0,1,1,1,1,5,22.7,2.9,59,19,897.43,2,2,Wallet,1,Smart TV,West India,2,0
OTT04331,38,Female,Basic,0,0,0,0,1,0,1,24.2,1.8,54,19,438.16,3,1,Debit Card,1,Laptop,South India,1,1
OTT04332,21,Female,Standard,1,1,1,1,1,0,5,11.3,2.4,35,21,99.0,2,2,Debit Card,1,Laptop,North India,4,0
OTT04333,22,Female,Standard,0,0,1,0,0,0,1,15.8,0.4,38,48,724.02,5,1,Net Banking,1,Tablet,South India,1,0
OTT04334,38,Male,Standard,1,1,0,0,1,0,3,9.1,4.7,23,34,1372.46,3,0,UPI,1,Smart TV,South India,1,0
OTT04335,53,Female,Standard,1,1,0,1,1,1,5,25.9,1.8,51,27,431.71,2,2,Debit Card,1,Smart TV,South India,5,0
OTT04336,60,Male,Standard,1,0,0,0,0,0,1,11.8,0.5,21,38,1166.39,5,1,Credit Card,1,Smart TV,West India,4,0
OTT04337,44,Female,Mobile,0,0,0,0,0,1,1,53.0,2.8,53,59,1201.5,5,1,Wallet,1,Mobile,North India,2,0
OTT04338,29,Female,Basic,0,0,1,0,0,0,1,18.1,4.6,33,24,349.11,5,2,UPI,1,Mobile,Central India,3,0
OTT04339,32,Female,Mobile,1,0,1,0,0,1,3,36.5,1.2,59,29,166.39,4,3,Credit Card,0,Smart TV,East India,5,0
OTT04340,44,Female,Mobile,0,1,1,0,1,1,4,35.2,1.4,7,50,430.37,2,1,UPI,1,Smart TV,North India,1,0
OTT04341,25,Female,Basic,1,1,0,0,0,0,2,15.7,3.2,18,13,955.2,4,1,UPI,0,Smart TV,Central India,4,1
OTT04342,40,Female,Premium,0,0,0,1,1,0,2,18.4,2.7,23,4,99.0,5,0,UPI,1,Tablet,East India,4,0
OTT04343,51,Male,Basic,1,0,1,1,0,0,3,18.3,0.8,40,37,788.53,3,0,Net Banking,0,Mobile,South India,1,0
OTT04344,54,Female,Basic,1,0,0,0,1,0,2,28.0,0.2,8,53,677.2,2,0,Credit Card,1,Smart TV,South India,4,0
OTT04345,20,Female,Standard,0,1,1,1,0,1,4,83.7,4.7,16,38,465.79,5,0,UPI,0,Mobile,East India,2,0
OTT04346,30,Male,Standard,1,0,1,1,1,1,5,27.2,1.1,3,44,511.85,1,3,Credit Card,1,Smart TV,West India,5,0
OTT04347,28,Female,Standard,1,0,1,1,1,0,4,17.6,0.6,19,11,599.09,5,1,Wallet,0,Mobile,South India,4,0
OTT04348,41,Male,Basic,1,1,1,1,1,0,5,28.6,0.9,58,22,674.98,1,2,UPI,1,Smart TV,North India,5,1
OTT04349,25,Female,Basic,0,1,0,1,1,0,3,11.8,3.7,54,19,1109.61,4,2,Debit Card,1,Fire TV,North India,4,0
OTT04350,58,Female,Basic,1,1,0,0,1,1,4,14.7,0.1,19,37,533.7,3,1,Credit Card,0,Mobile,North India,4,0
OTT04351,57,Male,Basic,1,1,0,0,0,0,2,53.5,3.2,42,16,623.05,1,3,Debit Card,1,Smart TV,South India,5,1
OTT04352,32,Male,Mobile,0,0,0,1,0,0,1,20.7,2.2,28,26,823.33,1,0,Credit Card,1,Smart TV,North India,3,1
OTT04353,35,Female,Standard,1,1,1,0,0,1,4,14.3,1.3,18,9,372.76,2,1,UPI,1,Mobile,North India,1,0
OTT04354,36,Male,Premium,0,0,1,0,0,0,1,10.6,1.7,42,7,1099.72,3,1,Debit Card,1,Mobile,South India,4,0
OTT04355,19,Other,Basic,1,1,1,1,0,1,5,23.2,2.6,21,19,416.65,3,2,Net Banking,1,Mobile,South India,3,0
OTT04356,56,Male,Basic,0,0,1,1,1,1,4,11.1,1.2,31,58,781.9,1,2,UPI,1,Smart TV,South India,4,0
OTT04357,51,Male,Premium,1,1,1,1,1,1,6,44.6,0.9,4,6,575.86,3,1,Debit Card,1,Smart TV,East India,4,1
OTT04358,32,Male,Standard,0,0,1,0,1,0,2,35.1,2.5,54,22,651.29,2,2,Debit Card,1,Smart TV,South India,5,0
OTT04359,41,Female,Standard,0,1,1,0,1,0,3,17.0,1.8,53,33,1209.88,2,1,UPI,1,Tablet,North India,5,0
OTT04360,34,Female,Premium,1,0,0,1,1,1,4,60.1,3.9,55,51,723.24,5,3,Net Banking,1,Fire TV,West India,4,0
OTT04361,27,Female,Standard,1,1,0,0,0,0,2,18.3,3.6,24,3,453.92,4,3,UPI,1,Laptop,North India,5,1
OTT04362,31,Female,Standard,1,0,0,0,1,1,3,20.7,1.3,16,47,389.67,5,2,UPI,1,Smart TV,South India,4,0
OTT04363,22,Female,Basic,0,1,1,1,0,1,4,14.9,1.5,33,44,1003.75,4,0,Net Banking,1,Smart TV,South India,3,0
OTT04364,52,Male,Premium,1,1,1,1,1,1,6,33.5,3.5,26,46,775.17,4,1,Credit Card,1,Laptop,East India,3,0
OTT04365,46,Male,Standard,1,0,1,1,1,0,4,11.8,2.9,20,37,507.88,5,1,Debit Card,1,Laptop,South India,5,0
OTT04366,58,Female,Mobile,0,0,1,0,0,0,1,17.5,2.2,12,3,958.36,1,0,Credit Card,1,Smart TV,North India,3,0
OTT04367,18,Male,Standard,0,0,0,1,1,1,3,16.0,3.2,21,2,419.58,3,1,Net Banking,1,Smart TV,North India,2,1
OTT04368,45,Female,Mobile,0,0,0,1,1,1,3,27.2,0.5,56,51,404.14,5,0,Debit Card,1,Fire TV,Central India,3,0
OTT04369,42,Female,Standard,1,1,0,0,0,0,2,9.8,2.2,43,51,609.03,3,1,Debit Card,0,Smart TV,North India,1,1
OTT04370,44,Female,Mobile,0,0,1,1,0,1,3,21.9,0.8,3,29,565.37,2,0,Credit Card,1,Mobile,North India,4,0
OTT04371,60,Female,Standard,0,0,0,0,1,1,2,44.5,2.7,15,23,157.21,4,1,UPI,1,Laptop,South India,4,0
OTT04372,34,Female,Basic,0,0,0,0,0,1,1,10.9,2.2,49,53,505.32,1,1,UPI,1,Smart TV,North India,5,1
OTT04373,24,Female,Standard,0,1,1,1,0,0,3,34.6,3.2,18,50,806.57,5,0,Wallet,1,Mobile,East India,5,0
OTT04374,18,Female,Standard,1,0,0,0,0,1,2,38.6,3.7,50,24,541.96,2,0,UPI,1,Mobile,South India,2,0
OTT04375,39,Male,Basic,1,1,0,0,0,1,3,21.2,0.6,45,11,639.0,3,0,UPI,0,Fire TV,South India,3,0
OTT04376,25,Male,Basic,0,0,1,1,0,0,2,5.3,2.2,53,39,362.85,1,0,UPI,1,Smart TV,South India,4,0
OTT04377,24,Male,Standard,0,1,1,1,1,0,4,33.8,1.0,57,53,728.64,2,1,Credit Card,1,Smart TV,South India,4,0
OTT04378,24,Female,Standard,1,0,0,1,0,0,2,43.7,2.6,39,19,786.96,4,1,Net Banking,0,Mobile,East India,4,0
OTT04379,29,Female,Premium,0,1,1,1,1,1,5,57.4,1.0,50,10,1042.96,1,5,UPI,0,Mobile,South India,4,1
OTT04380,22,Female,Basic,0,1,0,0,0,0,1,24.7,1.1,31,44,559.32,2,2,Debit Card,0,Fire TV,South India,4,0
OTT04381,38,Male,Standard,0,1,1,0,0,1,3,7.4,1.8,53,4,576.93,5,3,UPI,1,Tablet,East India,2,0
OTT04382,46,Female,Premium,1,0,0,0,0,1,2,33.5,0.5,36,60,827.3,3,1,UPI,1,Laptop,North India,4,0
OTT04383,30,Male,Standard,0,0,0,0,1,1,2,8.2,0.8,5,24,606.73,5,1,Debit Card,1,Laptop,North India,4,0
OTT04384,23,Female,Basic,0,0,1,0,1,1,3,30.7,2.4,11,20,826.2,5,1,Wallet,0,Smart TV,South India,2,0
OTT04385,42,Male,Basic,1,0,1,1,1,1,5,36.7,4.3,27,60,854.43,1,0,Debit Card,1,Mobile,West India,1,0
OTT04386,21,Female,Premium,1,1,1,1,0,1,5,45.2,0.3,10,20,350.4,3,0,Wallet,1,Smart TV,West India,1,0
OTT04387,49,Female,Basic,1,0,0,1,0,0,2,17.8,1.0,11,12,337.12,5,1,Net Banking,1,Tablet,North India,1,0
OTT04388,34,Male,Basic,0,1,0,1,0,0,2,12.9,2.1,48,45,487.21,2,1,Wallet,1,Smart TV,North India,2,1
OTT04389,35,Male,Standard,1,1,1,1,0,0,4,25.0,0.4,3,35,167.52,1,0,UPI,1,Smart TV,East India,4,0
OTT04390,28,Male,Basic,0,1,1,0,0,1,3,9.8,1.3,33,29,1169.68,3,2,UPI,0,Fire TV,West India,2,1
OTT04391,30,Male,Standard,0,0,0,0,1,1,2,18.9,1.9,45,2,292.98,3,0,Debit Card,1,Laptop,South India,5,0
OTT04392,24,Male,Premium,1,1,1,1,0,0,4,15.8,1.6,56,17,973.12,4,1,Debit Card,1,Mobile,North India,3,0
OTT04393,41,Male,Premium,1,0,1,0,1,0,3,40.6,1.1,24,42,361.46,3,0,UPI,0,Mobile,Central India,1,0
OTT04394,24,Male,Standard,0,0,1,1,1,1,4,51.0,0.5,16,59,951.72,3,2,Debit Card,1,Tablet,South India,4,0
OTT04395,47,Male,Premium,1,1,0,0,0,0,2,32.1,6.1,42,3,981.49,1,0,UPI,1,Smart TV,South India,3,0
OTT04396,29,Female,Standard,1,1,1,0,0,0,3,37.8,0.9,17,4,164.32,1,1,Credit Card,0,Tablet,East India,5,0
OTT04397,42,Male,Premium,1,0,0,0,0,1,2,25.1,2.7,6,3,618.82,1,3,UPI,1,Tablet,South India,5,0
OTT04398,41,Male,Premium,1,0,0,1,1,1,4,23.9,2.4,31,53,1128.64,1,0,Wallet,1,Fire TV,North India,2,0
OTT04399,45,Female,Premium,1,0,1,0,0,0,2,8.4,1.3,17,34,678.57,4,1,UPI,1,Smart TV,West India,4,0
OTT04400,50,Male,Basic,1,0,1,1,1,0,4,28.9,1.1,4,4,902.87,5,1,Credit Card,0,Laptop,South India,4,0
OTT04401,42,Female,Mobile,1,0,1,0,1,1,4,36.4,0.5,38,40,723.1,2,1,UPI,1,Smart TV,North India,3,1
OTT04402,54,Female,Mobile,1,0,0,1,1,1,4,20.3,3.0,45,39,898.98,1,2,Debit Card,1,Laptop,Central India,2,0
OTT04403,29,Female,Standard,0,0,0,0,0,1,1,20.8,3.1,57,9,1004.4,4,3,Wallet,1,Smart TV,South India,3,0
OTT04404,50,Female,Premium,0,0,1,0,0,1,2,5.7,1.4,10,22,598.44,1,0,Net Banking,1,Smart TV,South India,1,0
OTT04405,32,Female,Premium,0,1,0,0,1,1,3,21.1,1.0,48,20,651.3,1,2,UPI,1,Smart TV,South India,4,0
OTT04406,45,Female,Premium,0,0,0,1,1,1,3,40.8,0.7,34,41,562.47,3,0,Debit Card,1,Tablet,North India,4,0
OTT04407,39,Female,Premium,0,1,1,1,1,1,5,28.1,1.5,12,30,303.39,1,1,Debit Card,0,Smart TV,South India,2,0
OTT04408,57,Male,Standard,1,0,1,0,1,0,3,22.6,0.8,6,40,846.73,1,2,Credit Card,1,Mobile,North India,3,0
OTT04409,29,Female,Basic,1,1,1,1,1,0,5,11.5,1.8,9,36,672.69,2,2,Credit Card,1,Laptop,West India,2,0
OTT04410,40,Female,Standard,1,0,0,0,1,0,2,17.5,2.0,24,18,1002.76,5,2,UPI,0,Smart TV,Central India,5,0
OTT04411,25,Female,Mobile,0,1,1,1,0,0,3,15.5,2.0,43,2,1194.91,3,1,Credit Card,1,Mobile,North India,1,0
OTT04412,45,Male,Standard,1,0,0,0,0,0,1,12.4,0.7,34,22,499.63,4,1,UPI,1,Mobile,East India,4,0
OTT04413,19,Male,Standard,1,0,0,1,1,1,4,28.0,0.8,11,29,534.64,2,3,Debit Card,0,Mobile,West India,3,0
OTT04414,35,Female,Mobile,0,0,1,1,0,0,2,17.9,1.4,32,45,476.73,5,3,Net Banking,1,Smart TV,East India,5,0
OTT04415,18,Male,Standard,0,0,1,0,0,1,2,38.6,2.9,23,49,1056.1,5,2,Wallet,0,Fire TV,Central India,5,0
OTT04416,32,Female,Standard,0,1,1,1,0,1,4,22.7,2.0,59,1,265.33,5,2,Wallet,1,Mobile,West India,5,1
OTT04417,38,Male,Standard,1,0,0,0,1,1,3,61.4,0.7,54,56,746.24,2,0,Net Banking,1,Laptop,South India,3,0
OTT04418,32,Male,Premium,0,0,0,1,0,0,1,17.7,2.0,40,23,234.2,2,4,UPI,1,Smart TV,Central India,3,1
OTT04419,34,Male,Basic,0,0,0,0,0,1,1,44.0,0.1,45,50,1062.35,1,0,Credit Card,0,Mobile,South India,4,1
OTT04420,24,Female,Standard,0,1,0,1,1,0,3,49.0,2.5,32,12,854.11,4,0,UPI,1,Fire TV,Central India,2,0
OTT04421,48,Female,Basic,0,1,0,0,0,1,2,16.7,3.2,37,53,473.23,4,0,Credit Card,0,Mobile,South India,3,0
OTT04422,52,Female,Basic,0,1,0,0,0,1,2,21.7,1.1,39,30,1154.31,3,3,Wallet,1,Fire TV,West India,1,1
OTT04423,37,Female,Standard,0,0,1,1,0,1,3,18.7,1.6,55,40,426.54,1,0,Credit Card,1,Mobile,West India,5,0
OTT04424,20,Female,Standard,1,0,1,0,0,0,2,16.2,0.8,45,13,684.26,2,1,Credit Card,1,Smart TV,North India,5,0
OTT04425,20,Female,Premium,1,1,0,0,1,0,3,32.9,0.6,50,55,99.0,3,0,Wallet,1,Fire TV,North India,5,0
OTT04426,47,Male,Mobile,1,0,1,1,0,0,3,35.1,2.9,58,42,825.56,3,3,Credit Card,0,Mobile,West India,5,0
OTT04427,57,Female,Standard,0,1,1,0,0,0,2,15.3,0.8,14,17,550.61,3,1,UPI,1,Smart TV,Central India,2,0
OTT04428,55,Female,Premium,1,0,0,0,0,1,2,15.2,1.6,8,48,587.35,5,2,Wallet,1,Smart TV,East India,5,0
OTT04429,35,Male,Premium,0,0,0,0,1,1,2,23.1,2.2,53,12,380.02,1,0,Credit Card,0,Laptop,Central India,4,0
OTT04430,39,Female,Basic,1,0,0,0,0,0,1,22.7,1.8,43,18,341.35,1,0,Debit Card,1,Laptop,West India,2,0
OTT04431,25,Male,Mobile,0,0,1,0,1,0,2,8.4,0.5,8,12,496.85,2,3,Debit Card,1,Laptop,East India,5,1
OTT04432,21,Female,Standard,1,1,1,1,0,1,5,33.4,1.4,0,34,1010.8,5,1,UPI,1,Tablet,North India,3,0
OTT04433,50,Female,Premium,1,0,0,1,1,1,4,7.6,2.5,23,46,764.54,5,2,Wallet,1,Smart TV,West India,3,0
OTT04434,36,Male,Basic,1,1,0,0,0,1,3,14.3,1.4,0,29,406.76,2,1,Debit Card,1,Mobile,West India,1,0
OTT04435,39,Female,Standard,1,1,0,0,0,1,3,25.6,1.5,44,40,99.0,3,0,UPI,0,Fire TV,North India,1,0
OTT04436,32,Female,Premium,0,0,1,1,1,0,3,33.1,2.7,43,15,1199.18,1,2,UPI,1,Smart TV,South India,3,0
OTT04437,31,Female,Basic,1,1,1,0,0,1,4,13.7,2.3,27,47,99.0,2,0,UPI,1,Fire TV,North India,3,0
OTT04438,60,Female,Standard,1,0,0,1,0,0,2,21.3,1.1,33,45,966.82,5,3,Credit Card,1,Smart TV,South India,2,0
OTT04439,53,Male,Premium,0,1,0,0,1,0,2,17.9,3.7,42,55,788.44,3,2,UPI,1,Mobile,North India,1,0
OTT04440,47,Male,Basic,1,0,1,0,0,0,2,3.2,0.9,48,18,594.4,1,0,Credit Card,0,Tablet,East India,1,1
OTT04441,34,Male,Basic,0,0,0,0,1,0,1,18.4,1.1,51,16,489.22,4,1,UPI,1,Smart TV,Central India,2,0
OTT04442,49,Male,Basic,0,1,0,0,0,1,2,12.1,1.6,23,36,864.4,5,0,UPI,1,Mobile,West India,1,0
OTT04443,32,Male,Standard,1,1,0,1,1,1,5,22.8,2.2,25,5,956.31,2,2,Credit Card,1,Tablet,West India,4,0
OTT04444,40,Female,Mobile,0,1,1,1,1,1,5,10.9,3.4,9,52,958.82,4,1,UPI,1,Mobile,Central India,1,0
OTT04445,24,Male,Mobile,0,0,0,0,0,1,1,17.6,1.1,18,25,962.12,4,0,Credit Card,1,Mobile,Central India,3,0
OTT04446,48,Female,Basic,1,0,0,0,1,1,3,21.3,1.6,39,40,227.14,5,0,Credit Card,1,Smart TV,North India,3,1
OTT04447,20,Male,Standard,1,0,0,1,1,0,3,23.9,3.8,47,15,459.38,5,0,Credit Card,1,Laptop,North India,2,0
OTT04448,49,Male,Premium,1,1,0,0,1,0,3,20.0,2.8,31,24,472.78,4,1,UPI,1,Mobile,South India,2,1
OTT04449,43,Female,Standard,1,1,1,0,0,0,3,42.9,2.0,13,31,666.32,4,0,UPI,0,Smart TV,North India,1,0
OTT04450,20,Other,Standard,0,0,0,0,1,0,1,26.6,1.8,18,32,729.73,1,1,UPI,1,Smart TV,Central India,3,0
OTT04451,39,Female,Premium,1,0,1,1,1,1,5,31.7,0.4,29,42,950.04,2,1,Credit Card,0,Fire TV,West India,2,0
OTT04452,27,Male,Standard,1,1,1,1,1,1,6,21.6,2.2,28,54,642.51,4,1,UPI,0,Fire TV,South India,3,0
OTT04453,38,Female,Standard,1,1,1,0,0,1,4,1.6,1.2,56,48,869.25,5,1,Credit Card,0,Smart TV,South India,5,0
OTT04454,18,Male,Mobile,1,1,0,1,0,1,4,10.3,3.1,33,39,551.24,4,2,Debit Card,0,Smart TV,Central India,3,0
OTT04455,49,Female,Basic,0,1,0,1,1,0,3,9.3,1.7,48,3,1226.54,2,2,Debit Card,1,Smart TV,North India,1,1
OTT04456,39,Female,Basic,0,1,1,0,0,0,2,19.8,0.5,12,33,472.24,1,1,Net Banking,1,Smart TV,West India,2,0
OTT04457,33,Male,Standard,0,0,1,0,0,1,2,48.0,0.7,14,7,467.46,3,0,Debit Card,1,Mobile,East India,3,0
OTT04458,55,Female,Premium,0,1,0,1,1,0,3,25.9,5.1,44,25,725.21,1,1,UPI,0,Smart TV,North India,1,0
OTT04459,45,Female,Basic,0,0,0,0,1,0,1,37.4,2.3,24,58,974.94,4,3,UPI,1,Fire TV,South India,1,0
OTT04460,44,Male,Mobile,1,1,0,0,1,1,4,12.9,1.1,37,46,434.11,2,2,UPI,1,Smart TV,South India,2,0
OTT04461,24,Male,Premium,0,0,1,0,1,1,3,23.9,1.8,23,13,568.42,4,2,UPI,1,Tablet,North India,2,0
OTT04462,39,Female,Premium,0,1,0,1,1,0,3,43.2,1.4,4,11,549.51,1,2,Debit Card,1,Laptop,West India,3,0
OTT04463,48,Male,Standard,0,0,0,1,1,0,2,37.8,3.1,22,17,362.71,2,1,Credit Card,1,Smart TV,South India,2,0
OTT04464,57,Male,Mobile,1,1,1,1,1,1,6,16.0,2.5,30,43,496.79,1,0,Credit Card,1,Mobile,North India,2,0
OTT04465,43,Male,Standard,0,1,1,0,0,0,2,21.6,6.7,35,19,459.42,2,0,Credit Card,1,Smart TV,West India,4,0
OTT04466,25,Female,Basic,0,0,1,1,0,0,2,39.1,2.0,16,34,1023.55,5,1,UPI,1,Laptop,West India,1,0
OTT04467,47,Male,Standard,1,0,0,0,1,0,2,15.2,0.6,27,31,697.25,2,2,UPI,1,Mobile,Central India,1,0
OTT04468,21,Female,Standard,0,1,1,1,0,1,4,20.7,0.3,54,6,510.24,5,1,Net Banking,1,Laptop,West India,2,1
OTT04469,31,Female,Standard,1,1,1,1,1,1,6,6.1,0.2,30,40,1174.75,3,1,UPI,0,Mobile,West India,5,1
OTT04470,57,Male,Basic,1,0,0,0,1,0,2,35.7,2.9,27,51,1159.44,3,1,UPI,1,Smart TV,North India,1,0
OTT04471,52,Male,Premium,1,1,1,1,0,1,5,34.5,1.7,19,28,1133.64,4,3,Wallet,1,Tablet,North India,4,0
OTT04472,56,Female,Basic,0,0,0,1,1,0,2,6.7,1.4,8,35,525.92,3,2,Net Banking,1,Mobile,East India,5,0
OTT04473,33,Male,Mobile,0,1,0,1,1,1,4,20.7,0.8,58,43,940.65,3,0,UPI,1,Mobile,North India,3,1
OTT04474,47,Male,Premium,0,1,0,0,0,0,1,40.9,1.5,40,37,1251.58,2,1,Debit Card,1,Mobile,South India,3,0
OTT04475,48,Male,Basic,1,1,0,0,0,1,3,11.3,2.5,9,20,541.13,5,1,Credit Card,0,Tablet,North India,5,0
OTT04476,28,Female,Standard,1,1,0,0,1,1,4,27.4,1.4,16,35,590.75,1,1,UPI,1,Mobile,West India,5,0
OTT04477,58,Female,Basic,1,0,0,0,1,1,3,17.7,3.2,53,33,529.01,5,0,UPI,0,Mobile,Central India,1,0
OTT04478,59,Female,Mobile,0,0,0,1,1,0,2,40.5,4.4,58,55,712.21,4,1,UPI,1,Smart TV,South India,1,0
OTT04479,22,Male,Basic,1,1,1,0,0,1,4,5.8,1.8,33,56,1161.81,3,2,Debit Card,1,Smart TV,Central India,3,1
OTT04480,50,Male,Standard,1,1,1,1,1,1,6,6.2,1.3,2,33,669.38,2,2,Wallet,0,Tablet,Central India,3,0
OTT04481,37,Female,Basic,0,0,1,0,1,1,3,15.0,1.2,50,55,493.5,2,0,Debit Card,1,Tablet,South India,4,0
OTT04482,46,Male,Premium,0,1,1,1,0,0,3,23.4,1.7,8,46,623.37,2,2,UPI,1,Smart TV,East India,3,0
OTT04483,41,Other,Standard,1,0,1,1,0,1,4,23.7,1.8,38,26,981.91,2,0,Credit Card,1,Tablet,South India,1,1
OTT04484,27,Female,Premium,0,1,1,0,0,0,2,7.3,2.0,60,33,99.0,1,2,UPI,0,Tablet,East India,2,1
OTT04485,22,Male,Premium,0,1,1,1,1,1,5,29.4,0.4,1,37,758.87,1,1,UPI,0,Smart TV,East India,2,0
OTT04486,40,Female,Standard,0,1,0,1,0,0,2,32.9,1.9,57,49,587.1,3,2,UPI,1,Laptop,Central India,2,0
OTT04487,54,Female,Basic,1,0,1,1,0,1,4,23.7,1.9,3,11,468.38,4,1,Credit Card,1,Laptop,West India,5,0
OTT04488,53,Female,Premium,0,0,0,1,0,0,1,41.0,2.4,3,48,158.17,5,2,Credit Card,0,Laptop,North India,4,0
OTT04489,29,Male,Basic,0,0,1,0,0,1,2,30.6,2.7,34,57,822.94,2,0,UPI,1,Smart TV,South India,4,0
OTT04490,54,Female,Mobile,0,1,1,0,0,1,3,17.5,3.3,23,60,567.88,5,1,UPI,1,Smart TV,West India,5,0
OTT04491,33,Male,Standard,0,1,1,0,1,0,3,48.1,2.0,14,2,778.05,4,0,Credit Card,0,Laptop,West India,2,0
OTT04492,42,Female,Mobile,1,1,0,1,1,1,5,52.5,2.7,57,36,334.07,1,3,Net Banking,1,Mobile,West India,5,1
OTT04493,31,Male,Standard,1,1,1,1,1,1,6,27.7,2.0,23,30,117.93,2,1,Credit Card,1,Mobile,East India,3,0
OTT04494,40,Male,Premium,0,0,0,1,0,0,1,13.1,3.3,16,22,307.74,3,0,UPI,0,Smart TV,East India,4,0
OTT04495,40,Female,Standard,0,0,0,1,0,1,2,40.2,1.5,46,35,587.23,1,1,UPI,0,Laptop,West India,3,1
OTT04496,48,Female,Basic,0,0,1,0,0,1,2,9.8,1.1,52,55,141.49,3,0,Net Banking,1,Laptop,West India,4,0
OTT04497,38,Male,Mobile,0,1,0,1,1,0,3,13.7,1.7,39,1,690.43,1,1,UPI,1,Mobile,East India,5,1
OTT04498,40,Female,Basic,1,1,0,0,0,1,3,37.3,3.8,31,40,1116.72,2,1,UPI,1,Laptop,North India,2,0
OTT04499,46,Male,Mobile,1,1,1,1,0,1,5,12.6,1.1,25,15,99.0,2,1,Wallet,0,Mobile,South India,1,0
OTT04500,35,Female,Standard,0,1,1,0,1,1,4,45.8,3.7,49,37,451.0,2,2,Credit Card,1,Laptop,West India,3,0
OTT04501,40,Female,Standard,0,0,1,0,0,0,1,13.1,2.1,39,46,601.32,1,0,UPI,0,Tablet,East India,2,1
OTT04502,21,Male,Standard,0,0,1,0,1,1,3,19.3,2.9,40,45,595.7,4,3,UPI,1,Smart TV,Central India,5,0
OTT04503,55,Female,Standard,0,1,1,1,0,0,3,18.2,2.2,60,8,1016.92,1,0,UPI,1,Mobile,East India,3,1
OTT04504,23,Other,Basic,0,0,1,0,1,1,3,32.8,1.8,49,31,530.36,2,1,UPI,1,Mobile,West India,5,0
OTT04505,55,Female,Mobile,0,1,0,0,1,0,2,32.4,1.1,47,43,567.84,4,2,UPI,1,Smart TV,South India,5,0
OTT04506,50,Female,Standard,1,1,0,0,0,1,3,17.9,6.3,21,43,547.19,4,2,Credit Card,1,Smart TV,North India,3,0
OTT04507,58,Female,Basic,0,0,0,1,1,1,3,30.3,0.5,47,24,784.7,2,1,UPI,0,Smart TV,East India,2,0
OTT04508,19,Female,Basic,1,1,0,0,0,0,2,25.6,3.1,60,60,1110.67,1,3,UPI,1,Laptop,East India,4,1
OTT04509,27,Male,Standard,1,0,1,1,0,1,4,34.1,0.4,42,14,650.64,4,4,UPI,0,Laptop,East India,5,1
OTT04510,20,Female,Basic,0,0,1,0,1,0,2,31.5,4.2,24,43,1078.83,5,1,UPI,1,Fire TV,West India,3,0
OTT04511,35,Male,Mobile,1,1,0,0,1,0,3,13.0,2.5,0,14,676.5,1,1,Debit Card,1,Smart TV,Central India,5,0
OTT04512,56,Male,Standard,1,0,0,1,1,0,3,45.9,0.8,2,46,296.16,4,0,Net Banking,1,Mobile,Central India,1,0
OTT04513,50,Male,Basic,1,1,0,1,1,1,5,6.7,0.9,18,22,961.77,3,0,Net Banking,1,Mobile,East India,5,0
OTT04514,48,Female,Standard,1,0,0,0,0,1,2,19.2,1.7,46,43,643.75,2,0,Credit Card,1,Smart TV,South India,4,0
OTT04515,54,Male,Mobile,0,1,0,0,0,0,1,30.4,0.3,6,6,1050.47,5,0,UPI,1,Smart TV,South India,1,0
OTT04516,18,Male,Premium,0,1,0,0,0,1,2,22.4,3.3,13,39,880.93,4,3,Credit Card,1,Mobile,South India,1,0
OTT04517,51,Male,Basic,1,1,0,0,0,1,3,21.1,1.0,22,35,911.05,2,0,Credit Card,1,Smart TV,South India,4,0
OTT04518,31,Male,Mobile,0,1,0,0,0,1,2,19.0,0.6,5,39,436.44,3,2,Debit Card,1,Smart TV,North India,1,0
OTT04519,47,Female,Mobile,1,1,1,1,0,0,4,17.6,2.9,36,58,380.75,2,2,Credit Card,1,Mobile,Central India,5,0
OTT04520,50,Male,Premium,0,1,1,0,0,0,2,43.1,0.3,41,60,638.87,2,0,Debit Card,1,Tablet,West India,3,0
OTT04521,47,Male,Standard,0,0,0,1,0,0,1,21.3,1.5,1,32,270.05,4,2,Debit Card,0,Smart TV,South India,1,0
OTT04522,35,Female,Standard,1,0,0,0,1,1,3,21.3,0.7,47,40,347.2,2,0,Wallet,0,Smart TV,Central India,5,0
OTT04523,44,Male,Premium,1,1,0,1,0,1,4,14.8,2.2,7,7,439.7,2,3,Debit Card,1,Tablet,North India,5,0
OTT04524,38,Male,Basic,1,1,1,1,0,1,5,31.9,3.3,38,3,306.62,3,2,Wallet,1,Mobile,East India,2,0
OTT04525,45,Female,Standard,0,0,1,1,1,1,4,9.5,0.3,3,23,619.66,2,1,Debit Card,0,Fire TV,West India,5,0
OTT04526,37,Female,Standard,1,0,1,0,0,1,3,57.7,3.3,14,13,656.0,3,0,Wallet,1,Mobile,Central India,4,0
OTT04527,34,Male,Premium,1,0,1,1,0,1,4,13.0,1.4,38,32,502.52,1,1,Credit Card,0,Tablet,West India,5,0
OTT04528,26,Female,Basic,1,1,0,1,1,0,4,21.1,0.6,12,17,300.44,2,0,Debit Card,0,Tablet,East India,1,0
OTT04529,34,Female,Premium,0,1,0,1,0,0,2,28.3,0.6,45,25,417.16,2,3,Wallet,1,Tablet,Central India,3,0
OTT04530,49,Female,Standard,1,0,0,0,1,1,3,38.5,1.4,19,41,713.69,5,1,UPI,1,Smart TV,South India,5,0
OTT04531,55,Male,Premium,0,1,1,1,1,0,4,18.6,0.3,53,26,580.47,2,0,Credit Card,1,Laptop,South India,1,0
OTT04532,22,Female,Mobile,0,0,1,0,0,1,2,16.4,1.4,41,10,678.11,5,0,UPI,0,Fire TV,South India,1,0
OTT04533,25,Female,Basic,0,0,1,1,1,1,4,24.5,1.5,21,30,399.19,2,1,Credit Card,1,Fire TV,South India,2,0
OTT04534,39,Female,Mobile,1,1,0,0,1,0,3,15.2,2.3,3,54,766.47,4,2,UPI,1,Fire TV,West India,2,0
OTT04535,48,Female,Premium,0,0,1,0,1,1,3,19.9,3.1,46,48,868.1,4,0,Debit Card,1,Mobile,East India,4,0
OTT04536,25,Female,Basic,0,0,0,0,0,1,1,48.9,2.4,52,11,283.44,4,0,UPI,1,Smart TV,West India,3,0
OTT04537,31,Female,Standard,1,0,1,1,1,0,4,12.9,3.8,28,50,521.45,3,4,UPI,0,Tablet,North India,2,0
OTT04538,20,Male,Mobile,1,1,1,0,1,1,5,4.9,0.7,58,51,185.67,4,1,Debit Card,0,Smart TV,South India,5,0
OTT04539,20,Male,Basic,0,0,1,0,0,1,2,14.3,2.1,24,40,879.77,4,1,UPI,0,Smart TV,Central India,3,0
OTT04540,24,Female,Basic,1,0,0,1,1,0,3,9.4,2.2,53,55,1272.43,2,1,Credit Card,1,Tablet,East India,1,1
OTT04541,49,Male,Standard,1,0,0,0,0,0,1,31.2,3.7,7,35,902.51,2,1,Credit Card,1,Mobile,North India,2,0
OTT04542,55,Female,Basic,0,0,0,0,0,1,1,16.4,2.2,25,60,608.4,2,1,Credit Card,1,Fire TV,North India,3,0
OTT04543,39,Female,Standard,1,1,1,1,1,1,6,40.8,0.9,44,8,693.82,1,1,UPI,0,Mobile,West India,2,0
OTT04544,25,Female,Standard,1,1,0,1,0,0,3,19.6,1.6,32,1,809.46,1,1,Net Banking,1,Tablet,West India,4,0
OTT04545,57,Male,Premium,0,0,0,1,1,0,2,9.5,2.1,32,26,295.79,2,1,Debit Card,1,Smart TV,West India,1,0
OTT04546,29,Female,Standard,1,0,0,0,1,0,2,38.0,0.4,31,29,664.91,1,1,UPI,1,Smart TV,East India,1,0
OTT04547,24,Female,Standard,1,1,1,1,1,1,6,13.3,4.1,6,35,642.86,3,1,Debit Card,1,Laptop,South India,4,0
OTT04548,23,Female,Standard,0,0,0,1,0,1,2,4.9,1.6,36,48,586.62,2,0,UPI,1,Tablet,West India,4,1
OTT04549,33,Female,Mobile,1,1,1,1,0,0,4,27.6,5.2,1,47,530.42,1,1,UPI,1,Tablet,Central India,5,0
OTT04550,49,Male,Standard,1,0,0,0,0,1,2,14.7,0.5,52,56,674.16,1,1,UPI,0,Laptop,West India,1,0
OTT04551,35,Female,Premium,0,0,0,0,1,0,1,28.8,0.8,23,18,367.41,2,0,Credit Card,1,Fire TV,South India,3,0
OTT04552,37,Male,Mobile,0,1,1,1,1,0,4,35.0,2.3,52,31,438.37,2,0,Credit Card,0,Laptop,South India,3,0
OTT04553,32,Female,Mobile,0,1,0,0,0,0,1,25.8,1.2,20,38,726.6,3,1,UPI,0,Smart TV,Central India,2,1
OTT04554,58,Male,Standard,1,1,0,1,1,0,4,15.2,3.0,18,15,637.02,2,0,Wallet,1,Laptop,North India,2,0
OTT04555,47,Male,Premium,1,0,1,0,0,0,2,38.8,1.7,39,33,653.42,5,1,Credit Card,0,Smart TV,East India,5,0
OTT04556,46,Male,Basic,1,0,1,0,1,1,4,12.5,1.6,6,21,920.91,5,2,Net Banking,1,Smart TV,North India,4,0
OTT04557,36,Male,Premium,1,0,1,0,1,1,4,28.9,1.6,30,23,620.37,2,2,Debit Card,0,Smart TV,East India,2,1
OTT04558,40,Female,Basic,1,0,1,1,1,0,4,32.1,0.6,33,25,590.04,5,2,UPI,1,Smart TV,West India,3,0
OTT04559,56,Female,Basic,0,0,0,0,1,0,1,23.1,1.7,16,30,831.96,2,0,UPI,1,Tablet,South India,1,0
OTT04560,46,Male,Premium,1,0,1,0,1,1,4,34.5,0.7,2,48,1144.08,2,0,Credit Card,0,Laptop,West India,4,1
OTT04561,52,Male,Basic,1,1,1,1,1,1,6,25.9,5.3,51,5,517.9,2,0,UPI,1,Mobile,East India,5,0
OTT04562,19,Female,Standard,1,0,0,0,0,1,2,28.0,0.2,41,57,776.64,1,2,Net Banking,1,Laptop,North India,2,0
OTT04563,54,Male,Premium,0,1,0,0,1,0,2,34.6,1.9,47,13,577.04,2,3,Wallet,1,Smart TV,West India,1,1
OTT04564,58,Male,Basic,0,1,1,0,1,1,4,25.2,2.0,43,28,384.12,2,1,UPI,0,Fire TV,West India,2,0
OTT04565,46,Male,Mobile,1,0,0,0,1,0,2,36.8,2.3,56,45,642.74,1,0,Net Banking,0,Laptop,North India,1,1
OTT04566,59,Female,Premium,1,1,0,0,1,1,4,44.7,2.7,40,58,820.01,1,2,Debit Card,1,Fire TV,East India,4,0
OTT04567,42,Other,Standard,0,0,1,1,1,1,4,29.4,0.4,6,3,415.9,1,2,UPI,0,Laptop,West India,3,0
OTT04568,29,Male,Premium,1,0,0,0,0,0,1,35.0,2.1,15,42,962.35,3,0,Credit Card,0,Mobile,East India,2,0
OTT04569,44,Female,Premium,0,0,0,1,1,1,3,23.2,1.5,40,34,539.95,4,1,UPI,0,Smart TV,South India,3,0
OTT04570,45,Female,Standard,1,1,1,0,0,0,3,45.2,1.4,45,28,525.31,5,1,UPI,1,Mobile,West India,1,0
OTT04571,24,Other,Basic,0,0,1,1,0,0,2,27.1,2.9,50,26,859.5,3,0,UPI,1,Fire TV,South India,3,0
OTT04572,26,Female,Standard,1,1,1,0,1,1,5,33.4,3.5,17,7,724.93,2,1,UPI,1,Mobile,South India,1,0
OTT04573,30,Female,Mobile,0,0,1,0,1,0,2,9.7,0.5,20,7,444.6,5,0,Wallet,1,Smart TV,West India,2,1
OTT04574,41,Female,Basic,0,0,1,0,1,1,3,31.9,1.6,25,31,283.65,4,2,UPI,1,Smart TV,South India,2,0
OTT04575,24,Female,Premium,1,1,0,1,1,1,5,24.3,2.6,60,46,1129.72,4,1,Wallet,0,Mobile,West India,4,0
OTT04576,51,Male,Premium,0,0,0,1,1,0,2,31.2,1.7,42,24,698.92,5,1,UPI,0,Smart TV,Central India,4,0
OTT04577,22,Female,Premium,1,0,1,0,1,1,4,33.0,3.3,43,44,1174.21,4,0,UPI,0,Smart TV,West India,2,0
OTT04578,58,Female,Premium,0,0,0,0,0,1,1,34.7,0.9,18,8,512.43,1,4,Net Banking,0,Mobile,West India,3,1
OTT04579,47,Male,Mobile,0,1,1,1,0,0,3,32.1,3.2,18,37,743.11,2,1,Debit Card,1,Smart TV,East India,4,0
OTT04580,32,Male,Standard,0,0,0,1,0,0,1,20.3,1.2,54,54,304.86,3,0,Debit Card,1,Mobile,South India,5,0
OTT04581,34,Male,Basic,1,0,1,1,1,0,4,54.0,0.7,30,1,368.1,2,1,Wallet,0,Mobile,West India,2,0
OTT04582,47,Male,Standard,1,0,0,1,1,1,4,40.8,1.7,19,8,529.24,2,0,UPI,1,Laptop,Central India,1,0
OTT04583,21,Male,Premium,1,0,1,1,1,1,5,21.5,1.4,24,42,1115.94,1,3,Wallet,1,Mobile,West India,2,0
OTT04584,48,Male,Premium,1,1,1,1,1,1,6,20.9,0.4,52,57,715.03,4,0,Wallet,1,Smart TV,South India,1,0
OTT04585,41,Male,Premium,0,0,1,1,1,1,4,2.4,1.6,4,39,954.56,5,0,Debit Card,1,Smart TV,West India,1,0
OTT04586,27,Female,Basic,1,1,1,0,1,0,4,11.6,2.8,57,2,1217.89,1,1,Net Banking,1,Smart TV,Central India,1,1
OTT04587,56,Male,Standard,0,1,1,1,0,0,3,14.4,3.7,35,9,916.46,2,1,Net Banking,1,Smart TV,South India,3,0
OTT04588,45,Male,Basic,1,1,0,1,1,1,5,21.2,2.6,22,12,904.33,1,0,UPI,0,Laptop,South India,2,0
OTT04589,25,Male,Standard,1,0,1,0,1,1,4,44.3,0.8,17,7,687.18,5,2,Wallet,1,Smart TV,Central India,4,0
OTT04590,46,Male,Basic,1,0,1,1,1,1,5,19.9,2.0,3,43,1055.64,1,1,UPI,1,Tablet,South India,1,0
OTT04591,35,Male,Standard,0,1,0,0,0,1,2,11.5,0.4,52,17,752.08,2,0,Credit Card,1,Mobile,South India,2,0
OTT04592,50,Other,Basic,0,0,1,1,1,0,3,30.9,2.4,15,58,968.86,4,0,Debit Card,0,Smart TV,West India,5,0
OTT04593,39,Male,Standard,1,1,1,0,1,0,4,32.2,2.2,6,11,560.06,2,1,Credit Card,1,Smart TV,South India,1,0
OTT04594,60,Male,Premium,0,0,1,1,0,0,2,20.0,0.8,46,4,844.61,2,1,Credit Card,1,Mobile,South India,2,0
OTT04595,57,Female,Basic,0,1,0,0,1,0,2,41.4,1.2,39,50,770.05,2,3,UPI,1,Smart TV,East India,3,0
OTT04596,19,Female,Standard,1,1,1,1,1,1,6,42.9,1.9,5,16,560.07,5,1,Credit Card,0,Mobile,North India,1,0
OTT04597,35,Male,Premium,1,0,0,1,1,0,3,7.1,2.2,26,46,256.11,5,1,UPI,1,Smart TV,East India,2,0
OTT04598,26,Male,Premium,1,1,0,0,0,0,2,32.3,2.9,53,36,740.61,2,1,Credit Card,0,Mobile,North India,2,1
OTT04599,37,Female,Mobile,1,1,0,0,0,0,2,4.6,0.4,12,45,777.17,2,2,UPI,1,Fire TV,East India,2,0
OTT04600,24,Male,Standard,1,1,0,0,1,0,3,21.4,0.4,36,57,370.18,2,3,Debit Card,1,Smart TV,West India,5,0
OTT04601,41,Male,Basic,0,0,1,1,0,1,3,67.9,1.9,37,8,691.76,1,0,Wallet,1,Smart TV,West India,5,0
OTT04602,24,Other,Basic,1,1,0,1,1,1,5,31.4,2.5,48,26,733.69,1,1,Net Banking,1,Smart TV,North India,4,0
OTT04603,44,Other,Mobile,1,1,1,1,1,1,6,15.6,1.3,13,7,961.34,5,0,Credit Card,0,Mobile,East India,4,0
OTT04604,37,Female,Standard,1,1,1,0,1,0,4,33.2,1.2,46,35,737.25,5,2,Debit Card,1,Smart TV,South India,5,0
OTT04605,60,Male,Basic,0,1,1,1,0,1,4,14.8,0.7,0,55,847.15,4,0,UPI,1,Mobile,South India,4,0
OTT04606,55,Female,Standard,1,0,0,0,0,1,2,27.2,2.7,45,22,609.3,4,1,Credit Card,1,Mobile,East India,1,0
OTT04607,43,Female,Basic,1,0,1,1,1,1,5,13.1,1.8,1,31,563.57,5,1,Debit Card,1,Laptop,Central India,3,0
OTT04608,37,Female,Mobile,0,0,0,0,1,1,2,18.3,2.2,1,8,612.3,1,0,UPI,1,Mobile,West India,5,0
OTT04609,48,Male,Standard,0,1,0,0,0,0,1,41.0,1.4,5,8,524.23,4,4,UPI,0,Tablet,North India,3,0
OTT04610,46,Male,Mobile,1,1,1,1,1,1,6,53.2,1.2,45,2,583.47,4,3,Credit Card,1,Smart TV,East India,4,0
OTT04611,23,Male,Basic,1,1,0,1,1,1,5,27.1,1.5,49,23,795.69,3,2,Credit Card,0,Smart TV,South India,4,0
OTT04612,34,Female,Basic,1,0,0,0,1,0,2,35.3,1.4,41,41,802.85,4,0,UPI,1,Mobile,East India,1,0
OTT04613,60,Female,Basic,1,1,0,1,0,1,4,16.8,3.5,58,1,775.06,2,1,UPI,1,Fire TV,South India,3,1
OTT04614,31,Male,Standard,1,1,1,0,0,0,3,12.0,0.6,36,53,737.16,1,0,Credit Card,1,Laptop,West India,3,0
OTT04615,18,Male,Standard,0,1,1,0,0,0,2,25.5,2.7,60,38,1020.49,2,2,Credit Card,0,Laptop,East India,3,0
OTT04616,53,Male,Standard,0,1,0,0,1,0,2,24.6,1.0,52,10,1018.36,1,1,Net Banking,1,Mobile,North India,4,1
OTT04617,58,Female,Mobile,0,0,0,1,0,1,2,69.8,1.2,41,30,693.39,5,1,UPI,1,Tablet,North India,1,0
OTT04618,46,Male,Basic,1,0,0,0,1,1,3,21.0,1.9,32,35,1086.0,4,1,Credit Card,1,Mobile,East India,3,0
OTT04619,45,Male,Premium,1,0,1,0,0,1,3,20.4,2.5,31,54,1048.3,1,1,UPI,0,Fire TV,East India,1,0
OTT04620,33,Female,Basic,1,0,1,0,0,1,3,31.4,1.4,34,45,693.19,2,0,UPI,1,Fire TV,South India,1,0
OTT04621,33,Female,Basic,1,0,1,0,0,0,2,16.5,0.6,16,51,478.9,1,2,Wallet,0,Laptop,North India,3,0
OTT04622,57,Female,Mobile,1,1,1,0,1,1,5,14.2,4.3,31,18,549.92,1,0,UPI,1,Laptop,Central India,3,1
OTT04623,54,Female,Standard,0,1,0,1,1,0,3,28.8,0.4,4,3,674.62,1,0,Credit Card,1,Smart TV,South India,2,0
OTT04624,39,Male,Standard,1,1,1,0,1,1,5,8.8,0.6,45,24,563.4,4,1,UPI,1,Laptop,South India,3,0
OTT04625,31,Male,Basic,0,1,0,0,0,0,1,30.4,3.8,60,54,376.25,5,3,UPI,1,Smart TV,North India,1,0
OTT04626,26,Male,Mobile,0,0,1,1,0,1,3,17.8,3.1,56,56,360.91,4,1,UPI,0,Mobile,South India,4,0
OTT04627,18,Female,Standard,1,1,1,0,1,1,5,34.3,4.0,43,28,531.64,1,1,Credit Card,0,Mobile,North India,4,0
OTT04628,38,Female,Mobile,0,1,0,0,1,0,2,45.7,1.0,36,21,486.94,1,0,Debit Card,0,Tablet,North India,3,0
OTT04629,41,Male,Basic,1,1,0,0,0,0,2,14.3,0.8,28,36,119.68,4,0,UPI,1,Mobile,Central India,1,1
OTT04630,47,Female,Premium,0,1,0,0,1,0,2,20.2,2.9,21,17,885.6,1,2,UPI,1,Mobile,West India,3,0
OTT04631,52,Female,Basic,0,1,0,0,0,1,2,39.6,0.6,13,8,940.54,1,2,Debit Card,1,Smart TV,North India,3,1
OTT04632,33,Female,Basic,0,0,1,1,1,0,3,27.1,0.8,31,6,816.61,1,1,UPI,1,Smart TV,North India,2,0
OTT04633,25,Male,Standard,1,0,0,1,0,0,2,53.8,0.4,44,59,99.0,4,1,UPI,0,Laptop,Central India,3,0
OTT04634,54,Male,Standard,1,0,0,0,0,1,2,27.7,0.9,57,37,596.72,4,0,UPI,1,Tablet,East India,5,0
OTT04635,50,Female,Basic,0,1,0,1,1,1,4,44.5,0.7,34,47,777.05,4,0,Wallet,1,Tablet,South India,5,0
OTT04636,40,Female,Basic,1,0,0,0,0,0,1,10.8,0.5,11,29,999.08,2,0,UPI,1,Fire TV,East India,2,0
OTT04637,19,Female,Basic,1,0,1,0,0,0,2,13.9,1.6,34,19,1258.67,2,2,UPI,0,Mobile,South India,1,0
OTT04638,38,Female,Standard,1,1,0,1,1,0,4,50.1,1.1,55,58,653.39,2,1,Credit Card,1,Mobile,South India,4,0
OTT04639,44,Male,Basic,0,1,0,1,0,0,2,13.8,2.1,27,59,693.71,5,1,Wallet,0,Mobile,North India,1,0
OTT04640,54,Female,Basic,1,0,0,0,1,0,2,50.4,0.6,50,36,786.67,3,1,UPI,1,Laptop,West India,5,0
OTT04641,39,Male,Basic,0,1,0,0,1,0,2,15.1,0.9,49,56,485.93,1,2,Debit Card,1,Laptop,North India,1,1
OTT04642,37,Male,Basic,1,0,0,0,0,0,1,9.4,0.4,22,15,435.43,2,1,Debit Card,1,Laptop,South India,3,1
OTT04643,34,Male,Basic,1,0,1,0,0,1,3,20.8,1.1,45,7,897.8,3,1,Net Banking,1,Smart TV,South India,2,0
OTT04644,35,Male,Standard,0,0,0,0,1,0,1,10.8,2.9,53,4,840.46,4,0,UPI,1,Mobile,West India,4,0
OTT04645,18,Male,Standard,0,0,0,1,0,1,2,32.7,2.5,9,22,593.76,1,0,Debit Card,1,Tablet,North India,1,0
OTT04646,22,Female,Premium,1,1,1,1,1,1,6,4.6,1.4,45,54,211.14,1,2,Net Banking,1,Mobile,South India,3,0
OTT04647,50,Female,Standard,1,1,1,1,1,0,5,60.9,5.2,28,6,99.0,2,1,Debit Card,1,Fire TV,South India,5,0
OTT04648,33,Male,Standard,0,1,0,0,0,1,2,24.6,0.4,57,45,629.66,3,1,UPI,1,Smart TV,Central India,5,0
OTT04649,54,Male,Mobile,0,0,1,0,0,1,2,33.7,3.1,55,12,639.26,5,1,UPI,1,Laptop,North India,4,1
OTT04650,35,Male,Standard,0,0,1,1,0,1,3,36.0,0.6,31,36,581.3,1,1,Credit Card,1,Smart TV,South India,4,1
OTT04651,60,Male,Standard,0,1,1,1,1,1,5,26.2,1.5,39,51,901.86,4,2,UPI,1,Smart TV,Central India,2,0
OTT04652,25,Male,Premium,0,1,0,1,1,1,4,30.1,2.3,43,28,710.66,1,2,Debit Card,1,Laptop,East India,2,0
OTT04653,26,Female,Premium,1,0,0,0,0,1,2,19.1,0.8,17,35,99.0,4,0,Credit Card,1,Smart TV,South India,3,0
OTT04654,43,Female,Basic,0,0,0,0,1,1,2,36.0,1.0,21,3,1209.77,2,1,Net Banking,0,Smart TV,South India,5,0
OTT04655,52,Female,Premium,0,1,1,0,0,1,3,4.6,3.1,42,57,99.0,1,1,Debit Card,1,Laptop,South India,5,0
OTT04656,24,Female,Standard,1,1,1,1,0,1,5,55.0,1.6,23,35,496.37,5,0,Debit Card,1,Fire TV,South India,2,0
OTT04657,39,Female,Standard,0,1,1,1,1,1,5,18.7,0.4,6,33,370.12,4,0,Wallet,1,Smart TV,West India,5,0
OTT04658,27,Male,Basic,0,1,0,0,0,0,1,38.4,1.2,10,8,786.15,2,2,Credit Card,0,Laptop,South India,1,1
OTT04659,49,Male,Basic,1,0,0,1,0,1,3,42.1,0.9,19,8,290.06,4,4,Credit Card,1,Smart TV,South India,1,0
OTT04660,42,Male,Standard,0,1,0,0,1,0,2,18.1,0.3,35,46,835.2,1,2,Credit Card,1,Smart TV,South India,2,0
OTT04661,46,Male,Mobile,1,1,0,1,0,1,4,23.1,0.4,39,59,562.53,5,1,Wallet,1,Smart TV,South India,1,0
OTT04662,29,Female,Standard,1,1,0,1,1,1,5,22.5,1.9,0,54,852.03,3,0,UPI,0,Mobile,North India,5,0
OTT04663,30,Male,Mobile,1,0,1,0,0,1,3,21.0,0.7,16,26,99.0,5,0,Wallet,1,Laptop,West India,4,0
OTT04664,45,Male,Basic,1,0,0,0,0,0,1,15.4,5.5,56,56,594.25,3,0,UPI,1,Fire TV,South India,2,0
OTT04665,33,Male,Standard,0,1,0,1,0,1,3,23.7,2.0,11,42,845.77,3,1,Credit Card,0,Smart TV,East India,3,0
OTT04666,47,Male,Standard,0,0,1,0,1,1,3,20.5,2.9,20,4,332.38,3,0,UPI,1,Laptop,East India,1,1
OTT04667,24,Female,Premium,0,0,1,1,1,1,4,46.7,0.3,39,34,736.92,1,1,Debit Card,1,Mobile,West India,4,0
OTT04668,30,Male,Standard,0,0,1,0,0,1,2,27.3,2.0,37,26,727.68,4,2,Net Banking,1,Mobile,South India,1,0
OTT04669,22,Female,Standard,0,1,1,1,1,1,5,16.3,1.7,57,42,719.92,1,1,Credit Card,1,Mobile,South India,2,1
OTT04670,21,Male,Premium,1,0,0,0,0,1,2,48.3,2.2,59,37,548.77,3,3,Credit Card,0,Mobile,North India,1,0
OTT04671,29,Male,Standard,0,1,0,1,0,0,2,43.3,0.1,21,24,854.01,1,2,Credit Card,0,Tablet,Central India,3,0
OTT04672,39,Male,Standard,0,0,0,1,0,1,2,20.9,4.5,25,28,747.54,1,1,Credit Card,1,Fire TV,West India,3,0
OTT04673,24,Female,Premium,1,0,0,0,0,0,1,26.4,1.4,15,7,731.21,1,2,Debit Card,1,Laptop,East India,1,0
OTT04674,21,Male,Standard,0,1,0,0,0,1,2,47.0,1.4,4,40,487.99,3,0,Debit Card,1,Laptop,South India,1,0
OTT04675,55,Female,Standard,1,1,1,1,0,0,4,37.5,1.6,49,32,374.37,2,2,Debit Card,1,Smart TV,Central India,4,1
OTT04676,40,Male,Standard,0,0,1,0,0,1,2,8.2,0.8,22,31,783.96,2,1,UPI,1,Mobile,East India,2,0
OTT04677,48,Female,Standard,0,0,0,0,0,1,1,13.2,4.1,41,55,452.37,2,0,UPI,1,Smart TV,East India,5,0
OTT04678,49,Female,Standard,0,1,0,1,0,0,2,17.2,0.2,59,7,1053.98,3,1,Credit Card,1,Smart TV,South India,3,1
OTT04679,22,Female,Standard,0,0,0,0,0,1,1,18.5,1.1,35,18,1220.6,5,1,UPI,1,Smart TV,South India,2,0
OTT04680,44,Male,Standard,0,1,1,1,1,1,5,22.8,1.1,58,10,452.22,1,0,Credit Card,0,Smart TV,South India,5,1
OTT04681,55,Male,Basic,1,1,1,0,1,1,5,29.5,0.8,27,28,419.7,3,1,UPI,1,Tablet,North India,1,0
OTT04682,37,Female,Basic,1,0,0,0,0,0,1,22.8,1.3,41,39,773.98,3,1,Wallet,1,Mobile,East India,2,0
OTT04683,55,Female,Standard,1,1,0,1,0,1,4,42.6,1.1,40,25,735.29,3,0,Net Banking,1,Smart TV,North India,1,0
OTT04684,58,Male,Basic,1,1,0,1,0,1,4,18.7,0.7,41,49,641.2,4,2,UPI,1,Smart TV,West India,3,0
OTT04685,41,Male,Basic,1,1,1,1,1,1,6,42.6,1.5,60,4,811.37,4,2,Credit Card,1,Smart TV,East India,4,0
OTT04686,22,Male,Mobile,0,0,1,0,1,0,2,27.4,1.7,29,1,847.86,5,3,Debit Card,0,Tablet,Central India,3,0
OTT04687,44,Male,Mobile,0,0,1,0,1,0,2,26.4,6.0,32,60,433.91,5,2,Credit Card,1,Tablet,North India,5,0
OTT04688,55,Male,Premium,1,0,1,0,0,1,3,35.5,0.7,30,21,410.77,5,1,UPI,1,Smart TV,North India,2,0
OTT04689,42,Male,Standard,0,1,1,1,1,1,5,32.5,2.0,47,59,127.42,2,3,Wallet,1,Mobile,South India,1,1
OTT04690,52,Male,Standard,1,0,0,1,1,1,4,22.8,1.9,33,14,177.0,1,1,Credit Card,1,Mobile,North India,4,0
OTT04691,41,Female,Mobile,0,1,1,1,0,0,3,15.2,2.7,11,31,383.18,3,0,UPI,1,Mobile,East India,5,0
OTT04692,36,Female,Basic,0,0,0,1,0,1,2,47.3,2.5,24,57,556.16,3,2,Net Banking,1,Mobile,South India,3,0
OTT04693,58,Female,Mobile,1,0,1,1,0,1,4,25.5,0.3,1,5,874.37,3,1,Debit Card,1,Smart TV,South India,5,0
OTT04694,24,Female,Mobile,1,1,1,1,1,0,5,25.7,1.2,49,20,821.99,1,2,Net Banking,1,Smart TV,West India,1,0
OTT04695,37,Female,Mobile,1,1,1,0,0,0,3,76.6,0.6,33,37,781.36,5,1,UPI,1,Smart TV,South India,2,0
OTT04696,24,Male,Standard,0,1,1,1,0,1,4,42.8,0.7,55,27,594.99,2,2,Credit Card,1,Smart TV,East India,1,0
OTT04697,46,Female,Mobile,0,1,1,0,0,1,3,21.7,0.4,33,23,1275.48,3,2,Credit Card,1,Fire TV,North India,2,0
OTT04698,57,Male,Standard,1,0,0,1,0,1,3,24.4,1.2,52,44,317.22,3,1,UPI,1,Laptop,Central India,3,0
OTT04699,60,Male,Standard,1,1,0,0,0,1,3,14.3,2.0,51,19,579.91,5,0,UPI,0,Laptop,South India,3,1
OTT04700,28,Female,Basic,0,1,1,0,1,1,4,11.4,3.7,17,8,745.63,4,1,Wallet,0,Mobile,South India,2,0
OTT04701,49,Male,Premium,1,1,1,1,1,1,6,21.7,1.6,36,31,346.76,2,2,UPI,1,Mobile,East India,2,0
OTT04702,55,Female,Standard,0,0,0,1,1,1,3,31.3,0.7,12,18,565.87,2,0,UPI,0,Smart TV,North India,4,0
OTT04703,53,Female,Basic,0,1,0,0,0,1,2,14.9,1.7,20,5,246.23,2,0,Wallet,1,Laptop,South India,5,0
OTT04704,39,Male,Standard,0,0,1,1,1,0,3,37.6,2.1,59,54,555.35,3,1,Wallet,0,Tablet,South India,4,0
OTT04705,25,Male,Standard,0,0,0,1,1,0,2,12.8,3.4,29,6,1063.35,3,0,Wallet,1,Smart TV,West India,5,1
OTT04706,37,Female,Standard,0,1,0,0,0,1,2,21.8,0.6,9,39,697.14,5,2,Debit Card,1,Mobile,West India,2,0
OTT04707,51,Female,Premium,0,0,1,0,0,0,1,35.8,0.4,58,28,1190.8,2,1,Credit Card,1,Smart TV,West India,4,0
OTT04708,44,Female,Basic,0,1,1,1,0,0,3,63.2,1.8,22,30,1048.06,4,3,UPI,0,Smart TV,North India,2,0
OTT04709,34,Male,Basic,0,1,0,1,0,0,2,50.9,1.5,44,42,236.96,2,1,UPI,1,Smart TV,South India,2,0
OTT04710,27,Female,Premium,0,0,1,0,0,1,2,45.0,1.2,3,39,328.09,3,1,UPI,1,Mobile,North India,1,0
OTT04711,46,Male,Standard,1,0,0,1,1,1,4,26.1,1.4,7,15,1051.75,1,0,Wallet,1,Laptop,South India,4,0
OTT04712,36,Male,Premium,0,1,0,0,0,1,2,38.8,0.7,12,39,623.35,3,0,Debit Card,1,Mobile,North India,4,0
OTT04713,38,Female,Standard,1,0,0,1,1,0,3,20.8,0.3,57,14,237.0,4,0,Credit Card,1,Smart TV,East India,1,0
OTT04714,58,Male,Standard,1,1,1,1,1,0,5,34.5,2.4,26,15,917.44,3,0,UPI,1,Mobile,South India,1,0
OTT04715,18,Male,Standard,1,1,0,1,0,0,3,10.7,2.3,53,56,1081.48,1,2,UPI,0,Mobile,West India,4,0
OTT04716,28,Male,Basic,0,0,1,1,0,0,2,29.5,0.5,3,57,1067.67,2,1,Credit Card,1,Smart TV,South India,5,0
OTT04717,57,Female,Mobile,1,0,0,0,1,0,2,10.6,1.3,41,16,790.2,2,1,Credit Card,1,Laptop,South India,4,0
OTT04718,57,Female,Basic,1,0,1,0,1,0,3,43.4,2.2,35,21,983.48,1,1,Wallet,1,Mobile,West India,3,0
OTT04719,31,Female,Basic,0,1,1,1,0,0,3,37.7,2.1,18,30,796.22,2,0,Net Banking,1,Mobile,Central India,1,0
OTT04720,60,Male,Standard,0,0,0,1,0,1,2,53.6,0.8,26,25,380.06,3,2,Credit Card,1,Tablet,North India,1,0
OTT04721,27,Male,Standard,1,0,1,0,0,1,3,11.7,1.7,19,18,962.24,3,1,Debit Card,1,Smart TV,North India,1,0
OTT04722,20,Female,Premium,1,0,0,1,1,0,3,76.2,0.6,26,7,590.18,5,1,Credit Card,0,Laptop,East India,5,0
OTT04723,31,Male,Mobile,0,1,1,0,0,0,2,24.3,2.6,31,51,1168.86,3,1,UPI,1,Laptop,West India,5,0
OTT04724,40,Male,Basic,0,0,0,1,1,1,3,43.1,1.3,46,32,554.25,5,0,UPI,1,Laptop,East India,2,0
OTT04725,18,Male,Basic,0,0,0,0,1,0,1,13.9,1.7,52,16,584.85,4,1,Debit Card,0,Tablet,West India,1,1
OTT04726,25,Female,Standard,0,0,0,0,1,1,2,30.8,1.9,24,37,347.15,1,3,UPI,1,Mobile,East India,5,1
OTT04727,52,Female,Mobile,0,1,0,1,1,1,4,22.7,1.3,51,6,853.54,4,0,Debit Card,1,Fire TV,South India,1,0
OTT04728,44,Male,Standard,0,0,1,0,0,1,2,37.7,1.9,4,31,1182.74,2,2,Debit Card,1,Smart TV,Central India,4,0
OTT04729,44,Male,Standard,0,0,0,1,1,1,3,7.2,2.6,25,45,874.88,2,1,UPI,0,Mobile,North India,1,0
OTT04730,60,Female,Basic,1,1,0,0,1,0,3,13.1,0.7,41,46,673.95,4,1,Wallet,1,Smart TV,East India,1,0
OTT04731,27,Female,Standard,0,0,1,0,0,1,2,45.6,3.0,52,40,524.59,5,0,UPI,1,Mobile,North India,2,0
OTT04732,56,Male,Basic,1,1,0,1,1,1,5,12.9,1.0,42,21,467.14,3,2,UPI,0,Smart TV,North India,5,0
OTT04733,33,Male,Basic,1,1,0,0,0,0,2,22.9,2.0,26,59,993.64,3,3,UPI,1,Smart TV,South India,4,0
OTT04734,57,Female,Premium,0,1,0,0,1,0,2,21.0,1.2,31,36,474.27,5,1,UPI,1,Mobile,West India,5,0
OTT04735,51,Female,Mobile,1,1,1,1,1,0,5,29.0,1.8,24,43,99.0,4,1,Credit Card,1,Smart TV,West India,5,0
OTT04736,27,Female,Basic,0,1,1,0,1,1,4,14.8,2.9,0,13,1492.34,2,2,Debit Card,1,Smart TV,South India,5,0
OTT04737,27,Female,Premium,1,1,0,1,0,1,4,47.8,1.5,46,9,733.18,2,2,Credit Card,1,Mobile,South India,5,0
OTT04738,41,Female,Mobile,0,0,1,0,0,0,1,29.4,1.9,57,57,545.64,3,1,UPI,1,Smart TV,East India,1,1
OTT04739,39,Male,Basic,0,0,0,1,1,0,2,50.7,3.5,27,51,464.18,1,0,Wallet,0,Smart TV,North India,5,0
OTT04740,28,Male,Basic,0,0,0,1,1,1,3,37.5,1.0,18,45,805.21,5,2,UPI,0,Laptop,South India,4,0
OTT04741,29,Male,Standard,0,0,1,0,0,1,2,28.4,0.8,50,13,328.63,5,0,Credit Card,1,Tablet,North India,1,0
OTT04742,56,Female,Standard,0,0,1,1,0,0,2,3.7,2.8,18,15,476.92,4,0,Net Banking,1,Mobile,North India,4,0
OTT04743,50,Male,Standard,1,1,0,1,0,1,4,34.3,1.3,47,30,771.72,2,0,Wallet,0,Laptop,North India,4,0
OTT04744,26,Male,Premium,0,1,1,0,0,0,2,34.1,1.2,11,6,405.22,2,1,UPI,1,Tablet,West India,4,0
OTT04745,49,Male,Basic,0,0,1,0,0,0,1,50.1,3.1,1,29,322.49,4,0,Credit Card,1,Laptop,Central India,2,0
OTT04746,24,Female,Standard,0,0,1,0,0,0,1,27.0,0.8,38,11,503.25,4,1,Credit Card,1,Fire TV,North India,5,0
OTT04747,37,Female,Premium,0,1,0,1,0,1,3,2.2,2.0,50,44,571.99,4,0,Debit Card,0,Mobile,North India,5,0
OTT04748,18,Male,Mobile,1,0,1,0,0,1,3,25.6,3.8,36,9,582.88,1,0,UPI,1,Smart TV,West India,3,1
OTT04749,45,Male,Premium,1,1,1,0,1,1,5,35.4,0.6,29,3,575.11,5,0,Wallet,0,Smart TV,Central India,3,0
OTT04750,25,Female,Premium,0,0,0,0,0,1,1,25.5,3.9,54,43,729.36,1,0,Debit Card,1,Laptop,Central India,4,0
OTT04751,28,Male,Premium,0,0,0,0,1,1,2,18.9,1.1,39,37,456.02,1,0,Debit Card,0,Smart TV,West India,1,1
OTT04752,26,Female,Mobile,1,1,0,0,0,1,3,39.1,1.2,38,1,733.72,2,1,UPI,1,Mobile,East India,3,1
OTT04753,25,Male,Standard,1,0,1,0,0,1,3,6.3,0.4,0,40,487.88,2,0,UPI,1,Smart TV,North India,4,0
OTT04754,21,Female,Premium,1,1,1,0,0,0,3,25.3,1.8,16,16,617.02,3,1,Credit Card,0,Mobile,North India,4,0
OTT04755,41,Male,Basic,1,0,1,1,1,1,5,19.8,0.7,6,60,472.52,3,2,UPI,1,Smart TV,North India,5,0
OTT04756,55,Female,Standard,1,0,0,1,0,1,3,12.9,2.1,47,25,143.49,4,2,Debit Card,1,Mobile,Central India,1,0
OTT04757,30,Male,Basic,1,0,1,1,0,0,3,28.8,1.4,8,11,735.45,2,0,Credit Card,0,Laptop,Central India,1,0
OTT04758,51,Male,Mobile,1,1,1,1,1,1,6,53.8,1.7,17,2,949.35,4,3,Debit Card,1,Mobile,Central India,2,0
OTT04759,41,Female,Premium,0,0,0,0,0,1,1,14.4,2.3,21,7,722.19,2,1,UPI,1,Tablet,South India,1,0
OTT04760,28,Female,Premium,1,0,1,1,1,1,5,34.3,4.5,54,16,304.82,4,0,Net Banking,1,Laptop,South India,2,1
OTT04761,20,Female,Mobile,1,0,1,0,1,0,3,31.5,1.5,31,23,278.89,4,0,Credit Card,0,Mobile,Central India,2,0
OTT04762,51,Female,Mobile,1,1,1,0,0,0,3,11.5,2.1,6,47,887.92,4,1,UPI,0,Mobile,West India,2,0
OTT04763,18,Female,Standard,1,0,1,1,1,1,5,31.3,1.9,13,27,766.89,4,2,Credit Card,0,Fire TV,South India,4,0
OTT04764,36,Female,Mobile,0,0,0,1,1,1,3,20.4,1.7,25,52,694.32,5,1,Debit Card,1,Laptop,West India,4,0
OTT04765,19,Male,Standard,1,1,0,0,0,1,3,16.7,0.5,26,22,889.16,2,2,UPI,0,Fire TV,Central India,2,1
OTT04766,51,Female,Standard,0,1,1,0,0,0,2,16.4,0.8,59,28,838.5,1,1,UPI,0,Mobile,East India,5,1
OTT04767,60,Male,Basic,1,1,1,1,0,0,4,79.3,0.5,49,55,685.73,1,4,Credit Card,0,Mobile,South India,1,0
OTT04768,31,Male,Standard,0,1,0,1,0,1,3,8.1,3.6,46,43,1041.06,5,3,Credit Card,1,Mobile,North India,4,0
OTT04769,31,Female,Mobile,0,1,0,1,0,0,2,44.5,3.6,60,59,1131.3,5,1,Credit Card,1,Tablet,East India,1,0
OTT04770,42,Male,Basic,1,0,1,0,1,1,4,21.9,2.3,21,51,1009.39,3,0,Credit Card,1,Smart TV,South India,2,0
OTT04771,39,Male,Standard,0,1,1,1,0,1,4,13.6,2.8,32,5,864.77,5,0,Wallet,1,Mobile,North India,5,0
OTT04772,34,Male,Mobile,0,1,0,1,0,1,3,19.5,0.5,45,5,682.62,2,2,UPI,0,Mobile,East India,1,1
OTT04773,33,Female,Basic,0,0,0,1,0,0,1,46.4,2.1,51,3,663.6,2,1,Net Banking,1,Fire TV,East India,5,0
OTT04774,26,Female,Standard,1,1,0,0,1,0,3,47.5,0.9,0,49,859.87,1,0,UPI,1,Mobile,North India,1,0
OTT04775,28,Male,Basic,1,0,0,0,0,0,1,13.4,0.7,20,44,493.1,2,0,Credit Card,1,Mobile,Central India,2,0
OTT04776,43,Male,Standard,0,0,0,0,0,1,1,30.8,2.8,1,51,633.35,5,3,Credit Card,0,Mobile,North India,1,0
OTT04777,49,Male,Premium,0,1,1,0,0,1,3,29.7,2.1,7,48,481.74,5,2,Debit Card,1,Mobile,North India,1,0
OTT04778,50,Male,Basic,0,0,0,1,0,0,1,21.4,0.6,24,43,630.07,4,1,UPI,1,Tablet,South India,4,0
OTT04779,40,Male,Basic,1,0,0,0,1,0,2,32.6,3.4,28,6,420.22,4,1,Net Banking,1,Smart TV,West India,3,0
OTT04780,50,Male,Mobile,1,0,1,0,1,1,4,37.0,1.4,58,25,589.58,4,0,UPI,1,Smart TV,South India,1,0
OTT04781,43,Female,Standard,0,0,1,0,0,1,2,12.9,2.4,21,59,540.1,1,2,Credit Card,0,Mobile,Central India,5,0
OTT04782,33,Female,Basic,1,1,1,1,1,1,6,7.6,1.0,34,31,950.16,1,2,Credit Card,1,Fire TV,West India,4,0
OTT04783,33,Male,Premium,1,1,1,1,0,1,5,11.5,1.8,46,3,975.4,1,0,UPI,1,Smart TV,South India,3,0
OTT04784,40,Male,Mobile,1,0,1,1,0,0,3,19.1,2.5,6,10,810.98,5,0,UPI,0,Mobile,East India,1,0
OTT04785,31,Male,Standard,1,1,1,1,1,1,6,21.5,0.6,41,24,236.55,4,3,Net Banking,1,Tablet,North India,5,0
OTT04786,50,Male,Standard,1,1,0,1,1,1,5,39.1,4.0,35,46,817.81,3,2,Credit Card,1,Mobile,West India,3,0
OTT04787,25,Male,Standard,1,0,0,1,0,0,2,23.4,2.3,48,49,895.51,2,0,UPI,1,Laptop,West India,1,0
OTT04788,20,Female,Standard,0,1,1,1,1,0,4,19.1,1.9,55,44,558.63,1,1,Credit Card,1,Mobile,West India,4,0
OTT04789,39,Female,Basic,0,0,1,1,0,0,2,7.3,0.2,27,39,864.96,1,0,UPI,0,Smart TV,West India,5,1
OTT04790,21,Male,Basic,1,1,0,1,0,1,4,45.5,1.5,35,38,912.63,1,0,Net Banking,0,Fire TV,North India,5,1
OTT04791,26,Male,Basic,0,1,0,1,0,1,3,13.4,2.8,9,34,197.54,5,1,UPI,1,Smart TV,West India,3,0
OTT04792,34,Female,Basic,0,0,0,0,1,0,1,47.6,0.2,17,50,919.37,5,0,Debit Card,1,Mobile,North India,5,0
OTT04793,18,Female,Standard,0,0,0,0,1,1,2,18.0,3.6,23,43,590.41,1,0,UPI,1,Tablet,North India,4,0
OTT04794,27,Male,Standard,1,1,1,1,1,1,6,12.0,0.4,59,5,266.52,1,0,Wallet,0,Mobile,North India,2,0
OTT04795,41,Female,Basic,1,1,0,0,0,0,2,24.7,1.8,33,57,694.76,1,2,Credit Card,0,Laptop,Central India,4,1
OTT04796,34,Male,Premium,0,0,0,0,1,1,2,14.6,4.1,57,32,542.07,5,2,Credit Card,0,Mobile,West India,3,0
OTT04797,56,Female,Standard,0,0,1,0,0,1,2,20.6,2.0,16,11,888.86,5,2,Wallet,1,Mobile,South India,4,0
OTT04798,22,Male,Basic,1,1,1,0,0,0,3,24.2,2.6,28,20,821.86,1,1,Credit Card,1,Tablet,North India,4,1
OTT04799,48,Female,Basic,1,0,1,1,1,1,5,36.8,2.8,18,49,802.55,5,1,Debit Card,1,Laptop,East India,1,0
OTT04800,43,Male,Standard,1,1,0,1,0,1,4,61.7,2.2,51,36,431.64,4,1,UPI,1,Tablet,West India,4,0
OTT04801,45,Female,Basic,0,1,0,1,0,1,3,16.7,0.8,38,53,540.73,4,2,Credit Card,1,Mobile,North India,3,0
OTT04802,46,Female,Basic,0,0,0,1,1,0,2,25.9,1.2,18,1,564.48,2,0,Credit Card,0,Smart TV,North India,4,0
OTT04803,20,Female,Standard,0,0,0,0,0,1,1,10.2,0.8,9,32,831.78,4,2,UPI,1,Tablet,North India,5,0
OTT04804,52,Female,Standard,0,0,1,1,1,0,3,33.5,3.9,13,18,1035.47,3,0,UPI,0,Smart TV,North India,3,0
OTT04805,32,Male,Basic,0,1,1,0,1,1,4,27.1,1.3,56,45,803.46,3,0,UPI,1,Smart TV,East India,1,0
OTT04806,45,Female,Basic,0,1,1,1,1,0,4,7.2,3.0,27,6,417.74,1,2,Credit Card,0,Mobile,North India,5,1
OTT04807,30,Male,Basic,1,0,0,0,1,1,3,28.0,2.4,45,6,530.51,2,1,UPI,0,Mobile,North India,4,0
OTT04808,35,Female,Basic,0,1,0,1,0,1,3,14.3,1.7,54,27,765.11,5,0,UPI,1,Smart TV,East India,3,0
OTT04809,48,Male,Basic,1,1,0,0,0,1,3,20.4,0.7,37,54,975.14,2,1,Debit Card,1,Smart TV,East India,3,0
OTT04810,58,Male,Standard,1,1,1,0,0,0,3,53.6,0.9,46,56,620.05,2,0,Net Banking,0,Smart TV,Central India,2,0
OTT04811,55,Male,Standard,1,0,1,1,0,0,3,8.1,1.0,18,22,839.17,5,1,UPI,0,Tablet,South India,4,0
OTT04812,49,Female,Basic,1,1,0,0,1,1,4,35.1,0.5,60,3,214.24,4,2,Wallet,1,Smart TV,South India,1,0
OTT04813,41,Female,Premium,1,1,1,0,0,0,3,12.9,4.8,32,13,497.09,5,1,UPI,1,Fire TV,North India,3,0
OTT04814,40,Male,Standard,1,0,1,1,1,1,5,11.4,2.3,48,56,853.09,5,0,UPI,1,Fire TV,West India,5,0
OTT04815,59,Female,Mobile,0,1,1,1,0,0,3,16.2,1.7,32,37,99.0,1,1,UPI,1,Fire TV,South India,1,1
OTT04816,26,Male,Premium,0,1,0,0,0,0,1,10.8,0.3,47,42,954.96,3,0,Credit Card,0,Laptop,South India,2,0
OTT04817,59,Male,Standard,1,0,0,0,0,1,2,69.8,1.3,60,11,758.03,1,1,Credit Card,1,Smart TV,West India,2,1
OTT04818,45,Male,Standard,1,0,1,0,0,1,3,7.6,1.4,51,53,674.19,5,0,Wallet,0,Laptop,West India,5,0
OTT04819,44,Female,Basic,1,0,1,0,1,0,3,10.1,1.6,19,40,99.0,3,1,Credit Card,1,Smart TV,South India,5,0
OTT04820,43,Female,Standard,1,0,1,1,0,0,3,6.1,1.6,2,48,914.98,4,0,UPI,0,Tablet,West India,4,0
OTT04821,52,Female,Mobile,1,0,1,0,1,1,4,14.0,2.2,27,23,1199.07,5,4,Debit Card,1,Mobile,South India,1,0
OTT04822,47,Male,Basic,1,0,0,1,0,0,2,24.9,0.5,43,26,580.52,2,0,Wallet,1,Mobile,North India,2,1
OTT04823,22,Male,Standard,0,1,1,1,0,1,4,26.6,1.1,51,1,513.33,2,1,UPI,0,Fire TV,South India,3,1
OTT04824,51,Female,Standard,1,1,0,1,1,0,4,28.5,2.1,4,27,568.43,3,2,UPI,1,Mobile,North India,4,0
OTT04825,49,Male,Standard,1,0,1,0,1,0,3,29.6,2.1,33,46,859.97,4,0,Debit Card,0,Laptop,North India,3,0
OTT04826,57,Female,Mobile,0,0,1,1,1,0,3,40.8,1.7,30,1,933.77,2,1,Debit Card,1,Smart TV,South India,4,0
OTT04827,58,Female,Basic,0,0,0,0,1,1,2,54.2,2.6,35,53,811.07,2,1,Wallet,1,Laptop,West India,4,0
OTT04828,58,Male,Premium,1,0,0,1,0,1,3,33.3,1.2,29,31,577.37,4,0,Debit Card,1,Fire TV,West India,5,0
OTT04829,19,Male,Standard,1,0,1,1,0,1,4,24.3,1.5,51,46,956.94,1,1,UPI,0,Mobile,West India,5,0
OTT04830,45,Female,Standard,1,1,0,1,1,1,5,13.2,2.6,45,31,330.6,5,2,Credit Card,0,Smart TV,South India,1,0
OTT04831,58,Female,Mobile,1,0,0,0,1,1,3,25.9,0.6,11,42,980.72,5,1,Credit Card,1,Mobile,North India,4,0
OTT04832,59,Female,Premium,0,1,0,1,0,0,2,32.6,3.9,57,46,1019.32,1,1,Credit Card,1,Smart TV,South India,3,0
OTT04833,41,Female,Basic,0,1,0,1,1,1,4,19.9,2.4,40,36,540.07,4,0,UPI,1,Mobile,West India,4,0
OTT04834,57,Male,Basic,1,1,1,1,0,0,4,36.6,1.0,10,35,1142.47,2,0,Credit Card,1,Smart TV,South India,1,0
OTT04835,55,Female,Premium,0,1,0,1,0,0,2,29.3,2.7,33,16,930.46,2,3,Credit Card,0,Smart TV,North India,5,0
OTT04836,18,Female,Basic,1,1,0,1,0,1,4,14.8,0.6,56,18,650.88,1,1,Credit Card,0,Fire TV,North India,4,0
OTT04837,56,Female,Standard,0,0,0,1,0,0,1,16.3,3.6,13,47,554.56,4,0,Net Banking,0,Mobile,North India,1,0
OTT04838,45,Male,Standard,1,0,0,0,0,0,1,44.4,0.3,43,14,868.85,4,1,UPI,1,Smart TV,Central India,5,0
OTT04839,42,Female,Premium,0,0,0,0,1,1,2,6.0,0.5,47,37,471.25,2,1,Wallet,1,Smart TV,South India,1,1
OTT04840,25,Male,Mobile,1,0,1,0,0,0,2,6.9,0.8,37,47,1056.01,4,1,Credit Card,1,Laptop,South India,2,1
OTT04841,57,Male,Mobile,1,0,1,1,1,1,5,11.8,0.9,31,36,492.89,1,2,UPI,0,Smart TV,West India,5,0
OTT04842,30,Other,Standard,1,0,1,0,1,0,3,72.4,1.9,45,31,1339.99,2,3,Wallet,1,Fire TV,North India,3,0
OTT04843,35,Female,Premium,1,0,1,0,0,0,2,29.9,2.6,28,19,733.78,2,1,Credit Card,1,Laptop,Central India,4,0
OTT04844,30,Female,Premium,1,0,1,0,1,0,3,16.2,0.4,13,7,279.03,4,2,UPI,0,Fire TV,West India,2,0
OTT04845,59,Female,Basic,0,1,1,0,0,1,3,30.2,3.7,3,10,1016.49,4,2,UPI,0,Tablet,Central India,4,0
OTT04846,38,Male,Standard,0,0,0,0,1,1,2,15.4,2.1,3,48,542.31,3,0,UPI,1,Laptop,North India,3,0
OTT04847,22,Female,Basic,1,0,0,0,1,0,2,24.2,4.8,38,9,127.73,2,1,Net Banking,1,Smart TV,South India,4,0
OTT04848,18,Female,Basic,1,1,0,1,0,1,4,17.4,1.4,13,24,1180.27,4,2,UPI,1,Mobile,West India,5,0
OTT04849,60,Female,Mobile,1,0,0,0,0,1,2,29.6,4.0,16,55,1416.88,3,0,UPI,1,Mobile,South India,4,0
OTT04850,28,Female,Basic,1,0,0,1,1,1,4,21.0,5.0,21,17,798.39,5,2,Net Banking,1,Smart TV,North India,4,0
OTT04851,51,Female,Mobile,0,0,1,0,0,1,2,16.4,0.9,37,22,831.78,3,3,Wallet,1,Mobile,East India,3,1
OTT04852,19,Female,Basic,1,1,1,0,0,1,4,24.2,0.8,26,7,780.93,1,0,Credit Card,1,Laptop,East India,3,0
OTT04853,56,Male,Basic,0,1,1,1,0,1,4,18.6,1.2,50,29,824.63,5,1,Debit Card,1,Smart TV,West India,4,0
OTT04854,45,Female,Premium,0,1,1,0,0,0,2,18.6,1.1,7,12,565.34,4,1,Credit Card,1,Laptop,Central India,3,0
OTT04855,27,Male,Basic,0,0,0,0,1,0,1,8.9,1.8,7,38,649.38,5,0,UPI,1,Mobile,West India,1,0
OTT04856,56,Male,Standard,1,1,0,1,1,1,5,29.2,1.2,46,4,597.12,3,2,UPI,0,Mobile,East India,1,0
OTT04857,30,Female,Premium,0,1,0,1,0,1,3,85.6,2.7,21,24,652.06,5,2,Wallet,0,Tablet,Central India,4,0
OTT04858,60,Female,Basic,0,1,1,1,0,0,3,24.9,2.2,33,44,313.73,3,0,Debit Card,0,Fire TV,South India,5,0
OTT04859,43,Female,Standard,0,1,0,0,0,0,1,19.4,0.8,37,29,922.09,2,2,Credit Card,0,Tablet,South India,4,1
OTT04860,37,Male,Basic,0,1,1,0,0,0,2,19.7,1.4,40,37,680.69,2,0,Net Banking,1,Fire TV,West India,5,0
OTT04861,20,Male,Mobile,0,1,0,1,1,0,3,43.5,2.8,44,20,851.47,5,0,Credit Card,1,Laptop,Central India,4,0
OTT04862,29,Female,Standard,1,0,1,1,1,1,5,2.7,2.0,5,58,791.18,5,0,UPI,1,Fire TV,South India,2,0
OTT04863,20,Female,Standard,0,1,0,0,0,1,2,25.3,2.3,15,47,99.0,2,2,UPI,1,Mobile,South India,1,0
OTT04864,54,Female,Basic,1,1,0,1,1,0,4,21.8,0.8,30,10,778.54,1,0,UPI,1,Smart TV,South India,4,0
OTT04865,22,Female,Premium,1,0,1,0,1,1,4,21.0,1.6,9,53,883.08,1,0,Credit Card,1,Smart TV,North India,4,0
OTT04866,22,Male,Standard,1,0,0,0,0,0,1,23.8,0.6,53,19,413.19,4,1,Debit Card,1,Smart TV,North India,5,0
OTT04867,23,Female,Basic,0,0,1,1,0,0,2,12.3,1.7,18,21,652.21,3,0,Net Banking,1,Smart TV,South India,2,0
OTT04868,59,Male,Mobile,1,0,1,0,0,0,2,12.6,1.4,52,39,556.39,5,1,Credit Card,1,Fire TV,West India,5,0
OTT04869,59,Female,Premium,1,0,0,1,1,0,3,8.1,1.8,28,29,762.99,5,2,UPI,1,Tablet,North India,5,0
OTT04870,48,Female,Premium,0,1,1,1,0,0,3,29.6,0.7,42,34,610.43,5,1,Wallet,1,Smart TV,Central India,4,0
OTT04871,21,Male,Standard,1,0,0,0,1,1,3,3.8,2.1,60,41,165.34,4,0,Wallet,1,Smart TV,South India,3,0
OTT04872,39,Female,Standard,0,0,1,0,0,1,2,26.1,2.9,36,33,377.34,4,3,Debit Card,1,Laptop,West India,2,0
OTT04873,58,Female,Standard,0,1,1,1,1,0,4,16.2,0.2,18,10,825.39,3,0,Net Banking,1,Laptop,South India,5,0
OTT04874,22,Male,Basic,1,0,0,0,1,1,3,12.1,0.5,56,6,775.87,3,0,UPI,1,Tablet,Central India,1,0
OTT04875,52,Male,Premium,0,0,1,0,1,1,3,24.4,0.9,8,35,1320.44,1,1,Debit Card,1,Laptop,East India,2,0
OTT04876,18,Female,Standard,0,0,1,0,1,1,3,17.8,1.2,6,2,658.97,1,0,Credit Card,1,Smart TV,Central India,1,0
OTT04877,52,Female,Standard,0,0,0,1,0,1,2,24.0,1.0,3,50,172.49,1,2,Debit Card,1,Fire TV,North India,1,0
OTT04878,41,Female,Standard,1,0,0,1,1,1,4,12.8,0.6,2,44,1058.82,4,2,UPI,0,Fire TV,North India,3,0
OTT04879,56,Male,Standard,1,0,1,1,0,0,3,27.7,1.8,19,38,943.91,4,0,Wallet,1,Smart TV,South India,4,0
OTT04880,35,Female,Mobile,1,0,1,0,1,0,3,21.4,1.7,44,43,437.22,4,1,Wallet,1,Smart TV,Central India,1,0
OTT04881,51,Male,Standard,0,1,0,1,0,0,2,35.6,1.0,40,24,888.37,3,3,Debit Card,1,Tablet,East India,4,0
OTT04882,54,Male,Mobile,0,0,1,1,0,1,3,9.2,2.0,21,2,740.36,2,0,UPI,1,Mobile,North India,5,0
OTT04883,31,Male,Basic,1,1,0,0,0,1,3,17.7,1.3,52,50,413.01,4,1,Debit Card,1,Smart TV,South India,4,0
OTT04884,45,Male,Mobile,1,0,0,1,0,0,2,16.4,4.1,8,50,740.2,3,0,Credit Card,1,Mobile,Central India,2,0
OTT04885,37,Male,Basic,1,1,1,0,1,1,5,31.5,0.4,23,38,493.79,5,0,UPI,1,Smart TV,West India,5,0
OTT04886,36,Male,Premium,1,1,1,1,0,1,5,40.4,0.8,57,47,250.67,1,1,UPI,1,Mobile,Central India,4,0
OTT04887,52,Male,Mobile,0,0,0,1,0,0,1,25.2,1.2,55,5,608.67,1,3,UPI,1,Fire TV,South India,3,0
OTT04888,27,Female,Basic,1,1,0,0,1,1,4,21.0,3.0,1,14,841.72,1,1,Credit Card,1,Smart TV,Central India,5,0
OTT04889,23,Male,Standard,0,1,1,1,0,0,3,35.6,2.5,21,13,643.92,4,0,UPI,1,Smart TV,South India,1,0
OTT04890,38,Male,Premium,1,1,1,1,1,1,6,18.7,2.1,48,34,477.34,4,0,UPI,1,Mobile,East India,4,0
OTT04891,53,Female,Standard,0,0,0,1,0,1,2,53.9,0.5,59,42,809.24,2,1,UPI,1,Tablet,South India,3,0
OTT04892,25,Female,Premium,1,0,0,1,0,0,2,14.5,0.9,24,16,597.38,2,0,Net Banking,1,Tablet,North India,2,0
OTT04893,32,Female,Standard,1,0,0,0,1,1,3,5.4,1.3,18,27,406.23,2,1,UPI,1,Smart TV,North India,3,0
OTT04894,46,Male,Standard,1,1,0,0,0,0,2,9.0,2.7,23,51,721.62,4,1,UPI,0,Smart TV,East India,3,0
OTT04895,38,Female,Basic,1,1,0,1,0,1,4,18.1,1.4,32,23,594.73,2,2,UPI,0,Smart TV,South India,2,1
OTT04896,44,Female,Basic,0,0,1,1,1,0,3,68.3,2.2,25,11,1172.39,2,0,Net Banking,1,Fire TV,South India,2,0
OTT04897,40,Female,Basic,1,0,0,0,0,1,2,12.6,2.0,50,59,907.09,2,0,Credit Card,1,Mobile,North India,1,0
OTT04898,52,Female,Standard,1,0,0,0,1,1,3,53.6,2.2,21,50,883.76,3,0,UPI,1,Smart TV,North India,4,0
OTT04899,55,Male,Standard,1,1,1,1,0,1,5,25.0,0.8,48,58,162.51,1,3,Debit Card,1,Mobile,North India,4,0
OTT04900,37,Male,Standard,0,1,1,0,1,1,4,12.6,2.5,6,40,863.89,3,1,UPI,1,Laptop,South India,1,0
OTT04901,36,Male,Standard,0,1,1,1,0,0,3,19.1,2.1,58,42,907.81,5,2,Debit Card,0,Smart TV,South India,5,1
OTT04902,29,Male,Standard,1,0,0,0,0,1,2,37.7,3.9,43,12,198.64,4,0,Credit Card,1,Laptop,North India,2,0
OTT04903,37,Female,Mobile,1,0,0,1,0,0,2,20.5,1.1,42,41,417.0,4,1,UPI,1,Mobile,North India,4,0
OTT04904,53,Male,Basic,1,1,0,1,1,1,5,12.8,1.7,31,52,441.32,2,3,Credit Card,1,Tablet,West India,5,0
OTT04905,39,Female,Standard,1,1,1,0,0,1,4,18.3,0.6,0,42,953.27,5,1,UPI,1,Laptop,South India,4,0
OTT04906,47,Other,Mobile,0,1,0,0,1,1,3,42.5,0.4,24,50,992.64,1,1,Net Banking,1,Laptop,East India,2,0
OTT04907,35,Female,Premium,0,1,1,1,1,1,5,79.8,4.3,34,3,443.8,1,0,Debit Card,0,Mobile,South India,1,0
OTT04908,48,Male,Basic,0,0,1,0,1,0,2,36.6,2.0,32,39,327.18,2,2,Credit Card,0,Smart TV,North India,5,0
OTT04909,48,Female,Mobile,1,1,0,0,1,1,4,55.7,0.4,14,7,99.0,3,0,UPI,1,Laptop,North India,3,0
OTT04910,40,Male,Standard,1,0,0,0,1,0,2,36.1,2.1,29,30,192.84,4,1,UPI,1,Smart TV,South India,5,0
OTT04911,58,Male,Basic,1,0,0,0,0,1,2,35.9,1.1,40,6,450.68,4,1,Credit Card,1,Fire TV,West India,1,0
OTT04912,55,Male,Standard,0,1,1,1,0,0,3,31.5,2.2,14,38,471.96,1,0,Net Banking,1,Tablet,South India,1,0
OTT04913,24,Male,Basic,1,1,1,0,0,0,3,28.5,2.6,52,31,648.44,4,1,Credit Card,1,Laptop,West India,1,0
OTT04914,27,Female,Mobile,1,1,0,1,1,1,5,14.8,1.8,9,41,817.29,1,1,Wallet,1,Smart TV,North India,5,0
OTT04915,59,Male,Standard,0,0,1,0,0,1,2,23.6,1.2,5,39,715.17,2,6,UPI,1,Tablet,South India,4,0
OTT04916,35,Female,Basic,1,0,0,1,1,1,4,36.6,1.5,48,7,464.23,1,0,UPI,1,Smart TV,Central India,3,0
OTT04917,31,Male,Standard,1,1,1,0,0,1,4,28.6,2.3,34,56,621.24,4,1,UPI,1,Mobile,East India,4,0
OTT04918,52,Female,Basic,0,1,1,1,0,1,4,8.1,2.5,43,25,418.84,5,1,UPI,0,Mobile,South India,4,0
OTT04919,43,Male,Standard,1,0,1,1,1,1,5,42.3,0.8,38,2,525.68,1,0,UPI,1,Smart TV,North India,1,0
OTT04920,23,Female,Basic,0,1,1,0,1,0,3,32.5,0.5,11,57,578.88,2,2,UPI,1,Laptop,South India,3,0
OTT04921,21,Male,Mobile,1,1,0,0,1,0,3,41.0,0.6,12,52,862.42,4,1,UPI,1,Smart TV,East India,3,0
OTT04922,52,Female,Standard,0,0,0,1,1,0,2,12.4,1.3,7,47,905.23,4,1,UPI,1,Mobile,South India,1,1
OTT04923,50,Female,Standard,0,1,1,0,0,0,2,8.2,2.4,18,45,417.7,2,2,UPI,0,Smart TV,Central India,1,0
OTT04924,33,Female,Premium,1,1,1,1,0,1,5,20.5,1.3,33,5,655.08,5,1,UPI,1,Mobile,South India,5,0
OTT04925,55,Male,Standard,0,1,0,1,1,0,3,29.3,0.5,32,20,849.29,1,1,Credit Card,1,Smart TV,South India,2,0
OTT04926,23,Female,Standard,1,0,0,0,1,0,2,51.0,1.8,39,52,611.63,3,5,UPI,0,Laptop,Central India,1,1
OTT04927,55,Female,Mobile,1,0,0,0,1,0,2,27.2,1.4,23,6,549.9,1,1,Credit Card,1,Laptop,West India,3,0
OTT04928,21,Female,Standard,0,0,1,1,0,1,3,63.1,2.5,35,4,931.39,2,0,UPI,1,Tablet,North India,1,0
OTT04929,45,Female,Standard,0,1,1,1,0,1,4,17.7,0.7,5,6,830.36,2,1,Credit Card,0,Smart TV,Central India,3,0
OTT04930,54,Female,Premium,1,0,0,0,1,0,2,31.4,1.9,16,42,639.05,3,2,Credit Card,1,Smart TV,South India,1,0
OTT04931,44,Other,Standard,0,1,0,1,1,1,4,6.9,1.8,47,48,391.51,4,1,Debit Card,1,Smart TV,South India,3,0
OTT04932,51,Female,Mobile,0,0,1,1,1,0,3,38.1,2.2,44,21,206.73,5,1,Wallet,1,Fire TV,North India,4,0
OTT04933,32,Male,Standard,0,1,1,0,1,1,4,49.3,2.8,47,55,702.45,4,0,Credit Card,0,Smart TV,North India,1,0
OTT04934,30,Male,Standard,0,0,0,0,1,1,2,28.3,0.3,12,17,821.18,2,1,Wallet,1,Laptop,East India,2,0
OTT04935,29,Female,Mobile,0,1,0,0,1,1,3,10.7,0.9,36,20,355.32,4,2,UPI,1,Laptop,South India,4,0
OTT04936,23,Other,Standard,0,1,0,1,0,0,2,23.5,1.3,31,29,926.86,4,1,Credit Card,1,Smart TV,West India,1,0
OTT04937,29,Male,Standard,1,0,1,0,0,1,3,17.4,0.9,33,24,555.53,1,2,UPI,1,Smart TV,West India,1,0
OTT04938,28,Male,Standard,1,0,1,0,1,1,4,18.7,1.7,11,5,162.43,2,0,Net Banking,1,Mobile,North India,2,0
OTT04939,50,Male,Premium,0,0,1,1,0,1,3,23.4,1.4,12,36,787.22,4,4,Credit Card,1,Laptop,North India,1,0
OTT04940,27,Male,Basic,1,0,1,0,0,0,2,10.4,0.5,21,59,623.32,2,0,Credit Card,0,Smart TV,South India,5,0
OTT04941,25,Other,Mobile,1,1,1,1,0,1,5,26.9,2.2,24,23,608.87,5,1,Wallet,1,Laptop,West India,4,0
OTT04942,49,Female,Basic,0,0,0,0,1,0,1,18.2,0.7,30,58,885.34,1,1,Credit Card,1,Tablet,South India,3,0
OTT04943,41,Male,Premium,0,1,0,0,1,1,3,30.1,1.7,46,51,1072.56,1,1,Credit Card,1,Tablet,South India,5,0
OTT04944,27,Male,Basic,1,1,1,1,1,1,6,30.1,0.6,34,11,813.56,3,1,Credit Card,1,Mobile,North India,4,0
OTT04945,48,Male,Standard,0,1,1,1,0,0,3,12.4,1.7,54,60,535.26,5,2,Wallet,0,Laptop,North India,4,1
OTT04946,27,Female,Standard,0,0,1,1,1,1,4,19.8,1.3,6,58,165.52,1,0,Credit Card,1,Smart TV,South India,3,0
OTT04947,51,Female,Standard,0,1,1,0,1,0,3,19.4,1.5,47,42,824.5,3,1,UPI,1,Fire TV,Central India,3,0
OTT04948,19,Male,Mobile,1,1,1,1,0,0,4,22.9,1.8,21,58,665.06,4,0,UPI,1,Smart TV,West India,2,0
OTT04949,43,Male,Mobile,1,1,0,1,0,1,4,46.0,2.6,44,20,431.59,4,3,Credit Card,1,Mobile,East India,5,1
OTT04950,43,Female,Premium,1,0,1,1,0,1,4,15.8,1.1,32,8,504.8,5,2,Debit Card,1,Smart TV,South India,5,0
OTT04951,34,Female,Standard,0,0,0,0,1,1,2,19.7,0.5,4,9,1069.24,1,0,Credit Card,0,Mobile,North India,3,0
OTT04952,47,Female,Mobile,0,1,0,1,1,1,4,30.3,1.3,48,1,916.74,2,2,Credit Card,1,Smart TV,East India,1,0
OTT04953,34,Male,Mobile,1,0,0,0,0,1,2,24.4,2.7,18,52,967.08,5,2,Credit Card,1,Mobile,South India,3,0
OTT04954,46,Other,Standard,1,1,1,1,1,1,6,37.5,0.1,15,29,945.92,3,3,Wallet,1,Mobile,East India,3,0
OTT04955,27,Female,Premium,0,0,1,0,1,0,2,29.7,0.5,13,30,723.32,3,0,UPI,1,Smart TV,North India,3,0
OTT04956,42,Female,Standard,0,1,0,1,0,0,2,19.6,1.3,48,21,360.48,3,2,Wallet,1,Laptop,South India,5,0
OTT04957,50,Male,Basic,1,1,1,0,1,1,5,25.6,2.8,38,32,680.04,4,3,UPI,1,Mobile,West India,4,0
OTT04958,59,Male,Standard,0,0,1,0,0,1,2,42.8,1.0,58,29,833.76,4,1,Credit Card,1,Mobile,Central India,1,0
OTT04959,33,Male,Mobile,1,1,1,0,0,0,3,11.1,1.3,8,28,618.1,2,1,Debit Card,1,Smart TV,North India,2,0
OTT04960,38,Female,Premium,1,0,0,1,1,1,4,11.9,0.9,39,31,724.8,5,1,Credit Card,0,Mobile,Central India,5,0
OTT04961,38,Female,Basic,0,0,0,0,1,1,2,12.9,1.1,13,16,806.89,3,3,UPI,1,Laptop,South India,3,0
OTT04962,54,Male,Basic,0,0,0,1,1,0,2,20.1,2.3,45,46,921.42,2,0,UPI,0,Mobile,North India,3,0
OTT04963,59,Female,Basic,0,1,0,1,1,0,3,21.5,2.5,10,1,914.87,5,1,Net Banking,0,Mobile,East India,3,0
OTT04964,45,Female,Mobile,0,0,0,1,1,0,2,46.4,2.4,48,38,547.86,4,1,UPI,0,Mobile,Central India,4,1
OTT04965,53,Male,Basic,0,1,0,1,0,0,2,17.3,2.2,25,8,280.7,4,2,Debit Card,0,Smart TV,North India,3,0
OTT04966,21,Female,Standard,0,1,0,0,0,0,1,8.8,0.6,52,31,1080.32,1,0,UPI,0,Smart TV,East India,3,0
OTT04967,50,Female,Standard,1,1,1,0,0,0,3,42.8,3.9,23,38,740.72,5,2,Net Banking,1,Smart TV,South India,4,0
OTT04968,52,Male,Standard,0,0,1,1,0,0,2,16.9,3.7,5,31,568.42,3,1,Debit Card,1,Fire TV,North India,2,0
OTT04969,48,Female,Basic,1,0,0,0,0,0,1,34.4,1.3,13,59,129.78,4,1,Credit Card,1,Fire TV,South India,3,0
OTT04970,43,Male,Basic,0,1,1,0,1,0,3,39.0,2.8,19,57,850.1,3,0,Debit Card,0,Mobile,West India,1,0
OTT04971,56,Female,Standard,0,0,1,1,0,1,3,26.6,0.2,12,58,788.87,3,2,UPI,1,Laptop,South India,2,0
OTT04972,46,Female,Standard,0,0,0,0,0,1,1,22.9,2.9,30,18,572.66,1,0,Net Banking,1,Mobile,North India,1,0
OTT04973,54,Female,Basic,1,0,0,1,0,0,2,14.6,1.6,48,60,757.92,4,2,Net Banking,1,Tablet,North India,1,0
OTT04974,25,Female,Standard,1,1,1,0,1,1,5,14.3,0.7,20,12,1044.81,5,1,UPI,0,Smart TV,West India,5,0
OTT04975,46,Male,Mobile,1,0,0,0,1,1,3,39.8,3.0,4,22,295.63,3,1,Debit Card,0,Smart TV,South India,1,0
OTT04976,36,Male,Mobile,1,0,1,0,0,1,3,29.0,0.3,13,19,965.24,3,1,Debit Card,1,Mobile,South India,4,0
OTT04977,55,Female,Basic,1,0,0,1,0,1,3,40.0,2.4,27,13,389.32,1,2,UPI,0,Smart TV,North India,4,1
OTT04978,55,Male,Standard,1,1,0,0,0,0,2,17.6,3.0,55,48,319.5,5,0,Net Banking,1,Fire TV,West India,2,0
OTT04979,54,Female,Mobile,1,1,0,1,0,1,4,44.3,3.3,35,45,574.92,4,2,UPI,0,Fire TV,North India,2,0
OTT04980,27,Male,Mobile,0,1,1,1,1,1,5,53.2,0.2,46,18,1033.12,3,1,UPI,1,Mobile,West India,2,0
OTT04981,39,Male,Basic,0,1,1,1,1,1,5,10.5,0.4,14,42,432.56,5,2,Credit Card,1,Mobile,South India,3,0
OTT04982,18,Female,Basic,0,1,0,0,0,1,2,10.9,0.4,13,40,611.49,2,0,UPI,1,Fire TV,South India,4,0
OTT04983,60,Female,Mobile,1,0,0,0,1,0,2,35.6,2.3,6,57,236.38,1,2,UPI,1,Smart TV,North India,1,0
OTT04984,29,Female,Standard,0,0,1,0,0,1,2,25.8,3.8,14,23,795.23,3,1,Credit Card,0,Smart TV,South India,4,0
OTT04985,44,Female,Standard,0,1,0,0,0,1,2,20.8,1.9,57,12,410.78,4,2,Credit Card,0,Laptop,South India,2,1
OTT04986,38,Male,Mobile,1,1,0,0,0,0,2,38.6,1.0,38,24,522.49,2,2,Credit Card,0,Mobile,North India,1,0
OTT04987,56,Female,Basic,0,0,1,1,0,1,3,16.1,3.6,32,3,902.16,5,3,Wallet,0,Smart TV,North India,3,1
OTT04988,53,Female,Basic,0,1,0,1,0,0,2,16.8,3.7,28,45,459.27,1,2,Debit Card,1,Mobile,West India,5,0
OTT04989,51,Female,Premium,0,1,1,1,1,1,5,11.5,4.1,6,60,768.79,3,0,Net Banking,1,Smart TV,West India,5,0
OTT04990,45,Male,Standard,0,0,0,0,1,0,1,41.4,0.7,18,12,737.84,3,0,UPI,1,Laptop,North India,1,0
OTT04991,23,Female,Basic,0,0,0,1,0,0,1,10.0,0.5,11,53,717.05,5,3,UPI,1,Tablet,South India,2,0
OTT04992,57,Male,Premium,1,1,0,1,1,1,5,38.7,0.4,50,38,363.48,1,1,UPI,1,Fire TV,Central India,1,1
OTT04993,20,Female,Basic,0,0,1,1,1,1,4,32.4,0.5,15,40,700.04,5,3,Debit Card,1,Laptop,North India,5,0
OTT04994,37,Male,Basic,0,0,1,1,0,0,2,39.4,0.2,56,35,599.35,1,2,Wallet,1,Laptop,East India,4,1
OTT04995,34,Female,Premium,0,0,1,1,0,1,3,12.0,2.7,15,10,573.72,3,0,Debit Card,1,Laptop,East India,2,0
OTT04996,34,Female,Standard,0,1,0,1,0,0,2,22.4,1.9,22,49,851.28,3,2,UPI,0,Mobile,North India,5,0
OTT04997,60,Female,Standard,1,0,1,0,0,0,2,14.6,7.9,5,15,296.39,3,1,UPI,1,Laptop,East India,1,1
OTT04998,27,Female,Standard,1,0,1,1,0,0,3,50.5,1.4,39,55,466.65,4,0,UPI,1,Mobile,South India,3,0
OTT04999,42,Female,Premium,0,0,0,1,0,1,2,24.8,1.6,9,51,646.5,2,2,Debit Card,1,Laptop,South India,2,0
OTT05000,27,Male,Mobile,0,0,1,1,1,0,3,17.2,3.1,20,9,1076.33,5,1,Credit Card,1,Laptop,West India,3,0
OTT05001,57,Female,Basic,1,1,0,0,0,0,2,14.1,1.1,59,27,143.02,3,2,UPI,1,Smart TV,East India,2,1
OTT05002,49,Other,Basic,1,1,1,0,0,1,4,26.5,0.7,58,16,704.72,2,1,Debit Card,0,Mobile,West India,2,0
OTT05003,35,Male,Premium,1,0,1,1,1,0,4,17.3,1.8,5,52,599.55,5,2,Net Banking,0,Smart TV,West India,2,0
OTT05004,21,Male,Mobile,0,0,0,0,1,1,2,18.5,1.4,24,9,862.01,3,0,UPI,1,Tablet,South India,2,1
OTT05005,24,Female,Mobile,0,0,0,0,0,1,1,21.7,1.8,34,13,449.2,2,1,UPI,1,Smart TV,North India,3,0
OTT05006,28,Male,Basic,0,1,0,1,0,1,3,66.7,4.1,12,60,592.03,5,0,Credit Card,1,Smart TV,South India,3,0
OTT05007,35,Female,Mobile,1,0,0,1,1,1,4,24.1,0.8,4,43,398.4,2,4,Debit Card,1,Laptop,East India,4,0
OTT05008,56,Female,Standard,0,0,1,1,1,1,4,16.9,0.9,24,37,533.15,1,1,Credit Card,1,Laptop,South India,3,0
OTT05009,23,Female,Basic,1,0,1,0,1,1,4,24.1,2.6,29,6,826.72,3,2,Credit Card,1,Mobile,East India,3,0
OTT05010,42,Male,Premium,0,1,0,0,1,1,3,15.1,0.9,19,57,763.71,2,0,Debit Card,0,Smart TV,North India,1,0
OTT05011,32,Male,Standard,0,1,0,0,1,0,2,50.2,7.0,51,11,574.28,2,2,UPI,1,Mobile,West India,2,0
OTT05012,20,Female,Basic,1,0,0,1,1,0,3,34.9,1.3,31,58,900.32,1,1,UPI,1,Mobile,North India,1,0
OTT05013,44,Male,Premium,1,0,0,0,1,0,2,10.3,1.9,22,34,1330.99,4,1,Net Banking,1,Fire TV,West India,2,0
OTT05014,48,Female,Mobile,1,0,1,1,1,0,4,34.8,3.1,5,55,428.06,4,1,Debit Card,1,Smart TV,Central India,3,0
OTT05015,59,Male,Standard,0,0,0,1,1,0,2,26.8,1.6,57,28,797.27,2,1,UPI,0,Fire TV,South India,3,1
OTT05016,39,Male,Standard,0,0,0,1,0,1,2,31.3,1.4,37,16,664.4,5,1,UPI,1,Mobile,North India,2,1
OTT05017,31,Male,Basic,0,1,1,0,0,1,3,42.0,2.8,53,7,953.92,5,1,Debit Card,1,Laptop,West India,4,0
OTT05018,54,Male,Mobile,0,1,1,1,0,0,3,12.7,0.8,47,31,495.92,4,1,Wallet,1,Mobile,North India,4,0
OTT05019,28,Female,Standard,0,1,1,1,0,0,3,22.3,1.8,37,37,931.46,2,2,UPI,1,Mobile,South India,5,0
OTT05020,47,Female,Standard,1,1,0,0,0,1,3,30.4,0.7,16,15,620.7,5,0,Wallet,0,Laptop,West India,2,0
OTT05021,58,Female,Standard,1,1,1,1,1,0,5,39.5,2.7,17,20,585.53,5,3,UPI,1,Laptop,Central India,5,0
OTT05022,18,Female,Basic,1,1,0,1,1,0,4,33.4,1.3,15,26,695.17,4,1,Credit Card,1,Smart TV,Central India,3,0
OTT05023,57,Male,Mobile,1,0,1,1,1,1,5,21.9,1.9,41,8,694.49,4,1,Credit Card,0,Laptop,South India,4,1
OTT05024,26,Male,Premium,1,0,1,0,1,0,3,41.2,3.3,20,26,397.68,4,0,Credit Card,1,Fire TV,North India,2,0
OTT05025,38,Female,Mobile,0,1,0,0,1,1,3,20.8,0.7,7,21,659.1,4,1,UPI,1,Smart TV,West India,3,0
OTT05026,29,Male,Premium,1,1,0,0,1,0,3,18.7,2.1,31,55,1025.16,2,2,UPI,1,Mobile,East India,1,0
OTT05027,24,Male,Standard,0,1,1,0,0,1,3,6.1,2.7,3,18,324.03,4,0,UPI,1,Smart TV,North India,5,0
OTT05028,48,Male,Standard,1,0,1,0,0,0,2,11.4,2.5,6,42,782.14,4,2,Debit Card,1,Smart TV,North India,3,0
OTT05029,38,Female,Basic,1,1,1,0,0,0,3,20.9,1.3,53,47,935.6,5,3,Credit Card,0,Smart TV,North India,4,0
OTT05030,39,Male,Premium,0,0,0,1,0,0,1,11.8,0.4,33,45,641.97,1,4,UPI,1,Mobile,East India,4,1
OTT05031,38,Male,Premium,0,0,0,0,1,0,1,7.8,3.3,14,27,584.77,1,2,Wallet,1,Smart TV,North India,2,1
OTT05032,50,Female,Standard,1,1,0,1,1,1,5,13.1,0.4,40,45,652.99,1,1,UPI,1,Mobile,North India,5,0
OTT05033,59,Female,Standard,0,0,0,0,0,1,1,53.1,0.4,22,28,389.67,1,1,Credit Card,0,Tablet,South India,2,1
OTT05034,40,Male,Standard,0,1,0,1,0,1,3,10.1,1.5,59,33,592.46,4,2,UPI,1,Tablet,Central India,4,0
OTT05035,24,Female,Mobile,1,0,0,1,0,1,3,10.8,0.9,52,32,1127.86,2,0,UPI,0,Mobile,East India,1,1
OTT05036,32,Male,Premium,1,0,1,0,0,0,2,38.4,2.0,58,21,614.54,5,1,UPI,1,Mobile,South India,1,1
OTT05037,39,Male,Mobile,0,1,1,1,1,1,5,30.1,2.6,16,21,653.94,3,3,Credit Card,0,Mobile,South India,2,0
OTT05038,22,Male,Standard,0,0,0,1,0,1,2,22.5,1.3,19,51,388.68,4,2,UPI,0,Smart TV,South India,2,0
OTT05039,27,Male,Basic,1,0,1,1,1,1,5,36.6,5.5,37,7,763.38,2,1,Credit Card,0,Smart TV,North India,2,0
OTT05040,26,Male,Standard,1,1,0,1,0,1,4,24.7,0.8,40,21,354.62,2,3,UPI,1,Smart TV,East India,2,0
OTT05041,59,Female,Standard,0,0,1,1,0,0,2,1.2,0.3,8,29,594.77,5,3,Wallet,1,Smart TV,West India,2,0
OTT05042,35,Male,Standard,1,1,0,0,0,0,2,16.1,1.4,44,32,99.0,5,0,Net Banking,1,Smart TV,North India,5,0
OTT05043,55,Female,Mobile,0,0,1,0,1,0,2,73.5,1.5,24,11,656.81,1,0,Net Banking,1,Mobile,East India,1,0
OTT05044,41,Male,Basic,0,1,1,0,0,1,3,24.7,2.2,50,10,694.75,3,1,Credit Card,1,Smart TV,North India,5,0
OTT05045,39,Male,Mobile,0,1,0,0,0,1,2,43.7,1.1,30,39,439.77,3,1,Debit Card,1,Tablet,West India,1,0
OTT05046,58,Female,Premium,1,1,1,1,1,1,6,45.5,0.4,5,36,499.76,1,1,UPI,1,Smart TV,North India,4,0
OTT05047,47,Female,Mobile,0,1,1,0,0,0,2,33.1,1.6,35,12,458.54,4,0,UPI,1,Fire TV,Central India,1,0
OTT05048,28,Male,Premium,1,1,0,1,1,0,4,23.1,2.0,7,29,838.13,4,1,Credit Card,1,Smart TV,South India,1,0
OTT05049,30,Male,Mobile,0,0,0,1,1,0,2,13.8,1.7,43,42,497.99,3,0,Wallet,1,Laptop,South India,1,0
OTT05050,46,Female,Premium,1,1,1,1,1,1,6,10.1,2.0,18,53,1036.0,1,1,UPI,1,Tablet,Central India,5,0
OTT05051,18,Male,Standard,0,1,0,1,0,0,2,44.7,1.8,31,2,1050.11,5,0,UPI,1,Smart TV,South India,4,0
OTT05052,24,Female,Premium,1,0,1,0,0,1,3,29.1,1.7,16,19,665.41,2,1,Debit Card,1,Smart TV,North India,5,0
OTT05053,21,Female,Standard,1,0,1,1,0,0,3,29.3,1.0,8,46,1081.84,5,1,Debit Card,1,Mobile,Central India,1,0
OTT05054,48,Male,Standard,1,0,1,0,0,0,2,32.9,1.0,47,19,1055.78,4,1,UPI,1,Smart TV,Central India,4,0
OTT05055,36,Female,Standard,0,1,0,1,1,1,4,18.9,4.2,12,9,761.94,1,2,UPI,1,Mobile,East India,3,0
OTT05056,18,Male,Basic,1,0,0,0,0,1,2,40.1,0.7,49,8,401.58,5,0,UPI,1,Laptop,South India,5,0
OTT05057,49,Female,Premium,1,1,0,0,1,0,3,25.6,4.3,38,37,752.61,3,1,UPI,1,Tablet,North India,2,1
OTT05058,46,Female,Standard,0,1,1,0,1,0,3,20.2,0.9,28,29,713.2,2,0,Credit Card,0,Mobile,North India,2,0
OTT05059,48,Female,Basic,1,1,0,1,0,0,3,29.5,3.6,30,16,498.43,5,3,UPI,1,Mobile,East India,3,0
OTT05060,25,Other,Basic,0,0,1,0,0,0,1,40.9,2.6,29,46,1213.26,1,3,Credit Card,1,Smart TV,East India,5,0
OTT05061,55,Female,Standard,0,1,1,0,0,0,2,19.7,2.3,25,12,830.28,4,3,UPI,0,Mobile,Central India,3,0
OTT05062,25,Male,Premium,1,0,0,0,1,0,2,73.1,0.1,31,39,316.41,1,1,UPI,1,Smart TV,West India,2,0
OTT05063,42,Male,Standard,0,1,1,0,0,0,2,9.9,1.0,1,55,764.69,4,2,Credit Card,1,Laptop,South India,2,0
OTT05064,42,Male,Basic,1,1,0,0,0,0,2,31.7,1.8,1,6,665.8,3,0,Wallet,1,Mobile,North India,3,0
OTT05065,27,Male,Standard,1,1,1,1,0,1,5,15.0,2.8,38,29,774.33,5,0,Net Banking,1,Tablet,West India,1,0
OTT05066,34,Female,Mobile,1,0,1,0,0,1,3,26.0,1.4,24,19,604.18,1,0,Wallet,0,Mobile,South India,5,0
OTT05067,20,Male,Basic,0,1,0,0,1,1,3,35.7,0.5,49,48,298.28,3,1,UPI,1,Fire TV,South India,1,0
OTT05068,38,Female,Premium,0,0,1,0,0,1,2,100.0,1.5,5,20,948.15,4,1,UPI,0,Laptop,South India,2,0
OTT05069,47,Male,Mobile,0,1,0,0,0,1,2,7.3,2.0,7,47,1154.55,3,1,UPI,1,Mobile,South India,2,0
OTT05070,31,Male,Basic,0,1,1,0,0,1,3,12.3,1.3,8,37,534.59,4,2,UPI,1,Laptop,North India,4,0
OTT05071,41,Male,Mobile,0,0,0,1,1,0,2,32.5,4.0,52,48,612.18,2,0,Credit Card,0,Tablet,North India,3,0
OTT05072,58,Other,Mobile,0,0,0,0,1,1,2,41.4,1.6,41,48,966.43,4,2,UPI,0,Mobile,Central India,2,0
OTT05073,28,Male,Mobile,0,0,1,1,1,0,3,18.4,2.9,28,43,517.73,1,2,UPI,1,Smart TV,East India,3,0
OTT05074,30,Male,Mobile,1,1,0,0,1,0,3,11.8,1.0,33,60,890.15,2,1,Debit Card,1,Smart TV,East India,1,1
OTT05075,23,Male,Standard,1,1,1,1,1,1,6,33.2,2.5,18,50,631.37,3,0,Credit Card,0,Laptop,North India,4,0
OTT05076,41,Other,Premium,0,1,1,0,0,0,2,16.4,0.9,26,16,424.16,1,1,Wallet,1,Mobile,East India,1,0
OTT05077,26,Male,Mobile,0,1,1,0,1,0,3,48.7,2.5,20,7,488.08,5,3,UPI,1,Fire TV,East India,1,0
OTT05078,54,Female,Premium,0,1,0,0,0,1,2,31.0,1.3,46,12,638.27,5,0,Credit Card,1,Mobile,South India,1,0
OTT05079,30,Male,Standard,1,1,0,0,0,0,2,32.7,0.5,47,26,659.74,2,2,Credit Card,0,Tablet,South India,5,1
OTT05080,46,Male,Mobile,1,1,1,1,0,0,4,45.4,1.1,35,26,329.31,5,1,Net Banking,1,Tablet,West India,4,0
OTT05081,26,Female,Basic,0,0,1,0,1,0,2,64.1,0.7,14,45,704.98,5,1,Wallet,1,Mobile,West India,5,0
OTT05082,31,Female,Basic,0,1,1,1,0,0,3,13.3,1.2,16,41,99.0,3,0,Net Banking,1,Smart TV,South India,4,0
OTT05083,25,Female,Standard,0,1,0,1,1,0,3,20.6,0.5,23,9,838.35,4,1,Debit Card,0,Smart TV,North India,4,0
OTT05084,41,Male,Standard,0,0,1,0,0,0,1,48.7,0.4,40,44,866.52,1,1,Wallet,1,Mobile,South India,2,0
OTT05085,19,Other,Basic,1,1,1,1,1,0,5,25.2,0.7,54,37,436.01,4,0,Wallet,0,Smart TV,West India,2,0
OTT05086,21,Female,Mobile,1,1,0,0,1,0,3,17.7,0.3,17,50,666.01,5,0,UPI,1,Laptop,South India,3,0
OTT05087,39,Female,Mobile,0,1,1,0,1,1,4,23.6,3.2,48,27,526.93,4,0,UPI,0,Smart TV,Central India,3,1
OTT05088,41,Male,Standard,0,1,1,0,1,0,3,61.2,1.5,6,19,538.5,2,1,Credit Card,1,Mobile,Central India,5,0
OTT05089,32,Male,Mobile,0,1,1,1,1,1,5,24.3,1.6,8,17,577.99,3,0,Net Banking,1,Laptop,North India,3,0
OTT05090,36,Male,Standard,0,1,0,0,1,0,2,34.8,1.2,58,51,610.71,5,2,UPI,1,Fire TV,North India,1,0
OTT05091,35,Female,Standard,0,0,0,1,1,1,3,20.3,0.6,19,16,504.63,3,0,Debit Card,1,Laptop,West India,2,0
OTT05092,50,Female,Standard,0,1,1,1,0,1,4,8.7,2.0,50,41,721.68,2,2,Credit Card,0,Laptop,North India,2,1
OTT05093,37,Male,Mobile,0,0,1,0,0,1,2,40.7,1.8,21,28,1072.87,4,2,Credit Card,0,Mobile,East India,3,0
OTT05094,54,Male,Basic,1,0,1,0,0,1,3,20.3,0.6,33,2,780.07,2,1,Net Banking,0,Mobile,East India,5,0
OTT05095,27,Male,Basic,1,1,1,1,1,1,6,43.3,2.5,1,31,596.82,2,0,UPI,1,Tablet,East India,3,0
OTT05096,26,Male,Premium,1,1,0,1,0,0,3,34.0,0.5,5,59,992.36,2,1,Wallet,1,Mobile,South India,4,0
OTT05097,35,Female,Basic,1,1,0,1,0,1,4,29.4,1.6,58,20,971.65,1,0,UPI,1,Laptop,West India,4,0
OTT05098,21,Male,Basic,0,1,1,0,1,1,4,50.7,2.8,25,16,896.92,3,0,UPI,1,Laptop,Central India,3,0
OTT05099,46,Male,Mobile,1,1,0,0,1,1,4,20.3,3.6,46,31,766.52,5,2,Credit Card,0,Tablet,South India,1,0
OTT05100,34,Male,Standard,1,0,1,1,1,1,5,40.2,1.3,35,5,769.84,5,0,Credit Card,0,Smart TV,Central India,4,0
OTT05101,33,Male,Standard,0,1,1,0,1,0,3,24.4,0.8,41,23,836.49,2,1,UPI,1,Laptop,Central India,2,0
OTT05102,40,Female,Standard,0,1,0,0,0,1,2,19.4,0.4,20,27,978.7,5,1,Net Banking,1,Smart TV,East India,3,0
OTT05103,21,Male,Standard,0,1,0,0,0,0,1,32.1,1.1,57,25,458.83,1,3,UPI,1,Smart TV,South India,5,0
OTT05104,34,Female,Premium,1,0,1,0,1,0,3,18.0,1.1,11,33,610.29,1,0,UPI,0,Mobile,South India,1,0
OTT05105,59,Female,Premium,0,1,1,1,0,1,4,20.9,2.9,44,30,904.21,4,0,Wallet,0,Mobile,South India,2,0
OTT05106,45,Female,Basic,0,0,1,0,1,1,3,27.1,1.6,30,29,680.65,5,2,UPI,1,Laptop,East India,1,0
OTT05107,42,Male,Basic,1,0,0,1,0,0,2,49.2,0.5,32,20,676.1,1,2,Credit Card,1,Fire TV,North India,2,0
OTT05108,39,Female,Premium,0,0,1,1,0,0,2,52.1,2.5,54,47,895.07,2,2,Credit Card,0,Laptop,South India,2,0
OTT05109,38,Female,Standard,0,1,1,1,0,0,3,12.1,2.8,0,21,387.46,3,4,UPI,1,Smart TV,North India,4,0
OTT05110,58,Male,Premium,1,1,1,0,1,0,4,18.8,1.7,19,8,915.68,4,1,Debit Card,1,Laptop,North India,1,1
OTT05111,58,Female,Standard,0,0,0,0,1,1,2,36.4,2.6,47,41,395.3,2,2,Net Banking,1,Laptop,North India,4,0
OTT05112,35,Male,Premium,0,1,0,1,1,0,3,17.3,1.4,53,49,548.21,1,0,UPI,0,Tablet,North India,2,1
OTT05113,57,Male,Mobile,0,1,1,0,1,1,4,18.6,2.4,56,1,211.2,1,0,Credit Card,0,Mobile,East India,5,1
OTT05114,21,Male,Standard,0,1,1,1,1,1,5,23.8,1.0,23,30,521.63,1,2,Debit Card,1,Smart TV,East India,5,0
OTT05115,31,Female,Standard,0,0,0,0,0,1,1,35.4,3.6,24,6,810.06,5,0,UPI,1,Smart TV,West India,4,0
OTT05116,30,Male,Mobile,1,0,1,1,1,1,5,29.0,0.6,17,5,703.81,3,0,UPI,0,Mobile,West India,3,0
OTT05117,47,Male,Basic,1,0,0,0,1,1,3,52.5,6.5,23,47,581.95,5,4,UPI,1,Mobile,Central India,4,0
OTT05118,44,Male,Mobile,1,1,0,1,1,0,4,26.9,4.7,52,59,772.54,4,3,UPI,0,Laptop,West India,2,1
OTT05119,38,Male,Mobile,0,0,1,0,0,0,1,29.3,3.7,21,2,776.1,3,1,Debit Card,1,Smart TV,Central India,1,0
OTT05120,29,Male,Premium,0,0,1,1,0,1,3,24.4,0.8,5,54,349.9,5,2,Debit Card,1,Smart TV,West India,2,1
OTT05121,39,Female,Premium,1,1,0,0,1,0,3,31.3,1.2,60,16,956.6,3,2,Credit Card,1,Smart TV,North India,4,1
OTT05122,29,Male,Premium,1,1,0,0,0,0,2,19.5,1.0,46,20,812.27,5,3,Credit Card,1,Smart TV,North India,4,0
OTT05123,39,Female,Premium,1,0,0,1,0,1,3,32.2,0.8,8,28,244.71,3,0,UPI,1,Laptop,West India,5,0
OTT05124,32,Female,Premium,1,0,1,0,0,1,3,17.0,1.0,29,31,1104.03,5,3,UPI,0,Mobile,East India,1,0
OTT05125,56,Female,Premium,0,1,0,0,1,1,3,46.9,2.1,46,10,572.23,3,1,Debit Card,1,Smart TV,East India,2,0
OTT05126,50,Female,Basic,0,0,1,0,0,0,1,25.3,1.2,4,15,353.18,5,2,Debit Card,1,Smart TV,South India,4,0
OTT05127,25,Male,Basic,1,0,1,0,1,0,3,57.8,0.6,13,28,292.53,1,0,Debit Card,0,Laptop,North India,3,0
OTT05128,58,Female,Premium,0,1,0,0,0,1,2,46.5,0.3,41,31,211.39,1,3,Credit Card,1,Smart TV,North India,1,1
OTT05129,46,Male,Basic,1,1,0,1,1,1,5,29.8,2.7,45,26,515.19,3,3,Credit Card,1,Laptop,East India,2,0
OTT05130,33,Male,Standard,1,1,1,1,1,1,6,37.2,1.7,22,15,441.34,3,0,Net Banking,1,Mobile,East India,1,0
OTT05131,40,Male,Standard,0,0,0,1,1,0,2,32.6,1.5,2,15,336.54,5,1,Credit Card,0,Mobile,East India,5,0
OTT05132,26,Female,Basic,0,1,0,1,0,0,2,12.3,0.1,46,23,561.26,4,1,UPI,1,Tablet,South India,1,0
OTT05133,20,Female,Basic,1,0,1,0,0,0,2,29.1,0.7,44,23,1076.75,5,4,UPI,1,Laptop,South India,1,0
OTT05134,36,Male,Standard,0,0,0,1,1,1,3,28.2,1.5,31,17,454.1,3,1,Credit Card,0,Smart TV,North India,1,0
OTT05135,51,Female,Standard,1,1,1,1,1,0,5,24.3,2.0,15,13,558.11,1,1,Credit Card,1,Tablet,South India,4,0
OTT05136,33,Male,Basic,1,1,1,0,0,0,3,34.1,0.1,49,27,809.29,2,2,UPI,0,Smart TV,South India,2,0
OTT05137,34,Male,Standard,0,0,0,0,1,0,1,29.5,1.5,42,52,1154.99,1,2,Debit Card,1,Mobile,Central India,3,1
OTT05138,60,Male,Basic,0,0,0,1,0,0,1,30.6,1.8,1,5,702.29,2,1,UPI,1,Laptop,South India,1,0
OTT05139,60,Female,Basic,1,0,1,0,0,0,2,56.2,0.7,50,7,778.0,1,1,UPI,1,Tablet,North India,1,1
OTT05140,37,Female,Standard,0,1,1,1,1,1,5,27.0,3.1,29,33,886.13,3,0,Credit Card,0,Mobile,East India,3,0
OTT05141,19,Male,Basic,1,1,1,0,0,0,3,40.6,0.5,42,48,786.17,1,2,Debit Card,1,Smart TV,Central India,1,1
OTT05142,47,Male,Premium,0,1,1,0,0,1,3,25.2,1.8,30,14,184.97,5,0,UPI,1,Smart TV,South India,4,0
OTT05143,48,Female,Standard,0,1,0,0,0,1,2,56.8,1.1,5,19,435.1,1,0,UPI,0,Mobile,South India,5,0
OTT05144,57,Female,Premium,1,0,1,1,1,1,5,36.4,2.2,52,11,847.41,2,1,Debit Card,1,Mobile,North India,1,0
OTT05145,58,Male,Premium,0,0,0,1,1,0,2,29.8,1.5,53,51,499.57,5,1,Credit Card,1,Mobile,South India,2,0
OTT05146,45,Female,Premium,0,1,1,0,1,1,4,18.1,2.9,52,21,285.47,2,2,Net Banking,1,Smart TV,East India,5,0
OTT05147,22,Female,Standard,0,1,1,1,1,1,5,57.5,0.6,32,20,573.9,3,1,Net Banking,0,Smart TV,West India,1,0
OTT05148,28,Male,Standard,0,1,1,0,1,0,3,44.8,1.0,29,44,804.17,5,0,UPI,1,Smart TV,South India,5,0
OTT05149,48,Male,Standard,1,1,1,0,1,1,5,17.3,2.2,13,8,792.58,1,2,UPI,0,Mobile,South India,2,0
OTT05150,44,Female,Standard,1,0,0,0,0,1,2,10.0,1.6,16,22,663.25,2,3,UPI,1,Smart TV,West India,3,1
OTT05151,36,Male,Basic,1,0,1,1,0,1,4,22.5,2.2,9,22,133.06,4,0,Credit Card,1,Mobile,North India,4,0
OTT05152,35,Male,Basic,0,0,0,0,1,0,1,14.9,2.5,26,46,707.42,1,1,UPI,0,Smart TV,North India,5,0
OTT05153,48,Female,Mobile,0,1,1,0,0,1,3,23.9,2.4,39,12,287.49,5,1,UPI,1,Fire TV,West India,4,1
OTT05154,36,Female,Standard,0,1,0,1,0,0,2,39.2,1.8,44,59,805.68,3,1,Debit Card,1,Fire TV,North India,2,0
OTT05155,24,Female,Mobile,0,0,0,0,1,0,1,44.6,2.5,23,24,754.01,1,1,UPI,1,Smart TV,South India,1,0
OTT05156,60,Female,Standard,0,0,0,0,0,1,1,9.4,1.4,4,57,496.83,4,0,Debit Card,1,Mobile,Central India,3,0
OTT05157,33,Male,Mobile,0,1,1,0,0,0,2,11.8,2.1,55,10,272.97,3,1,Wallet,0,Smart TV,North India,3,1
OTT05158,29,Female,Mobile,0,0,1,0,1,1,3,14.6,0.6,59,14,967.57,5,4,UPI,0,Smart TV,South India,5,1
OTT05159,20,Male,Standard,1,1,1,0,0,0,3,28.8,1.7,42,5,732.19,4,1,Wallet,1,Smart TV,North India,3,0
OTT05160,38,Female,Premium,0,0,0,1,0,1,2,46.2,1.7,38,56,388.76,2,2,UPI,0,Smart TV,North India,4,0
OTT05161,60,Male,Basic,1,1,1,1,1,1,6,25.3,3.9,54,39,1063.05,4,1,Wallet,1,Smart TV,Central India,2,0
OTT05162,24,Male,Premium,1,0,1,1,1,1,5,9.2,1.3,26,52,662.26,1,1,Credit Card,1,Smart TV,North India,5,0
OTT05163,28,Male,Mobile,0,1,1,0,0,0,2,30.8,0.5,30,5,468.9,4,0,Debit Card,0,Tablet,West India,3,1
OTT05164,25,Female,Basic,1,0,0,1,0,1,3,20.2,0.4,36,2,946.81,2,1,UPI,0,Tablet,West India,3,1
OTT05165,22,Female,Mobile,1,1,1,0,1,0,4,20.4,3.9,31,31,873.54,3,2,Credit Card,1,Tablet,North India,2,0
OTT05166,43,Female,Basic,1,1,1,1,0,0,4,28.7,3.4,54,59,814.73,3,1,Debit Card,0,Mobile,South India,2,0
OTT05167,30,Male,Mobile,0,1,0,0,1,1,3,34.9,1.9,14,21,719.36,4,2,UPI,1,Smart TV,North India,2,0
OTT05168,50,Male,Mobile,1,0,1,1,1,0,4,43.5,0.3,24,58,336.9,2,0,UPI,1,Smart TV,Central India,2,0
OTT05169,35,Female,Standard,1,0,0,0,0,1,2,46.9,1.9,58,52,351.24,1,1,UPI,1,Mobile,South India,4,0
OTT05170,45,Male,Standard,0,0,1,0,0,1,2,40.5,2.0,13,45,537.57,4,0,UPI,1,Smart TV,East India,5,0
OTT05171,21,Female,Basic,0,1,1,1,0,1,4,38.1,1.5,37,56,99.0,4,0,Debit Card,0,Smart TV,East India,1,0
OTT05172,32,Female,Premium,1,1,0,0,0,1,3,11.3,1.9,40,37,729.39,1,2,Net Banking,0,Smart TV,West India,1,0
OTT05173,35,Female,Standard,0,1,1,1,0,1,4,36.5,1.1,52,38,627.32,2,2,UPI,0,Mobile,West India,1,1
OTT05174,20,Male,Basic,0,0,0,1,0,0,1,24.1,0.4,3,60,664.06,5,2,UPI,1,Tablet,South India,4,0
OTT05175,36,Female,Basic,0,0,0,1,1,0,2,46.6,2.7,30,23,1088.11,2,0,Debit Card,0,Tablet,Central India,4,0
OTT05176,38,Female,Basic,0,0,0,0,0,1,1,19.4,1.9,22,12,329.37,1,0,Credit Card,1,Laptop,North India,5,0
OTT05177,35,Female,Premium,1,0,1,0,0,0,2,23.1,3.4,27,32,687.97,4,1,Net Banking,0,Mobile,North India,5,0
OTT05178,39,Female,Standard,0,1,0,0,0,0,1,18.0,2.4,12,47,331.47,4,0,UPI,1,Mobile,West India,5,0
OTT05179,52,Male,Mobile,1,0,1,0,0,1,3,19.9,0.8,19,11,1006.6,3,4,UPI,0,Mobile,East India,3,0
OTT05180,51,Female,Basic,0,0,1,1,1,0,3,51.8,0.3,45,55,361.87,4,0,UPI,1,Laptop,South India,5,0
OTT05181,18,Male,Basic,0,0,1,1,1,1,4,18.5,2.0,57,54,1180.05,2,1,Credit Card,1,Fire TV,Central India,4,0
OTT05182,45,Female,Basic,1,0,1,0,1,0,3,27.3,1.5,52,30,379.72,3,2,UPI,1,Mobile,North India,1,0
OTT05183,56,Female,Standard,1,0,0,0,0,0,1,19.4,1.6,45,55,736.89,3,1,UPI,0,Smart TV,North India,4,1
OTT05184,55,Female,Premium,0,1,1,1,1,0,4,27.3,1.9,49,18,792.86,2,1,Debit Card,1,Mobile,South India,5,0
OTT05185,31,Male,Basic,0,0,0,0,0,1,1,30.8,0.2,44,50,891.97,1,1,Credit Card,1,Smart TV,North India,1,1
OTT05186,51,Female,Basic,1,1,1,1,1,0,5,36.2,1.4,6,27,349.7,3,0,UPI,0,Fire TV,West India,1,0
OTT05187,52,Male,Mobile,1,0,0,0,0,0,1,25.9,0.8,38,51,317.46,3,3,Credit Card,1,Laptop,South India,5,0
OTT05188,33,Male,Basic,0,0,0,1,1,1,3,54.3,1.7,8,59,519.68,4,2,UPI,0,Laptop,South India,2,0
OTT05189,55,Female,Standard,1,1,1,1,0,1,5,10.0,0.8,22,7,844.02,2,2,Credit Card,1,Tablet,West India,1,1
OTT05190,45,Male,Premium,1,0,0,0,1,1,3,18.1,1.1,56,45,651.62,2,2,UPI,1,Mobile,North India,5,0
OTT05191,50,Male,Standard,0,0,1,1,0,1,3,17.6,1.1,54,21,952.52,3,1,Credit Card,1,Mobile,South India,2,1
OTT05192,50,Female,Mobile,1,1,1,1,0,0,4,15.3,1.1,37,33,416.55,3,1,UPI,0,Mobile,South India,4,1
OTT05193,51,Female,Premium,0,0,0,1,1,0,2,34.7,2.5,43,44,579.08,1,2,UPI,1,Smart TV,North India,4,1
OTT05194,59,Female,Premium,0,0,1,1,1,1,4,17.7,1.1,16,7,628.47,3,0,Debit Card,1,Fire TV,South India,5,0
OTT05195,54,Female,Basic,0,1,1,1,1,1,5,3.6,2.7,45,45,613.96,5,1,Credit Card,1,Mobile,South India,2,0
OTT05196,36,Female,Premium,1,1,1,1,1,1,6,29.2,0.2,36,42,814.76,4,1,Debit Card,1,Laptop,North India,2,0
OTT05197,42,Male,Standard,0,1,0,1,0,1,3,55.1,0.8,31,32,996.79,5,1,Wallet,0,Laptop,South India,5,0
OTT05198,45,Male,Standard,1,0,0,1,0,0,2,4.8,0.2,44,16,485.73,5,1,Net Banking,0,Mobile,North India,4,0
OTT05199,54,Female,Basic,1,1,0,1,0,1,4,33.8,2.3,56,19,520.04,5,4,Credit Card,0,Mobile,South India,1,0
OTT05200,34,Female,Basic,0,0,1,1,0,1,3,42.3,1.4,41,60,733.61,5,0,Wallet,1,Mobile,North India,4,0
OTT05201,31,Male,Standard,0,1,0,0,1,0,2,19.0,1.2,25,53,743.73,4,1,Debit Card,1,Smart TV,South India,3,1
OTT05202,49,Male,Basic,0,0,1,1,0,0,2,31.2,0.9,22,32,952.11,1,0,Credit Card,1,Laptop,West India,5,0
OTT05203,59,Female,Premium,0,1,1,0,0,0,2,1.3,2.6,16,49,676.3,2,0,UPI,1,Fire TV,West India,3,0
OTT05204,57,Female,Mobile,1,1,0,0,1,0,3,27.9,1.8,37,37,593.03,4,2,UPI,1,Smart TV,North India,4,0
OTT05205,24,Female,Basic,0,1,0,0,1,0,2,35.8,0.9,22,35,1139.92,2,1,Credit Card,0,Mobile,West India,2,0
OTT05206,57,Female,Standard,0,0,0,1,0,0,1,20.1,4.9,5,60,742.57,4,5,Wallet,1,Smart TV,North India,3,0
OTT05207,51,Female,Standard,0,0,0,1,0,0,1,20.6,1.1,34,3,850.63,5,0,Credit Card,1,Tablet,South India,1,0
OTT05208,24,Female,Basic,0,1,1,1,1,1,5,31.7,0.3,55,46,208.4,5,3,Debit Card,1,Mobile,West India,1,0
OTT05209,18,Male,Standard,0,0,1,0,0,0,1,25.9,2.9,1,11,611.48,3,0,Credit Card,1,Laptop,North India,2,0
OTT05210,26,Female,Standard,0,0,0,1,0,0,1,45.2,1.0,48,30,966.42,2,4,Net Banking,1,Tablet,East India,3,0
OTT05211,57,Female,Standard,0,0,1,1,1,0,3,27.1,0.7,52,33,682.22,5,3,UPI,1,Mobile,South India,4,0
OTT05212,50,Female,Basic,1,1,0,0,0,0,2,32.3,2.2,53,34,630.95,5,2,Debit Card,1,Mobile,South India,5,0
OTT05213,42,Male,Standard,1,1,1,1,1,1,6,20.8,1.9,5,46,121.73,3,3,UPI,1,Laptop,West India,2,0
OTT05214,45,Female,Standard,1,0,1,1,1,1,5,20.8,0.9,15,55,613.6,1,2,Wallet,0,Smart TV,North India,3,0
OTT05215,35,Female,Standard,1,0,0,1,1,0,3,38.6,0.9,48,12,1000.74,5,1,UPI,0,Laptop,West India,4,0
OTT05216,56,Male,Standard,1,0,1,1,0,0,3,40.9,2.5,14,57,653.55,3,1,UPI,1,Mobile,South India,2,0
OTT05217,24,Other,Standard,0,1,0,0,1,1,3,11.1,1.6,59,24,784.25,3,1,UPI,0,Fire TV,West India,3,1
OTT05218,31,Female,Mobile,0,0,0,0,0,1,1,23.3,2.5,34,30,561.04,3,1,Credit Card,0,Mobile,South India,2,0
OTT05219,26,Female,Mobile,0,1,0,0,1,0,2,32.5,1.4,20,29,558.53,1,4,UPI,1,Laptop,North India,4,0
OTT05220,54,Female,Basic,1,0,0,0,1,0,2,5.4,0.6,22,21,667.6,1,0,Wallet,0,Mobile,South India,4,0
OTT05221,41,Male,Standard,0,0,0,0,0,1,1,23.1,1.9,26,25,791.44,1,1,UPI,0,Smart TV,North India,5,0
OTT05222,47,Female,Standard,1,0,0,1,1,0,3,68.6,2.1,12,47,869.23,2,0,UPI,0,Laptop,West India,3,0
OTT05223,57,Male,Premium,0,1,0,0,0,0,1,15.5,1.2,22,2,850.34,3,0,UPI,1,Laptop,West India,5,0
OTT05224,26,Female,Standard,0,0,0,0,1,0,1,15.1,1.3,48,10,558.35,2,1,Debit Card,0,Smart TV,North India,3,0
OTT05225,59,Female,Standard,0,1,0,1,1,0,3,25.0,0.7,4,31,710.39,2,2,UPI,0,Fire TV,West India,3,1
OTT05226,23,Female,Standard,0,0,1,1,0,1,3,26.1,0.4,5,24,296.32,5,0,UPI,0,Mobile,West India,4,0
OTT05227,50,Female,Basic,0,1,0,0,0,1,2,21.7,2.3,23,41,723.13,4,1,UPI,1,Mobile,East India,1,0
OTT05228,48,Female,Standard,0,0,1,0,0,0,1,41.4,0.6,1,2,99.0,3,1,UPI,0,Laptop,North India,3,0
OTT05229,53,Male,Basic,1,0,1,0,0,0,2,7.9,1.8,26,19,227.73,2,3,Credit Card,1,Tablet,West India,3,0
OTT05230,24,Male,Basic,0,0,0,1,0,1,2,14.8,2.6,50,51,707.53,1,0,Credit Card,1,Mobile,Central India,3,0
OTT05231,59,Male,Premium,1,0,1,0,1,1,4,23.2,2.1,32,16,801.37,1,2,UPI,1,Smart TV,South India,3,0
OTT05232,52,Female,Standard,1,1,1,1,1,0,5,46.2,2.4,13,3,311.99,3,0,UPI,1,Tablet,North India,4,0
OTT05233,22,Female,Mobile,0,0,1,1,0,1,3,18.2,3.1,3,15,806.26,4,3,Wallet,1,Smart TV,West India,2,0
OTT05234,41,Female,Standard,1,1,1,0,0,0,3,13.9,0.3,53,33,604.51,2,2,UPI,1,Smart TV,Central India,5,0
OTT05235,53,Male,Premium,1,0,1,0,1,1,4,6.3,2.1,47,35,968.06,4,2,UPI,1,Smart TV,North India,2,0
OTT05236,38,Female,Mobile,0,1,1,0,1,0,3,12.9,1.6,34,60,1058.2,1,0,UPI,1,Mobile,East India,3,0
OTT05237,34,Male,Premium,0,0,0,1,1,0,2,6.8,1.6,17,59,99.0,4,1,UPI,1,Mobile,South India,5,0
OTT05238,29,Other,Premium,0,0,1,0,0,0,1,17.5,2.1,36,20,1188.72,3,4,Debit Card,0,Smart TV,North India,1,0
OTT05239,40,Female,Standard,0,1,0,1,0,1,3,34.3,0.5,46,8,906.85,2,0,Debit Card,1,Mobile,Central India,1,1
OTT05240,60,Female,Basic,1,0,0,1,0,1,3,31.1,3.4,1,49,820.33,2,0,Credit Card,0,Laptop,North India,5,0
OTT05241,44,Female,Mobile,0,0,0,1,1,0,2,35.3,1.9,45,54,557.97,2,2,Net Banking,0,Mobile,West India,1,0
OTT05242,49,Male,Mobile,0,0,1,0,1,0,2,11.5,0.3,26,9,796.21,3,1,Wallet,0,Laptop,North India,3,0
OTT05243,51,Male,Basic,1,0,1,0,0,0,2,9.1,2.2,23,53,754.04,3,0,Debit Card,1,Tablet,South India,4,0
OTT05244,51,Female,Standard,0,1,0,0,1,0,2,30.1,0.3,55,8,891.85,3,2,UPI,1,Smart TV,South India,4,0
OTT05245,35,Female,Premium,0,1,1,0,1,0,3,39.6,2.6,49,39,753.68,1,0,UPI,1,Smart TV,West India,2,0
OTT05246,51,Male,Mobile,0,1,1,0,1,1,4,25.0,2.6,45,14,809.06,2,1,UPI,1,Mobile,Central India,4,1
OTT05247,32,Male,Standard,1,0,1,1,0,0,3,31.4,0.6,43,45,861.75,1,0,Credit Card,1,Laptop,South India,2,0
OTT05248,43,Female,Standard,0,0,0,1,1,0,2,24.1,0.3,15,49,110.77,1,2,UPI,1,Mobile,West India,2,0
OTT05249,31,Male,Basic,1,0,0,0,0,0,1,18.9,2.0,57,50,573.6,5,1,UPI,1,Smart TV,South India,5,0
OTT05250,58,Male,Standard,0,0,1,1,1,1,4,20.9,0.3,2,38,654.98,4,1,UPI,0,Mobile,East India,3,0
OTT05251,49,Male,Premium,1,0,1,0,1,0,3,39.2,1.2,21,32,547.22,3,3,Credit Card,1,Smart TV,North India,2,0
OTT05252,43,Female,Basic,0,0,0,0,1,0,1,23.8,3.7,8,50,969.74,4,0,Credit Card,1,Smart TV,North India,5,0
OTT05253,37,Male,Mobile,0,1,1,0,0,0,2,39.0,1.3,12,57,1107.18,1,3,Credit Card,1,Smart TV,South India,2,0
OTT05254,40,Male,Standard,1,0,1,1,0,1,4,27.2,2.5,48,18,694.04,2,1,UPI,1,Smart TV,North India,3,1
OTT05255,51,Male,Mobile,1,0,1,0,1,1,4,17.3,3.2,14,12,693.11,3,2,Wallet,0,Mobile,East India,4,0
OTT05256,29,Male,Premium,1,0,1,1,1,1,5,32.5,2.9,30,11,686.26,1,0,Debit Card,0,Mobile,North India,2,0
OTT05257,53,Female,Premium,0,1,0,1,0,1,3,24.3,1.7,43,40,215.6,1,1,UPI,1,Tablet,South India,2,0
OTT05258,30,Male,Mobile,1,0,1,0,1,0,3,44.0,0.8,29,33,408.01,4,2,Debit Card,0,Fire TV,Central India,5,0
OTT05259,24,Male,Standard,0,0,1,1,1,0,3,15.1,3.2,16,29,411.13,3,0,Net Banking,1,Smart TV,South India,3,0
OTT05260,49,Female,Standard,1,0,0,0,0,1,2,6.9,0.1,52,3,879.61,4,1,Credit Card,1,Mobile,West India,4,1
OTT05261,48,Female,Basic,0,1,1,0,1,1,4,34.4,0.4,20,15,543.1,5,0,Credit Card,0,Smart TV,North India,1,0
OTT05262,32,Male,Basic,1,0,0,0,1,1,3,49.1,1.6,27,30,632.09,3,0,UPI,1,Smart TV,South India,1,0
OTT05263,45,Male,Premium,0,1,1,0,0,0,2,39.5,3.7,13,20,605.57,5,4,Wallet,1,Smart TV,South India,4,0
OTT05264,49,Female,Basic,1,1,0,1,1,1,5,51.4,3.1,27,58,579.52,3,0,Credit Card,1,Fire TV,West India,2,0
OTT05265,51,Female,Standard,0,1,0,0,1,1,3,57.4,1.2,2,30,1238.14,1,1,Wallet,1,Laptop,East India,3,0
OTT05266,58,Female,Mobile,0,0,0,1,0,0,1,22.4,2.6,3,39,682.39,1,1,UPI,1,Tablet,West India,4,0
OTT05267,54,Male,Basic,1,1,0,0,0,0,2,13.3,1.4,1,55,1045.37,5,2,UPI,1,Mobile,North India,2,0
OTT05268,36,Female,Premium,1,1,1,0,1,1,5,3.6,1.1,48,31,455.23,5,0,Debit Card,1,Smart TV,East India,3,0
OTT05269,27,Male,Standard,1,1,1,1,0,1,5,7.4,2.1,18,5,340.89,4,2,UPI,1,Laptop,South India,2,1
OTT05270,22,Male,Standard,1,1,0,1,0,0,3,33.6,1.3,27,12,901.79,2,1,Net Banking,1,Smart TV,North India,4,1
OTT05271,42,Female,Mobile,1,1,1,1,1,1,6,7.8,2.0,25,16,695.81,5,0,Credit Card,1,Mobile,East India,1,0
OTT05272,46,Female,Premium,1,1,0,1,1,1,5,28.8,2.8,57,28,827.96,2,1,UPI,1,Fire TV,Central India,4,0
OTT05273,47,Male,Basic,1,1,1,0,1,0,4,34.8,2.3,48,1,1157.1,3,1,Net Banking,1,Tablet,Central India,2,0
OTT05274,18,Male,Standard,1,1,0,1,1,1,5,25.6,0.6,13,34,704.2,3,1,UPI,0,Smart TV,North India,4,0
OTT05275,48,Female,Basic,0,1,1,0,1,0,3,20.6,0.9,3,46,761.35,1,2,UPI,0,Mobile,West India,5,0
OTT05276,51,Male,Standard,1,1,1,1,0,0,4,14.6,3.7,11,31,557.31,1,2,Wallet,0,Mobile,West India,5,0
OTT05277,49,Male,Standard,1,0,1,1,0,0,3,53.3,2.6,11,48,689.06,4,3,Credit Card,1,Laptop,South India,4,0
OTT05278,40,Male,Basic,1,0,0,1,1,1,4,4.1,1.7,0,33,725.55,2,2,Wallet,0,Smart TV,South India,4,0
OTT05279,18,Male,Standard,1,0,0,1,0,0,2,14.5,1.1,44,52,788.41,4,1,Wallet,1,Mobile,Central India,5,0
OTT05280,39,Female,Basic,1,0,0,1,1,1,4,20.7,2.6,42,58,732.65,3,1,Net Banking,1,Smart TV,North India,4,0
OTT05281,45,Male,Standard,1,1,1,1,1,1,6,19.3,1.0,34,42,217.01,5,0,Credit Card,0,Laptop,North India,5,0
OTT05282,42,Female,Standard,0,0,1,1,0,0,2,36.1,2.0,32,12,1077.74,2,0,Credit Card,1,Laptop,East India,2,0
OTT05283,42,Female,Premium,1,1,1,1,1,1,6,27.2,1.4,16,46,675.05,2,0,UPI,1,Mobile,West India,5,0
OTT05284,40,Male,Mobile,0,1,1,1,0,0,3,10.8,1.7,17,24,1094.47,2,0,UPI,0,Mobile,East India,2,1
OTT05285,41,Female,Mobile,0,0,1,0,1,0,2,38.2,1.2,5,54,419.24,2,3,Debit Card,1,Smart TV,South India,1,0
OTT05286,31,Male,Basic,0,0,1,0,0,0,1,14.5,2.4,20,9,510.44,3,1,Net Banking,1,Mobile,South India,2,0
OTT05287,44,Female,Mobile,1,0,1,1,1,0,4,29.1,0.2,25,35,593.36,4,2,Credit Card,1,Mobile,East India,5,0
OTT05288,30,Female,Standard,1,0,1,0,0,1,3,50.8,0.5,18,25,535.09,4,0,Credit Card,1,Laptop,Central India,4,0
OTT05289,39,Female,Basic,0,1,0,0,1,0,2,16.7,1.2,54,36,751.23,1,1,Credit Card,0,Smart TV,West India,1,0
OTT05290,35,Male,Mobile,1,1,0,0,1,0,3,17.3,1.6,23,6,955.54,3,2,Credit Card,1,Mobile,North India,1,1
OTT05291,48,Female,Basic,0,0,0,1,1,0,2,22.4,3.4,46,57,1034.8,1,0,UPI,1,Mobile,North India,4,0
OTT05292,56,Female,Standard,1,0,0,1,1,0,3,22.9,2.7,18,22,519.28,5,1,UPI,0,Laptop,North India,1,0
OTT05293,45,Male,Standard,1,1,1,1,0,1,5,27.8,0.4,53,17,482.39,1,2,UPI,0,Fire TV,West India,4,0
OTT05294,23,Male,Basic,1,0,1,0,1,1,4,32.8,1.7,26,24,865.29,1,1,UPI,1,Mobile,South India,4,0
OTT05295,46,Male,Premium,0,1,1,1,0,1,4,14.0,1.5,46,20,354.5,2,2,UPI,1,Laptop,North India,2,1
OTT05296,31,Male,Basic,0,1,0,0,1,1,3,24.3,0.3,51,44,837.81,3,2,Debit Card,1,Smart TV,Central India,1,0
OTT05297,20,Male,Standard,1,1,1,1,1,1,6,12.6,2.0,51,24,583.74,3,1,Wallet,1,Laptop,West India,5,0
OTT05298,26,Female,Basic,0,1,0,1,0,0,2,35.2,1.7,32,55,526.49,3,1,UPI,1,Smart TV,North India,2,0
OTT05299,60,Other,Standard,0,1,0,0,1,0,2,43.0,2.8,50,17,99.0,4,3,UPI,0,Smart TV,North India,4,1
OTT05300,36,Male,Basic,1,0,0,0,0,0,1,19.2,1.6,47,31,724.22,1,3,Net Banking,1,Mobile,South India,1,1
OTT05301,26,Female,Premium,1,1,1,0,0,0,3,26.4,0.8,12,49,976.93,2,1,UPI,1,Smart TV,Central India,3,1
OTT05302,23,Female,Standard,1,1,0,0,1,0,3,49.2,1.6,34,47,318.22,1,1,Debit Card,1,Smart TV,North India,4,0
OTT05303,45,Female,Standard,1,1,1,1,0,0,4,30.1,0.5,31,46,729.15,3,1,Net Banking,1,Laptop,North India,2,0
OTT05304,50,Female,Standard,0,0,1,0,0,1,2,12.6,1.2,16,25,789.86,1,0,Debit Card,1,Mobile,South India,2,0
OTT05305,33,Female,Basic,0,1,0,0,0,0,1,8.7,0.7,41,59,502.21,4,0,UPI,1,Tablet,West India,2,0
OTT05306,22,Female,Mobile,1,0,1,0,0,1,3,15.3,3.3,59,17,770.85,4,1,Wallet,1,Smart TV,Central India,3,1
OTT05307,33,Male,Premium,1,1,1,1,1,1,6,21.4,1.4,26,51,901.01,4,0,Debit Card,1,Smart TV,West India,5,0
OTT05308,46,Male,Standard,0,0,0,0,1,1,2,37.6,0.7,11,10,701.23,3,2,UPI,1,Mobile,Central India,2,0
OTT05309,22,Female,Mobile,0,0,0,1,0,1,2,20.3,3.9,45,32,804.9,5,1,Credit Card,0,Mobile,East India,1,0
OTT05310,29,Male,Mobile,1,0,0,0,0,1,2,12.0,1.5,57,24,576.94,4,0,Wallet,0,Fire TV,Central India,3,1
OTT05311,18,Male,Basic,0,0,1,1,1,0,3,20.9,0.8,2,44,877.42,5,0,Debit Card,0,Mobile,South India,4,0
OTT05312,38,Male,Standard,0,1,0,0,1,0,2,21.7,1.1,57,46,170.2,2,2,Debit Card,1,Smart TV,North India,2,1
OTT05313,25,Male,Standard,0,1,1,0,0,0,2,15.8,2.4,44,2,865.63,2,1,Wallet,1,Mobile,East India,2,1
OTT05314,26,Male,Standard,1,1,0,0,1,0,3,20.4,2.0,11,37,994.93,3,1,UPI,1,Smart TV,South India,3,0
OTT05315,22,Female,Mobile,1,1,0,0,0,0,2,26.6,1.7,22,56,439.72,4,1,Debit Card,0,Smart TV,West India,3,0
OTT05316,49,Male,Premium,1,0,0,1,0,1,3,7.9,0.5,9,14,432.77,2,0,Debit Card,0,Smart TV,South India,3,0
OTT05317,39,Female,Mobile,0,0,0,1,0,0,1,21.7,3.7,34,47,1103.08,3,2,Debit Card,1,Laptop,North India,3,0
OTT05318,58,Female,Basic,1,1,0,1,1,1,5,75.4,2.7,17,45,758.07,5,1,UPI,1,Mobile,North India,3,0
OTT05319,34,Female,Premium,0,1,1,0,0,1,3,29.6,5.0,38,2,223.5,4,0,Wallet,1,Laptop,South India,5,0
OTT05320,27,Male,Standard,0,0,0,0,1,1,2,37.9,1.4,37,6,588.62,1,0,UPI,1,Mobile,West India,2,0
OTT05321,26,Male,Standard,0,0,0,0,1,0,1,49.0,1.5,48,23,167.89,1,0,Debit Card,0,Laptop,South India,5,0
OTT05322,58,Female,Premium,0,1,0,1,1,0,3,54.0,0.2,26,10,587.14,5,0,UPI,1,Laptop,West India,5,0
OTT05323,43,Female,Mobile,1,1,1,1,0,1,5,17.5,1.2,36,19,641.99,4,2,UPI,0,Mobile,North India,2,0
OTT05324,31,Male,Mobile,0,0,1,0,0,0,1,8.4,0.3,51,11,821.62,5,3,Wallet,1,Smart TV,South India,3,0
OTT05325,46,Female,Mobile,1,0,0,0,1,0,2,41.3,1.2,26,50,658.15,5,1,Credit Card,1,Tablet,South India,5,0
OTT05326,41,Female,Basic,1,0,0,1,0,0,2,21.6,3.0,59,42,1097.02,5,0,Debit Card,1,Mobile,South India,2,0
OTT05327,22,Male,Standard,1,1,0,1,0,0,3,22.2,2.0,28,12,681.91,3,3,Credit Card,1,Smart TV,East India,2,0
OTT05328,48,Female,Standard,0,1,1,1,1,1,5,32.6,3.2,27,18,116.0,5,0,Credit Card,1,Mobile,East India,1,0
OTT05329,23,Female,Basic,0,0,0,1,1,1,3,24.6,2.5,36,42,822.27,2,2,Credit Card,0,Laptop,West India,3,0
OTT05330,26,Female,Standard,0,1,0,0,1,0,2,28.0,1.2,0,53,680.12,2,0,Debit Card,1,Laptop,West India,1,0
OTT05331,48,Male,Basic,1,1,1,0,0,1,4,29.3,0.6,32,60,602.16,3,1,UPI,1,Smart TV,East India,2,0
OTT05332,37,Male,Mobile,1,1,0,1,0,1,4,41.6,2.6,59,6,945.47,5,2,Debit Card,0,Tablet,North India,2,1
OTT05333,27,Male,Basic,0,0,0,1,1,0,2,31.0,1.4,38,38,883.1,1,1,UPI,1,Laptop,South India,5,0
OTT05334,20,Male,Standard,0,1,0,1,0,0,2,12.4,2.9,25,57,408.15,2,2,UPI,0,Tablet,East India,4,0
OTT05335,43,Male,Basic,0,0,0,0,1,1,2,12.2,1.8,27,54,725.89,2,3,UPI,1,Laptop,South India,2,0
OTT05336,47,Female,Premium,0,0,1,1,1,1,4,16.6,2.0,30,1,1075.6,2,1,Credit Card,1,Mobile,South India,1,0
OTT05337,26,Female,Premium,0,0,1,1,1,1,4,30.0,2.5,6,3,671.66,4,0,UPI,1,Smart TV,East India,4,0
OTT05338,35,Male,Standard,0,1,1,1,0,1,4,13.0,3.4,38,56,289.49,5,0,Debit Card,1,Laptop,Central India,1,0
OTT05339,32,Female,Standard,1,0,0,1,1,1,4,13.0,1.4,7,15,761.05,3,1,UPI,1,Mobile,South India,1,0
OTT05340,56,Male,Standard,0,1,0,1,0,0,2,28.8,1.4,46,8,562.97,2,2,Debit Card,1,Laptop,South India,5,1
OTT05341,52,Male,Premium,0,0,1,0,1,0,2,17.5,2.4,6,9,659.26,1,4,UPI,0,Tablet,West India,5,1
OTT05342,29,Female,Standard,0,1,0,0,0,0,1,51.7,0.8,29,2,381.63,2,0,UPI,0,Laptop,West India,3,0
OTT05343,40,Female,Basic,1,0,1,1,1,1,5,18.0,2.3,57,26,744.15,1,1,Net Banking,1,Mobile,West India,2,0
OTT05344,57,Male,Basic,0,1,1,1,0,0,3,35.9,2.6,2,17,487.65,4,0,UPI,0,Tablet,South India,4,0
OTT05345,32,Female,Standard,0,1,0,0,1,0,2,22.6,5.5,3,5,876.06,1,0,Credit Card,0,Tablet,South India,1,0
OTT05346,24,Female,Basic,1,0,0,0,0,0,1,11.4,2.2,37,21,1028.19,4,1,Credit Card,1,Smart TV,South India,3,1
OTT05347,30,Female,Standard,1,1,0,0,1,1,4,17.7,3.3,41,19,702.2,3,4,Wallet,1,Smart TV,South India,1,0
OTT05348,44,Other,Premium,1,0,1,1,0,1,4,23.5,1.2,27,45,383.79,2,0,Debit Card,0,Mobile,East India,4,0
OTT05349,60,Male,Basic,1,0,0,1,1,1,4,17.9,1.1,11,12,438.7,4,0,UPI,1,Tablet,North India,3,0
OTT05350,31,Male,Basic,0,0,1,0,1,0,2,48.6,1.5,33,54,699.64,5,1,Wallet,0,Tablet,South India,5,0
OTT05351,20,Female,Mobile,1,1,1,1,0,1,5,14.1,1.0,44,7,739.38,3,1,UPI,0,Smart TV,Central India,1,1
OTT05352,25,Female,Basic,1,1,0,0,1,1,4,19.2,2.3,16,24,502.57,3,2,Wallet,1,Smart TV,West India,4,1
OTT05353,35,Male,Standard,0,1,0,1,1,1,4,30.8,0.8,8,59,593.86,1,2,Wallet,1,Smart TV,West India,4,0
OTT05354,22,Male,Basic,1,0,1,0,1,1,4,60.1,0.7,0,16,812.62,4,1,UPI,1,Laptop,Central India,1,0
OTT05355,19,Male,Standard,1,1,1,0,1,1,5,33.2,0.7,58,50,949.75,5,3,Credit Card,1,Smart TV,South India,5,0
OTT05356,46,Male,Standard,1,0,1,1,1,1,5,29.7,2.0,8,17,647.6,5,1,Wallet,1,Laptop,South India,4,0
OTT05357,53,Male,Basic,0,0,1,1,1,0,3,38.5,0.7,40,5,821.27,2,0,Debit Card,1,Smart TV,North India,3,0
OTT05358,28,Female,Mobile,1,0,0,0,1,1,3,44.2,0.7,35,53,648.88,3,5,Credit Card,1,Fire TV,North India,1,0
OTT05359,40,Male,Basic,1,0,1,1,0,0,3,49.1,0.7,32,48,737.78,5,0,Net Banking,1,Smart TV,South India,3,0
OTT05360,42,Female,Standard,1,1,0,1,0,1,4,33.2,0.2,39,4,467.64,1,3,UPI,1,Smart TV,East India,5,0
OTT05361,46,Male,Basic,1,1,1,0,1,0,4,27.5,1.1,10,31,759.51,1,1,Wallet,0,Mobile,East India,2,0
OTT05362,60,Male,Mobile,1,0,0,0,0,0,1,14.4,2.3,7,27,1032.69,5,3,Wallet,1,Tablet,West India,3,0
OTT05363,56,Female,Basic,0,0,0,0,1,1,2,28.6,2.2,33,43,752.67,2,1,UPI,1,Mobile,East India,5,0
OTT05364,31,Male,Standard,1,1,1,1,0,1,5,54.1,2.2,26,14,767.46,3,2,UPI,1,Mobile,North India,1,0
OTT05365,59,Male,Standard,1,0,1,1,1,1,5,5.0,2.5,34,19,400.67,4,2,Wallet,1,Mobile,South India,2,0
OTT05366,19,Female,Basic,1,1,1,1,1,1,6,46.4,2.4,38,22,745.56,5,2,Credit Card,1,Smart TV,North India,4,0
OTT05367,59,Male,Standard,0,1,1,1,0,0,3,27.4,1.2,59,50,99.0,5,2,UPI,0,Smart TV,South India,4,0
OTT05368,24,Male,Standard,0,1,0,1,1,1,4,40.7,2.4,25,16,833.09,4,2,Net Banking,1,Laptop,South India,2,0
OTT05369,22,Female,Premium,0,0,1,1,1,1,4,33.9,0.7,44,17,1052.76,5,0,UPI,1,Mobile,East India,4,0
OTT05370,23,Male,Standard,0,0,1,1,0,0,2,25.2,1.7,42,47,501.42,1,1,UPI,0,Fire TV,South India,4,1
OTT05371,23,Female,Standard,0,1,0,0,1,0,2,27.4,0.7,15,12,583.22,3,0,Debit Card,1,Mobile,South India,3,0
OTT05372,37,Male,Mobile,1,1,1,1,1,1,6,35.5,1.0,56,16,917.63,2,3,Credit Card,1,Smart TV,North India,2,0
OTT05373,45,Male,Basic,0,0,0,1,0,0,1,14.9,3.4,54,25,419.72,5,2,Wallet,0,Mobile,East India,4,0
OTT05374,50,Male,Premium,0,0,0,1,1,1,3,25.3,1.2,19,55,781.09,4,3,Debit Card,1,Mobile,East India,4,0
OTT05375,18,Female,Mobile,0,0,1,1,1,1,4,32.8,1.0,21,21,439.82,2,1,UPI,1,Mobile,Central India,5,1
OTT05376,30,Male,Basic,1,0,0,1,1,1,4,37.4,2.8,48,43,810.48,2,0,UPI,1,Laptop,South India,1,1
OTT05377,23,Female,Standard,1,0,0,0,1,0,2,35.4,0.9,42,18,582.02,5,0,Credit Card,0,Mobile,East India,5,0
OTT05378,24,Female,Premium,1,0,1,0,1,1,4,21.3,2.1,14,18,99.0,5,2,Wallet,1,Mobile,North India,1,0
OTT05379,50,Female,Mobile,1,1,0,0,0,0,2,26.3,1.8,10,59,355.87,3,1,Credit Card,0,Mobile,South India,5,0
OTT05380,45,Male,Premium,1,0,1,0,1,1,4,12.2,1.4,35,4,623.83,5,1,Debit Card,1,Laptop,South India,5,0
OTT05381,27,Female,Basic,0,0,0,0,1,1,2,45.1,0.8,45,9,1172.76,3,2,UPI,1,Laptop,East India,1,0
OTT05382,30,Female,Premium,1,0,1,1,0,1,4,29.2,4.0,53,11,581.68,3,0,Credit Card,1,Laptop,North India,4,1
OTT05383,57,Male,Premium,1,0,1,1,1,0,4,26.3,0.9,23,10,449.41,4,1,Wallet,1,Tablet,North India,5,0
OTT05384,42,Female,Standard,1,0,1,0,0,0,2,26.2,3.5,53,32,737.12,5,2,Debit Card,1,Smart TV,North India,1,1
OTT05385,28,Male,Premium,0,0,1,0,1,0,2,22.8,2.2,45,10,99.0,3,0,UPI,1,Smart TV,East India,2,1
OTT05386,58,Female,Premium,0,1,1,1,0,1,4,37.8,2.7,25,50,1006.98,2,1,UPI,1,Mobile,South India,3,0
OTT05387,26,Female,Premium,0,0,0,1,0,0,1,26.6,1.8,46,40,822.6,5,2,Debit Card,1,Tablet,South India,2,0
OTT05388,30,Male,Standard,0,0,1,1,0,0,2,14.2,4.1,50,24,508.56,3,1,UPI,1,Smart TV,North India,1,0
OTT05389,47,Male,Basic,0,1,0,1,1,0,3,16.9,4.8,54,26,852.4,5,2,UPI,0,Smart TV,West India,5,1
OTT05390,40,Female,Mobile,1,1,1,0,1,1,5,11.0,1.3,28,25,734.39,4,1,Credit Card,1,Laptop,West India,5,0
OTT05391,20,Female,Basic,0,0,1,1,1,0,3,53.0,1.0,32,30,612.76,1,0,UPI,0,Laptop,South India,5,0
OTT05392,52,Female,Standard,0,1,0,1,0,1,3,23.9,1.6,39,55,803.04,1,2,UPI,0,Mobile,South India,5,0
OTT05393,27,Male,Mobile,1,1,1,1,1,1,6,56.0,1.3,17,17,625.47,1,3,UPI,0,Smart TV,North India,1,1
OTT05394,47,Female,Premium,1,0,0,1,0,1,3,28.1,3.2,32,26,697.38,2,0,UPI,1,Laptop,South India,3,0
OTT05395,32,Female,Basic,0,1,0,1,0,1,3,20.7,2.3,35,21,805.56,2,0,Credit Card,1,Tablet,West India,5,0
OTT05396,50,Other,Mobile,0,0,1,1,0,1,3,23.2,0.6,34,11,544.47,2,2,Debit Card,0,Mobile,South India,1,1
OTT05397,56,Male,Basic,0,0,1,0,1,0,2,27.6,0.6,20,37,614.66,3,1,UPI,1,Smart TV,North India,1,0
OTT05398,51,Female,Mobile,1,0,1,0,0,0,2,14.5,1.8,4,11,322.69,5,1,UPI,0,Laptop,East India,4,0
OTT05399,57,Male,Mobile,1,0,1,0,1,1,4,11.9,3.2,32,44,290.11,2,2,Debit Card,1,Laptop,North India,2,0
OTT05400,41,Female,Standard,0,1,0,0,0,0,1,42.7,0.9,51,52,174.07,3,2,Credit Card,1,Smart TV,North India,1,0
OTT05401,20,Male,Basic,1,1,0,0,1,1,4,20.1,2.2,43,39,752.06,4,1,UPI,1,Smart TV,South India,1,0
OTT05402,41,Female,Standard,0,0,0,1,1,0,2,56.7,2.6,18,29,562.02,2,2,UPI,1,Fire TV,West India,4,0
OTT05403,37,Male,Basic,1,0,0,1,0,1,3,33.5,2.2,36,43,320.44,5,1,Wallet,1,Mobile,South India,1,0
OTT05404,48,Male,Standard,0,0,0,0,1,1,2,19.2,0.5,6,48,542.31,2,2,UPI,1,Smart TV,South India,3,0
OTT05405,28,Male,Standard,1,0,0,1,1,0,3,68.0,1.2,39,30,353.07,4,2,Credit Card,0,Smart TV,South India,4,1
OTT05406,47,Female,Mobile,1,0,1,1,1,0,4,43.8,1.2,22,35,701.34,2,0,UPI,1,Mobile,West India,3,0
OTT05407,36,Female,Mobile,1,0,0,0,1,0,2,9.9,2.6,34,20,926.21,1,3,Credit Card,0,Mobile,North India,2,1
OTT05408,46,Female,Premium,0,0,1,0,1,0,2,16.1,1.1,4,13,1021.67,2,0,UPI,0,Mobile,West India,2,0
OTT05409,36,Female,Standard,0,0,0,1,1,0,2,2.1,0.6,26,4,606.71,3,0,UPI,1,Laptop,West India,5,0
OTT05410,34,Male,Mobile,1,1,0,0,1,1,4,21.9,2.4,1,15,600.49,2,2,Credit Card,1,Tablet,East India,4,0
OTT05411,27,Male,Standard,1,0,0,0,1,0,2,63.4,0.8,46,21,144.63,1,2,UPI,1,Laptop,North India,2,1
OTT05412,53,Male,Basic,1,0,1,1,0,1,4,7.7,0.4,22,9,240.79,3,0,Net Banking,1,Mobile,West India,4,1
OTT05413,20,Male,Mobile,0,0,1,0,1,0,2,30.3,1.1,58,53,1023.93,2,4,Debit Card,1,Smart TV,East India,4,0
OTT05414,28,Female,Basic,0,0,1,0,0,1,2,76.3,0.4,30,7,698.66,4,0,UPI,0,Tablet,West India,1,1
OTT05415,36,Male,Standard,1,1,1,0,1,0,4,22.8,0.3,5,20,964.63,5,2,Credit Card,0,Mobile,North India,2,0
OTT05416,24,Female,Basic,0,0,1,0,1,1,3,29.3,0.2,54,37,122.26,2,0,Credit Card,1,Smart TV,Central India,3,0
OTT05417,57,Female,Standard,0,1,0,0,0,0,1,19.9,2.1,28,10,628.73,5,3,UPI,0,Smart TV,East India,3,0
OTT05418,32,Female,Mobile,1,1,1,1,1,1,6,15.8,1.6,23,48,164.28,3,0,UPI,0,Smart TV,North India,3,0
OTT05419,28,Male,Mobile,0,0,0,1,0,1,2,37.1,5.4,41,41,99.0,3,2,Debit Card,1,Tablet,Central India,4,0
OTT05420,28,Female,Basic,0,0,0,1,1,0,2,37.7,1.0,49,42,399.35,4,0,UPI,1,Tablet,North India,2,0
OTT05421,26,Female,Basic,0,1,1,0,1,0,3,32.0,3.8,43,47,1160.39,1,0,Credit Card,0,Laptop,South India,1,0
OTT05422,46,Female,Premium,1,0,0,1,1,0,3,18.1,2.1,38,55,424.32,1,1,UPI,0,Mobile,North India,2,0
OTT05423,38,Female,Standard,1,1,0,1,1,0,4,32.2,1.0,58,32,1000.36,2,0,UPI,1,Mobile,Central India,2,0
OTT05424,27,Male,Mobile,0,1,0,0,0,0,1,9.5,0.7,28,55,577.8,4,1,UPI,1,Fire TV,South India,3,0
OTT05425,55,Female,Mobile,1,1,1,1,1,0,5,34.0,1.8,27,57,994.58,4,1,Debit Card,0,Mobile,South India,2,0
OTT05426,46,Female,Basic,1,0,1,1,0,1,4,15.1,0.8,2,57,840.79,4,0,Wallet,0,Tablet,West India,2,0
OTT05427,35,Female,Premium,1,1,1,1,1,1,6,14.5,1.8,30,53,1019.09,2,0,UPI,1,Mobile,Central India,4,0
OTT05428,40,Female,Standard,1,1,1,0,0,1,4,54.6,0.7,51,47,516.65,2,0,UPI,1,Fire TV,East India,2,0
OTT05429,46,Female,Standard,1,1,1,0,1,1,5,4.0,0.6,17,59,724.67,1,4,Net Banking,1,Mobile,South India,5,0
OTT05430,24,Male,Basic,1,0,0,0,1,1,3,22.4,0.3,37,29,683.55,3,2,Debit Card,1,Smart TV,South India,2,0
OTT05431,52,Male,Standard,1,0,0,0,1,0,2,10.1,1.7,49,12,1361.12,2,1,UPI,1,Mobile,South India,4,0
OTT05432,29,Female,Standard,1,0,0,0,1,1,3,27.1,1.5,13,21,901.63,5,1,Debit Card,0,Laptop,North India,4,0
OTT05433,19,Female,Standard,1,1,1,0,1,0,4,16.2,0.6,0,16,609.71,4,1,UPI,1,Mobile,North India,2,0
OTT05434,40,Female,Basic,1,0,1,0,0,1,3,10.6,1.4,16,5,1219.32,3,0,UPI,1,Mobile,West India,1,0
OTT05435,55,Male,Basic,0,1,1,1,0,1,4,20.1,0.4,2,31,1242.54,4,2,Wallet,1,Smart TV,North India,4,0
OTT05436,49,Female,Basic,0,0,1,0,0,0,1,13.8,1.5,45,57,469.97,5,1,UPI,1,Smart TV,Central India,4,0
OTT05437,31,Female,Premium,1,1,0,0,1,1,4,14.1,1.4,19,54,728.24,1,1,UPI,0,Laptop,North India,2,1
OTT05438,35,Female,Basic,1,0,0,0,1,0,2,34.7,2.4,49,18,543.25,4,2,UPI,0,Tablet,South India,3,0
OTT05439,43,Male,Standard,1,1,1,1,0,1,5,9.1,0.4,46,24,209.4,1,1,UPI,1,Smart TV,West India,3,0
OTT05440,28,Male,Premium,1,0,0,0,1,0,2,4.9,0.1,44,10,701.33,4,2,Debit Card,0,Mobile,South India,5,0
OTT05441,53,Female,Standard,0,1,0,0,1,0,2,28.0,3.6,15,27,99.0,1,1,Net Banking,1,Mobile,West India,4,0
OTT05442,30,Female,Standard,1,0,1,1,0,1,4,22.2,1.9,12,6,672.58,1,3,Debit Card,0,Smart TV,East India,4,1
OTT05443,27,Male,Mobile,1,1,1,1,0,0,4,15.7,0.9,19,7,635.46,2,2,Wallet,1,Smart TV,North India,1,0
OTT05444,22,Female,Standard,0,1,1,1,0,1,4,34.5,3.4,4,15,632.24,5,0,Credit Card,1,Smart TV,Central India,5,0
OTT05445,47,Male,Premium,1,1,1,1,1,1,6,57.2,5.3,20,44,590.36,2,2,UPI,0,Mobile,West India,5,0
OTT05446,19,Male,Premium,1,0,1,0,0,0,2,24.1,2.0,26,52,529.18,1,1,Credit Card,1,Laptop,West India,4,0
OTT05447,52,Male,Basic,1,1,0,1,0,1,4,24.4,1.4,33,52,171.54,2,0,UPI,0,Mobile,North India,2,0
OTT05448,59,Male,Premium,0,0,1,0,1,0,2,11.6,0.5,32,57,257.78,2,2,Debit Card,1,Smart TV,South India,5,0
OTT05449,22,Female,Basic,1,0,1,0,1,0,3,9.5,1.1,49,7,634.0,1,0,Credit Card,1,Laptop,South India,3,0
OTT05450,22,Male,Standard,0,0,1,1,1,0,3,22.8,0.5,32,16,636.03,4,2,Credit Card,0,Fire TV,East India,1,0
OTT05451,58,Female,Basic,0,0,1,0,0,0,1,7.4,2.0,47,32,890.82,2,0,Debit Card,1,Mobile,South India,3,0
OTT05452,23,Male,Basic,1,0,0,0,1,1,3,6.5,6.3,33,51,516.99,2,1,Debit Card,0,Laptop,West India,4,0
OTT05453,35,Male,Standard,1,0,1,0,1,1,4,30.5,2.2,13,6,349.23,3,1,UPI,0,Smart TV,South India,1,0
OTT05454,55,Male,Standard,1,0,1,0,0,0,2,9.5,3.4,43,36,562.87,3,3,Net Banking,0,Mobile,East India,3,1
OTT05455,23,Male,Premium,1,1,1,1,1,0,5,31.3,1.3,59,9,99.0,2,2,UPI,1,Laptop,North India,1,0
OTT05456,46,Female,Basic,1,0,0,0,1,1,3,45.8,2.0,34,18,699.46,2,1,UPI,1,Mobile,West India,2,0
OTT05457,34,Female,Premium,0,0,0,1,1,0,2,29.2,1.2,35,43,810.28,5,1,Debit Card,1,Laptop,South India,2,0
OTT05458,36,Female,Basic,1,0,1,1,1,0,4,8.4,0.4,14,18,1019.75,5,2,Credit Card,1,Laptop,South India,4,0
OTT05459,58,Female,Mobile,0,0,0,1,1,0,2,68.3,0.2,46,45,727.28,2,0,Debit Card,0,Mobile,South India,1,0
OTT05460,45,Female,Basic,0,0,1,0,0,0,1,25.3,6.0,2,24,333.99,2,3,Debit Card,0,Tablet,Central India,1,1
OTT05461,31,Female,Standard,0,1,1,1,0,1,4,24.1,0.9,43,58,456.13,1,2,Credit Card,0,Smart TV,South India,1,0
OTT05462,58,Female,Premium,0,0,0,0,0,1,1,21.9,1.3,29,9,598.33,1,1,Credit Card,1,Laptop,West India,4,0
OTT05463,42,Female,Mobile,0,1,0,0,0,0,1,15.4,0.2,56,13,452.83,3,0,UPI,1,Laptop,East India,5,0
OTT05464,22,Male,Basic,0,0,1,1,1,1,4,12.3,1.2,11,39,321.18,1,0,Net Banking,1,Smart TV,North India,5,0
OTT05465,34,Male,Standard,0,0,0,1,0,0,1,4.0,2.5,29,59,479.74,5,2,UPI,1,Smart TV,East India,1,0
OTT05466,28,Female,Standard,1,0,1,1,1,0,4,10.1,2.3,24,3,920.87,1,1,Credit Card,1,Smart TV,South India,1,0
OTT05467,45,Female,Standard,0,0,1,1,1,1,4,20.6,1.6,50,37,754.12,2,1,Debit Card,1,Fire TV,South India,1,0
OTT05468,54,Male,Premium,0,0,1,0,0,1,2,30.3,2.6,13,54,888.53,5,0,UPI,0,Mobile,West India,4,0
OTT05469,19,Female,Basic,0,1,0,1,0,1,3,13.1,1.0,24,51,428.95,5,1,Credit Card,1,Smart TV,North India,4,0
OTT05470,51,Male,Mobile,0,1,0,0,0,0,1,28.2,3.5,29,46,1033.77,4,0,UPI,1,Tablet,West India,4,1
OTT05471,57,Female,Basic,0,1,1,0,0,1,3,19.7,7.6,34,31,746.74,5,2,UPI,1,Laptop,North India,3,0
OTT05472,60,Female,Premium,0,0,0,0,1,0,1,22.6,3.1,14,21,762.57,4,1,Credit Card,0,Smart TV,West India,2,1
OTT05473,46,Male,Standard,1,0,1,1,1,1,5,39.1,1.4,25,38,633.88,4,3,Wallet,1,Laptop,South India,4,0
OTT05474,31,Female,Basic,0,0,1,0,1,0,2,28.3,0.8,18,30,99.0,4,1,Debit Card,1,Smart TV,West India,4,0
OTT05475,24,Female,Standard,1,1,1,0,1,0,4,31.7,0.5,9,20,1035.58,3,0,UPI,0,Mobile,North India,4,0
OTT05476,58,Female,Standard,0,0,1,0,1,0,2,72.2,1.5,11,25,734.98,3,0,Debit Card,0,Laptop,North India,3,0
OTT05477,35,Female,Basic,0,1,0,0,1,0,2,13.2,0.5,12,9,364.22,3,4,UPI,1,Laptop,South India,2,0
OTT05478,32,Female,Mobile,1,0,1,0,0,1,3,37.3,1.8,36,58,1229.48,5,0,UPI,0,Fire TV,South India,2,0
OTT05479,49,Female,Standard,0,1,1,0,1,0,3,31.3,1.4,45,10,654.73,4,2,Debit Card,1,Laptop,North India,3,0
OTT05480,48,Female,Standard,1,1,1,1,1,1,6,31.3,0.8,41,30,545.29,2,1,Wallet,1,Smart TV,North India,5,0
OTT05481,52,Male,Basic,0,0,0,1,0,0,1,26.3,1.6,0,26,376.17,3,0,Credit Card,1,Smart TV,East India,3,0
OTT05482,55,Male,Basic,1,0,0,0,0,0,1,29.6,1.8,32,57,473.04,4,2,UPI,0,Smart TV,South India,2,0
OTT05483,55,Male,Basic,1,0,0,0,1,0,2,20.1,2.1,13,30,199.24,2,1,UPI,1,Laptop,East India,3,0
OTT05484,25,Male,Standard,0,1,0,1,1,0,3,24.3,1.5,60,47,524.48,5,0,UPI,0,Laptop,North India,5,1
OTT05485,25,Female,Basic,1,1,1,1,0,1,5,42.3,2.0,8,34,613.93,1,1,UPI,1,Mobile,South India,2,0
OTT05486,26,Female,Basic,1,1,1,0,1,1,5,16.6,3.3,25,47,804.69,1,0,Net Banking,1,Smart TV,North India,3,0
OTT05487,44,Female,Basic,1,1,1,1,1,0,5,17.8,0.6,34,24,139.98,3,1,Credit Card,1,Mobile,West India,3,0
OTT05488,42,Male,Premium,1,0,0,0,1,0,2,30.2,0.5,11,43,424.22,1,1,UPI,1,Tablet,West India,2,0
OTT05489,54,Female,Basic,1,0,0,0,1,1,3,28.6,2.5,3,55,303.75,3,1,Debit Card,1,Mobile,North India,4,1
OTT05490,54,Female,Basic,1,0,0,1,1,1,4,19.6,0.9,50,41,902.85,5,1,Debit Card,1,Tablet,West India,2,1
OTT05491,52,Male,Basic,1,0,0,0,1,0,2,30.7,3.4,19,25,838.27,4,0,UPI,1,Tablet,West India,2,0
OTT05492,21,Female,Standard,1,0,1,0,1,1,4,30.5,2.9,27,24,114.75,1,1,Credit Card,1,Fire TV,East India,1,0
OTT05493,47,Male,Premium,1,1,0,0,0,0,2,66.3,3.4,45,31,572.29,4,1,Credit Card,1,Smart TV,North India,3,0
OTT05494,54,Female,Premium,0,1,0,0,1,0,2,78.0,0.4,23,7,1041.53,5,2,UPI,1,Smart TV,West India,2,0
OTT05495,60,Male,Standard,1,1,1,0,1,1,5,85.0,1.4,27,11,856.08,2,0,UPI,1,Laptop,North India,4,0
OTT05496,32,Female,Basic,0,0,1,1,0,0,2,30.3,2.0,32,31,552.51,3,1,Net Banking,0,Mobile,West India,4,1
OTT05497,51,Female,Basic,1,1,1,1,1,1,6,39.4,0.6,45,16,769.38,1,1,UPI,1,Laptop,West India,3,0
OTT05498,35,Female,Standard,0,0,0,1,1,0,2,29.9,1.3,8,47,872.92,3,0,Debit Card,1,Laptop,South India,2,0
OTT05499,24,Male,Standard,0,1,0,0,0,0,1,22.9,1.9,60,22,1143.49,1,1,Debit Card,1,Mobile,North India,5,1
OTT05500,32,Male,Basic,0,1,0,1,0,0,2,31.5,0.8,55,8,528.26,3,0,Credit Card,1,Mobile,East India,3,1
OTT05501,28,Female,Standard,0,0,0,1,0,1,2,22.6,0.6,37,28,1031.01,1,1,UPI,1,Mobile,South India,2,1
OTT05502,57,Male,Basic,1,0,0,0,1,1,3,25.2,1.1,50,29,495.88,4,0,Wallet,0,Mobile,West India,4,0
OTT05503,25,Male,Standard,0,0,0,0,0,1,1,23.9,3.6,42,17,482.2,2,3,UPI,1,Smart TV,North India,2,1
OTT05504,23,Female,Basic,1,0,1,0,1,0,3,24.1,2.1,56,16,598.54,4,2,UPI,1,Smart TV,East India,4,0
OTT05505,42,Female,Basic,0,1,1,1,1,1,5,16.8,1.7,1,35,694.68,3,1,Debit Card,1,Smart TV,East India,2,0
OTT05506,42,Female,Mobile,1,1,1,0,0,0,3,37.4,2.7,28,28,861.18,2,2,Debit Card,1,Mobile,North India,1,0
OTT05507,42,Male,Basic,0,1,0,0,0,1,2,31.0,1.4,59,44,622.99,1,0,UPI,1,Smart TV,South India,4,0
OTT05508,24,Male,Basic,0,0,1,1,1,0,3,16.4,1.0,20,13,507.4,4,2,Debit Card,1,Mobile,North India,5,0
OTT05509,39,Female,Standard,0,1,1,1,0,1,4,23.5,0.7,51,50,409.92,4,1,UPI,1,Smart TV,West India,3,0
OTT05510,57,Male,Standard,0,0,1,0,1,1,3,12.8,1.3,8,41,816.05,4,0,Credit Card,1,Smart TV,North India,2,0
OTT05511,21,Male,Standard,0,0,0,0,0,1,1,27.5,2.4,0,9,660.89,1,0,Net Banking,0,Mobile,Central India,1,0
OTT05512,52,Male,Basic,1,0,0,1,1,0,3,42.1,0.1,40,39,732.68,5,2,UPI,1,Smart TV,East India,2,0
OTT05513,23,Female,Premium,0,1,0,1,1,0,3,20.3,1.0,55,27,760.52,4,3,Debit Card,0,Mobile,North India,4,0
OTT05514,28,Male,Premium,1,0,1,0,0,0,2,37.0,1.3,14,26,1040.48,5,1,UPI,1,Fire TV,South India,5,0
OTT05515,56,Female,Standard,0,0,0,0,0,1,1,24.2,1.0,50,35,963.37,4,0,Net Banking,1,Mobile,North India,3,1
OTT05516,30,Male,Standard,1,1,1,1,1,1,6,20.9,2.8,18,16,859.54,2,3,Debit Card,1,Laptop,North India,5,0
OTT05517,40,Male,Standard,0,0,0,1,1,0,2,15.8,2.0,59,56,607.51,3,1,UPI,0,Laptop,West India,5,1
OTT05518,34,Female,Standard,0,0,0,1,1,0,2,22.1,1.1,0,17,291.78,3,1,Debit Card,1,Laptop,East India,2,0
OTT05519,44,Female,Basic,1,0,0,1,0,0,2,37.6,2.7,44,55,515.47,1,0,Debit Card,1,Smart TV,North India,1,0
OTT05520,35,Female,Standard,0,1,0,1,0,1,3,29.6,0.4,58,12,624.4,4,0,Credit Card,1,Smart TV,North India,2,0
OTT05521,37,Female,Mobile,1,1,0,0,0,1,3,14.1,2.1,32,13,458.63,3,1,UPI,0,Mobile,East India,3,0
OTT05522,53,Male,Standard,0,0,1,0,1,0,2,31.8,0.7,51,58,808.16,2,2,Debit Card,1,Smart TV,Central India,1,0
OTT05523,41,Male,Standard,0,0,1,1,1,0,3,26.9,2.2,3,37,668.78,3,0,UPI,1,Smart TV,South India,2,0
OTT05524,42,Male,Premium,0,1,1,1,0,1,4,12.9,1.8,43,14,398.46,5,0,Wallet,1,Tablet,North India,4,0
OTT05525,52,Male,Mobile,1,0,0,0,1,0,2,10.7,1.8,2,29,1030.78,3,0,Net Banking,0,Fire TV,West India,1,0
OTT05526,36,Female,Standard,1,0,1,1,1,1,5,10.4,1.9,46,26,773.67,4,0,UPI,0,Laptop,North India,1,0
OTT05527,53,Female,Standard,0,0,0,1,1,0,2,39.0,1.3,10,46,678.28,2,2,UPI,0,Smart TV,Central India,1,0
OTT05528,48,Male,Premium,1,0,0,1,0,0,2,13.0,1.8,50,31,954.66,5,1,UPI,0,Smart TV,North India,5,0
OTT05529,56,Male,Premium,1,1,1,1,1,1,6,21.1,0.5,32,5,429.58,4,2,Credit Card,0,Laptop,North India,4,0
OTT05530,37,Other,Basic,1,1,0,0,1,1,4,30.6,1.3,13,41,475.68,4,2,Debit Card,0,Tablet,South India,3,0
OTT05531,42,Female,Premium,0,1,1,0,0,0,2,29.6,0.5,49,50,549.5,5,2,UPI,1,Laptop,North India,4,0
OTT05532,23,Male,Premium,1,0,1,1,1,1,5,29.6,4.2,28,46,796.81,1,2,UPI,1,Mobile,North India,4,0
OTT05533,22,Male,Premium,1,0,0,1,0,1,3,12.0,0.7,56,13,742.42,2,2,Credit Card,1,Smart TV,South India,3,1
OTT05534,22,Male,Standard,0,0,1,0,0,1,2,30.9,3.7,26,24,1525.85,4,1,UPI,1,Laptop,South India,5,0
OTT05535,45,Male,Premium,0,1,0,1,1,1,4,20.6,2.9,26,3,378.59,1,1,Debit Card,1,Fire TV,Central India,1,0
OTT05536,32,Male,Mobile,0,1,1,1,1,0,4,25.5,1.1,2,32,674.33,2,2,Debit Card,1,Smart TV,West India,3,0
OTT05537,30,Female,Basic,0,0,1,1,0,0,2,24.8,0.9,13,19,575.63,1,0,Credit Card,1,Laptop,North India,2,0
OTT05538,43,Male,Mobile,1,0,1,0,1,0,3,22.7,1.2,37,55,773.91,4,1,Net Banking,0,Smart TV,East India,1,0
OTT05539,35,Female,Standard,0,1,1,0,0,1,3,41.4,5.0,16,15,892.95,1,2,UPI,0,Mobile,North India,5,0
OTT05540,23,Male,Premium,0,0,0,0,0,1,1,38.4,1.1,7,7,715.25,2,2,UPI,1,Laptop,South India,4,1
OTT05541,41,Male,Standard,1,1,1,1,1,1,6,93.6,3.3,13,44,753.24,1,0,UPI,0,Smart TV,West India,2,0
OTT05542,41,Male,Basic,1,0,0,1,0,1,3,50.9,3.7,34,27,549.39,1,2,Net Banking,0,Tablet,North India,1,0
OTT05543,24,Female,Standard,0,0,1,1,1,0,3,8.4,0.9,22,39,1107.58,1,1,UPI,1,Smart TV,South India,4,0
OTT05544,29,Female,Standard,1,0,1,1,0,0,3,24.0,1.3,45,12,517.97,4,2,UPI,1,Smart TV,South India,5,0
OTT05545,28,Male,Basic,1,0,0,1,0,1,3,48.7,0.4,56,53,99.0,4,1,UPI,1,Smart TV,East India,2,0
OTT05546,47,Female,Standard,0,1,1,0,0,0,2,22.3,1.7,6,3,482.51,3,1,UPI,0,Mobile,North India,2,0
OTT05547,28,Female,Standard,1,1,1,1,1,1,6,19.7,1.7,4,24,1317.16,3,2,Debit Card,1,Laptop,East India,1,0
OTT05548,19,Male,Standard,0,1,0,0,1,1,3,11.8,1.4,10,10,318.82,1,1,UPI,1,Smart TV,South India,3,0
OTT05549,29,Female,Standard,0,1,0,1,1,1,4,11.0,1.3,1,43,784.83,2,0,Net Banking,1,Smart TV,North India,2,0
OTT05550,38,Other,Basic,0,1,1,1,0,0,3,36.7,2.5,53,15,426.47,5,0,Credit Card,1,Fire TV,South India,4,0
OTT05551,51,Male,Basic,1,0,0,1,0,0,2,25.8,3.0,45,28,780.35,4,3,Credit Card,1,Smart TV,West India,1,0
OTT05552,20,Female,Standard,1,0,0,0,0,0,1,5.3,2.7,44,34,959.71,3,1,UPI,0,Laptop,North India,3,0
OTT05553,55,Female,Premium,1,0,0,0,0,1,2,42.9,1.4,55,16,521.76,5,2,UPI,1,Smart TV,East India,5,0
OTT05554,32,Female,Basic,0,0,1,1,0,0,2,46.1,2.3,47,47,1008.35,3,2,UPI,0,Smart TV,West India,3,0
OTT05555,32,Male,Premium,1,0,1,1,0,1,4,21.4,1.5,50,16,953.27,5,2,UPI,0,Fire TV,Central India,4,1
OTT05556,18,Female,Standard,0,1,1,1,1,1,5,24.3,1.2,9,57,739.3,2,0,UPI,1,Mobile,South India,2,0
OTT05557,29,Male,Mobile,0,1,1,0,0,0,2,51.7,1.6,52,40,629.77,4,1,Wallet,1,Mobile,South India,5,0
OTT05558,38,Female,Basic,0,1,0,0,1,0,2,20.8,1.1,41,58,587.61,2,3,Debit Card,1,Mobile,North India,5,1
OTT05559,44,Female,Basic,0,1,1,1,0,1,4,7.4,0.7,8,5,422.12,1,1,Wallet,1,Tablet,West India,4,0
OTT05560,50,Male,Mobile,0,0,0,0,1,1,2,36.8,3.4,8,53,335.38,1,2,Credit Card,0,Tablet,West India,2,0
OTT05561,40,Other,Basic,1,1,1,0,1,1,5,45.2,2.5,45,59,813.63,1,0,UPI,1,Smart TV,East India,4,1
OTT05562,22,Female,Standard,0,0,1,1,1,0,3,26.5,0.8,25,31,746.43,1,4,Wallet,1,Smart TV,West India,4,0
OTT05563,34,Female,Standard,0,0,0,1,0,0,1,13.0,0.8,19,54,766.38,3,2,Net Banking,1,Mobile,North India,3,0
OTT05564,49,Other,Standard,0,0,0,1,1,0,2,48.6,1.8,2,26,932.63,3,0,Debit Card,1,Smart TV,South India,4,0
OTT05565,45,Female,Standard,1,1,0,1,1,1,5,19.0,1.5,25,28,643.47,4,0,Debit Card,0,Fire TV,North India,4,0
OTT05566,43,Male,Basic,1,0,0,1,0,0,2,14.5,1.0,19,28,1024.28,4,0,Net Banking,1,Smart TV,South India,1,0
OTT05567,39,Female,Premium,1,0,1,1,0,1,4,26.3,1.1,18,39,193.59,1,0,Wallet,0,Smart TV,South India,2,0
OTT05568,39,Female,Premium,0,0,0,1,0,1,2,21.2,0.9,59,58,1153.09,3,4,Credit Card,1,Laptop,Central India,1,1
OTT05569,60,Female,Standard,1,0,0,1,0,0,2,35.0,1.9,11,13,641.25,4,3,Credit Card,0,Tablet,East India,3,0
OTT05570,43,Female,Basic,1,1,0,1,1,1,5,71.6,2.8,42,36,452.71,5,1,UPI,1,Smart TV,South India,3,1
OTT05571,43,Female,Premium,0,0,1,0,0,1,2,14.0,1.6,39,30,618.55,1,3,UPI,0,Tablet,East India,5,1
OTT05572,32,Male,Standard,0,0,1,0,0,0,1,38.2,1.3,2,45,1092.9,4,2,UPI,1,Fire TV,West India,4,0
OTT05573,39,Male,Mobile,0,1,1,1,0,0,3,20.6,0.7,0,27,464.95,3,0,UPI,1,Smart TV,South India,5,0
OTT05574,48,Female,Basic,1,1,1,0,1,1,5,34.9,0.4,46,4,677.65,5,0,Credit Card,1,Mobile,West India,4,0
OTT05575,54,Male,Basic,1,0,1,0,0,0,2,26.9,0.5,31,49,360.24,2,2,UPI,1,Mobile,North India,1,0
OTT05576,51,Male,Standard,1,0,0,0,1,0,2,18.4,1.9,23,59,762.5,1,2,Credit Card,1,Fire TV,South India,3,0
OTT05577,46,Male,Standard,1,1,1,1,1,1,6,38.9,1.9,28,57,1000.76,4,2,Debit Card,1,Mobile,South India,3,0
OTT05578,51,Female,Basic,0,1,0,1,1,1,4,19.6,0.3,17,32,730.39,1,4,Debit Card,1,Smart TV,South India,1,0
OTT05579,19,Male,Basic,1,1,0,1,1,1,5,14.8,0.5,56,21,548.66,3,2,UPI,0,Smart TV,South India,2,1
OTT05580,29,Male,Basic,0,1,0,1,1,1,4,37.4,1.0,11,37,535.45,1,1,Credit Card,1,Smart TV,North India,3,0
OTT05581,28,Male,Standard,0,0,1,1,1,1,4,14.7,1.1,11,51,681.49,1,1,UPI,1,Mobile,South India,5,0
OTT05582,46,Male,Standard,1,1,1,0,0,0,3,36.5,5.7,25,49,803.37,4,1,Debit Card,1,Smart TV,South India,1,0
OTT05583,50,Male,Basic,1,0,0,0,1,0,2,25.2,0.2,9,34,893.45,2,3,Debit Card,1,Smart TV,Central India,1,0
OTT05584,24,Male,Standard,1,1,1,1,0,0,4,26.2,1.2,15,6,358.62,5,1,Credit Card,1,Laptop,West India,2,0
OTT05585,26,Female,Premium,1,1,1,0,0,1,4,13.6,0.5,40,15,514.31,5,2,Credit Card,0,Mobile,East India,1,0
OTT05586,39,Male,Mobile,1,1,1,1,1,1,6,26.9,1.8,56,1,1055.48,2,3,Wallet,0,Fire TV,West India,3,0
OTT05587,59,Male,Standard,0,1,0,1,1,0,3,18.8,1.0,2,31,789.43,2,4,Net Banking,0,Mobile,East India,2,1
OTT05588,18,Female,Basic,1,0,0,0,1,0,2,53.0,1.1,42,58,691.32,5,0,UPI,1,Smart TV,West India,2,0
OTT05589,55,Male,Basic,1,0,1,0,1,0,3,10.9,0.1,12,37,869.37,2,0,Credit Card,1,Smart TV,North India,2,0
OTT05590,26,Male,Premium,1,0,1,1,0,0,3,43.7,2.4,55,13,99.0,2,1,Credit Card,1,Fire TV,East India,5,0
OTT05591,29,Male,Premium,0,0,1,0,1,1,3,45.6,5.2,45,3,838.5,2,1,UPI,1,Tablet,Central India,2,1
OTT05592,45,Male,Basic,0,0,1,1,1,1,4,31.5,1.4,2,7,1357.01,4,3,UPI,0,Smart TV,South India,1,0
OTT05593,49,Female,Basic,1,1,0,1,0,0,3,51.5,1.6,42,21,671.12,5,1,Wallet,0,Laptop,West India,5,0
OTT05594,55,Other,Mobile,0,0,0,0,0,1,1,21.4,2.6,2,57,728.28,1,4,Net Banking,1,Laptop,South India,1,0
OTT05595,18,Male,Standard,0,0,1,1,0,1,3,23.0,1.5,23,3,558.7,1,3,UPI,1,Mobile,South India,3,0
OTT05596,20,Female,Mobile,0,0,0,1,1,1,3,32.7,1.5,38,23,382.56,2,1,UPI,1,Mobile,South India,5,0
OTT05597,38,Female,Standard,1,1,1,1,1,0,5,21.8,2.4,52,24,510.89,4,3,Credit Card,0,Smart TV,East India,3,0
OTT05598,42,Male,Mobile,1,1,0,1,0,0,3,5.9,0.3,37,52,901.09,3,1,UPI,0,Mobile,Central India,2,1
OTT05599,29,Female,Standard,1,0,1,0,0,1,3,11.0,1.8,50,37,808.59,5,0,Wallet,1,Smart TV,South India,5,0
OTT05600,45,Female,Premium,0,0,1,0,1,1,3,11.7,0.9,43,56,406.05,3,1,UPI,1,Laptop,West India,2,0
OTT05601,29,Female,Mobile,1,1,0,1,0,0,3,37.7,3.3,6,52,472.98,3,2,Wallet,1,Mobile,West India,5,0
OTT05602,58,Female,Standard,0,0,0,1,0,0,1,24.3,1.8,34,12,478.48,2,2,UPI,1,Mobile,South India,5,0
OTT05603,25,Male,Premium,1,1,1,1,1,0,5,36.1,0.9,7,37,696.5,2,0,UPI,0,Smart TV,South India,5,0
OTT05604,46,Female,Mobile,1,0,1,1,1,1,5,39.2,2.1,2,5,594.46,3,2,Debit Card,1,Laptop,West India,2,0
OTT05605,40,Female,Premium,1,0,1,0,0,1,3,21.5,2.6,54,40,630.56,1,0,Debit Card,1,Mobile,Central India,5,0
OTT05606,22,Female,Standard,0,0,1,1,1,0,3,28.8,1.5,41,3,349.24,1,2,Net Banking,1,Tablet,South India,2,0
OTT05607,44,Male,Standard,0,0,0,1,0,0,1,10.7,3.7,1,39,1104.58,4,1,Wallet,1,Mobile,South India,4,0
OTT05608,24,Male,Standard,0,1,1,0,1,0,3,16.8,3.2,50,17,733.9,2,1,Wallet,1,Tablet,West India,1,0
OTT05609,41,Male,Basic,1,1,0,0,0,1,3,21.0,1.7,51,43,503.66,1,0,UPI,1,Smart TV,West India,2,0
OTT05610,45,Female,Mobile,0,1,0,1,1,1,4,24.7,1.0,42,11,427.22,2,0,Debit Card,1,Mobile,Central India,4,1
OTT05611,21,Female,Basic,0,0,0,0,1,0,1,9.5,0.3,26,17,542.3,5,2,UPI,0,Smart TV,North India,3,0
OTT05612,27,Female,Standard,1,0,1,1,1,0,4,21.1,1.2,50,55,977.88,1,1,UPI,0,Laptop,South India,4,0
OTT05613,30,Male,Premium,0,1,1,0,0,0,2,14.8,1.0,60,38,1072.49,5,1,Wallet,0,Mobile,North India,5,0
OTT05614,57,Male,Basic,0,1,0,1,1,1,4,67.8,1.7,27,56,472.51,3,0,UPI,1,Mobile,North India,2,0
OTT05615,27,Male,Basic,1,0,1,0,1,0,3,25.6,1.4,17,46,527.41,1,1,UPI,1,Mobile,North India,1,0
OTT05616,57,Male,Mobile,0,0,0,1,1,0,2,35.9,1.5,6,27,181.88,5,1,Net Banking,0,Mobile,North India,3,0
OTT05617,40,Female,Premium,1,0,1,0,0,1,3,36.0,1.7,15,23,198.97,4,3,Net Banking,1,Smart TV,West India,5,0
OTT05618,58,Female,Basic,0,0,1,1,1,1,4,26.7,3.0,54,22,687.43,3,1,Debit Card,1,Mobile,South India,4,0
OTT05619,53,Female,Premium,1,0,0,0,1,1,3,30.7,1.1,40,29,561.97,3,1,UPI,1,Laptop,West India,3,0
OTT05620,30,Female,Basic,0,0,0,0,0,1,1,29.1,1.1,46,25,549.37,1,3,UPI,1,Smart TV,North India,3,1
OTT05621,42,Male,Mobile,1,0,1,0,0,1,3,29.1,2.3,8,8,511.26,4,1,UPI,1,Tablet,North India,4,0
OTT05622,48,Female,Basic,1,1,0,0,0,0,2,48.8,3.8,32,51,739.87,1,1,Net Banking,0,Laptop,East India,5,0
OTT05623,21,Female,Standard,1,0,0,1,1,1,4,25.1,2.0,18,15,686.35,3,2,UPI,1,Smart TV,West India,5,0
OTT05624,46,Female,Basic,1,1,0,1,0,0,3,14.4,5.7,8,9,941.48,4,2,Credit Card,0,Fire TV,West India,2,0
OTT05625,37,Female,Premium,0,1,0,0,0,0,1,36.7,1.4,42,11,1378.39,1,2,Credit Card,1,Fire TV,Central India,5,0
OTT05626,19,Male,Standard,0,0,0,1,1,1,3,12.5,2.1,10,10,350.28,4,1,UPI,1,Mobile,East India,1,0
OTT05627,55,Male,Mobile,0,0,1,1,1,1,4,22.8,1.1,54,38,304.08,1,2,Credit Card,1,Smart TV,Central India,5,0
OTT05628,29,Female,Standard,0,0,1,1,1,1,4,18.4,6.6,11,17,1102.41,4,1,Credit Card,1,Laptop,North India,1,0
OTT05629,55,Female,Basic,0,0,0,0,0,1,1,21.6,2.6,37,1,633.9,5,2,Wallet,0,Mobile,North India,4,0
OTT05630,26,Female,Standard,0,0,1,0,1,0,2,32.1,1.9,9,35,876.02,5,4,UPI,0,Fire TV,South India,4,0
OTT05631,41,Male,Standard,1,1,0,0,1,0,3,30.6,6.8,15,27,335.88,4,0,Debit Card,0,Mobile,North India,5,0
OTT05632,33,Female,Premium,1,1,0,0,0,0,2,21.7,1.0,50,43,353.27,1,2,Debit Card,1,Laptop,North India,3,1
OTT05633,56,Male,Standard,1,0,1,0,1,0,3,17.0,0.2,53,11,892.89,3,2,UPI,1,Tablet,South India,1,0
OTT05634,58,Female,Basic,0,0,1,0,0,0,1,40.1,0.8,27,60,299.81,5,0,Debit Card,1,Laptop,West India,5,0
OTT05635,51,Male,Basic,0,0,0,0,0,1,1,33.2,0.9,12,8,1052.12,5,1,UPI,1,Mobile,South India,4,0
OTT05636,54,Female,Basic,1,1,1,1,0,0,4,9.4,2.0,17,3,886.39,4,0,Credit Card,1,Laptop,North India,1,0
OTT05637,51,Male,Basic,1,1,0,0,0,0,2,10.2,2.5,35,22,457.85,4,2,Credit Card,1,Fire TV,South India,1,1
OTT05638,30,Male,Mobile,1,0,0,1,1,1,4,18.3,0.5,20,22,1086.26,5,0,Credit Card,1,Smart TV,East India,1,0
OTT05639,57,Male,Basic,0,0,1,0,0,0,1,7.1,2.1,49,55,802.44,5,2,Credit Card,1,Laptop,North India,3,0
OTT05640,40,Female,Premium,1,0,0,1,0,1,3,11.2,0.2,16,19,594.02,3,2,UPI,1,Laptop,West India,4,0
OTT05641,32,Female,Premium,0,1,0,1,0,1,3,27.1,0.6,20,37,676.65,2,1,Wallet,1,Mobile,West India,5,1
OTT05642,26,Other,Mobile,0,0,1,1,1,1,4,30.5,2.8,32,3,108.96,5,0,Debit Card,1,Smart TV,East India,4,0
OTT05643,48,Female,Premium,1,1,1,0,0,1,4,22.5,3.8,18,36,276.53,3,1,Debit Card,1,Mobile,South India,5,0
OTT05644,29,Female,Standard,1,0,1,0,1,0,3,22.5,2.9,27,48,867.17,3,1,Credit Card,0,Mobile,North India,3,0
OTT05645,46,Female,Mobile,1,0,0,0,1,1,3,18.6,1.2,16,44,711.96,1,0,Debit Card,0,Smart TV,South India,3,0
OTT05646,20,Male,Premium,0,0,1,1,0,0,2,16.1,0.9,54,26,1060.39,2,1,Debit Card,1,Mobile,North India,2,1
OTT05647,45,Female,Premium,1,0,0,1,0,1,3,35.4,3.1,28,33,761.45,1,3,Credit Card,0,Mobile,South India,2,0
OTT05648,45,Female,Standard,0,0,0,0,1,0,1,36.9,0.7,10,37,315.22,5,3,UPI,1,Mobile,West India,3,0
OTT05649,40,Female,Standard,1,0,0,1,0,1,3,22.0,2.1,10,26,361.15,4,2,UPI,1,Laptop,South India,4,1
OTT05650,46,Male,Basic,0,1,0,1,0,0,2,11.4,1.0,52,28,421.32,3,1,Debit Card,1,Tablet,South India,3,0
OTT05651,60,Male,Standard,1,1,1,1,1,0,5,16.1,2.0,25,57,486.85,3,1,Debit Card,1,Smart TV,North India,3,0
OTT05652,54,Male,Standard,0,1,0,1,1,0,3,23.3,0.4,19,22,693.64,2,1,Net Banking,0,Mobile,North India,5,0
OTT05653,36,Female,Standard,1,0,0,1,0,1,3,22.0,4.0,20,56,983.11,4,1,Debit Card,1,Mobile,Central India,4,0
OTT05654,55,Female,Basic,1,1,1,0,0,0,3,33.6,0.5,59,9,825.9,5,0,Wallet,0,Smart TV,North India,2,0
OTT05655,59,Female,Standard,0,1,0,1,0,0,2,15.5,0.7,22,29,1003.56,4,1,Debit Card,1,Mobile,Central India,5,0
OTT05656,24,Male,Premium,1,0,0,1,0,0,2,31.4,1.7,42,54,763.52,3,0,UPI,0,Smart TV,South India,1,1
OTT05657,33,Female,Premium,0,1,1,1,1,1,5,23.7,3.6,16,14,532.59,4,1,Wallet,1,Tablet,East India,3,0
OTT05658,49,Male,Mobile,1,0,1,1,1,0,4,66.4,0.6,56,8,261.87,2,1,UPI,1,Smart TV,South India,3,1
OTT05659,40,Male,Basic,0,0,1,0,0,1,2,23.0,1.2,42,39,826.74,2,3,UPI,1,Smart TV,North India,2,1
OTT05660,23,Female,Mobile,1,1,1,1,0,0,4,16.6,1.5,54,35,623.6,4,2,Debit Card,0,Fire TV,West India,4,1
OTT05661,38,Male,Standard,0,1,0,1,1,0,3,47.6,2.9,15,29,871.97,4,1,Credit Card,1,Smart TV,West India,4,1
OTT05662,34,Male,Basic,1,0,0,0,0,0,1,22.0,0.5,29,59,480.93,2,0,Net Banking,1,Smart TV,Central India,5,0
OTT05663,49,Male,Premium,0,0,1,1,1,0,3,30.5,2.3,19,24,1107.47,1,1,UPI,1,Smart TV,North India,2,0
OTT05664,40,Male,Standard,1,0,0,0,0,1,2,7.8,3.3,26,18,1108.71,2,1,UPI,1,Smart TV,North India,5,0
OTT05665,24,Female,Basic,0,0,1,0,1,0,2,42.0,1.8,15,24,405.81,2,1,Debit Card,0,Fire TV,South India,4,1
OTT05666,20,Female,Standard,1,1,0,1,1,0,4,16.1,0.4,10,29,742.14,5,0,Net Banking,1,Smart TV,South India,2,0
OTT05667,30,Other,Basic,0,0,0,1,1,0,2,12.3,2.5,23,41,210.41,4,0,Debit Card,1,Laptop,West India,5,1
OTT05668,24,Female,Mobile,1,1,1,0,1,1,5,37.8,3.5,21,45,420.33,4,2,UPI,1,Smart TV,East India,4,0
OTT05669,55,Male,Mobile,1,1,1,0,0,1,4,15.2,1.2,32,24,405.4,5,2,Credit Card,1,Smart TV,West India,5,0
OTT05670,29,Male,Standard,1,1,0,0,1,1,4,13.8,0.4,18,16,480.97,2,1,Debit Card,1,Smart TV,South India,4,0
OTT05671,45,Female,Premium,1,0,0,1,0,1,3,11.2,1.9,9,38,573.74,1,0,UPI,1,Mobile,South India,4,0
OTT05672,23,Male,Basic,1,1,1,1,1,0,5,18.3,1.4,21,14,432.29,1,0,Wallet,1,Smart TV,South India,5,0
OTT05673,36,Other,Standard,0,1,0,1,1,0,3,15.2,0.6,42,9,692.97,2,1,UPI,1,Mobile,West India,5,0
OTT05674,58,Male,Mobile,1,1,1,0,0,0,3,35.3,2.4,10,7,221.49,3,0,Debit Card,1,Mobile,East India,2,0
OTT05675,45,Female,Basic,0,1,1,1,0,0,3,15.8,1.9,23,16,928.0,2,1,Net Banking,0,Mobile,West India,5,0
OTT05676,30,Female,Standard,1,1,1,1,1,0,5,17.6,1.4,12,2,352.41,3,2,UPI,1,Mobile,West India,5,0
OTT05677,50,Female,Premium,0,0,0,1,1,0,2,16.7,1.3,40,40,606.09,2,5,UPI,1,Smart TV,North India,5,1
OTT05678,39,Female,Premium,0,0,1,0,1,1,3,32.0,1.9,49,17,531.05,2,0,UPI,1,Smart TV,West India,2,0
OTT05679,28,Female,Standard,0,0,1,1,1,1,4,37.0,0.6,54,5,938.07,2,2,UPI,1,Smart TV,North India,1,0
OTT05680,60,Male,Basic,1,1,0,0,0,1,3,23.5,2.9,48,41,558.08,5,2,UPI,1,Smart TV,North India,3,0
OTT05681,58,Female,Mobile,1,1,1,1,0,1,5,22.9,3.4,3,54,1058.33,2,1,Wallet,1,Smart TV,Central India,5,0
OTT05682,42,Female,Basic,0,0,0,1,1,1,3,25.2,1.3,52,5,750.25,2,1,Credit Card,1,Smart TV,South India,1,0
OTT05683,19,Female,Premium,1,1,0,0,0,0,2,26.4,1.1,55,14,388.12,2,2,UPI,0,Smart TV,West India,4,1
OTT05684,35,Female,Standard,0,0,1,0,1,1,3,33.6,0.8,10,47,590.32,1,1,UPI,1,Laptop,South India,3,0
OTT05685,40,Male,Basic,0,1,1,1,0,0,3,32.5,0.5,26,48,637.64,2,0,Debit Card,1,Smart TV,South India,5,0
OTT05686,57,Male,Basic,0,1,0,0,0,0,1,2.2,1.0,58,26,855.64,1,2,UPI,0,Fire TV,East India,1,1
OTT05687,49,Female,Mobile,0,0,0,0,1,0,1,13.2,1.6,39,29,697.2,4,3,UPI,1,Mobile,South India,4,0
OTT05688,27,Male,Standard,1,0,0,1,0,0,2,6.2,2.5,15,34,587.9,1,1,Debit Card,0,Fire TV,South India,3,0
OTT05689,39,Female,Basic,0,0,1,1,1,1,4,27.5,0.5,30,32,435.95,5,2,Credit Card,1,Smart TV,West India,2,0
OTT05690,25,Female,Premium,1,1,0,1,1,1,5,10.8,1.3,11,19,783.73,2,2,Wallet,1,Mobile,West India,1,1
OTT05691,38,Female,Basic,1,1,0,1,0,0,3,30.1,1.4,28,49,551.11,2,0,Credit Card,1,Fire TV,East India,4,0
OTT05692,41,Male,Standard,0,0,0,0,1,0,1,26.3,2.1,8,40,448.04,1,1,Credit Card,1,Tablet,North India,2,0
OTT05693,39,Male,Mobile,1,1,0,0,0,1,3,22.8,0.9,45,30,362.0,3,1,UPI,1,Smart TV,Central India,1,0
OTT05694,36,Female,Mobile,1,1,1,1,1,0,5,20.4,3.7,8,46,937.15,4,3,Net Banking,0,Mobile,North India,3,0
OTT05695,36,Female,Basic,1,1,0,1,0,1,4,36.5,2.8,0,15,234.02,2,0,Credit Card,0,Smart TV,South India,2,0
OTT05696,52,Female,Basic,1,1,0,0,0,0,2,31.3,1.7,16,6,784.46,4,2,UPI,1,Laptop,South India,5,0
OTT05697,39,Male,Premium,1,0,0,0,0,1,2,12.5,3.4,22,18,655.94,5,1,Credit Card,1,Mobile,South India,5,0
OTT05698,19,Male,Standard,1,0,1,1,1,1,5,26.8,2.2,59,54,496.95,1,1,Debit Card,0,Tablet,North India,5,1
OTT05699,49,Female,Basic,1,1,1,1,0,1,5,24.8,3.1,39,44,449.23,4,0,UPI,1,Laptop,East India,2,0
OTT05700,44,Female,Standard,0,0,1,0,0,0,1,42.6,2.6,43,36,655.11,5,3,UPI,1,Mobile,North India,1,0
OTT05701,47,Female,Standard,1,0,1,1,0,1,4,45.8,2.0,43,34,499.51,5,2,UPI,1,Mobile,West India,5,0
OTT05702,48,Female,Standard,0,1,0,0,0,0,1,23.9,2.0,32,39,488.46,4,4,UPI,1,Fire TV,North India,3,0
OTT05703,25,Female,Mobile,0,0,0,0,1,0,1,63.8,1.7,2,56,928.3,3,2,UPI,0,Mobile,East India,3,0
OTT05704,59,Female,Basic,1,1,1,0,1,0,4,15.2,5.8,21,32,606.85,3,0,Debit Card,1,Mobile,East India,3,1
OTT05705,60,Female,Mobile,1,0,1,1,0,0,3,9.1,2.9,45,20,652.09,5,1,UPI,1,Smart TV,South India,5,0
OTT05706,24,Female,Premium,1,0,0,0,1,1,3,48.4,1.6,36,6,425.4,2,3,Credit Card,1,Mobile,North India,5,0
OTT05707,27,Female,Basic,1,1,0,1,1,1,5,14.0,3.6,20,6,928.53,5,2,UPI,1,Mobile,South India,5,0
OTT05708,28,Male,Standard,1,1,1,0,0,1,4,9.4,0.9,28,27,992.03,1,0,UPI,1,Smart TV,South India,4,0
OTT05709,59,Female,Premium,0,0,0,0,0,1,1,14.6,1.8,4,39,711.19,2,2,UPI,1,Smart TV,East India,3,0
OTT05710,58,Female,Basic,0,1,0,1,0,1,3,17.5,1.0,54,11,1049.64,3,1,UPI,1,Mobile,East India,3,0
OTT05711,29,Female,Mobile,0,1,1,0,1,1,4,6.5,1.5,16,10,497.74,3,1,Wallet,1,Tablet,South India,4,0
OTT05712,45,Male,Basic,0,0,1,1,0,1,3,19.7,1.2,16,31,907.4,3,0,UPI,1,Smart TV,North India,2,0
OTT05713,28,Male,Standard,1,1,1,1,1,1,6,16.5,1.6,15,9,543.78,2,1,Credit Card,0,Mobile,West India,5,0
OTT05714,19,Female,Standard,1,0,0,1,1,1,4,24.4,0.9,11,55,514.98,3,3,UPI,1,Mobile,East India,3,0
OTT05715,27,Female,Mobile,0,0,0,1,0,0,1,4.3,1.8,25,52,1041.59,5,3,Debit Card,1,Mobile,North India,1,1
OTT05716,21,Male,Mobile,0,1,0,1,0,0,2,20.7,0.5,16,29,548.43,1,0,UPI,1,Tablet,East India,3,1
OTT05717,54,Male,Standard,0,1,0,1,1,1,4,70.1,1.3,35,47,382.36,5,5,UPI,0,Tablet,North India,1,0
OTT05718,51,Female,Standard,1,1,1,1,1,1,6,39.0,1.0,45,13,141.85,1,1,Wallet,0,Tablet,South India,3,0
OTT05719,25,Other,Mobile,0,0,0,0,0,1,1,9.9,0.1,7,9,652.3,3,0,Debit Card,1,Smart TV,Central India,2,0
OTT05720,42,Male,Standard,1,0,0,0,0,0,1,15.3,3.0,33,31,362.67,5,2,Debit Card,0,Mobile,North India,3,0
OTT05721,26,Male,Basic,1,1,1,0,1,0,4,17.9,4.4,6,47,1202.92,2,2,Net Banking,1,Smart TV,South India,4,0
OTT05722,42,Male,Mobile,0,1,0,0,0,0,1,47.5,2.1,44,21,1137.24,1,2,Wallet,0,Smart TV,Central India,5,0
OTT05723,56,Male,Basic,0,0,1,0,0,0,1,19.9,1.5,29,14,99.0,4,1,UPI,1,Smart TV,West India,5,0
OTT05724,55,Male,Standard,1,0,1,1,1,1,5,18.1,1.0,30,56,1107.86,5,1,Wallet,1,Smart TV,East India,1,0
OTT05725,53,Female,Standard,1,0,1,1,1,0,4,10.9,1.8,20,27,431.08,1,1,Debit Card,1,Smart TV,North India,1,0
OTT05726,28,Female,Standard,1,1,1,1,0,1,5,18.2,2.4,24,26,1000.59,4,1,Wallet,0,Mobile,North India,2,0
OTT05727,26,Male,Basic,1,1,1,1,0,0,4,19.5,2.9,22,17,946.63,5,2,Wallet,1,Laptop,South India,4,0
OTT05728,24,Male,Basic,0,1,0,0,1,0,2,25.6,2.5,15,48,1025.56,4,4,UPI,1,Smart TV,South India,5,0
OTT05729,23,Other,Basic,1,1,0,1,1,1,5,14.2,0.9,51,14,1153.78,3,0,Wallet,1,Smart TV,South India,2,0
OTT05730,44,Male,Basic,0,0,0,1,1,0,2,11.0,1.1,49,29,325.82,2,3,Credit Card,1,Smart TV,South India,5,0
OTT05731,46,Female,Standard,0,0,1,0,1,0,2,10.8,0.6,17,6,357.13,4,1,UPI,1,Tablet,South India,1,0
OTT05732,55,Male,Basic,0,1,1,1,1,1,5,39.6,0.8,21,15,876.68,1,1,Debit Card,1,Smart TV,East India,4,0
OTT05733,21,Female,Mobile,1,0,1,0,1,1,4,43.0,2.4,43,59,681.47,3,0,Credit Card,1,Tablet,North India,2,0
OTT05734,29,Female,Basic,1,1,1,1,0,1,5,39.9,1.5,2,40,839.3,3,1,Credit Card,1,Laptop,South India,1,0
OTT05735,49,Male,Mobile,1,1,0,0,0,0,2,18.3,2.5,13,15,552.02,4,0,Debit Card,1,Smart TV,West India,1,0
OTT05736,47,Female,Standard,1,1,1,1,1,1,6,38.8,2.8,18,2,897.83,4,0,UPI,1,Laptop,West India,1,0
OTT05737,36,Female,Basic,1,0,0,0,1,1,3,35.8,1.7,7,20,287.22,2,4,Net Banking,1,Laptop,South India,1,0
OTT05738,24,Male,Standard,0,1,1,1,0,1,4,29.5,2.6,9,49,1198.95,3,1,UPI,0,Laptop,North India,5,0
OTT05739,38,Female,Mobile,1,0,1,1,1,1,5,19.2,1.3,33,40,1341.31,2,0,Debit Card,0,Smart TV,East India,1,0
OTT05740,25,Male,Basic,0,0,1,1,1,0,3,29.6,1.7,34,54,144.81,5,2,UPI,1,Smart TV,North India,3,0
OTT05741,41,Male,Basic,1,0,1,0,1,1,4,10.1,0.5,45,44,1087.81,4,0,Wallet,0,Mobile,West India,4,0
OTT05742,56,Other,Mobile,1,1,0,0,1,1,4,36.8,1.2,30,33,163.66,1,2,UPI,1,Mobile,West India,5,1
OTT05743,26,Male,Standard,0,0,1,1,1,1,4,5.4,0.8,20,59,812.94,3,1,UPI,1,Laptop,West India,1,0
OTT05744,23,Male,Mobile,1,1,1,1,1,0,5,19.3,0.4,29,15,382.77,4,0,Debit Card,1,Smart TV,South India,4,0
OTT05745,49,Male,Mobile,1,1,1,0,0,1,4,21.5,1.9,58,9,778.71,3,1,UPI,1,Mobile,Central India,1,0
OTT05746,19,Other,Basic,0,0,0,1,0,0,1,18.7,1.4,15,11,299.96,3,4,UPI,0,Laptop,South India,5,0
OTT05747,60,Male,Basic,0,1,1,0,0,0,2,37.2,1.1,53,37,764.0,2,2,UPI,1,Mobile,South India,4,0
OTT05748,51,Male,Premium,1,1,1,1,1,1,6,10.3,1.2,6,44,597.51,3,0,UPI,1,Mobile,North India,5,0
OTT05749,35,Female,Premium,1,1,1,1,1,1,6,12.9,0.5,43,43,575.53,3,1,UPI,1,Laptop,North India,5,0
OTT05750,33,Female,Basic,1,1,1,1,1,1,6,24.5,2.3,7,13,750.33,1,1,UPI,0,Smart TV,South India,2,0
OTT05751,34,Female,Basic,0,0,0,0,0,1,1,8.4,2.3,53,44,171.85,3,0,Net Banking,1,Smart TV,West India,2,1
OTT05752,35,Other,Standard,0,1,1,1,0,0,3,17.9,0.9,21,31,823.42,4,4,Credit Card,1,Mobile,West India,5,1
OTT05753,54,Male,Standard,1,1,0,1,0,1,4,49.9,0.6,17,60,562.29,4,1,UPI,1,Smart TV,South India,2,0
OTT05754,52,Female,Basic,1,1,0,1,1,0,4,36.5,1.9,38,52,216.22,3,5,Wallet,1,Mobile,North India,2,0
OTT05755,26,Female,Mobile,0,0,0,0,0,1,1,54.6,3.8,29,8,840.26,3,4,UPI,0,Laptop,East India,1,0
OTT05756,25,Male,Mobile,1,0,0,1,1,0,3,23.1,1.6,1,46,475.78,5,1,Credit Card,0,Mobile,East India,4,0
OTT05757,41,Female,Mobile,1,0,1,0,0,0,2,38.0,2.4,44,7,635.08,1,0,Debit Card,1,Tablet,North India,1,0
OTT05758,45,Female,Basic,1,0,1,0,0,1,3,39.2,1.1,0,1,741.56,4,2,Debit Card,1,Smart TV,East India,3,1
OTT05759,49,Male,Standard,0,1,0,0,0,1,2,8.6,1.7,49,12,630.76,3,0,Debit Card,1,Smart TV,South India,3,1
OTT05760,31,Male,Premium,0,0,0,0,0,1,1,15.9,0.2,7,43,640.86,3,0,Wallet,1,Smart TV,East India,2,0
OTT05761,38,Male,Basic,0,0,0,1,0,0,1,18.7,1.0,54,54,814.88,2,2,Debit Card,0,Smart TV,East India,1,0
OTT05762,22,Female,Standard,1,1,0,1,1,1,5,71.0,0.6,30,1,572.85,1,1,UPI,0,Mobile,East India,1,0
OTT05763,37,Male,Basic,1,1,1,0,0,1,4,43.4,4.9,5,59,936.4,2,0,Debit Card,1,Smart TV,East India,5,0
OTT05764,47,Female,Mobile,0,1,1,1,1,1,5,11.7,1.5,20,20,971.16,1,1,Net Banking,1,Mobile,North India,2,0
OTT05765,31,Male,Standard,1,1,1,0,0,0,3,52.8,6.5,15,17,486.13,1,1,Wallet,1,Smart TV,South India,4,0
OTT05766,31,Other,Basic,1,0,1,0,0,1,3,17.7,1.5,27,23,493.16,3,1,Credit Card,1,Laptop,Central India,4,0
OTT05767,37,Female,Premium,0,0,0,0,1,1,2,32.0,1.9,57,3,825.18,2,4,UPI,1,Mobile,West India,3,1
OTT05768,55,Male,Premium,1,1,0,1,0,0,3,19.4,1.4,18,29,1118.87,4,1,UPI,1,Mobile,East India,3,0
OTT05769,43,Male,Mobile,0,0,1,0,0,1,2,5.7,1.1,31,43,957.23,4,1,Credit Card,1,Tablet,South India,1,0
OTT05770,57,Female,Basic,1,1,1,1,0,0,4,53.1,1.9,41,40,398.5,1,3,Debit Card,1,Mobile,East India,4,0
OTT05771,20,Male,Basic,1,0,1,1,1,0,4,40.3,2.4,49,43,568.37,4,2,Credit Card,1,Mobile,North India,5,0
OTT05772,54,Male,Premium,1,1,1,1,0,1,5,20.6,0.7,18,60,421.15,5,1,UPI,0,Laptop,North India,3,0
OTT05773,19,Female,Mobile,0,0,1,0,0,1,2,29.3,1.1,9,32,1061.36,5,1,Wallet,1,Laptop,North India,5,0
OTT05774,31,Female,Standard,0,1,0,1,0,1,3,15.9,0.5,12,11,768.67,5,1,Debit Card,1,Laptop,Central India,3,0
OTT05775,36,Female,Basic,0,0,0,1,1,0,2,14.6,0.3,40,18,369.51,3,0,Debit Card,1,Laptop,South India,4,1
OTT05776,28,Female,Standard,1,0,0,0,0,0,1,40.2,2.4,46,41,527.5,1,0,Net Banking,1,Smart TV,West India,5,1
OTT05777,60,Female,Mobile,1,0,1,1,1,0,4,37.1,2.2,39,40,385.65,4,1,Wallet,1,Fire TV,South India,5,0
OTT05778,56,Female,Standard,0,1,1,1,0,0,3,62.0,1.3,58,11,538.06,4,1,Debit Card,1,Smart TV,East India,5,0
OTT05779,42,Male,Standard,1,0,1,0,1,1,4,37.8,2.2,31,43,808.62,4,2,UPI,1,Tablet,North India,3,0
OTT05780,37,Female,Mobile,0,0,1,0,0,0,1,28.8,2.4,34,20,476.46,5,0,Net Banking,1,Fire TV,North India,3,0
OTT05781,50,Female,Basic,1,1,1,1,1,1,6,38.4,3.0,3,7,676.05,3,0,Credit Card,1,Mobile,West India,1,0
OTT05782,48,Female,Basic,1,1,1,1,1,1,6,30.9,0.2,3,49,736.77,4,0,Wallet,1,Laptop,West India,4,0
OTT05783,38,Other,Standard,0,0,0,1,1,1,3,32.5,1.5,59,19,115.2,3,0,Wallet,1,Fire TV,North India,2,0
OTT05784,53,Male,Premium,1,1,0,1,1,1,5,35.9,0.6,48,5,172.92,4,2,UPI,1,Laptop,North India,4,0
OTT05785,26,Female,Basic,0,0,1,0,0,1,2,39.8,0.8,47,58,515.82,3,0,UPI,1,Mobile,South India,2,0
OTT05786,29,Female,Premium,1,1,1,1,0,0,4,22.5,0.8,26,2,400.49,1,0,Debit Card,1,Smart TV,West India,4,0
OTT05787,18,Male,Basic,1,1,1,1,1,0,5,5.0,1.8,5,13,765.29,2,0,UPI,1,Mobile,West India,3,0
OTT05788,23,Male,Premium,1,1,0,1,1,0,4,23.2,1.0,42,22,552.83,3,1,Wallet,1,Mobile,West India,2,0
OTT05789,26,Female,Premium,1,0,0,1,1,1,4,12.9,0.2,4,34,850.75,1,1,UPI,1,Smart TV,South India,2,0
OTT05790,44,Male,Standard,1,0,1,1,0,0,3,0.6,2.0,35,27,790.12,3,1,Credit Card,1,Mobile,South India,4,0
OTT05791,54,Female,Premium,1,1,0,1,0,1,4,45.2,0.6,22,19,891.12,1,4,Debit Card,1,Mobile,North India,2,0
OTT05792,43,Female,Basic,1,0,1,1,1,0,4,50.8,0.6,30,25,502.15,2,1,Debit Card,1,Mobile,Central India,3,0
OTT05793,37,Female,Standard,1,1,0,0,0,0,2,13.5,7.0,9,48,588.3,1,0,UPI,1,Laptop,South India,3,0
OTT05794,29,Female,Mobile,0,0,0,0,0,1,1,19.3,3.5,22,36,1212.18,3,2,Credit Card,0,Mobile,West India,5,0
OTT05795,22,Male,Basic,0,1,1,0,1,1,4,21.9,1.0,23,28,356.59,5,1,Credit Card,1,Mobile,South India,4,0
OTT05796,43,Male,Standard,1,0,1,0,0,1,3,14.2,0.7,12,45,837.11,1,1,UPI,1,Smart TV,North India,1,1
OTT05797,24,Female,Premium,1,0,1,0,0,1,3,30.9,2.3,38,30,933.13,5,3,UPI,1,Laptop,South India,1,0
OTT05798,51,Male,Premium,0,1,1,1,1,1,5,10.5,8.1,23,39,782.78,2,2,Credit Card,1,Mobile,North India,1,0
OTT05799,35,Female,Standard,0,1,1,1,1,0,4,27.4,4.1,23,39,900.48,4,1,UPI,1,Fire TV,South India,1,0
OTT05800,33,Male,Premium,0,1,0,1,0,1,3,36.9,2.5,9,45,650.06,2,3,UPI,1,Mobile,South India,5,0
OTT05801,19,Male,Standard,0,1,1,1,0,0,3,32.9,4.0,14,20,785.24,2,1,UPI,1,Smart TV,South India,4,0
OTT05802,28,Other,Standard,1,1,0,1,0,0,3,31.5,2.1,40,32,712.3,1,2,UPI,1,Smart TV,North India,4,0
OTT05803,18,Female,Mobile,0,1,1,1,1,0,4,15.3,3.9,45,14,255.68,3,3,UPI,0,Laptop,South India,2,0
OTT05804,49,Female,Basic,1,0,1,0,1,0,3,49.5,0.9,5,27,589.03,1,0,Credit Card,1,Smart TV,East India,5,0
OTT05805,39,Male,Standard,1,0,1,0,0,1,3,42.9,3.0,15,1,224.56,3,0,Wallet,1,Smart TV,East India,2,0
OTT05806,51,Other,Standard,1,1,1,0,0,1,4,19.0,1.4,43,8,827.09,3,2,Debit Card,1,Tablet,West India,1,0
OTT05807,42,Female,Standard,1,1,0,1,0,1,4,34.9,2.4,13,20,712.46,1,1,Debit Card,1,Mobile,North India,3,0
OTT05808,59,Female,Standard,1,0,1,0,1,1,4,17.2,4.2,48,60,916.87,5,3,Debit Card,0,Mobile,South India,3,0
OTT05809,51,Male,Premium,0,0,1,0,0,0,1,35.3,1.2,55,43,331.42,5,2,Credit Card,1,Laptop,East India,4,0
OTT05810,24,Male,Standard,1,0,1,1,1,0,4,10.8,0.8,37,40,677.66,3,0,UPI,1,Mobile,Central India,5,0
OTT05811,23,Female,Standard,1,0,1,1,0,0,3,41.2,3.1,26,49,687.17,1,2,Credit Card,1,Smart TV,South India,3,0
OTT05812,56,Female,Standard,1,0,0,0,0,0,1,17.8,1.8,50,14,1213.28,4,2,Wallet,1,Mobile,South India,4,0
OTT05813,29,Male,Standard,0,0,1,1,1,1,4,13.3,1.9,42,60,595.72,4,0,Debit Card,1,Mobile,West India,5,0
OTT05814,50,Male,Basic,1,1,1,0,1,0,4,12.1,0.8,20,42,495.74,2,1,Debit Card,1,Mobile,West India,5,0
OTT05815,45,Female,Premium,1,0,0,1,0,1,3,28.2,2.3,59,26,658.96,5,1,Credit Card,0,Smart TV,West India,5,0
OTT05816,48,Other,Standard,1,0,0,1,1,1,4,6.9,2.8,30,33,1112.45,5,2,UPI,1,Mobile,West India,5,0
OTT05817,29,Female,Standard,0,1,1,0,0,0,2,33.0,1.0,26,21,890.24,1,1,Wallet,0,Smart TV,South India,5,0
OTT05818,31,Female,Basic,1,0,1,0,0,0,2,21.3,1.4,30,25,832.77,2,1,Net Banking,1,Tablet,Central India,5,1
OTT05819,41,Female,Standard,0,0,1,0,1,0,2,37.0,1.0,55,56,584.72,3,1,Net Banking,0,Smart TV,East India,3,0
OTT05820,18,Female,Premium,1,0,1,0,0,1,3,6.0,2.2,38,37,588.31,5,0,UPI,1,Laptop,West India,4,0
OTT05821,31,Female,Premium,1,1,0,1,0,1,4,25.2,3.5,56,32,1067.7,1,2,Debit Card,1,Tablet,West India,4,1
OTT05822,39,Male,Premium,0,1,1,1,1,1,5,21.0,0.1,28,14,532.68,5,1,UPI,1,Tablet,East India,1,0
OTT05823,26,Female,Standard,0,0,1,1,1,1,4,14.3,1.1,24,49,510.61,2,3,Credit Card,1,Mobile,East India,4,0
OTT05824,30,Female,Standard,0,1,0,1,0,0,2,12.7,4.8,3,59,179.87,5,1,UPI,1,Smart TV,South India,2,0
OTT05825,60,Male,Mobile,1,1,1,0,0,0,3,34.3,1.3,48,49,213.93,2,2,Debit Card,1,Smart TV,North India,1,0
OTT05826,30,Male,Standard,0,0,0,1,1,0,2,11.0,1.8,31,27,968.4,5,2,Net Banking,1,Laptop,Central India,3,0
OTT05827,56,Female,Basic,1,1,0,1,1,0,4,24.2,6.6,26,54,99.0,5,2,UPI,0,Smart TV,South India,3,1
OTT05828,57,Female,Premium,0,0,0,0,1,1,2,9.0,4.5,1,35,1100.91,5,4,Credit Card,0,Smart TV,North India,2,0
OTT05829,46,Male,Mobile,0,1,0,1,1,0,3,7.7,2.2,34,23,578.37,1,2,UPI,1,Smart TV,West India,2,1
OTT05830,24,Female,Premium,0,0,1,1,1,1,4,23.2,1.4,26,7,753.19,5,0,Wallet,0,Laptop,North India,4,0
OTT05831,26,Male,Standard,1,1,0,1,1,0,4,27.1,2.7,30,36,947.35,2,1,Debit Card,1,Tablet,North India,1,0
OTT05832,58,Male,Mobile,0,1,0,0,1,0,2,14.4,1.0,1,53,481.29,3,2,UPI,1,Laptop,South India,5,0
OTT05833,18,Male,Standard,0,0,0,1,0,1,2,31.5,1.0,31,60,817.7,1,1,Credit Card,0,Tablet,South India,5,0
OTT05834,39,Female,Standard,1,1,1,1,0,0,4,42.8,0.6,29,41,363.4,2,1,Credit Card,1,Smart TV,North India,1,0
OTT05835,43,Male,Standard,0,1,1,0,1,0,3,35.0,0.9,49,19,470.55,2,1,Net Banking,1,Mobile,North India,3,0
OTT05836,54,Female,Standard,0,0,0,1,0,0,1,23.3,1.3,22,6,772.54,4,2,UPI,0,Smart TV,West India,1,0
OTT05837,56,Female,Standard,1,1,1,1,1,0,5,41.3,2.1,8,42,766.64,2,1,Credit Card,0,Mobile,West India,1,0
OTT05838,30,Female,Mobile,0,1,0,1,0,1,3,25.7,2.3,31,26,751.12,3,0,Credit Card,0,Smart TV,South India,2,0
OTT05839,39,Female,Premium,0,1,1,1,0,0,3,13.2,1.2,38,26,1063.67,1,1,UPI,0,Laptop,West India,4,1
OTT05840,45,Female,Premium,1,0,0,0,1,0,2,33.1,1.8,32,16,628.4,1,1,Debit Card,0,Smart TV,West India,1,0
OTT05841,59,Male,Standard,0,0,0,1,1,1,3,38.9,3.7,7,5,1100.27,5,1,UPI,1,Mobile,South India,4,0
OTT05842,41,Male,Mobile,1,0,0,0,0,1,2,9.5,2.6,48,30,666.89,5,1,UPI,1,Smart TV,West India,2,0
OTT05843,23,Male,Standard,1,0,0,0,0,1,2,20.0,0.8,33,24,818.89,1,2,Credit Card,1,Smart TV,East India,4,0
OTT05844,57,Female,Basic,0,1,1,0,1,0,3,13.2,1.5,57,25,855.22,1,2,UPI,0,Laptop,East India,1,0
OTT05845,40,Male,Premium,1,1,0,0,0,1,3,26.1,3.3,10,7,508.59,4,1,UPI,0,Smart TV,West India,5,0
OTT05846,25,Female,Mobile,1,0,1,1,1,1,5,21.4,0.9,15,47,708.87,2,3,UPI,1,Smart TV,North India,4,0
OTT05847,26,Female,Mobile,1,1,1,1,0,1,5,12.9,0.8,1,37,243.31,4,4,Wallet,0,Mobile,West India,1,0
OTT05848,26,Female,Basic,1,0,0,0,0,1,2,23.3,1.0,55,35,680.32,1,1,Wallet,0,Mobile,North India,2,1
OTT05849,49,Male,Standard,0,0,1,0,0,0,1,27.7,1.4,34,4,669.64,5,1,Debit Card,1,Fire TV,South India,2,0
OTT05850,58,Male,Standard,0,1,1,1,1,0,4,32.0,0.8,22,27,800.57,2,1,Credit Card,1,Fire TV,West India,3,0
OTT05851,36,Male,Standard,1,1,1,1,1,1,6,56.8,1.0,6,22,615.33,5,6,UPI,1,Tablet,North India,2,0
OTT05852,22,Female,Basic,1,0,1,1,1,1,5,20.7,3.8,10,11,1149.81,1,1,Credit Card,1,Smart TV,West India,4,0
OTT05853,56,Female,Premium,0,0,0,0,1,0,1,24.6,3.4,4,56,174.44,3,1,Net Banking,0,Mobile,Central India,3,0
OTT05854,45,Female,Basic,0,0,1,0,0,1,2,24.0,0.2,36,57,320.99,4,1,Wallet,1,Laptop,West India,2,0
OTT05855,42,Female,Mobile,0,0,0,1,0,0,1,70.1,0.4,26,56,382.05,4,2,Debit Card,1,Smart TV,Central India,5,0
OTT05856,20,Female,Standard,0,1,1,1,1,0,4,17.8,2.6,23,19,638.76,4,1,Credit Card,1,Fire TV,South India,5,0
OTT05857,59,Male,Standard,0,1,0,0,1,1,3,21.3,1.0,45,11,431.77,5,2,Credit Card,1,Laptop,West India,1,0
OTT05858,21,Male,Standard,1,1,0,0,0,1,3,22.2,0.7,19,4,321.95,1,1,Debit Card,1,Tablet,North India,2,0
OTT05859,44,Male,Basic,0,1,1,0,1,0,3,10.9,2.0,22,33,508.74,2,0,Wallet,1,Laptop,West India,2,0
OTT05860,43,Male,Standard,0,0,0,1,0,1,2,30.9,2.4,38,18,237.61,1,1,Debit Card,0,Laptop,South India,2,0
OTT05861,40,Male,Mobile,1,1,0,0,1,0,3,26.6,2.6,36,55,751.75,3,1,Credit Card,1,Smart TV,North India,3,0
OTT05862,41,Female,Standard,0,0,0,0,0,1,1,17.3,2.5,42,12,735.87,1,0,Net Banking,1,Tablet,North India,4,0
OTT05863,35,Male,Basic,1,1,0,1,1,0,4,31.8,2.1,40,57,294.69,4,0,UPI,1,Laptop,Central India,5,0
OTT05864,42,Male,Standard,1,1,0,1,0,1,4,29.1,1.3,27,23,893.87,4,0,UPI,1,Smart TV,West India,1,0
OTT05865,33,Male,Basic,0,1,1,1,0,1,4,12.6,2.9,22,54,276.42,3,2,Wallet,1,Tablet,West India,5,0
OTT05866,38,Male,Basic,1,0,0,0,1,0,2,31.1,2.8,16,50,498.93,3,2,Debit Card,1,Smart TV,South India,2,0
OTT05867,47,Male,Basic,1,0,0,1,1,1,4,7.2,3.1,2,42,713.21,1,0,UPI,1,Smart TV,South India,1,0
OTT05868,49,Male,Standard,0,1,0,1,1,1,4,24.7,0.8,47,23,668.32,3,2,Credit Card,1,Smart TV,West India,4,0
OTT05869,24,Male,Basic,0,1,1,0,0,0,2,14.5,0.7,36,45,212.38,2,3,Wallet,1,Mobile,North India,1,0
OTT05870,60,Other,Standard,1,0,0,1,0,0,2,50.2,6.8,39,28,774.7,5,1,Debit Card,1,Laptop,North India,4,0
OTT05871,22,Male,Basic,0,1,0,1,1,0,3,41.4,3.1,47,58,636.69,2,1,Credit Card,1,Smart TV,Central India,5,0
OTT05872,29,Male,Basic,0,1,0,0,0,1,2,50.5,1.0,38,48,1180.45,2,0,UPI,1,Smart TV,North India,5,0
OTT05873,32,Female,Standard,0,1,0,0,0,0,1,15.5,1.3,3,34,816.6,2,1,Debit Card,0,Mobile,North India,1,0
OTT05874,31,Male,Basic,0,1,0,0,1,0,2,13.0,2.4,56,31,1061.78,2,1,Wallet,1,Smart TV,West India,2,1
OTT05875,33,Female,Standard,0,1,0,0,0,1,2,22.6,2.6,3,5,386.1,2,1,Credit Card,1,Smart TV,South India,4,0
OTT05876,31,Male,Standard,0,1,1,1,0,0,3,16.5,0.3,60,44,208.24,4,2,UPI,0,Mobile,South India,1,0
OTT05877,36,Female,Standard,1,0,1,0,1,0,3,14.5,2.0,13,49,1021.16,4,1,UPI,1,Fire TV,South India,2,0
OTT05878,50,Female,Standard,1,0,0,1,0,0,2,43.2,2.8,2,29,747.48,1,0,UPI,0,Mobile,West India,5,0
OTT05879,53,Female,Basic,0,1,0,1,1,1,4,42.8,1.0,56,27,1161.88,2,0,UPI,1,Smart TV,Central India,5,0
OTT05880,32,Male,Basic,0,0,1,0,1,0,2,36.4,0.3,15,21,964.88,4,1,Debit Card,0,Smart TV,East India,4,0
OTT05881,29,Male,Basic,1,1,0,0,0,0,2,7.6,2.5,40,33,949.1,4,0,Debit Card,0,Laptop,West India,1,0
OTT05882,47,Male,Premium,0,1,0,0,1,0,2,29.4,0.5,49,31,777.64,3,0,UPI,1,Smart TV,West India,4,0
OTT05883,20,Female,Mobile,1,1,0,1,0,1,4,20.3,3.5,23,51,410.16,1,2,UPI,1,Smart TV,South India,4,0
OTT05884,37,Male,Basic,1,1,1,1,1,1,6,34.6,0.7,6,59,366.93,3,1,Debit Card,1,Smart TV,West India,1,0
OTT05885,27,Female,Standard,0,0,1,1,1,0,3,33.8,1.8,16,18,99.0,1,0,Net Banking,1,Tablet,North India,3,0
OTT05886,44,Male,Standard,1,0,0,0,0,0,1,27.4,0.4,1,7,503.39,1,3,Credit Card,0,Mobile,South India,4,1
OTT05887,21,Male,Premium,0,1,0,0,1,0,2,43.4,1.8,25,32,647.1,5,2,UPI,1,Tablet,East India,2,0
OTT05888,53,Male,Mobile,0,0,0,0,1,1,2,26.9,1.5,20,54,621.87,1,1,Credit Card,0,Mobile,North India,5,0
OTT05889,29,Male,Premium,1,1,1,1,1,0,5,6.8,1.3,36,14,654.62,2,0,Wallet,1,Laptop,North India,5,0
OTT05890,40,Female,Standard,0,0,0,1,0,0,1,19.4,1.0,48,38,99.0,2,2,UPI,0,Mobile,South India,5,0
OTT05891,42,Female,Standard,1,1,1,1,1,1,6,15.6,1.3,51,5,705.4,3,2,UPI,0,Mobile,South India,3,1
OTT05892,38,Male,Basic,1,1,1,0,0,0,3,12.9,1.0,25,59,1078.06,4,1,UPI,0,Smart TV,West India,1,0
OTT05893,37,Male,Basic,1,0,1,1,0,0,3,13.4,2.4,20,9,427.15,5,0,Net Banking,1,Mobile,North India,5,0
OTT05894,29,Female,Mobile,0,1,1,1,1,1,5,18.0,1.9,13,15,248.38,2,3,Credit Card,0,Smart TV,North India,5,0
OTT05895,51,Female,Standard,0,1,0,0,0,0,1,16.4,1.7,40,16,209.3,1,1,UPI,1,Mobile,South India,1,0
OTT05896,40,Female,Mobile,0,1,0,1,1,1,4,30.4,1.8,10,23,472.84,5,2,Credit Card,1,Mobile,North India,2,0
OTT05897,27,Male,Basic,0,0,0,1,0,0,1,15.0,1.1,55,47,544.55,1,1,Credit Card,1,Mobile,Central India,2,1
OTT05898,29,Female,Basic,1,1,0,1,1,1,5,31.2,2.0,33,7,702.37,5,2,Credit Card,1,Mobile,South India,4,0
OTT05899,36,Female,Premium,0,0,0,1,1,1,3,38.2,2.8,51,9,864.98,5,3,Credit Card,1,Smart TV,West India,3,1
OTT05900,54,Male,Basic,1,0,0,0,0,0,1,30.8,2.2,21,4,378.73,4,1,Net Banking,0,Smart TV,South India,4,0
OTT05901,59,Female,Basic,0,1,1,1,1,0,4,25.1,2.7,56,6,503.83,2,2,UPI,1,Smart TV,West India,3,0
OTT05902,34,Female,Standard,0,1,0,0,0,0,1,32.6,2.4,38,28,189.53,4,2,Credit Card,1,Laptop,West India,2,0
OTT05903,34,Male,Premium,0,1,0,0,0,1,2,13.1,2.0,28,12,808.17,2,0,UPI,0,Fire TV,North India,3,0
OTT05904,23,Female,Standard,1,0,1,1,0,1,4,7.5,0.6,48,6,539.05,4,0,Credit Card,1,Fire TV,West India,4,0
OTT05905,41,Male,Standard,1,1,0,0,0,1,3,33.4,0.9,41,42,580.93,4,0,Credit Card,0,Mobile,North India,4,0
OTT05906,28,Male,Mobile,1,1,1,1,0,1,5,26.8,0.3,0,37,1012.87,4,1,Credit Card,1,Mobile,West India,4,0
OTT05907,53,Female,Mobile,0,0,1,1,0,1,3,52.4,2.8,5,4,676.34,3,2,Debit Card,1,Laptop,East India,3,0
OTT05908,40,Female,Basic,0,0,0,1,1,1,3,38.6,0.6,19,34,1120.82,3,0,Debit Card,1,Laptop,East India,5,0
OTT05909,27,Male,Basic,1,0,1,0,0,0,2,19.5,0.8,30,23,855.79,1,4,Debit Card,1,Fire TV,Central India,3,0
OTT05910,57,Female,Basic,0,1,0,1,0,0,2,20.9,1.2,33,57,526.63,1,1,Credit Card,0,Smart TV,West India,1,0
OTT05911,53,Male,Standard,1,1,1,1,1,1,6,25.6,1.2,53,43,334.12,5,2,UPI,1,Mobile,South India,5,0
OTT05912,30,Female,Basic,0,0,0,0,1,0,1,21.6,1.4,41,55,601.98,1,1,Wallet,1,Smart TV,East India,5,0
OTT05913,23,Male,Standard,1,0,0,0,1,1,3,25.3,2.8,21,40,932.23,5,1,Net Banking,0,Smart TV,West India,1,0
OTT05914,29,Female,Mobile,1,0,0,1,0,0,2,16.9,2.0,18,18,257.57,5,0,Credit Card,1,Tablet,North India,4,0
OTT05915,34,Male,Premium,0,0,0,1,0,1,2,35.5,2.3,11,26,477.22,1,0,Credit Card,1,Laptop,North India,2,0
OTT05916,35,Male,Premium,1,0,0,0,1,1,3,29.9,0.8,28,56,414.05,5,0,Debit Card,1,Fire TV,North India,1,0
OTT05917,53,Female,Basic,0,1,0,1,1,1,4,22.5,2.3,58,44,528.74,4,0,UPI,1,Fire TV,East India,3,0
OTT05918,59,Male,Basic,1,1,0,0,1,1,4,12.0,0.7,6,4,758.58,3,1,Credit Card,1,Mobile,South India,4,0
OTT05919,50,Male,Premium,1,1,0,1,1,1,5,22.3,1.3,2,13,702.92,1,0,Wallet,0,Mobile,East India,2,1
OTT05920,54,Male,Premium,0,0,0,1,0,1,2,27.8,1.0,5,44,697.29,4,1,UPI,0,Mobile,Central India,3,0
OTT05921,23,Female,Basic,0,1,0,1,0,1,3,21.6,1.0,31,26,257.43,3,3,Credit Card,1,Fire TV,North India,5,0
OTT05922,24,Male,Mobile,0,0,0,1,0,0,1,18.9,5.7,52,35,846.74,4,1,UPI,1,Smart TV,East India,1,0
OTT05923,57,Female,Premium,1,1,0,1,1,0,4,5.9,1.1,38,28,927.45,3,0,Debit Card,1,Smart TV,East India,4,0
OTT05924,44,Male,Standard,0,1,0,0,0,1,2,71.4,0.3,32,22,581.35,3,2,UPI,1,Laptop,East India,5,0
OTT05925,28,Female,Standard,1,1,0,1,0,0,3,14.3,2.7,41,21,397.87,2,2,UPI,0,Mobile,West India,3,0
OTT05926,52,Female,Basic,0,0,1,0,1,0,2,28.6,1.4,28,50,877.01,1,1,Credit Card,0,Mobile,West India,5,0
OTT05927,25,Male,Standard,1,0,0,1,1,1,4,12.9,2.2,59,28,1023.44,5,1,Credit Card,1,Mobile,South India,2,0
OTT05928,51,Female,Standard,0,1,1,1,1,0,4,27.2,0.8,26,22,755.09,1,1,UPI,1,Smart TV,East India,2,0
OTT05929,55,Male,Basic,1,1,1,1,1,0,5,28.7,1.4,49,56,445.93,1,1,UPI,0,Mobile,North India,1,0
OTT05930,39,Male,Standard,0,0,0,1,0,0,1,19.9,1.5,58,32,352.28,2,3,UPI,1,Mobile,North India,5,0
OTT05931,46,Female,Basic,1,1,1,1,1,1,6,21.5,1.5,27,43,808.1,3,0,Debit Card,1,Mobile,North India,3,0
OTT05932,49,Female,Basic,0,1,0,0,1,0,2,16.1,1.4,25,42,211.49,2,3,UPI,1,Fire TV,East India,3,0
OTT05933,55,Female,Standard,0,0,1,0,1,0,2,71.4,2.6,39,16,258.82,1,1,Debit Card,1,Smart TV,North India,3,0
OTT05934,43,Female,Standard,0,0,1,0,1,0,2,36.7,2.8,15,17,708.87,1,1,Credit Card,1,Tablet,West India,2,0
OTT05935,30,Male,Premium,0,0,1,0,1,0,2,25.1,0.8,47,31,1089.26,5,2,Credit Card,0,Mobile,North India,5,1
OTT05936,26,Female,Standard,0,0,1,1,0,1,3,17.1,2.7,5,7,971.84,3,0,Debit Card,1,Laptop,South India,1,0
OTT05937,33,Male,Basic,0,0,1,1,0,0,2,34.8,0.9,42,20,756.34,2,1,Credit Card,1,Smart TV,Central India,5,0
OTT05938,20,Female,Basic,1,1,0,0,0,1,3,35.0,2.1,49,42,99.0,3,1,UPI,1,Smart TV,North India,4,0
OTT05939,48,Female,Standard,0,1,0,1,1,1,4,13.0,0.2,19,13,99.0,1,0,Wallet,0,Laptop,Central India,4,0
OTT05940,33,Male,Mobile,1,1,0,1,0,1,4,8.9,2.6,57,12,601.3,1,0,UPI,1,Laptop,North India,4,1
OTT05941,48,Female,Standard,1,1,1,0,0,1,4,17.0,2.0,58,57,1144.09,2,0,Credit Card,0,Mobile,South India,3,1
OTT05942,20,Female,Basic,0,1,1,0,1,0,3,16.6,0.9,56,13,400.2,4,5,Wallet,1,Smart TV,East India,5,0
OTT05943,31,Female,Basic,0,0,0,1,0,1,2,9.5,1.6,3,37,891.48,2,1,UPI,0,Smart TV,West India,3,0
OTT05944,34,Female,Basic,1,1,0,0,1,1,4,14.2,1.4,10,12,736.48,4,1,Net Banking,0,Smart TV,West India,2,0
OTT05945,21,Female,Standard,0,1,0,0,0,0,1,12.1,1.7,34,54,489.33,2,4,UPI,1,Tablet,South India,2,0
OTT05946,53,Female,Mobile,0,1,0,1,0,0,2,43.7,1.8,39,45,534.99,5,1,Debit Card,0,Smart TV,East India,3,0
OTT05947,43,Female,Standard,0,0,0,0,0,1,1,27.8,1.4,38,44,178.53,5,0,Wallet,1,Tablet,East India,4,0
OTT05948,54,Female,Basic,0,0,1,1,1,1,4,29.7,3.8,32,19,773.11,4,1,UPI,1,Smart TV,Central India,3,0
OTT05949,52,Male,Premium,1,1,0,1,0,0,3,36.1,1.1,8,39,466.62,3,0,Credit Card,0,Laptop,North India,4,0
OTT05950,19,Male,Standard,1,0,1,1,1,0,4,12.7,2.1,24,45,887.62,4,3,Credit Card,0,Laptop,East India,3,0
OTT05951,55,Other,Standard,1,0,1,0,0,0,2,30.0,1.9,29,39,586.88,1,1,Wallet,0,Laptop,Central India,1,0
OTT05952,20,Female,Premium,0,1,0,1,0,1,3,18.7,1.2,49,35,567.03,1,0,UPI,1,Mobile,East India,3,0
OTT05953,55,Female,Premium,1,1,0,1,0,0,3,43.7,3.6,52,33,99.0,1,2,Credit Card,0,Smart TV,Central India,1,0
OTT05954,46,Male,Premium,0,0,0,0,0,1,1,40.4,0.8,54,31,730.7,4,2,UPI,0,Smart TV,South India,3,0
OTT05955,53,Male,Basic,0,1,0,1,0,1,3,48.3,2.4,56,35,793.02,2,2,Debit Card,1,Laptop,North India,2,0
OTT05956,39,Female,Basic,1,1,0,1,0,1,4,13.6,2.1,8,55,1002.47,4,5,Wallet,1,Tablet,South India,2,0
OTT05957,24,Male,Standard,1,0,1,1,0,0,3,21.7,2.0,55,15,413.43,2,2,UPI,1,Fire TV,East India,1,0
OTT05958,24,Male,Standard,0,0,0,0,1,0,1,16.4,1.6,0,35,724.2,3,0,UPI,1,Tablet,East India,2,0
OTT05959,23,Male,Standard,1,1,1,1,0,0,4,15.6,2.7,3,50,761.93,1,0,Debit Card,1,Laptop,South India,5,0
OTT05960,52,Female,Standard,0,1,0,1,0,0,2,16.9,0.6,11,15,292.63,5,2,Credit Card,1,Smart TV,North India,2,0
OTT05961,40,Female,Mobile,0,0,1,0,0,0,1,33.5,0.9,7,7,474.68,1,2,Credit Card,1,Mobile,South India,4,0
OTT05962,27,Male,Mobile,0,1,1,0,0,0,2,15.9,2.0,49,60,317.71,2,0,UPI,1,Mobile,North India,2,0
OTT05963,23,Female,Standard,0,1,0,0,1,1,3,14.2,0.9,19,47,341.14,5,1,UPI,0,Tablet,South India,4,0
OTT05964,21,Male,Standard,1,1,0,0,0,0,2,15.7,0.8,55,19,539.16,5,0,Credit Card,1,Smart TV,South India,4,0
OTT05965,29,Female,Standard,1,0,0,1,1,1,4,9.9,3.3,39,4,456.16,5,0,UPI,0,Mobile,North India,3,0
OTT05966,50,Female,Standard,0,0,0,1,0,1,2,16.1,3.4,41,29,645.2,4,1,UPI,1,Mobile,North India,3,0
OTT05967,56,Female,Basic,1,1,0,1,0,1,4,41.1,2.1,9,43,825.43,2,1,UPI,0,Laptop,West India,1,0
OTT05968,44,Male,Mobile,1,0,0,0,0,1,2,61.9,1.0,1,23,815.82,2,2,Wallet,1,Smart TV,North India,1,0
OTT05969,60,Male,Basic,0,1,1,1,0,0,3,18.9,1.1,7,44,870.25,4,1,Wallet,1,Mobile,East India,1,0
OTT05970,34,Male,Basic,1,0,1,1,1,0,4,42.3,1.8,35,45,575.62,5,2,UPI,1,Smart TV,Central India,5,0
OTT05971,32,Female,Standard,0,0,1,0,1,1,3,53.1,1.4,54,18,505.79,5,0,UPI,0,Fire TV,South India,1,0
OTT05972,47,Male,Standard,0,0,0,1,0,0,1,39.9,2.4,25,28,305.31,2,0,UPI,1,Laptop,South India,4,0
OTT05973,23,Female,Premium,0,1,0,1,0,1,3,7.2,0.7,32,48,845.89,1,1,UPI,1,Smart TV,Central India,2,0
OTT05974,57,Male,Standard,1,1,1,1,1,1,6,18.7,0.7,47,22,923.39,1,1,Credit Card,1,Mobile,West India,3,0
OTT05975,51,Other,Basic,1,1,1,1,1,1,6,46.9,1.4,11,22,1000.83,2,0,Credit Card,0,Smart TV,North India,5,0
OTT05976,19,Female,Standard,1,0,0,0,1,0,2,34.3,3.4,45,39,738.0,5,1,Net Banking,1,Laptop,South India,1,1
OTT05977,26,Male,Basic,1,0,1,1,1,0,4,38.3,2.1,40,24,519.31,4,1,Wallet,1,Laptop,North India,1,0
OTT05978,44,Female,Mobile,0,1,1,0,0,0,2,23.7,1.7,12,30,345.81,2,1,Credit Card,0,Mobile,North India,5,1
OTT05979,49,Male,Standard,0,1,0,0,0,1,2,28.1,1.7,23,36,274.67,4,2,Credit Card,1,Smart TV,East India,4,0
OTT05980,27,Female,Basic,1,1,1,1,0,0,4,20.1,3.3,19,2,100.77,2,0,UPI,1,Mobile,East India,4,0
OTT05981,50,Other,Mobile,1,0,1,0,1,0,3,42.0,4.4,59,42,937.86,1,0,Net Banking,1,Tablet,East India,1,0
OTT05982,38,Female,Standard,1,1,0,0,0,1,3,20.2,0.6,13,39,757.07,2,0,Wallet,1,Mobile,South India,4,0
OTT05983,47,Female,Standard,1,0,1,1,0,1,4,25.8,1.8,57,48,1304.12,4,1,Credit Card,1,Fire TV,West India,2,1
OTT05984,36,Female,Mobile,1,1,0,0,0,0,2,16.9,1.9,32,10,616.26,1,1,Debit Card,0,Smart TV,Central India,2,1
OTT05985,37,Male,Standard,1,1,0,0,1,1,4,14.4,1.1,3,2,666.03,4,1,Wallet,1,Fire TV,West India,1,0
OTT05986,34,Female,Mobile,0,0,0,1,1,1,3,43.9,0.9,4,58,751.32,4,0,Wallet,1,Smart TV,North India,1,0
OTT05987,24,Female,Standard,0,1,0,0,0,0,1,41.5,0.3,7,3,817.52,4,0,UPI,0,Mobile,East India,2,0
OTT05988,26,Male,Standard,1,0,0,1,1,0,3,15.8,1.6,36,45,460.9,2,1,Credit Card,1,Mobile,South India,5,0
OTT05989,25,Female,Standard,1,1,1,1,1,1,6,28.5,4.2,54,44,638.27,4,2,Wallet,1,Tablet,West India,4,0
OTT05990,52,Male,Standard,0,1,0,1,1,0,3,41.4,2.7,29,23,865.93,1,0,Credit Card,1,Smart TV,North India,2,0
OTT05991,36,Male,Basic,0,0,0,0,0,1,1,67.9,1.6,23,22,1095.28,1,2,Credit Card,1,Laptop,South India,2,0
OTT05992,34,Female,Basic,1,0,0,1,1,1,4,29.9,2.0,34,4,393.79,5,1,Debit Card,1,Mobile,East India,2,0
OTT05993,54,Male,Standard,1,1,1,1,1,1,6,40.4,1.6,13,50,704.56,5,1,UPI,1,Fire TV,South India,1,0
OTT05994,56,Female,Basic,1,1,1,0,1,1,5,40.0,1.6,51,20,675.74,4,0,Wallet,1,Smart TV,Central India,3,0
OTT05995,28,Male,Mobile,1,1,0,0,0,1,3,37.1,2.7,20,57,572.53,3,1,Credit Card,1,Smart TV,West India,4,0
OTT05996,33,Female,Basic,1,1,0,1,0,0,3,8.1,1.6,29,40,933.16,1,1,Debit Card,1,Fire TV,West India,4,1
OTT05997,35,Female,Basic,1,1,0,0,0,1,3,27.9,0.6,12,2,1288.43,3,2,Debit Card,1,Smart TV,East India,5,0
OTT05998,54,Female,Basic,1,1,0,0,1,1,4,20.4,0.8,48,54,752.59,5,1,Net Banking,1,Smart TV,South India,4,0
OTT05999,46,Female,Standard,1,0,1,1,1,1,5,14.0,1.2,38,55,431.28,5,1,UPI,0,Mobile,Central India,4,0
OTT06000,41,Male,Standard,1,1,1,0,0,1,4,13.0,2.0,57,45,250.74,5,1,Credit Card,1,Tablet,East India,5,0
OTT06001,28,Male,Premium,1,0,0,0,1,1,3,17.0,0.8,50,56,629.39,5,2,Debit Card,0,Smart TV,East India,1,0
OTT06002,34,Female,Standard,1,0,0,0,0,0,1,46.4,0.3,5,47,914.23,3,4,Credit Card,0,Mobile,West India,5,0
OTT06003,19,Female,Premium,1,0,1,0,0,1,3,12.7,1.2,37,37,591.86,1,1,UPI,1,Smart TV,West India,1,0
OTT06004,48,Female,Standard,0,0,1,0,1,0,2,37.4,2.2,4,8,722.58,3,0,Wallet,1,Fire TV,Central India,5,0
OTT06005,57,Female,Standard,0,0,0,0,0,1,1,51.9,2.9,40,28,1197.2,1,0,UPI,1,Mobile,North India,4,0
OTT06006,51,Male,Standard,1,0,1,1,0,0,3,17.0,0.9,11,14,831.5,3,2,Debit Card,1,Fire TV,East India,4,0
OTT06007,31,Male,Premium,1,0,1,1,1,0,4,49.7,1.4,13,23,665.86,4,1,UPI,1,Laptop,South India,2,0
OTT06008,38,Female,Standard,1,0,1,1,1,1,5,42.3,0.7,44,48,273.39,4,1,Debit Card,0,Fire TV,North India,3,0
OTT06009,59,Female,Premium,0,0,1,1,1,1,4,20.0,1.1,14,51,875.29,4,2,Credit Card,0,Mobile,West India,3,0
OTT06010,36,Female,Basic,1,1,1,1,0,1,5,26.4,0.4,38,23,806.28,1,1,UPI,0,Laptop,South India,2,0
OTT06011,54,Female,Premium,1,1,0,1,0,1,4,15.3,0.5,11,12,881.18,1,2,Debit Card,1,Tablet,East India,1,1
OTT06012,42,Female,Basic,0,1,1,1,0,1,4,23.0,0.5,36,52,299.2,5,0,Credit Card,1,Laptop,North India,3,0
OTT06013,39,Female,Mobile,0,0,0,0,0,1,1,86.7,3.0,59,40,641.15,1,1,UPI,1,Mobile,West India,3,0
OTT06014,43,Male,Basic,1,0,0,1,0,1,3,25.5,0.8,41,3,812.43,1,0,Wallet,1,Laptop,South India,3,0
OTT06015,27,Female,Standard,0,1,0,0,1,0,2,18.0,2.5,12,26,239.1,2,2,Wallet,1,Smart TV,South India,2,0
OTT06016,36,Male,Mobile,0,0,0,0,0,1,1,8.3,0.5,27,38,687.03,1,2,UPI,1,Smart TV,North India,1,0
OTT06017,31,Male,Mobile,1,0,0,0,1,0,2,29.9,1.5,14,8,954.15,1,1,Net Banking,1,Tablet,West India,3,1
OTT06018,50,Female,Basic,1,1,0,1,1,0,4,13.8,1.8,17,31,470.3,5,0,Credit Card,0,Smart TV,East India,1,0
OTT06019,44,Male,Standard,0,1,0,1,1,1,4,11.2,2.1,26,31,946.63,4,2,Credit Card,1,Fire TV,West India,2,0
OTT06020,35,Male,Mobile,0,1,1,1,1,1,5,29.5,0.3,11,49,657.7,4,1,Credit Card,1,Mobile,North India,3,0
OTT06021,53,Female,Standard,1,1,1,1,1,1,6,15.0,2.1,15,24,677.05,3,1,Credit Card,1,Smart TV,East India,2,0
OTT06022,37,Other,Standard,1,1,0,1,1,1,5,38.1,2.3,57,11,925.56,3,1,UPI,0,Mobile,South India,4,0
OTT06023,58,Male,Standard,0,1,1,0,0,0,2,7.8,0.1,43,25,458.79,2,3,UPI,1,Mobile,South India,5,0
OTT06024,44,Female,Standard,1,1,1,0,1,1,5,33.1,0.7,15,12,288.0,2,1,Debit Card,1,Mobile,South India,3,0
OTT06025,56,Female,Basic,1,1,0,1,1,0,4,56.6,2.2,1,48,575.63,3,1,Wallet,1,Laptop,North India,4,0
OTT06026,60,Male,Premium,1,1,1,1,0,1,5,31.1,4.1,20,30,741.86,3,2,Credit Card,1,Smart TV,East India,1,0
OTT06027,32,Female,Premium,1,1,0,0,0,0,2,39.3,2.2,9,31,747.97,2,0,UPI,1,Mobile,West India,2,0
OTT06028,29,Female,Basic,1,0,0,0,0,0,1,16.2,0.2,43,37,738.4,4,0,Debit Card,1,Laptop,North India,5,0
OTT06029,53,Female,Mobile,1,1,1,0,1,1,5,40.2,2.1,26,52,441.61,5,3,UPI,0,Smart TV,South India,1,0
OTT06030,27,Female,Standard,0,0,1,0,1,0,2,30.8,0.5,45,10,783.09,1,1,UPI,0,Smart TV,North India,5,1
OTT06031,50,Other,Premium,1,0,1,0,1,0,3,26.8,1.8,50,3,620.58,3,2,Debit Card,1,Mobile,North India,3,1
OTT06032,25,Female,Premium,1,0,0,0,1,1,3,46.7,2.2,32,55,1077.49,5,0,Credit Card,1,Mobile,East India,4,0
OTT06033,55,Male,Premium,0,1,0,1,0,0,2,34.3,1.8,46,58,899.02,5,1,Net Banking,1,Smart TV,East India,4,1
OTT06034,47,Female,Premium,0,0,1,0,0,0,1,14.3,2.6,31,51,795.37,1,4,Debit Card,1,Laptop,South India,4,0
OTT06035,40,Female,Standard,1,1,1,1,1,1,6,19.8,0.8,39,12,599.24,3,3,Wallet,0,Mobile,North India,2,0
OTT06036,37,Male,Mobile,1,1,0,1,1,1,5,52.5,2.3,58,8,550.33,5,2,Credit Card,1,Smart TV,West India,5,0
OTT06037,45,Female,Mobile,1,0,1,1,1,1,5,13.4,1.2,58,22,586.57,5,1,Credit Card,1,Smart TV,Central India,2,0
OTT06038,34,Female,Mobile,1,0,0,1,0,0,2,13.4,2.2,28,51,727.06,4,0,Credit Card,1,Smart TV,West India,4,0
OTT06039,35,Male,Basic,1,1,0,0,0,0,2,37.9,0.6,32,53,923.99,2,2,Credit Card,1,Laptop,South India,2,0
OTT06040,26,Male,Mobile,0,0,1,0,1,1,3,19.3,0.9,54,55,239.41,2,1,Debit Card,1,Mobile,East India,2,0
OTT06041,24,Female,Basic,0,1,1,0,1,0,3,57.3,2.5,3,17,509.68,1,1,Credit Card,1,Fire TV,West India,1,0
OTT06042,56,Male,Standard,0,0,1,0,0,0,1,34.7,1.4,60,15,999.03,2,5,Debit Card,0,Smart TV,South India,5,1
OTT06043,50,Female,Mobile,1,0,1,0,1,1,4,20.3,0.8,38,18,490.33,1,1,Net Banking,0,Fire TV,South India,1,1
OTT06044,37,Male,Standard,1,1,1,1,1,1,6,30.9,2.5,3,52,413.07,4,0,Credit Card,1,Mobile,East India,2,0
OTT06045,53,Female,Premium,0,0,1,1,0,1,3,16.3,0.9,34,5,949.03,1,1,Credit Card,1,Smart TV,South India,2,0
OTT06046,44,Female,Mobile,1,1,0,0,0,1,3,62.2,2.0,40,34,790.45,2,1,Debit Card,0,Mobile,West India,2,0
OTT06047,43,Male,Mobile,0,0,1,1,0,1,3,27.4,1.0,34,7,711.85,3,2,Credit Card,0,Fire TV,North India,2,1
OTT06048,22,Female,Basic,0,0,0,1,0,0,1,21.4,4.1,58,49,820.77,2,3,Debit Card,1,Smart TV,North India,4,0
OTT06049,41,Male,Premium,0,0,0,1,0,1,2,17.9,1.7,28,18,570.4,2,0,Credit Card,1,Smart TV,South India,2,0
OTT06050,22,Male,Standard,0,1,1,0,0,1,3,14.1,1.5,27,37,659.64,4,0,UPI,1,Smart TV,West India,4,0
OTT06051,47,Female,Mobile,0,1,0,1,0,1,3,15.3,2.9,12,26,676.16,3,0,Credit Card,1,Laptop,West India,1,0
OTT06052,20,Male,Standard,0,0,1,1,1,0,3,17.0,0.9,23,18,558.88,1,0,Wallet,0,Smart TV,South India,1,0
OTT06053,40,Female,Standard,1,1,0,1,1,1,5,9.8,2.4,31,47,557.19,1,2,UPI,1,Smart TV,West India,1,0
OTT06054,33,Female,Basic,0,0,0,1,1,0,2,20.3,0.8,22,42,404.1,4,4,Debit Card,1,Smart TV,East India,2,0
OTT06055,23,Male,Standard,0,0,1,0,0,0,1,22.5,1.4,4,49,509.88,2,2,Credit Card,1,Smart TV,South India,1,0
OTT06056,38,Male,Standard,1,0,0,0,0,0,1,31.3,1.0,46,42,527.07,2,1,Wallet,0,Laptop,Central India,4,1
OTT06057,26,Female,Basic,0,0,1,1,0,0,2,15.7,0.6,16,46,126.97,4,1,UPI,1,Mobile,East India,4,0
OTT06058,28,Male,Premium,1,1,1,0,0,0,3,15.0,0.6,40,44,818.52,2,0,Wallet,1,Smart TV,Central India,3,0
OTT06059,56,Female,Basic,1,1,1,1,0,0,4,23.8,1.0,59,7,724.68,1,2,UPI,1,Mobile,North India,5,0
OTT06060,33,Male,Premium,1,0,1,1,1,1,5,21.5,2.3,26,46,1065.26,2,2,Credit Card,0,Smart TV,West India,2,0
OTT06061,35,Female,Standard,0,0,1,1,0,1,3,29.9,6.7,2,24,280.93,4,2,UPI,1,Tablet,North India,1,0
OTT06062,18,Male,Basic,0,1,0,0,1,1,3,8.0,0.6,35,39,366.09,5,0,UPI,0,Smart TV,North India,4,0
OTT06063,30,Female,Standard,0,1,0,0,0,1,2,31.0,1.4,3,5,911.8,5,1,Net Banking,1,Laptop,South India,4,0
OTT06064,33,Female,Mobile,0,1,0,0,1,1,3,23.6,1.2,36,27,311.28,5,2,Credit Card,1,Mobile,West India,1,0
OTT06065,48,Male,Basic,1,1,0,0,0,0,2,5.6,2.4,59,21,636.61,1,0,Credit Card,1,Laptop,West India,5,1
OTT06066,23,Female,Basic,1,1,1,1,1,0,5,20.5,3.4,17,20,581.12,3,0,UPI,0,Smart TV,Central India,3,0
OTT06067,57,Male,Premium,1,0,1,1,0,0,3,36.8,1.7,20,26,1078.61,3,1,Credit Card,1,Smart TV,South India,2,0
OTT06068,23,Male,Premium,1,1,0,0,0,0,2,25.2,0.6,0,55,634.98,2,4,Debit Card,1,Laptop,West India,3,0
OTT06069,46,Male,Basic,1,0,0,0,0,1,2,21.8,1.2,15,42,633.91,4,1,Credit Card,1,Laptop,South India,2,0
OTT06070,18,Female,Basic,0,0,1,1,0,0,2,16.0,2.1,0,49,711.16,5,2,UPI,1,Tablet,Central India,4,0
OTT06071,53,Female,Premium,1,1,1,1,1,0,5,8.0,1.2,32,35,408.35,2,0,Debit Card,1,Laptop,South India,2,0
OTT06072,47,Male,Standard,0,0,1,0,0,0,1,24.4,0.7,27,51,506.95,2,0,Credit Card,0,Laptop,South India,5,0
OTT06073,54,Female,Mobile,0,0,0,0,1,0,1,41.5,1.5,37,45,341.62,2,2,Net Banking,1,Mobile,North India,4,1
OTT06074,58,Female,Basic,1,0,0,0,0,1,2,52.5,1.3,41,6,831.19,3,2,Credit Card,0,Smart TV,South India,3,1
OTT06075,53,Male,Basic,0,0,1,1,1,1,4,13.0,1.8,2,40,843.08,5,1,Wallet,1,Smart TV,South India,1,1
OTT06076,44,Male,Basic,1,1,1,0,0,0,3,25.7,2.5,56,25,412.94,3,3,UPI,1,Smart TV,North India,1,1
OTT06077,54,Male,Standard,0,0,1,1,1,0,3,26.5,3.3,16,30,577.5,4,0,Credit Card,1,Mobile,South India,4,0
OTT06078,22,Male,Standard,0,1,1,0,0,0,2,18.8,4.5,51,22,694.15,4,3,UPI,1,Smart TV,South India,2,1
OTT06079,45,Female,Standard,0,1,0,0,0,0,1,41.9,5.7,57,5,261.65,2,1,UPI,1,Mobile,North India,3,1
OTT06080,60,Female,Basic,1,1,0,1,1,1,5,27.1,0.5,21,53,799.17,4,1,Credit Card,1,Mobile,East India,3,0
OTT06081,34,Male,Standard,1,0,0,0,1,0,2,10.8,1.9,47,14,350.01,1,1,Debit Card,0,Tablet,North India,4,1
OTT06082,59,Female,Standard,0,0,0,0,0,1,1,22.1,0.3,32,20,175.9,4,1,UPI,1,Smart TV,Central India,2,0
OTT06083,39,Male,Standard,1,1,0,0,0,1,3,38.1,1.7,38,38,666.24,2,3,Wallet,1,Laptop,West India,3,0
OTT06084,38,Female,Mobile,0,0,1,0,0,0,1,11.6,2.3,27,57,819.16,4,3,Net Banking,1,Laptop,West India,5,0
OTT06085,30,Female,Basic,0,0,1,0,0,0,1,23.6,0.5,5,17,901.33,3,0,Credit Card,0,Tablet,West India,4,0
OTT06086,22,Male,Basic,1,0,1,0,1,1,4,24.6,4.6,12,49,778.93,2,0,UPI,1,Smart TV,Central India,3,0
OTT06087,55,Female,Basic,1,0,1,1,0,0,3,27.1,0.5,13,8,458.89,2,0,Credit Card,1,Laptop,East India,3,0
OTT06088,48,Male,Standard,0,0,1,0,1,0,2,35.1,0.7,12,53,1167.36,5,0,Debit Card,1,Fire TV,North India,2,0
OTT06089,35,Other,Standard,1,0,0,1,0,0,2,17.2,2.3,42,14,667.63,2,1,Credit Card,1,Laptop,West India,3,0
OTT06090,59,Male,Basic,1,0,1,0,1,1,4,57.4,1.9,51,7,390.4,4,0,Credit Card,1,Mobile,North India,2,0
OTT06091,25,Female,Standard,0,0,0,0,1,0,1,29.0,2.0,5,36,920.77,4,2,Debit Card,1,Mobile,West India,3,0
OTT06092,51,Female,Standard,1,0,0,0,0,0,1,67.0,0.1,7,59,731.09,5,0,Debit Card,1,Tablet,Central India,1,0
OTT06093,37,Female,Standard,1,0,1,0,0,1,3,18.9,2.1,24,57,1218.87,3,0,UPI,1,Smart TV,East India,5,0
OTT06094,44,Female,Standard,0,1,1,1,0,0,3,32.2,1.9,4,23,1083.2,3,0,Debit Card,1,Smart TV,East India,3,0
OTT06095,19,Female,Premium,1,1,1,1,1,1,6,2.8,1.0,57,6,538.84,3,0,UPI,0,Smart TV,Central India,4,0
OTT06096,44,Male,Standard,0,0,0,1,1,1,3,60.1,0.4,16,5,308.1,5,1,Credit Card,1,Laptop,South India,1,0
OTT06097,47,Female,Basic,0,0,0,1,0,0,1,29.8,1.5,46,12,510.26,2,0,Debit Card,0,Smart TV,West India,3,0
OTT06098,60,Male,Premium,1,1,0,1,0,0,3,18.9,2.5,29,38,99.0,1,1,UPI,1,Smart TV,North India,2,0
OTT06099,32,Female,Basic,1,0,0,0,1,1,3,9.4,3.1,23,28,659.91,3,2,Debit Card,1,Mobile,North India,4,0
OTT06100,21,Female,Standard,0,0,1,0,1,0,2,30.2,1.2,2,52,925.04,1,0,Credit Card,1,Tablet,South India,4,0
OTT06101,20,Male,Premium,0,1,0,1,0,1,3,17.6,3.3,27,6,656.85,3,1,UPI,1,Smart TV,West India,5,0
OTT06102,24,Male,Basic,1,0,1,0,0,0,2,40.8,0.4,20,44,784.1,1,1,Wallet,0,Mobile,North India,1,0
OTT06103,30,Male,Basic,1,1,0,1,1,1,5,56.4,2.5,12,57,866.2,1,1,Debit Card,0,Tablet,North India,2,0
OTT06104,53,Male,Basic,1,0,1,1,1,0,4,27.5,1.4,50,43,1068.31,2,3,UPI,0,Tablet,West India,3,0
OTT06105,26,Female,Premium,0,1,0,1,0,1,3,37.6,0.3,1,57,696.38,1,0,Debit Card,1,Mobile,East India,1,0
OTT06106,24,Male,Basic,1,1,1,1,1,1,6,20.7,3.0,22,57,589.01,5,1,UPI,1,Mobile,South India,4,0
OTT06107,19,Female,Standard,1,1,1,1,1,1,6,4.9,1.5,2,21,490.18,2,2,Credit Card,1,Smart TV,North India,2,0
OTT06108,34,Male,Mobile,1,0,0,0,1,0,2,31.4,2.6,36,59,1098.72,2,2,Credit Card,1,Mobile,Central India,1,0
OTT06109,43,Male,Basic,1,1,0,1,0,0,3,35.9,1.4,35,11,484.44,3,1,UPI,0,Smart TV,North India,3,0
OTT06110,30,Male,Mobile,1,0,0,1,1,0,3,20.9,1.3,58,50,1168.57,1,0,Debit Card,1,Laptop,Central India,5,1
OTT06111,39,Male,Standard,0,1,0,0,0,0,1,8.6,1.0,6,57,557.59,3,1,UPI,0,Smart TV,South India,5,0
OTT06112,28,Female,Mobile,0,0,1,1,0,1,3,17.5,1.5,42,48,415.93,1,1,UPI,1,Laptop,West India,5,0
OTT06113,52,Male,Premium,1,0,0,0,1,0,2,30.5,2.0,49,48,769.73,1,1,Debit Card,0,Fire TV,South India,4,1
OTT06114,19,Female,Standard,1,1,1,1,1,1,6,20.4,1.4,41,22,718.8,1,1,Credit Card,0,Smart TV,South India,5,0
OTT06115,26,Female,Premium,0,1,1,0,0,1,3,22.1,0.5,57,43,185.57,4,1,Net Banking,0,Smart TV,South India,4,0
OTT06116,42,Male,Basic,0,1,1,1,1,0,4,51.9,1.9,59,28,845.43,4,0,UPI,1,Laptop,North India,5,0
OTT06117,54,Male,Standard,1,0,0,0,1,1,3,29.6,1.9,4,11,134.39,1,1,Wallet,1,Mobile,West India,4,0
OTT06118,35,Male,Mobile,0,0,0,0,1,1,2,64.7,0.5,5,32,1157.89,2,2,UPI,1,Mobile,East India,5,0
OTT06119,20,Male,Basic,1,1,1,1,0,1,5,10.3,0.9,11,53,252.41,5,0,UPI,0,Mobile,North India,5,0
OTT06120,41,Female,Standard,0,0,0,0,1,0,1,8.8,0.5,57,29,732.58,1,1,Credit Card,1,Mobile,North India,3,1
OTT06121,29,Male,Mobile,1,0,0,0,0,0,1,34.3,1.5,12,29,801.86,1,0,Debit Card,1,Mobile,Central India,2,0
OTT06122,31,Male,Premium,1,0,0,1,1,0,3,43.5,2.3,9,49,919.7,1,0,UPI,1,Mobile,Central India,1,0
OTT06123,57,Female,Mobile,0,1,1,1,1,0,4,33.5,2.1,31,59,248.07,2,2,Credit Card,1,Laptop,West India,1,0
OTT06124,58,Male,Basic,0,0,1,0,0,1,2,73.2,0.4,2,60,796.23,5,0,UPI,1,Smart TV,South India,5,0
OTT06125,29,Female,Standard,0,0,0,0,0,1,1,53.2,1.5,44,54,350.44,4,1,UPI,1,Mobile,West India,2,0
OTT06126,43,Female,Standard,0,0,0,1,0,1,2,45.6,0.6,28,13,720.17,1,2,UPI,1,Smart TV,North India,1,0
OTT06127,41,Female,Basic,0,1,1,0,0,0,2,15.8,0.5,60,15,107.72,5,1,UPI,1,Mobile,North India,4,0
OTT06128,59,Female,Premium,0,0,0,0,0,1,1,14.8,1.5,53,48,796.72,3,0,Debit Card,1,Laptop,South India,2,1
OTT06129,58,Male,Basic,1,0,1,1,0,0,3,46.6,1.0,30,48,1016.09,5,1,UPI,1,Smart TV,North India,2,0
OTT06130,33,Male,Standard,1,0,0,0,0,0,1,21.9,4.2,19,37,570.52,3,1,UPI,1,Mobile,East India,5,0
OTT06131,19,Female,Mobile,0,0,1,0,0,1,2,39.9,4.5,2,41,675.9,4,0,Wallet,0,Smart TV,Central India,2,0
OTT06132,18,Male,Mobile,1,0,1,0,1,1,4,21.9,2.3,5,44,823.03,3,1,Wallet,1,Laptop,West India,5,0
OTT06133,18,Male,Standard,1,0,0,1,1,1,4,7.7,1.0,4,11,745.17,1,3,UPI,1,Mobile,South India,4,0
OTT06134,51,Female,Standard,0,1,0,0,0,1,2,48.7,0.3,1,31,202.29,4,0,Debit Card,1,Smart TV,South India,3,0
OTT06135,49,Female,Standard,0,0,1,1,0,0,2,35.1,0.9,29,37,308.26,1,2,Wallet,1,Smart TV,West India,3,0
OTT06136,53,Female,Basic,0,1,1,0,0,0,2,17.8,2.5,23,42,536.77,2,2,UPI,1,Fire TV,South India,2,0
OTT06137,24,Male,Mobile,1,1,1,1,1,1,6,5.4,1.1,6,13,681.99,1,1,Wallet,1,Mobile,North India,5,1
OTT06138,20,Female,Premium,1,0,0,0,1,0,2,63.1,0.4,60,38,517.27,1,2,Credit Card,1,Mobile,North India,4,0
OTT06139,25,Male,Basic,1,0,0,1,0,0,2,39.6,3.7,55,26,677.18,2,1,UPI,1,Tablet,Central India,3,0
OTT06140,44,Female,Standard,1,0,1,0,0,1,3,36.3,0.7,41,40,932.55,2,1,Credit Card,0,Smart TV,North India,5,0
OTT06141,18,Male,Mobile,0,1,0,0,0,1,2,40.9,0.8,54,15,548.84,5,2,Debit Card,1,Mobile,East India,4,0
OTT06142,46,Female,Mobile,1,0,0,0,1,0,2,11.3,3.2,31,58,341.13,5,0,UPI,1,Smart TV,West India,2,0
OTT06143,56,Female,Mobile,0,1,0,0,0,0,1,53.2,1.7,24,23,789.52,2,0,Credit Card,1,Laptop,West India,5,1
OTT06144,24,Male,Mobile,0,1,1,1,1,0,4,0.8,1.8,12,3,993.3,4,0,Debit Card,1,Mobile,North India,4,0
OTT06145,49,Female,Standard,0,0,0,1,1,1,3,15.4,1.8,39,18,730.32,5,0,Credit Card,1,Laptop,North India,2,0
OTT06146,41,Male,Basic,0,1,1,1,0,1,4,17.1,0.6,57,18,519.22,2,2,UPI,1,Fire TV,South India,1,1
OTT06147,58,Male,Standard,1,0,1,1,1,0,4,16.7,2.2,57,21,601.03,1,2,UPI,1,Smart TV,North India,4,0
OTT06148,28,Male,Mobile,0,0,0,0,1,1,2,23.4,2.8,2,39,515.42,1,2,Net Banking,1,Smart TV,Central India,3,0
OTT06149,27,Female,Basic,1,1,1,1,1,0,5,38.2,1.6,0,3,731.06,3,3,Debit Card,1,Mobile,South India,4,0
OTT06150,18,Male,Basic,0,1,0,1,1,1,4,11.3,1.3,2,23,99.0,4,1,UPI,0,Smart TV,South India,3,0
OTT06151,48,Female,Basic,1,1,0,1,0,1,4,9.0,3.4,9,10,676.86,1,0,Credit Card,0,Laptop,North India,5,0
OTT06152,55,Female,Mobile,1,0,1,1,0,1,4,42.5,2.6,18,27,600.93,2,0,UPI,1,Fire TV,West India,2,0
OTT06153,18,Female,Mobile,1,0,1,0,0,0,2,19.9,0.7,33,21,902.02,1,0,Wallet,0,Mobile,Central India,2,1
OTT06154,39,Male,Mobile,0,1,1,0,0,0,2,16.2,2.4,27,26,252.5,2,0,UPI,1,Smart TV,South India,2,1
OTT06155,49,Female,Basic,0,0,1,1,1,0,3,57.1,1.3,42,24,328.2,3,1,UPI,0,Tablet,West India,3,0
OTT06156,51,Male,Mobile,0,0,0,0,0,1,1,40.1,1.8,54,47,748.87,3,3,UPI,0,Smart TV,South India,3,0
OTT06157,58,Male,Basic,1,1,0,0,1,0,3,15.4,4.3,3,54,1014.62,5,0,Net Banking,1,Tablet,West India,3,1
OTT06158,49,Female,Basic,1,0,0,0,0,0,1,4.6,0.4,43,4,609.61,2,0,UPI,1,Mobile,North India,5,0
OTT06159,57,Other,Basic,0,0,1,0,0,0,1,27.8,0.2,37,23,585.17,3,0,UPI,0,Laptop,North India,4,0
OTT06160,60,Male,Basic,1,1,1,0,1,1,5,15.7,0.9,24,27,430.84,2,1,UPI,1,Laptop,South India,5,0
OTT06161,57,Male,Standard,1,1,1,0,1,0,4,39.4,1.3,42,24,660.84,2,1,Credit Card,0,Mobile,North India,5,0
OTT06162,36,Male,Basic,0,0,1,0,1,1,3,41.0,0.8,39,41,379.86,2,2,UPI,0,Mobile,Central India,2,0
OTT06163,35,Male,Premium,1,0,0,0,0,1,2,23.0,2.2,17,43,278.29,4,1,Wallet,1,Laptop,East India,1,0
OTT06164,36,Male,Mobile,0,1,0,0,1,1,3,17.8,2.0,44,25,801.41,4,1,UPI,0,Smart TV,North India,3,1
OTT06165,58,Male,Mobile,1,0,1,1,1,1,5,23.6,1.5,24,36,406.06,5,1,UPI,1,Fire TV,South India,4,0
OTT06166,30,Male,Premium,1,0,0,1,1,1,4,21.3,1.9,11,4,836.79,5,1,Net Banking,0,Laptop,East India,5,0
OTT06167,50,Male,Basic,1,0,0,1,0,1,3,32.3,1.8,60,11,632.33,3,0,UPI,0,Tablet,Central India,3,0
OTT06168,44,Female,Basic,1,0,0,1,0,1,3,24.3,3.6,20,57,923.71,3,0,Credit Card,1,Laptop,South India,4,0
OTT06169,20,Female,Premium,1,0,0,0,1,0,2,32.7,0.7,33,35,346.49,5,3,UPI,1,Mobile,South India,4,0
OTT06170,38,Female,Standard,1,1,1,0,0,1,4,22.2,1.7,14,23,872.95,5,1,Credit Card,1,Laptop,North India,1,0
OTT06171,26,Male,Standard,1,1,1,1,1,1,6,15.5,3.2,33,59,652.31,3,0,UPI,0,Mobile,West India,3,0
OTT06172,49,Female,Mobile,0,1,0,1,0,1,3,27.2,1.2,50,57,235.93,4,2,Credit Card,1,Smart TV,North India,1,0
OTT06173,37,Male,Basic,0,0,0,1,1,1,3,17.1,1.5,18,4,448.49,3,0,Credit Card,1,Smart TV,South India,5,0
OTT06174,33,Female,Basic,1,0,0,0,1,1,3,49.8,2.5,54,56,456.79,3,1,UPI,1,Smart TV,North India,4,0
OTT06175,20,Male,Standard,1,0,1,0,0,1,3,31.1,0.2,28,10,760.04,4,4,UPI,1,Laptop,East India,3,0
OTT06176,23,Female,Basic,1,1,1,1,1,1,6,16.4,2.8,54,9,382.75,5,1,Wallet,1,Mobile,West India,1,0
OTT06177,50,Male,Standard,1,0,1,1,0,1,4,32.2,1.9,5,7,304.67,1,2,Credit Card,0,Smart TV,West India,3,0
OTT06178,55,Female,Premium,0,0,0,1,1,0,2,32.3,2.4,36,39,536.8,4,0,Debit Card,0,Mobile,South India,3,0
OTT06179,30,Male,Premium,0,1,0,1,0,1,3,28.9,2.3,46,34,908.43,1,2,Credit Card,1,Tablet,North India,2,0
OTT06180,53,Female,Mobile,0,0,1,0,1,1,3,17.6,0.4,21,18,684.83,1,0,Credit Card,1,Fire TV,Central India,4,0
OTT06181,41,Female,Standard,0,0,0,1,0,0,1,39.9,0.5,37,52,569.21,5,1,Net Banking,1,Smart TV,Central India,2,0
OTT06182,33,Male,Standard,1,1,1,0,0,0,3,40.1,0.2,30,13,813.95,3,0,Wallet,1,Mobile,North India,1,0
OTT06183,37,Female,Standard,1,0,1,1,0,1,4,15.0,0.4,25,23,377.39,5,2,Wallet,1,Smart TV,South India,5,0
OTT06184,47,Male,Premium,0,1,0,1,1,1,4,11.7,0.6,53,34,1150.86,1,1,Credit Card,1,Mobile,West India,5,0
OTT06185,57,Female,Standard,0,0,1,1,0,0,2,18.8,1.5,9,55,1115.25,3,0,Credit Card,1,Smart TV,West India,5,0
OTT06186,39,Male,Standard,1,1,1,1,0,0,4,34.4,3.3,41,33,517.54,1,2,Credit Card,1,Mobile,South India,5,0
OTT06187,32,Female,Mobile,1,1,0,1,1,0,4,18.5,1.2,1,51,673.68,4,2,Debit Card,0,Mobile,East India,3,0
OTT06188,50,Female,Standard,0,1,0,1,0,0,2,32.4,1.4,50,54,616.21,3,0,UPI,1,Laptop,West India,3,0
OTT06189,40,Male,Standard,1,0,1,0,1,0,3,39.9,1.3,26,34,499.88,1,0,Credit Card,1,Mobile,East India,1,0
OTT06190,34,Female,Standard,0,0,0,1,1,1,3,9.9,2.0,5,41,902.88,2,0,UPI,1,Mobile,West India,5,0
OTT06191,37,Female,Standard,0,1,1,1,0,1,4,38.9,0.9,15,26,236.46,1,4,Credit Card,1,Fire TV,South India,5,0
OTT06192,41,Female,Basic,0,1,1,0,0,0,2,23.2,1.4,32,45,541.75,5,0,Debit Card,0,Smart TV,East India,4,0
OTT06193,24,Male,Standard,1,1,0,0,0,0,2,66.1,2.6,36,20,788.26,3,1,UPI,1,Laptop,Central India,2,0
OTT06194,20,Male,Premium,0,0,1,0,1,1,3,22.7,3.4,49,48,1081.07,5,0,Debit Card,0,Smart TV,South India,2,0
OTT06195,46,Male,Basic,0,0,0,0,1,0,1,16.8,3.2,52,9,1026.06,1,0,Wallet,1,Smart TV,North India,4,1
OTT06196,25,Male,Standard,1,0,1,1,0,0,3,30.5,2.9,32,5,452.48,4,0,Credit Card,1,Smart TV,North India,2,0
OTT06197,40,Male,Standard,1,1,0,1,1,0,4,31.5,3.1,10,4,424.78,4,2,Debit Card,0,Laptop,West India,4,0
OTT06198,51,Female,Basic,1,0,0,1,0,0,2,73.4,1.5,18,22,527.06,1,3,Debit Card,1,Laptop,South India,1,0
OTT06199,27,Female,Basic,0,1,0,0,1,1,3,20.5,0.9,42,10,1044.72,4,1,Debit Card,1,Fire TV,North India,1,0
OTT06200,34,Female,Standard,1,1,1,1,1,1,6,22.5,1.9,21,37,757.13,1,0,Debit Card,1,Mobile,Central India,4,0
OTT06201,60,Male,Standard,0,1,1,0,1,0,3,18.5,2.0,29,35,1441.01,5,2,Debit Card,1,Fire TV,South India,5,0
OTT06202,19,Male,Mobile,1,0,1,0,1,0,3,27.9,1.2,4,47,820.58,2,0,Wallet,1,Smart TV,Central India,4,0
OTT06203,50,Female,Premium,1,0,1,0,0,1,3,22.4,0.9,40,18,1115.42,4,1,UPI,1,Smart TV,South India,1,0
OTT06204,25,Female,Standard,1,0,0,1,0,0,2,22.6,3.1,53,49,617.62,4,0,UPI,1,Tablet,East India,5,0
OTT06205,56,Female,Basic,0,1,0,0,1,0,2,55.4,1.5,57,50,413.63,5,2,Credit Card,0,Smart TV,North India,5,1
OTT06206,35,Female,Mobile,1,0,1,1,0,1,4,18.1,1.2,42,53,1316.48,3,2,UPI,1,Laptop,North India,3,0
OTT06207,18,Male,Mobile,0,1,0,1,1,0,3,30.6,1.2,5,49,273.88,4,0,Credit Card,0,Smart TV,West India,1,0
OTT06208,48,Female,Mobile,0,0,0,1,0,1,2,53.3,1.7,55,41,721.12,1,1,UPI,1,Smart TV,North India,3,0
OTT06209,24,Female,Mobile,0,1,0,0,0,0,1,20.6,0.9,27,6,677.33,5,0,Credit Card,0,Smart TV,West India,5,0
OTT06210,33,Male,Mobile,0,1,1,1,1,1,5,22.8,2.0,9,9,478.37,4,3,Credit Card,1,Laptop,West India,4,0
OTT06211,39,Female,Premium,0,1,0,0,0,0,1,23.7,0.1,3,56,744.71,4,1,UPI,1,Mobile,North India,1,0
OTT06212,50,Male,Standard,1,1,0,1,0,1,4,12.4,0.5,14,17,601.71,1,2,UPI,0,Smart TV,South India,2,0
OTT06213,36,Male,Premium,0,1,0,1,1,0,3,21.6,1.1,4,58,400.59,2,0,Debit Card,0,Tablet,South India,5,0
OTT06214,54,Male,Standard,0,0,0,1,1,1,3,11.9,2.1,33,37,283.24,4,0,Net Banking,1,Smart TV,West India,5,0
OTT06215,38,Female,Standard,1,0,0,0,0,1,2,64.4,1.1,40,35,767.01,5,0,Wallet,0,Laptop,West India,3,0
OTT06216,32,Female,Premium,1,0,1,0,0,0,2,19.4,2.8,5,38,424.27,5,0,UPI,1,Smart TV,South India,2,0
OTT06217,32,Male,Basic,0,1,0,0,1,1,3,40.1,3.3,43,22,497.42,5,0,Wallet,0,Smart TV,North India,3,0
OTT06218,52,Female,Standard,1,1,0,1,0,1,4,27.4,1.4,37,1,412.62,2,1,UPI,1,Smart TV,South India,5,0
OTT06219,46,Female,Premium,0,0,1,0,1,0,2,15.1,0.7,48,15,420.17,1,1,UPI,0,Mobile,South India,3,1
OTT06220,23,Male,Premium,0,1,0,1,1,0,3,21.3,1.4,19,30,601.61,5,4,UPI,0,Mobile,South India,4,0
OTT06221,50,Male,Basic,0,1,0,1,1,0,3,17.5,2.7,4,15,294.82,3,1,UPI,1,Laptop,North India,5,0
OTT06222,35,Male,Premium,0,0,0,0,1,1,2,16.1,0.7,10,59,555.04,5,0,UPI,0,Mobile,North India,1,0
OTT06223,32,Male,Standard,0,0,1,1,0,1,3,18.0,2.2,15,29,803.71,1,1,Debit Card,0,Tablet,North India,5,0
OTT06224,22,Female,Basic,0,1,0,0,0,1,2,30.0,1.3,20,4,813.29,1,0,Credit Card,1,Tablet,South India,4,1
OTT06225,60,Female,Basic,0,1,0,0,1,1,3,31.5,2.3,28,24,502.57,5,3,Credit Card,1,Mobile,North India,1,0
OTT06226,20,Male,Basic,0,0,0,0,0,1,1,30.9,2.0,57,23,437.78,1,0,Credit Card,1,Mobile,West India,1,1
OTT06227,60,Female,Basic,0,1,1,1,0,0,3,29.9,1.0,39,41,975.44,4,1,UPI,1,Mobile,North India,2,0
OTT06228,20,Male,Mobile,1,1,0,0,0,0,2,31.3,1.3,37,36,756.42,3,2,UPI,1,Laptop,South India,4,0
OTT06229,39,Male,Mobile,0,1,1,0,1,0,3,17.9,2.0,51,26,786.9,1,0,UPI,1,Smart TV,West India,5,1
OTT06230,22,Male,Premium,1,1,1,0,0,0,3,34.6,2.6,37,57,994.48,5,0,Credit Card,1,Mobile,East India,3,0
OTT06231,39,Male,Premium,1,1,1,0,1,1,5,15.4,1.3,8,38,936.09,3,2,UPI,1,Laptop,North India,2,0
OTT06232,53,Male,Premium,0,1,0,1,1,0,3,18.7,2.7,46,5,890.35,4,1,Credit Card,1,Smart TV,North India,5,1
OTT06233,43,Male,Standard,1,1,0,1,0,1,4,7.9,4.6,36,20,147.95,1,2,Credit Card,1,Smart TV,Central India,1,0
OTT06234,41,Male,Premium,0,0,0,1,1,0,2,14.4,2.8,50,51,483.32,2,3,Wallet,1,Mobile,Central India,5,0
OTT06235,23,Male,Standard,0,1,0,1,0,0,2,31.2,1.5,42,42,263.96,5,3,UPI,1,Mobile,South India,2,0
OTT06236,58,Female,Basic,0,1,0,0,0,0,1,33.0,1.4,35,19,1021.17,2,2,Credit Card,0,Tablet,North India,2,0
OTT06237,34,Male,Basic,1,1,0,1,0,0,3,44.6,0.5,4,17,544.58,2,1,Credit Card,0,Mobile,West India,4,0
OTT06238,41,Female,Basic,0,1,1,1,1,0,4,14.8,1.3,27,18,429.92,1,2,UPI,1,Smart TV,South India,5,0
OTT06239,56,Male,Standard,1,0,1,0,1,1,4,15.6,2.3,13,35,730.65,4,1,Credit Card,1,Mobile,North India,3,0
OTT06240,45,Female,Basic,1,1,0,1,0,0,3,12.8,2.6,5,17,819.52,1,1,Credit Card,1,Mobile,North India,5,0
OTT06241,49,Male,Premium,1,0,0,1,1,1,4,31.7,0.7,41,27,776.95,3,2,Credit Card,0,Tablet,South India,2,0
OTT06242,25,Female,Mobile,1,0,0,1,0,0,2,13.8,2.0,47,54,648.75,4,1,Net Banking,0,Fire TV,North India,4,0
OTT06243,37,Male,Mobile,0,0,0,0,0,1,1,44.0,3.0,5,37,979.24,4,0,Net Banking,1,Fire TV,South India,2,0
OTT06244,41,Male,Basic,1,1,1,0,0,1,4,18.1,0.6,14,10,550.35,5,2,UPI,1,Smart TV,East India,1,0
OTT06245,25,Female,Basic,1,0,0,0,1,0,2,24.1,1.8,50,35,222.89,4,2,Credit Card,1,Smart TV,West India,1,0
OTT06246,34,Female,Premium,0,0,0,1,0,0,1,27.2,1.0,9,5,533.64,5,1,Wallet,1,Tablet,South India,3,0
OTT06247,53,Female,Standard,1,0,1,1,1,1,5,44.1,0.5,43,33,522.72,3,2,Net Banking,0,Smart TV,South India,5,0
OTT06248,58,Female,Basic,1,1,1,1,1,1,6,55.4,1.4,57,48,823.79,2,2,UPI,0,Smart TV,Central India,5,0
OTT06249,53,Male,Standard,0,0,1,0,1,1,3,29.3,0.4,56,23,905.61,5,1,Credit Card,1,Fire TV,East India,1,0
OTT06250,58,Female,Basic,0,1,1,0,1,0,3,35.3,1.0,40,53,432.7,5,2,UPI,1,Smart TV,West India,3,0
OTT06251,60,Male,Basic,0,1,1,1,0,1,4,14.4,1.5,60,55,99.0,2,0,Credit Card,0,Tablet,West India,5,0
OTT06252,26,Female,Basic,0,1,0,0,1,0,2,52.5,2.6,36,16,1197.24,2,1,UPI,1,Laptop,West India,5,0
OTT06253,54,Female,Basic,0,1,1,0,1,0,3,36.1,0.7,54,19,701.82,5,1,Debit Card,0,Smart TV,South India,4,0
OTT06254,44,Male,Standard,0,0,0,1,1,0,2,82.8,1.2,42,59,99.0,2,1,UPI,1,Mobile,South India,5,0
OTT06255,54,Female,Standard,1,0,1,1,1,1,5,25.0,2.7,21,13,189.05,2,1,Debit Card,1,Smart TV,North India,2,0
OTT06256,45,Male,Basic,1,1,0,1,1,1,5,15.6,0.8,21,56,710.78,1,0,UPI,1,Fire TV,East India,4,0
OTT06257,23,Male,Standard,1,1,1,0,1,0,4,20.5,0.6,44,27,503.32,4,0,UPI,1,Mobile,South India,3,0
OTT06258,42,Other,Standard,0,0,1,0,0,0,1,43.5,3.3,53,8,994.94,4,0,Wallet,1,Tablet,West India,1,0
OTT06259,50,Male,Basic,1,1,0,0,1,0,3,52.9,1.4,21,57,504.39,1,1,Wallet,1,Mobile,North India,2,1
OTT06260,23,Male,Standard,0,1,0,0,1,0,2,64.5,2.7,30,10,626.99,2,0,UPI,1,Mobile,Central India,3,0
OTT06261,39,Female,Basic,0,1,1,1,1,1,5,16.2,0.9,13,37,480.0,4,2,Debit Card,1,Fire TV,West India,3,0
OTT06262,46,Male,Basic,1,0,0,1,0,0,2,10.7,2.3,33,23,609.57,3,1,Wallet,1,Smart TV,South India,2,0
OTT06263,37,Male,Basic,0,0,1,0,0,0,1,23.3,2.7,11,59,665.48,1,0,UPI,1,Mobile,North India,5,0
OTT06264,52,Male,Basic,1,1,0,0,1,1,4,14.3,1.0,20,41,1023.64,2,4,UPI,1,Fire TV,East India,3,0
OTT06265,23,Female,Standard,0,1,0,1,0,1,3,40.2,2.2,5,49,733.17,5,1,Credit Card,0,Smart TV,South India,1,0
OTT06266,32,Male,Standard,0,1,1,0,1,1,4,22.5,0.9,59,1,672.76,1,3,Credit Card,1,Smart TV,North India,3,0
OTT06267,58,Female,Basic,0,0,0,0,0,1,1,21.1,3.2,28,22,857.83,2,0,UPI,1,Smart TV,East India,2,1
OTT06268,40,Male,Premium,1,0,0,1,1,1,4,21.2,0.9,30,37,1016.41,1,1,Debit Card,1,Tablet,North India,4,0
OTT06269,25,Female,Basic,0,0,1,0,0,0,1,19.9,3.4,21,22,276.51,4,2,UPI,0,Smart TV,South India,1,0
OTT06270,23,Male,Basic,0,0,1,0,0,0,1,10.7,1.9,2,52,463.8,1,0,UPI,0,Mobile,North India,1,0
OTT06271,43,Male,Standard,0,0,1,1,0,1,3,15.0,1.2,31,49,706.85,2,1,Net Banking,1,Fire TV,South India,1,0
OTT06272,58,Female,Standard,0,1,1,0,0,0,2,35.8,3.6,54,29,649.29,2,1,UPI,0,Laptop,South India,1,0
OTT06273,20,Female,Premium,1,1,1,0,0,0,3,13.3,1.0,25,23,477.76,3,3,Net Banking,1,Smart TV,South India,1,0
OTT06274,22,Male,Basic,0,0,1,0,0,0,1,35.1,4.6,25,5,101.78,2,0,Debit Card,1,Smart TV,North India,4,0
OTT06275,34,Male,Basic,0,0,1,0,0,0,1,26.7,2.2,31,52,570.24,1,0,Credit Card,1,Smart TV,West India,5,0
OTT06276,26,Female,Standard,0,1,1,1,1,0,4,43.6,0.6,35,12,754.79,3,0,Debit Card,1,Mobile,South India,5,1
OTT06277,23,Male,Standard,0,1,0,0,0,1,2,25.1,1.1,37,47,1053.16,3,1,Credit Card,1,Smart TV,North India,4,0
OTT06278,30,Male,Standard,1,0,1,1,1,0,4,15.6,1.3,16,37,657.72,2,0,UPI,1,Mobile,North India,2,0
OTT06279,45,Female,Standard,0,1,1,1,0,1,4,15.2,4.7,11,38,651.87,3,1,Credit Card,1,Laptop,East India,5,0
OTT06280,53,Female,Mobile,0,0,0,0,1,0,1,8.7,3.1,1,38,430.45,4,1,Net Banking,1,Mobile,North India,2,0
OTT06281,31,Female,Standard,1,1,0,1,1,0,4,16.3,2.6,2,30,650.43,1,3,Credit Card,1,Smart TV,South India,5,0
OTT06282,48,Male,Standard,0,0,0,0,1,1,2,22.0,1.0,5,9,510.52,2,0,Debit Card,1,Tablet,Central India,4,0
OTT06283,53,Female,Standard,1,1,1,0,0,0,3,46.3,1.4,53,56,808.05,1,2,UPI,1,Smart TV,North India,4,0
OTT06284,18,Male,Basic,0,0,0,1,0,0,1,36.0,2.3,17,38,777.76,2,1,UPI,1,Tablet,South India,3,0
OTT06285,54,Female,Premium,1,1,0,0,1,1,4,20.7,2.3,48,57,1045.78,1,1,Credit Card,1,Fire TV,South India,2,0
OTT06286,25,Male,Standard,0,1,1,1,0,0,3,13.7,1.4,50,19,729.07,5,0,UPI,1,Smart TV,South India,4,0
OTT06287,47,Female,Basic,1,1,1,0,0,0,3,32.2,1.3,55,16,801.14,2,1,Debit Card,0,Fire TV,Central India,1,0
OTT06288,50,Female,Basic,1,1,1,1,1,1,6,17.1,2.3,60,7,266.24,2,0,UPI,0,Fire TV,East India,1,0
OTT06289,54,Male,Standard,1,0,0,0,1,0,2,13.9,3.6,27,30,744.72,1,3,Net Banking,1,Smart TV,North India,5,1
OTT06290,35,Female,Premium,1,1,1,1,0,1,5,32.3,0.4,6,34,857.04,2,1,Debit Card,0,Fire TV,East India,5,0
OTT06291,46,Female,Standard,1,0,0,1,1,1,4,15.0,2.3,51,37,682.17,4,2,UPI,0,Fire TV,West India,5,1
OTT06292,19,Male,Premium,1,1,1,1,1,0,5,39.0,1.1,39,42,637.57,3,1,Net Banking,1,Laptop,South India,1,0
OTT06293,37,Male,Basic,1,1,1,1,0,1,5,9.0,0.8,29,49,600.19,5,2,Net Banking,0,Smart TV,South India,1,0
OTT06294,59,Male,Basic,1,1,1,1,1,1,6,14.9,0.5,57,16,1110.89,5,2,Credit Card,1,Fire TV,West India,4,0
OTT06295,24,Female,Standard,1,1,0,0,0,0,2,14.4,0.8,29,4,194.1,4,2,Net Banking,1,Smart TV,North India,4,0
OTT06296,24,Female,Mobile,0,0,1,1,1,1,4,37.2,1.6,18,47,1001.78,5,1,UPI,0,Mobile,West India,1,0
OTT06297,48,Male,Mobile,1,1,1,0,0,1,4,24.5,1.3,20,42,762.9,3,0,Debit Card,1,Mobile,Central India,2,0
OTT06298,39,Male,Standard,1,1,1,1,0,0,4,36.7,1.4,56,4,513.13,2,0,Wallet,1,Laptop,North India,5,0
OTT06299,37,Female,Basic,1,0,0,1,0,0,2,12.7,1.4,26,38,800.9,2,1,UPI,1,Mobile,South India,1,0
OTT06300,28,Male,Mobile,1,1,1,1,1,1,6,36.0,2.1,28,17,765.48,1,1,Credit Card,1,Tablet,West India,5,0
OTT06301,25,Male,Mobile,0,0,1,0,1,0,2,34.2,2.3,45,48,373.15,2,3,Credit Card,1,Laptop,West India,2,0
OTT06302,49,Male,Basic,1,0,1,0,0,1,3,15.1,0.7,21,27,946.68,2,0,Debit Card,1,Smart TV,West India,5,0
OTT06303,33,Female,Basic,1,0,1,1,0,0,3,15.8,1.2,7,18,708.34,5,0,UPI,0,Mobile,South India,2,0
OTT06304,51,Female,Basic,1,0,0,0,1,0,2,16.0,4.4,49,29,431.65,2,1,Debit Card,1,Mobile,East India,1,0
OTT06305,37,Female,Premium,0,1,0,1,1,1,4,58.0,0.7,41,27,1082.06,1,0,Debit Card,0,Mobile,East India,3,0
OTT06306,35,Male,Standard,0,1,0,0,0,0,1,23.5,1.8,6,38,820.68,2,0,Credit Card,1,Mobile,South India,2,0
OTT06307,27,Female,Standard,1,1,0,1,1,0,4,11.8,2.4,11,44,760.19,4,4,UPI,0,Laptop,East India,3,0
OTT06308,46,Male,Mobile,0,1,1,1,1,1,5,15.5,3.0,29,19,942.16,3,1,UPI,1,Tablet,Central India,5,0
OTT06309,30,Female,Basic,0,0,0,0,1,1,2,75.8,2.1,18,26,659.12,3,0,Debit Card,1,Laptop,Central India,4,0
OTT06310,57,Male,Premium,1,1,1,0,1,0,4,26.6,1.2,12,10,893.24,5,3,UPI,1,Fire TV,South India,4,1
OTT06311,35,Female,Standard,0,0,0,1,1,0,2,21.9,1.0,56,58,875.96,5,3,Credit Card,1,Smart TV,East India,5,1
OTT06312,53,Female,Standard,1,0,1,1,1,1,5,8.9,2.1,28,59,498.77,1,0,Credit Card,1,Fire TV,North India,1,0
OTT06313,38,Female,Basic,1,1,1,1,1,1,6,14.3,2.6,0,12,606.55,4,1,Debit Card,1,Smart TV,South India,3,0
OTT06314,35,Male,Standard,1,1,0,0,0,0,2,44.3,3.5,32,7,522.15,4,1,Credit Card,1,Mobile,South India,3,0
OTT06315,37,Female,Standard,1,0,1,1,0,1,4,27.2,3.2,19,19,1041.92,4,1,UPI,1,Tablet,West India,5,0
OTT06316,36,Female,Basic,0,0,1,0,1,1,3,14.6,2.7,38,1,237.2,1,0,Net Banking,1,Laptop,West India,5,0
OTT06317,38,Male,Premium,0,1,1,0,0,1,3,72.7,0.5,9,29,749.81,1,0,Credit Card,0,Tablet,West India,4,0
OTT06318,56,Female,Basic,1,1,1,1,0,0,4,26.8,0.7,8,33,1034.14,5,1,Debit Card,1,Laptop,West India,5,0
OTT06319,48,Female,Basic,1,1,1,0,0,0,3,82.0,5.9,8,31,310.57,4,1,Net Banking,1,Mobile,East India,3,0
OTT06320,19,Female,Mobile,1,0,1,0,1,0,3,12.8,1.4,49,10,668.76,4,1,Wallet,1,Tablet,South India,2,0
OTT06321,20,Female,Standard,0,1,0,0,0,1,2,10.6,1.9,52,56,989.92,4,3,Debit Card,1,Tablet,North India,3,0
OTT06322,18,Male,Standard,0,1,1,1,0,0,3,23.3,0.2,56,40,550.41,4,0,Debit Card,1,Laptop,North India,3,0
OTT06323,47,Female,Basic,1,1,0,1,1,1,5,9.0,2.8,12,54,691.69,5,1,Credit Card,1,Laptop,North India,4,0
OTT06324,26,Male,Premium,0,0,0,0,0,1,1,19.3,1.7,53,40,589.3,5,0,UPI,1,Tablet,West India,2,0
OTT06325,34,Male,Basic,1,0,0,0,1,1,3,33.1,1.6,8,19,385.2,3,2,Debit Card,1,Smart TV,East India,2,0
OTT06326,53,Female,Premium,0,1,0,1,0,0,2,31.0,5.6,35,31,545.21,4,0,Wallet,0,Tablet,North India,1,0
OTT06327,23,Female,Standard,1,1,0,1,1,1,5,26.5,2.1,16,3,470.44,2,2,Net Banking,1,Mobile,West India,4,0
OTT06328,24,Female,Premium,0,0,1,1,1,0,3,14.7,1.3,41,21,219.46,5,4,Credit Card,1,Smart TV,North India,5,0
OTT06329,21,Female,Standard,0,1,0,1,1,0,3,39.5,1.6,20,53,1055.24,1,1,Debit Card,1,Smart TV,North India,2,0
OTT06330,30,Male,Standard,0,0,0,1,1,0,2,21.8,1.0,55,42,775.31,3,5,Debit Card,0,Smart TV,South India,4,0
OTT06331,21,Female,Basic,1,0,0,1,1,0,3,5.3,0.7,32,19,543.0,1,3,Debit Card,0,Smart TV,West India,5,0
OTT06332,45,Male,Premium,1,1,1,1,1,1,6,13.3,1.4,6,36,517.12,1,0,Wallet,1,Tablet,South India,4,0
OTT06333,49,Female,Premium,0,0,0,1,1,1,3,13.5,0.4,26,9,531.78,2,0,UPI,1,Fire TV,North India,3,0
OTT06334,25,Female,Standard,1,0,0,1,1,0,3,43.1,1.2,43,17,439.6,3,1,UPI,0,Laptop,Central India,1,0
OTT06335,40,Female,Standard,1,1,1,0,0,1,4,13.4,0.2,34,21,541.48,4,1,UPI,1,Tablet,East India,1,0
OTT06336,31,Female,Basic,0,0,1,1,0,1,3,30.3,2.7,34,7,395.52,2,1,Credit Card,1,Smart TV,North India,2,1
OTT06337,21,Female,Basic,1,1,1,0,0,0,3,7.2,4.8,28,32,846.52,3,3,Credit Card,1,Smart TV,South India,3,0
OTT06338,38,Female,Mobile,0,0,0,1,0,1,2,32.7,1.4,43,8,128.79,5,2,Debit Card,0,Smart TV,East India,3,0
OTT06339,47,Female,Standard,0,1,1,0,0,0,2,8.8,0.8,47,34,706.55,4,0,UPI,1,Mobile,North India,2,0
OTT06340,27,Male,Standard,1,1,0,1,0,1,4,42.3,1.8,11,35,402.56,2,4,UPI,1,Mobile,South India,2,0
OTT06341,51,Female,Standard,1,0,1,1,1,1,5,21.9,3.0,51,22,905.0,1,1,Debit Card,0,Smart TV,West India,5,1
OTT06342,60,Male,Standard,1,1,1,1,1,0,5,36.5,0.9,18,28,601.97,3,2,UPI,0,Smart TV,South India,5,0
OTT06343,20,Female,Basic,1,1,0,1,1,1,5,21.1,2.3,5,22,749.25,1,1,Net Banking,1,Mobile,North India,2,0
OTT06344,25,Female,Basic,0,0,1,1,0,1,3,16.2,0.5,55,41,475.71,3,2,Wallet,1,Laptop,North India,4,0
OTT06345,30,Female,Mobile,0,0,1,1,0,0,2,8.4,1.8,3,33,1013.95,4,1,UPI,0,Smart TV,North India,4,0
OTT06346,54,Female,Mobile,1,0,0,1,1,0,3,6.6,2.4,5,3,301.86,1,2,Credit Card,1,Mobile,Central India,2,0
OTT06347,24,Female,Standard,1,1,1,1,1,1,6,16.0,0.4,39,48,463.67,4,3,UPI,1,Mobile,West India,5,0
OTT06348,38,Female,Standard,0,1,1,0,1,1,4,23.8,2.4,56,59,374.85,2,2,UPI,1,Laptop,South India,5,0
OTT06349,41,Male,Premium,1,0,0,1,1,0,3,11.1,1.3,24,24,631.05,3,0,Credit Card,1,Smart TV,Central India,4,0
OTT06350,23,Male,Mobile,1,0,1,1,1,0,4,62.9,3.9,43,34,675.3,1,0,UPI,1,Mobile,South India,4,0
OTT06351,19,Male,Standard,1,1,1,1,0,0,4,47.8,1.7,46,40,296.38,2,0,Net Banking,1,Laptop,South India,4,1
OTT06352,23,Female,Standard,0,1,1,1,1,1,5,21.7,2.5,15,13,354.6,3,1,Net Banking,1,Smart TV,West India,5,0
OTT06353,20,Female,Basic,1,1,1,0,0,1,4,51.2,4.5,56,41,339.31,2,3,Debit Card,1,Smart TV,Central India,2,0
OTT06354,39,Female,Standard,1,0,0,1,1,0,3,22.1,1.3,42,13,239.7,3,0,Credit Card,1,Smart TV,Central India,3,0
OTT06355,58,Male,Premium,1,1,0,0,0,0,2,11.2,0.3,46,6,457.8,1,0,Credit Card,1,Smart TV,South India,5,0
OTT06356,33,Male,Basic,1,0,1,1,0,0,3,20.0,0.8,54,53,1136.47,2,2,Debit Card,1,Smart TV,East India,4,0
OTT06357,29,Female,Standard,1,0,0,0,0,1,2,34.3,1.6,0,46,689.28,5,2,UPI,1,Mobile,South India,5,0
OTT06358,28,Female,Basic,0,1,1,1,1,1,5,14.8,6.2,12,6,464.25,5,2,Net Banking,1,Mobile,West India,5,0
OTT06359,60,Male,Basic,1,0,0,0,1,1,3,55.7,3.8,0,5,574.79,4,1,UPI,0,Laptop,South India,4,0
OTT06360,59,Male,Mobile,0,1,0,0,1,1,3,17.5,0.9,42,7,213.61,1,2,Credit Card,1,Tablet,West India,5,1
OTT06361,45,Male,Mobile,0,0,0,0,1,1,2,36.8,1.3,36,54,230.39,1,1,UPI,1,Mobile,Central India,5,0
OTT06362,37,Female,Standard,1,0,1,1,0,0,3,21.0,2.4,58,47,410.36,3,1,Credit Card,1,Smart TV,Central India,4,0
OTT06363,24,Female,Mobile,0,0,1,0,1,1,3,13.9,3.3,34,59,294.29,5,1,Debit Card,1,Tablet,West India,1,0
OTT06364,57,Female,Standard,1,0,0,1,0,0,2,10.3,0.4,15,57,889.89,1,2,Debit Card,1,Fire TV,South India,5,0
OTT06365,18,Female,Premium,1,1,1,1,0,1,5,39.1,2.4,44,49,1179.46,1,0,UPI,1,Mobile,South India,1,0
OTT06366,25,Female,Premium,0,1,1,0,0,0,2,28.5,1.6,55,27,891.57,4,2,Debit Card,0,Mobile,West India,4,0
OTT06367,47,Male,Basic,1,0,0,0,1,1,3,15.4,0.3,7,50,428.18,2,0,UPI,1,Laptop,East India,1,0
OTT06368,25,Male,Mobile,0,1,0,0,1,0,2,39.5,1.2,7,6,652.46,2,3,Wallet,1,Mobile,South India,2,0
OTT06369,22,Male,Basic,0,1,0,1,1,0,3,15.8,1.0,11,10,793.64,1,0,Net Banking,0,Smart TV,South India,3,0
OTT06370,43,Other,Basic,0,1,1,1,1,0,4,27.7,1.0,44,42,761.46,5,1,UPI,1,Smart TV,South India,1,0
OTT06371,19,Female,Basic,1,1,1,0,1,1,5,30.3,3.3,24,1,1067.63,3,0,Debit Card,1,Laptop,South India,5,0
OTT06372,29,Female,Standard,1,0,0,0,0,0,1,68.1,2.0,2,17,314.56,4,0,Wallet,1,Mobile,South India,1,0
OTT06373,45,Female,Standard,1,1,1,1,1,1,6,66.0,1.2,56,19,691.99,1,1,Credit Card,1,Fire TV,South India,3,0
OTT06374,25,Male,Basic,0,1,1,1,1,0,4,16.0,1.0,32,57,635.12,2,2,Debit Card,0,Tablet,East India,1,0
OTT06375,50,Male,Basic,0,0,0,0,1,1,2,13.8,1.8,13,8,555.0,5,3,Credit Card,0,Smart TV,North India,2,0
OTT06376,22,Female,Premium,0,0,0,1,1,0,2,26.3,1.1,3,55,213.59,5,1,Net Banking,1,Fire TV,Central India,4,0
OTT06377,44,Other,Premium,0,0,1,0,1,0,2,42.2,2.4,35,46,241.52,3,0,UPI,1,Fire TV,North India,1,0
OTT06378,21,Male,Standard,1,1,1,1,0,1,5,6.3,1.4,59,53,1011.17,3,0,UPI,0,Laptop,Central India,2,0
OTT06379,49,Male,Standard,1,0,1,0,0,0,2,57.5,0.3,16,47,888.89,5,1,Debit Card,1,Smart TV,South India,4,0
OTT06380,50,Female,Standard,1,1,1,0,0,0,3,18.2,0.4,51,1,330.18,2,2,UPI,1,Smart TV,North India,1,1
OTT06381,52,Female,Mobile,1,1,0,0,1,1,4,41.2,0.9,13,5,143.76,4,0,Net Banking,1,Smart TV,South India,1,0
OTT06382,30,Female,Premium,1,1,1,1,0,1,5,18.4,1.3,52,57,657.86,2,2,Wallet,1,Smart TV,North India,1,0
OTT06383,28,Male,Basic,0,1,0,1,1,1,4,54.4,2.0,40,24,627.63,3,0,Debit Card,1,Mobile,East India,1,0
OTT06384,60,Male,Standard,1,1,0,1,1,0,4,18.2,1.9,56,42,197.56,4,4,Credit Card,1,Smart TV,South India,3,0
OTT06385,49,Male,Basic,0,0,0,1,0,1,2,35.1,4.1,33,56,1225.69,1,0,Debit Card,0,Smart TV,West India,5,0
OTT06386,25,Male,Standard,1,1,1,1,0,1,5,24.1,0.1,43,3,997.25,3,0,UPI,1,Mobile,West India,3,0
OTT06387,19,Female,Standard,1,0,1,0,0,0,2,10.8,0.1,11,19,347.7,3,1,Net Banking,1,Mobile,South India,1,0
OTT06388,33,Female,Standard,0,0,0,0,1,1,2,17.7,0.4,17,44,1017.27,4,2,UPI,1,Tablet,West India,2,0
OTT06389,46,Female,Basic,1,1,1,1,1,1,6,5.5,0.7,56,34,714.13,3,1,Credit Card,1,Smart TV,East India,4,1
OTT06390,34,Male,Standard,1,0,0,0,1,0,2,16.2,2.5,60,56,852.75,2,3,UPI,1,Smart TV,West India,5,1
OTT06391,52,Male,Standard,1,0,1,0,0,0,2,29.7,1.8,39,30,414.02,1,0,Credit Card,0,Smart TV,North India,2,1
OTT06392,39,Female,Standard,0,1,0,1,1,0,3,52.9,0.4,21,21,823.41,2,2,UPI,0,Mobile,North India,2,0
OTT06393,60,Male,Standard,1,1,0,0,0,0,2,23.4,0.7,25,19,1272.02,5,1,UPI,0,Laptop,North India,4,0
OTT06394,55,Male,Standard,1,0,1,0,0,0,2,80.2,0.8,53,41,980.46,3,0,Debit Card,1,Tablet,South India,5,0
OTT06395,38,Male,Standard,1,0,0,0,1,1,3,44.6,0.6,46,15,856.95,5,0,Credit Card,1,Laptop,South India,4,0
OTT06396,53,Male,Mobile,1,0,1,1,1,0,4,14.3,1.1,45,20,131.08,2,0,Credit Card,1,Laptop,North India,5,0
OTT06397,37,Male,Standard,1,1,1,1,0,0,4,24.4,0.9,35,25,889.08,1,2,Credit Card,1,Tablet,East India,5,0
OTT06398,18,Male,Mobile,1,1,0,0,0,0,2,33.1,1.0,38,40,778.62,5,0,Net Banking,1,Laptop,North India,4,1
OTT06399,31,Female,Standard,1,0,0,1,1,0,3,18.6,0.4,47,2,421.83,4,2,Credit Card,0,Smart TV,Central India,3,1
OTT06400,35,Male,Basic,0,0,1,1,1,1,4,29.5,2.0,40,32,559.31,5,2,UPI,1,Fire TV,East India,5,0
OTT06401,59,Female,Premium,0,0,1,0,0,1,2,16.7,1.4,52,29,625.3,1,0,Credit Card,1,Laptop,North India,1,0
OTT06402,53,Female,Mobile,0,0,1,1,0,0,2,24.0,0.9,0,8,800.07,2,1,UPI,0,Smart TV,South India,3,0
OTT06403,24,Female,Basic,0,0,0,1,0,0,1,49.3,0.5,9,21,245.98,2,1,UPI,0,Laptop,South India,5,0
OTT06404,18,Female,Mobile,1,0,0,1,1,0,3,17.6,1.0,34,1,664.67,1,0,Credit Card,1,Smart TV,Central India,5,0
OTT06405,40,Male,Premium,0,0,0,1,0,1,2,8.7,0.3,39,60,1083.74,5,1,Credit Card,1,Laptop,West India,1,0
OTT06406,40,Male,Mobile,0,1,1,1,0,1,4,67.4,1.8,5,46,799.43,2,3,Debit Card,1,Tablet,Central India,1,0
OTT06407,49,Female,Standard,1,1,1,1,1,1,6,39.7,1.9,16,49,348.77,5,1,UPI,0,Smart TV,West India,4,0
OTT06408,29,Female,Mobile,0,0,1,1,0,0,2,32.2,1.3,60,14,725.75,1,2,Net Banking,1,Mobile,Central India,3,1
OTT06409,52,Male,Standard,1,0,1,1,0,1,4,56.5,3.9,51,27,785.26,1,2,UPI,1,Mobile,North India,2,0
OTT06410,35,Male,Basic,0,0,1,0,0,1,2,41.1,2.0,12,25,99.0,5,1,Credit Card,1,Smart TV,South India,4,0
OTT06411,32,Other,Standard,0,0,0,0,0,1,1,18.5,2.4,4,6,735.52,2,2,UPI,1,Laptop,North India,2,0
OTT06412,36,Female,Mobile,1,1,1,0,1,0,4,66.9,1.9,51,54,654.29,4,2,UPI,1,Smart TV,West India,4,1
OTT06413,58,Female,Basic,1,1,1,0,0,0,3,29.6,1.9,36,4,210.58,4,1,UPI,1,Smart TV,Central India,3,0
OTT06414,34,Female,Mobile,1,1,1,0,1,1,5,37.4,1.6,48,51,1185.72,2,0,Credit Card,1,Fire TV,Central India,2,0
OTT06415,42,Female,Standard,0,1,1,0,1,0,3,6.8,2.3,0,10,736.91,3,1,Credit Card,1,Mobile,West India,4,0
OTT06416,56,Female,Mobile,0,0,0,1,1,0,2,12.1,1.5,40,39,592.28,3,0,Debit Card,1,Smart TV,South India,5,0
OTT06417,18,Female,Premium,0,0,0,1,1,1,3,10.4,0.6,17,60,409.02,2,0,UPI,1,Mobile,West India,2,0
OTT06418,41,Female,Basic,0,1,0,0,1,0,2,9.9,2.5,35,17,681.04,2,4,UPI,0,Mobile,South India,2,1
OTT06419,48,Male,Standard,0,1,1,1,1,1,5,33.8,1.8,46,16,767.21,3,1,Credit Card,1,Fire TV,West India,4,0
OTT06420,56,Female,Basic,1,0,1,1,0,1,4,13.9,0.6,26,8,1022.03,5,0,Debit Card,1,Smart TV,South India,2,0
OTT06421,20,Other,Basic,1,0,0,1,0,0,2,28.7,1.3,48,60,617.46,5,0,Credit Card,1,Smart TV,West India,5,0
OTT06422,49,Female,Premium,0,1,1,1,0,0,3,40.4,0.3,46,11,271.89,5,0,Debit Card,1,Tablet,North India,5,0
OTT06423,52,Male,Standard,1,1,1,0,0,1,4,15.9,3.3,14,47,627.82,2,0,Credit Card,1,Mobile,North India,5,0
OTT06424,33,Female,Standard,1,0,0,1,1,1,4,13.7,1.7,23,57,625.48,4,1,Credit Card,0,Smart TV,East India,5,0
OTT06425,50,Male,Standard,0,1,0,0,0,0,1,7.1,0.5,51,44,1109.4,1,2,Credit Card,0,Smart TV,North India,5,1
OTT06426,39,Female,Mobile,0,0,1,0,0,0,1,47.4,1.2,46,38,731.11,1,1,Credit Card,0,Smart TV,Central India,2,0
OTT06427,46,Male,Premium,0,1,0,0,0,0,1,16.4,0.6,30,6,757.16,1,1,UPI,1,Mobile,West India,1,0
OTT06428,34,Female,Basic,1,1,0,0,0,1,3,58.3,0.9,11,25,496.19,1,0,Debit Card,1,Mobile,South India,4,0
OTT06429,25,Female,Premium,0,1,1,0,0,1,3,31.8,1.9,1,39,748.8,3,2,Debit Card,1,Laptop,North India,3,0
OTT06430,53,Male,Standard,0,0,0,1,0,1,2,51.6,2.4,49,57,414.72,3,3,Wallet,1,Smart TV,North India,4,0
OTT06431,27,Female,Basic,0,1,0,1,0,1,3,9.3,0.5,52,19,695.85,2,1,Debit Card,1,Smart TV,East India,1,0
OTT06432,26,Female,Standard,0,1,0,1,0,1,3,36.5,3.3,46,32,872.1,4,4,UPI,1,Mobile,South India,2,0
OTT06433,56,Male,Premium,0,1,0,0,0,0,1,37.1,2.8,33,1,646.23,4,1,UPI,1,Tablet,South India,3,0
OTT06434,58,Male,Mobile,1,1,1,1,1,0,5,45.8,1.0,46,25,958.84,5,0,UPI,0,Smart TV,West India,3,0
OTT06435,44,Male,Basic,0,1,0,1,1,0,3,14.3,0.8,12,36,1039.56,2,0,Debit Card,1,Smart TV,West India,5,0
OTT06436,42,Female,Standard,0,1,0,1,1,0,3,16.9,2.2,24,8,968.14,2,3,Debit Card,1,Smart TV,West India,5,0
OTT06437,33,Female,Basic,0,0,0,1,1,1,3,46.5,5.6,21,53,667.21,3,0,Credit Card,1,Laptop,South India,5,0
OTT06438,44,Male,Basic,1,0,0,0,0,1,2,7.9,1.4,42,6,388.8,2,3,Credit Card,1,Mobile,East India,2,1
OTT06439,44,Male,Standard,1,1,0,1,1,1,5,13.0,0.9,55,46,371.23,2,1,Net Banking,1,Smart TV,South India,1,0
OTT06440,40,Male,Premium,0,0,0,1,1,1,3,35.9,0.9,31,41,802.19,4,3,Wallet,1,Mobile,South India,4,0
OTT06441,46,Male,Standard,1,0,0,0,1,1,3,18.4,0.1,26,52,725.06,5,3,Credit Card,1,Mobile,East India,1,0
OTT06442,41,Female,Premium,1,1,0,1,1,1,5,20.5,0.7,16,4,633.69,4,0,UPI,1,Mobile,North India,5,0
OTT06443,55,Male,Mobile,1,1,0,1,1,0,4,3.8,0.1,14,57,501.43,5,1,Credit Card,1,Smart TV,East India,5,0
OTT06444,46,Female,Basic,1,0,1,1,1,0,4,55.7,2.5,28,5,653.59,3,0,Net Banking,1,Smart TV,South India,4,0
OTT06445,34,Female,Mobile,1,0,0,1,0,0,2,19.4,3.1,8,59,264.05,3,2,UPI,1,Smart TV,South India,4,0
OTT06446,46,Female,Basic,0,1,1,0,0,0,2,34.6,1.0,24,58,469.72,4,1,Credit Card,1,Mobile,South India,2,0
OTT06447,27,Male,Standard,1,0,1,0,1,1,4,47.3,1.3,51,11,593.27,3,1,Wallet,1,Mobile,West India,4,0
OTT06448,27,Female,Basic,0,1,1,0,1,0,3,20.1,0.7,9,36,846.26,3,0,UPI,1,Laptop,East India,1,0
OTT06449,53,Female,Basic,1,1,0,1,0,1,4,5.1,0.7,13,43,922.76,1,2,UPI,1,Smart TV,South India,5,0
OTT06450,43,Female,Standard,1,1,0,1,1,0,4,34.8,1.3,0,54,105.84,1,1,Debit Card,0,Mobile,East India,1,0
OTT06451,20,Male,Standard,0,0,1,0,0,1,2,56.6,1.7,20,12,205.04,4,0,Wallet,1,Mobile,North India,1,0
OTT06452,33,Male,Standard,0,0,1,0,1,0,2,38.9,4.1,39,11,850.29,2,1,Debit Card,1,Smart TV,South India,5,0
OTT06453,60,Female,Standard,1,0,0,1,1,0,3,30.9,0.4,60,37,678.82,5,0,Wallet,0,Fire TV,North India,4,0
OTT06454,45,Female,Premium,0,0,1,0,1,0,2,38.8,1.2,45,58,825.91,5,1,UPI,1,Laptop,Central India,5,0
OTT06455,55,Female,Standard,0,1,1,0,1,1,4,42.0,1.6,18,35,475.78,1,0,UPI,1,Laptop,West India,1,0
OTT06456,41,Female,Premium,0,1,1,0,1,1,4,23.2,1.1,18,43,491.37,4,0,Credit Card,0,Smart TV,South India,2,0
OTT06457,19,Female,Premium,1,1,0,1,0,0,3,57.3,2.0,24,52,443.64,5,3,UPI,1,Laptop,East India,4,0
OTT06458,25,Other,Premium,1,0,1,1,1,0,4,27.4,2.7,60,19,99.0,4,0,Debit Card,1,Laptop,South India,3,0
OTT06459,21,Female,Mobile,1,1,0,0,0,1,3,43.6,1.1,21,24,336.41,4,2,UPI,1,Tablet,South India,1,1
OTT06460,49,Male,Standard,1,0,1,1,1,0,4,12.4,1.2,13,55,351.15,3,3,Debit Card,1,Smart TV,South India,4,0
OTT06461,50,Male,Basic,1,1,0,0,0,0,2,24.0,0.9,54,14,390.5,4,0,Debit Card,1,Mobile,East India,3,0
OTT06462,37,Female,Mobile,1,0,0,1,1,1,4,14.7,2.1,37,7,377.57,3,2,Wallet,1,Laptop,West India,5,0
OTT06463,49,Male,Standard,0,1,1,1,1,0,4,32.5,0.6,28,4,392.69,4,2,Net Banking,1,Smart TV,South India,3,0
OTT06464,41,Female,Basic,1,1,0,0,0,0,2,11.7,2.5,49,54,583.81,5,1,UPI,1,Laptop,South India,5,0
OTT06465,49,Male,Standard,1,0,1,1,0,0,3,39.0,0.8,24,44,804.11,1,2,UPI,1,Mobile,West India,4,0
OTT06466,46,Male,Standard,1,1,1,1,1,0,5,34.2,1.7,43,40,99.0,5,1,Credit Card,0,Tablet,South India,5,0
OTT06467,37,Female,Basic,1,0,0,1,0,0,2,22.0,1.7,19,20,386.7,5,2,Credit Card,1,Smart TV,North India,5,0
OTT06468,46,Female,Premium,1,1,0,0,1,1,4,41.0,3.4,24,31,397.04,1,1,UPI,1,Mobile,South India,5,0
OTT06469,31,Female,Standard,1,1,1,1,1,1,6,12.4,0.3,47,30,220.76,2,2,Wallet,0,Smart TV,North India,4,0
OTT06470,50,Male,Standard,1,1,0,1,1,1,5,38.8,2.7,52,53,960.01,1,0,Wallet,0,Fire TV,South India,2,0
OTT06471,57,Male,Mobile,1,1,0,1,0,0,3,13.4,0.7,45,59,338.85,4,3,Net Banking,0,Fire TV,East India,4,0
OTT06472,26,Female,Premium,0,1,1,0,1,0,3,16.4,2.7,45,1,765.49,1,3,Credit Card,1,Mobile,North India,5,0
OTT06473,46,Female,Mobile,1,1,1,1,1,1,6,47.4,0.6,20,37,428.13,2,2,UPI,0,Tablet,South India,4,0
OTT06474,22,Male,Premium,1,0,1,1,0,0,3,47.9,1.4,15,34,1004.23,2,2,Credit Card,1,Mobile,North India,3,0
OTT06475,34,Female,Mobile,0,0,1,0,0,0,1,32.4,0.9,35,38,412.06,4,2,UPI,1,Laptop,Central India,1,0
OTT06476,46,Male,Mobile,0,0,1,0,0,0,1,79.2,2.5,45,31,392.06,5,0,Debit Card,1,Smart TV,South India,4,0
OTT06477,29,Female,Basic,1,1,1,0,0,1,4,60.4,0.5,49,58,597.9,1,2,Credit Card,0,Mobile,East India,2,0
OTT06478,28,Male,Standard,0,1,1,0,0,1,3,21.8,0.4,20,10,1069.02,3,2,Credit Card,1,Tablet,South India,1,1
OTT06479,34,Other,Premium,1,0,0,0,1,0,2,13.2,1.6,15,13,786.73,5,2,Credit Card,0,Mobile,South India,2,0
OTT06480,22,Male,Standard,0,0,0,1,0,1,2,38.9,0.6,16,16,462.9,3,3,Wallet,1,Laptop,South India,1,0
OTT06481,44,Female,Standard,0,1,1,0,1,1,4,28.1,1.9,21,42,698.46,1,0,Wallet,1,Mobile,West India,1,0
OTT06482,23,Female,Basic,1,0,1,0,1,0,3,35.0,1.7,23,12,487.75,3,1,Credit Card,0,Smart TV,South India,1,1
OTT06483,32,Male,Premium,0,1,1,1,1,1,5,36.8,1.4,56,17,1064.21,4,0,UPI,1,Tablet,North India,3,1
OTT06484,31,Male,Basic,0,1,1,1,1,0,4,15.3,1.4,24,15,866.81,5,1,UPI,1,Smart TV,East India,3,0
OTT06485,59,Female,Premium,1,1,1,1,1,1,6,12.5,1.9,2,16,638.43,2,0,Credit Card,1,Smart TV,South India,4,0
OTT06486,60,Female,Standard,1,1,1,0,1,1,5,35.4,1.3,0,43,702.14,5,2,UPI,1,Tablet,South India,1,0
OTT06487,21,Female,Basic,0,1,0,1,0,0,2,34.8,0.9,13,11,470.9,2,0,Credit Card,1,Fire TV,South India,1,0
OTT06488,24,Female,Basic,1,1,1,0,1,0,4,9.9,1.2,16,58,649.5,4,1,UPI,0,Laptop,Central India,4,0
OTT06489,49,Male,Standard,0,1,0,0,0,0,1,16.3,1.2,4,7,810.8,4,1,UPI,1,Tablet,North India,4,0
OTT06490,30,Female,Premium,1,1,1,1,1,1,6,12.6,1.5,41,39,897.68,1,1,Debit Card,1,Smart TV,West India,4,0
OTT06491,45,Male,Standard,0,1,0,0,1,0,2,26.0,4.8,57,2,529.37,4,0,Debit Card,1,Mobile,West India,1,0
OTT06492,57,Female,Premium,1,0,1,0,1,1,4,23.9,1.2,22,34,99.0,4,0,Wallet,1,Fire TV,North India,3,0
OTT06493,25,Female,Premium,1,1,1,1,0,1,5,6.6,3.3,18,2,843.92,5,1,Credit Card,0,Fire TV,West India,1,0
OTT06494,59,Female,Basic,0,1,0,0,1,0,2,26.2,2.7,38,30,473.6,2,0,UPI,1,Smart TV,East India,2,0
OTT06495,20,Male,Standard,1,1,0,1,1,1,5,29.7,0.7,31,14,885.12,1,2,Wallet,1,Smart TV,South India,4,0
OTT06496,27,Male,Standard,0,0,0,0,1,0,1,30.6,0.5,39,9,222.69,3,0,UPI,1,Smart TV,North India,4,0
OTT06497,39,Female,Basic,0,0,1,1,1,0,3,12.6,1.6,53,18,740.13,5,0,Credit Card,1,Laptop,Central India,2,0
OTT06498,55,Male,Standard,1,0,1,1,0,0,3,24.4,2.7,59,46,591.92,1,2,UPI,1,Mobile,West India,1,0
OTT06499,41,Female,Basic,1,1,0,1,0,0,3,52.8,1.3,15,18,524.21,2,0,Credit Card,0,Mobile,South India,5,0
OTT06500,23,Female,Standard,1,1,0,0,1,0,3,51.1,1.6,26,55,1056.32,3,3,Net Banking,1,Smart TV,South India,1,0
OTT06501,28,Male,Standard,0,1,1,1,1,1,5,16.5,1.5,5,52,445.53,5,1,Credit Card,1,Mobile,North India,5,0
OTT06502,50,Male,Premium,1,0,0,0,1,0,2,49.5,3.8,36,23,1030.34,5,1,Wallet,1,Tablet,South India,1,0
OTT06503,42,Female,Standard,1,0,1,0,1,0,3,18.7,2.5,18,28,1258.14,5,0,Credit Card,1,Smart TV,Central India,3,1
OTT06504,18,Female,Standard,1,1,1,1,0,1,5,44.1,1.0,43,7,296.58,4,1,Wallet,1,Smart TV,North India,5,0
OTT06505,39,Male,Basic,1,1,0,0,1,1,4,34.5,0.4,30,1,394.56,1,1,UPI,1,Smart TV,West India,2,0
OTT06506,35,Male,Standard,0,0,0,1,0,0,1,25.4,1.4,41,42,604.43,1,1,UPI,1,Smart TV,North India,5,0
OTT06507,18,Male,Basic,1,0,1,1,1,1,5,31.4,1.3,29,50,586.55,5,1,Credit Card,1,Tablet,North India,4,0
OTT06508,28,Female,Standard,0,0,1,0,0,0,1,4.6,6.3,32,45,959.24,5,1,Credit Card,1,Laptop,South India,2,0
OTT06509,58,Female,Premium,1,1,0,0,1,0,3,41.5,1.5,38,39,958.57,4,2,Credit Card,1,Mobile,North India,5,0
OTT06510,48,Female,Basic,1,1,0,1,0,0,3,11.2,1.5,48,9,512.43,4,1,UPI,1,Mobile,East India,1,1
OTT06511,21,Female,Basic,1,0,1,1,0,1,4,53.8,1.1,7,40,430.17,2,0,Credit Card,1,Smart TV,West India,5,0
OTT06512,18,Female,Basic,1,0,0,0,1,0,2,31.9,1.1,39,15,557.24,3,2,Credit Card,1,Smart TV,South India,3,0
OTT06513,32,Female,Standard,0,1,0,0,0,1,2,12.7,2.5,27,54,710.87,5,0,Credit Card,1,Smart TV,North India,3,0
OTT06514,37,Male,Basic,0,1,1,1,0,1,4,41.5,2.3,40,21,328.61,3,0,Wallet,1,Mobile,South India,4,0
OTT06515,37,Female,Basic,0,0,0,0,1,1,2,26.7,1.2,39,3,297.41,1,3,Wallet,1,Tablet,East India,2,1
OTT06516,47,Female,Basic,1,0,1,0,0,1,3,36.1,2.1,17,20,439.09,4,0,UPI,0,Laptop,South India,4,0
OTT06517,25,Female,Basic,1,1,1,0,0,1,4,23.7,1.5,27,26,522.02,2,0,Wallet,1,Smart TV,West India,5,0
OTT06518,20,Female,Basic,1,1,1,1,0,0,4,38.7,1.6,48,17,545.33,2,1,Credit Card,0,Mobile,North India,3,0
OTT06519,46,Male,Standard,1,0,1,0,0,0,2,16.9,0.7,38,8,99.0,2,3,UPI,0,Mobile,North India,1,0
OTT06520,56,Female,Standard,1,1,0,0,0,0,2,20.2,2.2,34,36,530.06,2,2,Wallet,1,Mobile,North India,3,0
OTT06521,25,Female,Standard,1,1,1,1,1,1,6,34.3,1.2,50,18,283.92,4,1,UPI,1,Tablet,East India,3,0
OTT06522,33,Female,Basic,1,0,0,1,1,0,3,54.2,3.1,51,52,668.61,4,0,Credit Card,1,Mobile,North India,2,0
OTT06523,44,Male,Premium,0,0,0,1,0,0,1,25.3,0.5,3,28,295.91,4,1,Wallet,1,Mobile,South India,4,0
OTT06524,25,Other,Standard,0,1,0,0,1,0,2,39.7,1.1,9,36,740.62,5,0,UPI,1,Smart TV,North India,1,0
OTT06525,54,Female,Premium,0,0,1,0,1,0,2,37.8,0.5,44,9,601.13,2,1,Debit Card,0,Smart TV,West India,1,1
OTT06526,27,Female,Standard,1,1,1,1,1,1,6,52.1,2.6,23,10,1047.71,5,3,UPI,0,Tablet,West India,1,0
OTT06527,40,Male,Basic,1,1,0,0,0,0,2,13.9,1.8,60,46,729.42,4,4,UPI,0,Tablet,South India,2,1
OTT06528,32,Female,Standard,0,0,1,0,0,0,1,30.9,0.5,42,9,594.74,3,0,Credit Card,1,Tablet,South India,1,0
OTT06529,46,Female,Mobile,1,0,0,1,1,0,3,29.2,1.6,13,48,634.2,1,4,Credit Card,1,Smart TV,South India,5,0
OTT06530,26,Female,Premium,0,1,0,0,0,0,1,30.9,1.2,55,59,663.95,5,2,UPI,1,Smart TV,Central India,1,0
OTT06531,22,Other,Standard,0,0,1,1,0,0,2,18.4,1.1,6,23,482.83,5,1,Debit Card,0,Laptop,North India,2,0
OTT06532,39,Male,Mobile,1,1,1,1,1,1,6,25.8,1.4,52,1,577.89,4,0,UPI,1,Laptop,South India,1,1
OTT06533,55,Female,Basic,1,0,1,1,1,0,4,43.9,4.4,46,40,506.77,2,1,UPI,1,Smart TV,Central India,2,0
OTT06534,45,Male,Standard,0,0,0,0,1,0,1,14.4,4.4,37,57,548.85,5,2,Credit Card,1,Smart TV,Central India,1,0
OTT06535,50,Male,Mobile,1,0,1,1,0,0,3,34.2,1.6,5,31,520.83,5,1,UPI,0,Smart TV,Central India,2,0
OTT06536,36,Male,Basic,0,0,1,1,0,0,2,22.5,1.3,45,28,545.27,2,1,UPI,1,Smart TV,East India,1,0
OTT06537,24,Male,Premium,1,0,0,1,0,0,2,29.9,0.4,30,46,636.28,3,0,Credit Card,1,Laptop,North India,3,0
OTT06538,36,Male,Basic,1,1,0,0,1,0,3,21.9,1.6,25,1,804.14,1,3,Net Banking,1,Tablet,North India,4,0
OTT06539,60,Male,Mobile,1,0,0,0,1,1,3,43.9,4.5,37,21,905.69,5,1,Debit Card,1,Tablet,North India,3,0
OTT06540,51,Male,Mobile,0,1,1,1,0,1,4,12.8,1.9,10,15,473.0,5,1,UPI,1,Smart TV,North India,5,0
OTT06541,48,Female,Standard,1,1,1,1,1,0,5,30.0,1.2,38,1,252.86,3,3,Credit Card,1,Laptop,North India,3,0
OTT06542,30,Male,Standard,0,0,1,1,0,0,2,46.0,0.7,29,37,867.59,4,3,Debit Card,1,Mobile,West India,5,0
OTT06543,43,Male,Standard,1,1,1,1,0,1,5,31.1,1.5,31,30,1253.06,5,3,Credit Card,1,Laptop,South India,4,0
OTT06544,44,Male,Premium,1,1,1,0,0,0,3,16.0,4.2,58,13,796.09,5,3,Credit Card,1,Laptop,North India,1,1
OTT06545,46,Male,Mobile,0,0,0,1,1,0,2,15.6,1.2,22,16,554.64,1,1,Net Banking,1,Laptop,East India,5,1
OTT06546,56,Male,Basic,1,1,1,1,0,1,5,29.7,3.0,22,56,710.62,4,3,Net Banking,0,Smart TV,East India,5,0
OTT06547,47,Female,Basic,0,0,0,1,0,0,1,8.3,1.3,51,33,691.66,2,2,UPI,1,Tablet,South India,2,1
OTT06548,27,Female,Basic,1,1,0,0,0,1,3,35.0,0.3,32,2,637.57,2,3,Credit Card,1,Tablet,South India,4,1
OTT06549,27,Male,Mobile,1,1,1,1,0,0,4,10.2,0.4,58,16,396.66,4,0,Credit Card,1,Mobile,South India,2,0
OTT06550,44,Female,Basic,0,1,1,0,0,0,2,13.0,2.2,57,21,924.9,3,0,Credit Card,1,Smart TV,South India,2,0
OTT06551,55,Male,Standard,1,1,1,1,1,0,5,59.4,1.5,12,50,426.23,1,2,UPI,1,Smart TV,North India,3,0
OTT06552,58,Female,Mobile,0,0,0,0,1,1,2,53.5,2.8,6,21,917.44,4,2,UPI,1,Tablet,West India,4,0
OTT06553,44,Female,Premium,1,0,1,1,1,0,4,20.4,1.4,11,30,799.52,5,4,Credit Card,1,Mobile,South India,5,1
OTT06554,40,Male,Premium,1,0,0,0,0,0,1,47.8,2.9,3,43,1045.05,4,0,Debit Card,1,Mobile,West India,1,0
OTT06555,53,Male,Standard,0,1,1,0,0,0,2,16.0,2.1,49,4,849.85,4,1,UPI,1,Mobile,West India,4,0
OTT06556,60,Female,Premium,0,1,0,1,1,0,3,35.2,0.5,37,60,99.0,1,0,Credit Card,1,Smart TV,East India,1,0
OTT06557,19,Male,Standard,1,1,1,1,1,0,5,49.7,1.2,7,9,253.91,1,1,Debit Card,0,Laptop,North India,2,0
OTT06558,31,Male,Basic,1,0,0,1,0,0,2,17.6,0.9,21,57,666.4,4,0,Credit Card,0,Laptop,Central India,1,0
OTT06559,32,Female,Standard,0,1,1,1,1,1,5,10.1,0.6,1,38,1117.65,5,1,Wallet,0,Smart TV,West India,4,0
OTT06560,42,Female,Mobile,1,1,0,0,0,0,2,27.9,1.3,40,26,537.18,3,1,Wallet,0,Tablet,West India,2,1
OTT06561,30,Male,Standard,1,1,0,0,0,1,3,17.1,2.9,51,57,263.16,1,0,Wallet,1,Smart TV,West India,1,0
OTT06562,31,Female,Premium,1,1,0,0,0,0,2,17.9,1.0,24,39,870.87,5,0,UPI,0,Fire TV,South India,4,0
OTT06563,19,Male,Standard,0,1,0,0,0,0,1,13.0,0.6,45,42,1105.71,2,1,Wallet,1,Smart TV,North India,3,1
OTT06564,18,Male,Basic,1,0,1,1,1,1,5,3.5,2.6,31,56,425.55,5,2,UPI,1,Smart TV,North India,3,0
OTT06565,37,Female,Standard,1,1,1,0,0,0,3,18.9,1.6,42,16,499.58,4,1,UPI,0,Laptop,East India,4,1
OTT06566,60,Female,Premium,1,0,1,1,0,1,4,20.1,0.3,58,46,1106.14,4,2,Debit Card,1,Fire TV,South India,3,0
OTT06567,30,Female,Mobile,0,1,1,0,0,1,3,16.0,2.0,24,14,290.66,1,0,Debit Card,1,Fire TV,North India,2,0
OTT06568,28,Female,Basic,1,0,0,0,1,1,3,12.7,2.0,28,10,349.44,2,0,UPI,1,Mobile,West India,3,1
OTT06569,29,Female,Mobile,1,1,0,0,1,0,3,41.9,1.4,23,27,345.3,1,0,Net Banking,1,Smart TV,South India,3,0
OTT06570,59,Female,Premium,1,1,1,0,1,1,5,31.3,0.5,41,56,695.42,4,1,Credit Card,1,Fire TV,East India,5,0
OTT06571,46,Female,Standard,1,1,1,0,0,1,4,10.6,0.9,25,40,568.79,5,1,Credit Card,1,Fire TV,West India,2,0
OTT06572,46,Male,Mobile,1,1,0,0,0,1,3,28.8,1.1,60,27,479.72,5,0,UPI,0,Mobile,South India,1,0
OTT06573,26,Female,Standard,1,1,1,1,0,0,4,14.9,1.4,38,11,893.66,2,0,UPI,1,Tablet,North India,5,0
OTT06574,56,Male,Standard,0,0,1,0,1,1,3,39.9,0.6,24,26,878.34,2,0,Wallet,0,Mobile,Central India,4,0
OTT06575,26,Female,Mobile,1,1,1,0,0,0,3,16.2,2.3,27,40,1053.64,4,1,UPI,1,Fire TV,West India,1,0
OTT06576,59,Male,Premium,0,0,1,1,1,0,3,44.1,4.6,0,5,664.83,5,0,Credit Card,0,Fire TV,West India,1,0
OTT06577,58,Male,Standard,0,1,0,0,1,1,3,42.5,0.7,30,26,864.96,5,1,Net Banking,0,Fire TV,Central India,5,0
OTT06578,42,Female,Mobile,1,0,1,1,0,1,4,33.2,0.9,42,52,328.24,1,0,Wallet,0,Tablet,South India,3,0
OTT06579,55,Female,Premium,1,1,1,1,1,1,6,15.9,0.8,13,3,850.38,1,1,Debit Card,1,Mobile,North India,3,0
OTT06580,60,Male,Mobile,1,1,1,1,1,1,6,21.9,6.8,39,55,864.05,2,0,Debit Card,0,Smart TV,West India,1,0
OTT06581,42,Male,Mobile,1,1,1,0,1,0,4,23.5,1.7,33,40,427.17,1,1,UPI,1,Smart TV,South India,1,0
OTT06582,50,Female,Basic,1,1,0,0,0,1,3,27.1,3.0,21,54,817.78,5,0,Wallet,1,Fire TV,South India,3,0
OTT06583,43,Other,Mobile,1,1,0,1,0,1,4,46.1,1.9,49,38,716.96,2,0,Credit Card,0,Smart TV,North India,1,1
OTT06584,40,Male,Standard,1,0,0,1,0,0,2,20.5,0.5,44,12,778.09,1,2,UPI,0,Mobile,South India,1,1
OTT06585,32,Male,Basic,1,1,0,1,0,0,3,39.5,0.7,11,48,914.42,2,2,UPI,1,Laptop,West India,3,0
OTT06586,46,Male,Basic,0,1,0,0,0,1,2,11.9,0.8,46,7,698.18,1,1,Debit Card,1,Laptop,Central India,4,0
OTT06587,29,Male,Premium,1,0,0,0,0,0,1,17.0,0.9,13,4,973.73,2,0,Credit Card,1,Mobile,East India,4,0
OTT06588,26,Male,Basic,1,1,1,1,1,1,6,15.1,2.4,14,14,337.08,2,1,Net Banking,0,Laptop,West India,3,1
OTT06589,29,Female,Basic,1,1,1,0,1,1,5,39.8,5.8,33,7,407.46,1,2,Wallet,1,Laptop,Central India,1,1
OTT06590,18,Female,Basic,0,1,0,1,0,1,3,50.8,1.2,11,16,604.11,3,1,Credit Card,1,Tablet,West India,1,0
OTT06591,58,Male,Premium,0,0,1,1,0,0,2,18.5,1.6,3,1,433.5,5,0,Net Banking,0,Smart TV,Central India,5,0
OTT06592,29,Male,Basic,1,1,1,0,0,1,4,15.6,1.4,41,21,721.87,3,1,UPI,1,Fire TV,North India,1,1
OTT06593,52,Male,Mobile,0,1,1,0,0,1,3,22.3,0.4,46,55,554.98,2,0,Credit Card,1,Mobile,North India,1,0
OTT06594,36,Female,Premium,0,1,0,1,1,1,4,14.4,3.5,26,31,565.85,3,0,UPI,1,Smart TV,South India,4,0
OTT06595,32,Male,Basic,1,1,1,1,1,1,6,18.8,2.2,19,45,557.73,5,0,UPI,1,Mobile,West India,5,0
OTT06596,27,Male,Premium,0,1,0,0,0,1,2,22.3,1.3,7,60,716.33,5,1,Credit Card,1,Smart TV,South India,1,0
OTT06597,53,Female,Standard,0,0,0,1,0,1,2,22.5,5.0,47,30,647.88,3,1,Wallet,1,Smart TV,Central India,3,0
OTT06598,40,Male,Premium,1,0,0,0,0,1,2,8.9,0.3,6,23,752.33,1,0,Credit Card,0,Mobile,North India,2,0
OTT06599,37,Female,Mobile,0,0,0,1,0,0,1,18.3,2.5,34,38,540.55,4,2,UPI,1,Mobile,South India,2,0
OTT06600,46,Female,Premium,1,0,1,0,1,0,3,57.6,1.4,0,14,132.69,5,1,Net Banking,1,Laptop,West India,5,0
OTT06601,52,Male,Basic,0,0,0,0,1,0,1,10.0,1.0,35,58,856.72,2,0,Credit Card,0,Mobile,South India,5,0
OTT06602,46,Male,Mobile,0,0,0,0,1,0,1,26.9,1.0,4,13,431.06,1,1,UPI,1,Laptop,West India,4,0
OTT06603,38,Female,Standard,0,0,0,1,1,0,2,25.5,1.2,7,56,728.14,5,2,Credit Card,1,Smart TV,South India,4,0
OTT06604,56,Male,Mobile,1,0,1,0,0,0,2,66.7,1.1,41,36,648.98,1,0,UPI,0,Laptop,West India,4,1
OTT06605,56,Male,Basic,1,0,1,0,1,1,4,26.3,2.0,19,19,1268.9,4,3,Credit Card,1,Tablet,East India,4,0
OTT06606,59,Female,Standard,0,0,0,0,1,0,1,55.0,1.7,57,42,99.0,1,1,UPI,1,Tablet,East India,5,0
OTT06607,21,Female,Mobile,1,0,1,1,1,1,5,25.9,3.3,38,43,465.37,2,0,Debit Card,0,Mobile,North India,4,0
OTT06608,56,Female,Basic,0,0,0,1,0,1,2,17.9,1.1,48,28,754.51,5,1,Debit Card,0,Tablet,North India,3,0
OTT06609,26,Male,Standard,0,1,0,0,0,0,1,26.7,4.1,8,31,200.37,1,2,Wallet,0,Smart TV,Central India,2,0
OTT06610,44,Male,Basic,0,0,1,0,0,0,1,11.6,3.8,29,49,637.07,3,1,UPI,0,Mobile,South India,1,0
OTT06611,46,Male,Standard,1,0,1,0,1,1,4,28.0,1.0,27,45,179.84,1,0,UPI,0,Tablet,South India,4,0
OTT06612,26,Male,Standard,0,0,0,1,1,0,2,18.9,0.8,42,1,646.58,3,4,UPI,0,Fire TV,South India,3,1
OTT06613,18,Female,Basic,1,0,0,0,1,1,3,18.0,2.5,1,44,659.63,1,0,Wallet,1,Smart TV,East India,1,0
OTT06614,58,Male,Basic,0,0,1,0,0,0,1,41.6,1.9,36,37,848.07,3,0,Net Banking,1,Smart TV,South India,1,0
OTT06615,56,Male,Basic,1,1,1,1,1,1,6,21.0,0.9,52,26,725.23,2,0,Debit Card,1,Mobile,North India,1,0
OTT06616,25,Male,Basic,0,1,1,0,0,0,2,7.0,1.9,14,37,377.75,3,2,Credit Card,1,Mobile,South India,5,0
OTT06617,43,Male,Mobile,1,0,1,1,0,0,3,32.0,0.9,16,18,664.86,5,0,Credit Card,0,Smart TV,Central India,3,0
OTT06618,24,Male,Standard,1,1,1,1,1,0,5,35.8,1.7,24,54,737.86,1,1,UPI,1,Mobile,North India,5,0
OTT06619,42,Female,Mobile,0,1,0,0,1,0,2,71.7,1.5,46,32,394.08,4,1,Debit Card,1,Mobile,North India,4,0
OTT06620,31,Male,Standard,1,0,0,0,0,1,2,27.9,1.0,29,13,921.16,5,0,Net Banking,1,Laptop,South India,3,0
OTT06621,50,Female,Mobile,0,1,0,1,1,1,4,20.0,4.2,50,30,806.15,5,0,UPI,1,Mobile,North India,5,1
OTT06622,42,Male,Mobile,1,0,0,1,0,0,2,32.3,4.4,16,23,192.62,3,1,UPI,1,Mobile,West India,5,0
OTT06623,39,Male,Basic,0,0,0,0,0,1,1,12.1,1.2,57,11,654.38,3,2,Credit Card,1,Tablet,South India,3,0
OTT06624,47,Female,Basic,0,0,0,1,1,1,3,18.0,3.6,57,30,359.6,3,1,Wallet,1,Mobile,South India,5,0
OTT06625,38,Female,Standard,0,1,0,0,0,0,1,34.1,0.9,18,17,99.0,5,1,Credit Card,1,Smart TV,West India,5,0
OTT06626,18,Male,Standard,1,1,1,1,1,0,5,21.9,0.3,16,32,487.71,3,1,Debit Card,1,Smart TV,North India,2,0
OTT06627,43,Male,Premium,0,1,0,1,1,1,4,8.2,1.3,46,7,542.55,3,1,Debit Card,0,Smart TV,West India,3,0
OTT06628,51,Female,Basic,1,0,0,1,0,1,3,20.9,1.2,42,17,1243.48,5,0,UPI,1,Mobile,North India,3,0
OTT06629,39,Female,Mobile,1,0,0,0,1,0,2,26.5,0.5,42,18,495.31,5,3,Debit Card,1,Mobile,West India,3,0
OTT06630,25,Male,Premium,1,1,1,0,1,0,4,21.4,0.9,20,31,658.67,4,1,Net Banking,0,Smart TV,North India,2,0
OTT06631,18,Male,Standard,1,1,1,0,1,0,4,8.9,3.7,39,2,732.66,5,1,UPI,0,Mobile,East India,5,0
OTT06632,30,Male,Mobile,0,0,1,0,0,0,1,4.6,1.6,29,10,545.04,4,0,Credit Card,0,Mobile,East India,5,0
OTT06633,51,Female,Mobile,1,1,1,1,0,1,5,37.5,3.8,55,34,722.86,2,0,Wallet,1,Mobile,West India,4,1
OTT06634,31,Female,Basic,1,0,1,0,1,0,3,35.4,2.0,43,23,445.81,5,0,UPI,1,Smart TV,North India,4,0
OTT06635,59,Male,Basic,1,0,1,1,1,0,4,16.8,2.4,39,3,338.07,5,0,UPI,1,Smart TV,North India,3,0
OTT06636,32,Male,Standard,1,1,0,0,0,0,2,16.4,2.0,46,57,481.99,5,2,Credit Card,1,Laptop,East India,3,0
OTT06637,36,Male,Basic,1,0,1,0,0,0,2,20.2,1.8,28,51,286.47,2,0,UPI,1,Fire TV,North India,1,0
OTT06638,50,Female,Premium,1,0,1,0,1,1,4,38.6,1.2,14,12,812.59,1,0,Credit Card,1,Mobile,West India,5,0
OTT06639,44,Female,Standard,1,1,0,0,1,1,4,26.7,2.2,33,13,623.24,4,0,Debit Card,1,Smart TV,West India,5,0
OTT06640,19,Female,Standard,1,1,1,0,0,0,3,48.6,2.3,33,9,505.17,5,1,Credit Card,0,Mobile,East India,4,0
OTT06641,21,Female,Mobile,0,1,0,0,0,0,1,26.3,2.7,26,50,804.57,1,4,Credit Card,0,Smart TV,West India,3,1
OTT06642,26,Male,Standard,1,1,0,0,1,1,4,14.9,3.1,38,2,474.4,5,0,Credit Card,0,Fire TV,West India,1,0
OTT06643,55,Female,Premium,1,1,0,0,0,0,2,17.2,4.0,28,60,99.0,2,2,Credit Card,1,Tablet,East India,2,0
OTT06644,18,Male,Mobile,0,1,0,0,0,1,2,32.7,1.9,2,44,490.34,5,1,Debit Card,0,Mobile,South India,3,0
OTT06645,21,Male,Standard,0,1,1,0,1,0,3,54.9,2.1,54,1,852.76,5,0,Debit Card,1,Smart TV,North India,2,1
OTT06646,51,Male,Basic,1,0,0,0,0,0,1,27.4,1.8,46,38,920.49,3,4,Debit Card,1,Smart TV,North India,2,0
OTT06647,44,Female,Basic,0,0,0,1,0,0,1,42.2,3.9,60,45,296.18,1,2,Credit Card,1,Smart TV,Central India,4,0
OTT06648,60,Male,Standard,0,1,0,0,0,0,1,30.7,1.9,38,13,474.61,1,0,UPI,0,Laptop,North India,2,0
OTT06649,27,Male,Standard,1,1,1,1,0,1,5,29.0,1.9,53,6,843.29,5,0,UPI,1,Tablet,South India,3,0
OTT06650,46,Female,Standard,1,0,0,0,1,0,2,58.3,2.1,39,25,221.56,4,2,Debit Card,1,Mobile,South India,4,0
OTT06651,23,Female,Basic,0,1,1,1,0,1,4,13.1,2.1,60,12,552.05,2,1,Wallet,0,Laptop,North India,4,0
OTT06652,43,Female,Premium,1,1,1,1,1,1,6,20.4,1.8,12,12,725.96,4,2,UPI,0,Laptop,East India,5,0
OTT06653,22,Male,Standard,1,1,1,0,1,0,4,18.4,1.0,16,41,1030.95,3,2,UPI,1,Mobile,West India,1,1
OTT06654,57,Female,Mobile,1,1,0,1,0,0,3,24.3,1.0,30,42,509.07,1,2,Credit Card,1,Fire TV,South India,3,0
OTT06655,35,Male,Premium,0,1,0,1,0,1,3,9.8,0.5,14,54,244.03,5,2,Wallet,0,Mobile,West India,4,0
OTT06656,28,Male,Mobile,1,0,1,1,0,0,3,23.7,1.3,34,9,418.68,5,0,Debit Card,1,Tablet,North India,4,0
OTT06657,60,Male,Mobile,1,0,1,0,1,0,3,16.5,0.5,23,4,1307.9,2,2,UPI,1,Smart TV,West India,1,0
OTT06658,20,Male,Premium,1,1,1,1,1,1,6,17.1,0.2,21,46,725.28,4,0,UPI,1,Smart TV,East India,1,0
OTT06659,52,Female,Mobile,0,1,0,1,1,1,4,44.3,2.9,21,41,979.29,5,1,UPI,1,Smart TV,South India,3,0
OTT06660,39,Female,Mobile,0,1,1,0,1,0,3,15.4,1.0,41,21,634.49,1,3,Debit Card,1,Smart TV,South India,1,0
OTT06661,47,Male,Mobile,1,0,0,1,0,0,2,67.0,0.1,8,28,415.11,2,0,Credit Card,0,Fire TV,North India,2,0
OTT06662,29,Female,Premium,1,1,0,1,1,1,5,26.8,3.1,2,29,338.38,2,1,Net Banking,0,Laptop,Central India,3,0
OTT06663,55,Female,Mobile,1,1,0,0,0,0,2,5.6,0.7,54,44,507.7,2,1,Credit Card,1,Laptop,East India,1,0
OTT06664,37,Female,Basic,0,1,1,1,1,1,5,42.3,1.3,30,49,839.73,4,1,Wallet,1,Mobile,North India,3,0
OTT06665,35,Male,Basic,0,0,1,0,0,1,2,4.5,2.9,49,47,271.23,5,1,Wallet,0,Fire TV,South India,5,0
OTT06666,37,Male,Basic,0,1,1,0,1,1,4,11.4,2.2,3,32,840.14,1,2,Net Banking,1,Mobile,South India,2,0
OTT06667,30,Female,Basic,1,0,1,1,1,0,4,30.1,0.4,14,25,313.2,1,2,Credit Card,1,Mobile,South India,4,0
OTT06668,31,Female,Premium,0,0,1,1,0,1,3,21.3,0.6,26,24,552.6,4,1,UPI,0,Smart TV,South India,4,0
OTT06669,24,Male,Standard,0,1,0,0,1,0,2,35.2,1.5,31,55,620.84,5,1,Wallet,1,Laptop,West India,5,0
OTT06670,38,Male,Premium,1,0,1,1,1,1,5,17.2,0.6,54,23,806.66,3,2,UPI,0,Laptop,South India,1,0
OTT06671,38,Male,Standard,0,1,1,1,0,0,3,17.1,1.9,8,32,555.05,2,0,Net Banking,1,Smart TV,North India,1,0
OTT06672,34,Male,Basic,0,1,0,0,0,1,2,18.9,1.7,27,32,784.05,4,3,Credit Card,1,Mobile,North India,5,0
OTT06673,60,Male,Basic,1,1,0,1,0,0,3,31.1,4.3,9,49,548.93,1,3,Credit Card,1,Laptop,East India,5,0
OTT06674,22,Male,Standard,1,1,0,0,0,1,3,35.8,1.6,59,10,745.37,5,1,UPI,1,Smart TV,Central India,5,0
OTT06675,57,Male,Basic,0,1,1,1,0,1,4,11.8,1.0,40,3,630.27,3,1,Debit Card,0,Tablet,Central India,2,1
OTT06676,55,Female,Standard,0,1,1,0,0,0,2,45.4,0.8,46,17,691.38,5,2,Debit Card,0,Mobile,East India,3,0
OTT06677,18,Female,Mobile,0,1,1,0,1,0,3,65.1,0.9,38,1,687.41,4,0,Net Banking,1,Laptop,North India,5,0
OTT06678,48,Male,Standard,1,1,1,1,0,1,5,23.9,3.2,57,34,608.27,4,0,Credit Card,1,Mobile,South India,3,0
OTT06679,26,Male,Basic,0,0,1,0,0,0,1,28.1,1.6,59,59,962.77,2,1,Wallet,1,Mobile,South India,2,0
OTT06680,19,Female,Basic,1,0,0,0,1,1,3,16.5,1.3,53,13,802.67,5,1,Debit Card,1,Smart TV,West India,4,0
OTT06681,55,Male,Premium,0,0,1,1,1,1,4,41.3,1.8,12,7,684.7,2,0,Credit Card,1,Mobile,Central India,3,0
OTT06682,22,Female,Basic,1,0,1,1,1,1,5,4.6,0.5,52,37,484.42,2,2,Debit Card,0,Fire TV,East India,5,0
OTT06683,30,Male,Mobile,1,1,0,1,0,0,3,52.9,1.9,15,58,1313.86,1,0,Credit Card,1,Smart TV,West India,1,0
OTT06684,22,Female,Basic,1,1,0,0,1,1,4,49.7,1.3,20,16,1067.84,5,0,Wallet,1,Tablet,North India,1,0
OTT06685,24,Male,Basic,0,0,0,1,1,0,2,11.2,1.2,0,5,357.86,1,1,Net Banking,1,Mobile,Central India,4,1
OTT06686,20,Female,Standard,0,0,1,0,0,1,2,15.1,3.9,50,39,806.8,3,0,UPI,1,Laptop,North India,2,0
OTT06687,54,Female,Premium,1,1,1,1,1,0,5,21.8,1.2,55,59,986.97,3,4,Credit Card,0,Laptop,East India,5,0
OTT06688,20,Female,Premium,1,1,1,0,1,1,5,38.7,1.4,20,8,776.88,5,1,UPI,1,Laptop,North India,4,0
OTT06689,50,Female,Standard,0,0,1,1,0,1,3,9.1,0.9,47,34,636.53,2,0,UPI,0,Laptop,West India,1,1
OTT06690,24,Male,Standard,0,0,1,1,0,1,3,17.7,2.4,51,31,466.72,4,3,Debit Card,0,Mobile,South India,2,0
OTT06691,57,Male,Basic,0,1,1,0,1,0,3,33.1,6.5,35,16,771.21,1,1,Credit Card,1,Tablet,South India,1,0
OTT06692,54,Female,Premium,0,0,0,0,1,0,1,10.6,0.6,28,46,385.28,4,1,UPI,1,Smart TV,South India,5,0
OTT06693,45,Female,Standard,1,1,1,1,0,1,5,22.8,1.4,39,19,532.94,3,1,Debit Card,0,Tablet,North India,5,0
OTT06694,53,Female,Mobile,1,0,0,1,1,1,4,25.3,0.8,0,19,492.83,4,2,Wallet,1,Smart TV,East India,5,0
OTT06695,30,Male,Premium,0,0,0,1,1,1,3,12.9,3.0,27,24,782.66,3,1,UPI,1,Fire TV,South India,2,0
OTT06696,51,Female,Standard,0,0,1,1,0,0,2,24.6,3.0,55,46,1020.76,5,1,UPI,1,Smart TV,North India,5,0
OTT06697,27,Male,Mobile,0,0,0,1,1,0,2,25.9,1.0,20,3,504.56,5,1,UPI,1,Laptop,West India,2,0
OTT06698,44,Male,Standard,0,0,1,0,0,1,2,16.4,1.8,42,20,531.8,5,0,UPI,1,Fire TV,North India,5,0
OTT06699,57,Female,Basic,1,1,1,1,0,0,4,8.4,1.5,2,46,1001.15,2,1,Debit Card,1,Mobile,West India,3,0
OTT06700,49,Male,Basic,0,0,1,1,0,1,3,7.8,1.1,41,47,489.61,1,1,UPI,1,Tablet,East India,5,0
OTT06701,29,Male,Basic,0,0,0,1,1,0,2,31.8,2.6,19,46,99.0,5,2,UPI,1,Tablet,Central India,4,0
OTT06702,49,Female,Standard,1,1,0,0,0,1,3,31.8,1.0,53,53,1158.72,3,1,Wallet,1,Smart TV,Central India,3,0
OTT06703,55,Female,Basic,1,1,1,1,1,1,6,19.5,2.0,44,12,921.12,4,5,Wallet,1,Smart TV,North India,1,1
OTT06704,56,Female,Mobile,1,1,0,0,0,0,2,21.6,0.7,58,3,864.56,3,2,UPI,1,Tablet,West India,3,1
OTT06705,49,Male,Basic,0,1,0,1,0,1,3,17.9,5.5,5,9,744.2,2,3,Wallet,1,Laptop,North India,3,0
OTT06706,49,Male,Basic,0,1,0,1,0,1,3,46.4,1.5,46,16,617.02,2,1,UPI,1,Smart TV,South India,1,0
OTT06707,51,Female,Standard,1,1,0,0,0,0,2,18.1,1.0,17,23,116.41,4,1,Credit Card,0,Smart TV,South India,2,0
OTT06708,49,Female,Basic,0,0,1,1,0,1,3,59.4,1.1,34,59,578.51,2,2,Credit Card,0,Smart TV,North India,4,0
OTT06709,23,Male,Mobile,1,0,1,1,0,0,3,14.4,1.4,14,56,572.05,4,2,UPI,0,Tablet,North India,3,0
OTT06710,52,Female,Basic,0,0,1,1,0,0,2,41.5,1.4,10,6,602.07,5,2,UPI,0,Smart TV,South India,5,0
OTT06711,25,Female,Basic,0,1,0,0,0,1,2,10.6,0.5,50,10,800.16,1,5,UPI,0,Laptop,North India,1,0
OTT06712,41,Female,Standard,0,1,1,1,1,1,5,29.1,3.0,43,8,1061.08,5,2,UPI,0,Smart TV,Central India,2,0
OTT06713,32,Female,Premium,0,0,0,1,0,1,2,9.7,1.0,31,53,617.35,1,1,Debit Card,0,Laptop,South India,5,0
OTT06714,27,Male,Basic,0,1,1,1,0,0,3,16.5,4.7,30,1,580.9,2,0,Wallet,0,Smart TV,Central India,2,0
OTT06715,30,Female,Mobile,0,0,0,1,1,1,3,41.0,1.9,31,26,1059.85,1,1,Net Banking,1,Mobile,Central India,5,0
OTT06716,21,Male,Mobile,0,1,1,1,1,0,4,10.0,1.0,32,16,416.21,2,1,Credit Card,1,Tablet,North India,2,1
OTT06717,36,Male,Standard,1,0,1,1,1,0,4,51.3,2.3,47,52,629.67,4,1,Credit Card,1,Smart TV,North India,1,0
OTT06718,36,Male,Basic,1,1,1,1,0,1,5,37.2,1.5,39,36,646.41,2,1,Net Banking,1,Smart TV,South India,1,0
OTT06719,35,Male,Standard,1,0,0,0,1,1,3,37.0,4.8,53,39,416.42,5,2,Debit Card,0,Smart TV,East India,5,0
OTT06720,21,Female,Standard,1,1,0,1,0,0,3,37.0,1.9,46,16,543.08,2,1,Credit Card,0,Smart TV,West India,3,1
OTT06721,44,Female,Mobile,0,1,1,0,1,0,3,53.3,3.0,14,46,546.58,3,1,UPI,0,Laptop,South India,1,0
OTT06722,25,Male,Basic,0,1,0,1,1,0,3,29.1,2.3,15,59,855.69,5,1,UPI,1,Mobile,North India,5,0
OTT06723,54,Male,Premium,0,0,1,1,0,1,3,16.4,0.7,30,49,557.31,5,0,UPI,0,Laptop,West India,1,0
OTT06724,19,Female,Basic,0,0,0,1,0,1,2,33.2,4.6,19,28,565.09,2,1,Net Banking,1,Mobile,South India,5,0
OTT06725,20,Male,Standard,1,1,0,1,0,0,3,22.9,0.5,40,1,771.06,5,2,Debit Card,1,Smart TV,West India,3,0
OTT06726,30,Male,Standard,1,1,0,0,1,0,3,47.9,1.4,14,37,502.29,3,5,Credit Card,1,Fire TV,North India,1,0
OTT06727,35,Female,Basic,0,0,0,1,0,0,1,23.8,1.9,27,36,384.2,3,1,Debit Card,0,Mobile,South India,3,0
OTT06728,59,Female,Standard,1,0,0,0,0,1,2,38.4,0.2,46,14,1381.6,5,1,UPI,0,Mobile,South India,3,0
OTT06729,40,Female,Mobile,0,1,1,1,0,1,4,13.0,0.9,32,3,623.75,5,2,Net Banking,1,Smart TV,South India,3,0
OTT06730,34,Male,Basic,1,1,0,0,0,1,3,22.5,1.8,28,38,702.35,4,1,Credit Card,1,Smart TV,North India,5,0
OTT06731,54,Female,Standard,0,1,0,1,1,1,4,23.0,1.8,59,48,563.88,1,0,Debit Card,1,Mobile,North India,3,1
OTT06732,28,Female,Premium,1,0,1,0,0,1,3,48.0,5.1,36,17,218.09,5,2,Debit Card,0,Smart TV,West India,1,0
OTT06733,56,Female,Mobile,1,1,1,1,1,0,5,36.7,3.3,46,36,494.32,3,0,Credit Card,1,Laptop,West India,4,0
OTT06734,35,Male,Standard,0,1,1,0,1,1,4,13.1,1.1,32,57,326.83,1,2,Credit Card,1,Mobile,West India,1,0
OTT06735,31,Female,Mobile,0,0,1,0,0,0,1,24.3,0.2,39,37,791.62,3,3,UPI,1,Tablet,South India,5,0
OTT06736,30,Female,Standard,1,1,1,1,1,1,6,19.4,0.4,51,50,755.7,5,1,Credit Card,1,Smart TV,West India,4,0
OTT06737,18,Male,Basic,0,0,1,0,0,0,1,37.2,1.5,12,46,801.63,2,1,Net Banking,1,Mobile,West India,1,0
OTT06738,46,Male,Basic,1,1,0,1,0,0,3,39.4,2.5,35,1,363.62,5,3,UPI,0,Laptop,South India,4,0
OTT06739,42,Male,Premium,0,1,1,1,1,0,4,45.4,0.9,20,40,99.0,2,2,UPI,1,Smart TV,Central India,4,0
OTT06740,45,Female,Standard,1,0,0,0,0,1,2,39.1,5.0,59,25,99.0,3,1,Wallet,0,Smart TV,North India,4,0
OTT06741,46,Male,Basic,1,1,0,0,1,0,3,14.6,1.6,28,9,750.96,1,2,Debit Card,1,Smart TV,South India,4,0
OTT06742,19,Female,Premium,1,0,1,1,0,0,3,23.0,1.3,36,25,528.1,5,1,UPI,1,Mobile,East India,4,0
OTT06743,55,Male,Basic,1,0,0,0,0,0,1,41.3,5.5,2,12,281.04,3,1,UPI,1,Smart TV,East India,2,0
OTT06744,39,Female,Standard,0,0,1,0,0,0,1,49.7,4.8,30,33,792.67,5,0,Credit Card,1,Fire TV,Central India,3,0
OTT06745,47,Male,Standard,0,1,0,0,0,0,1,10.2,3.1,25,23,882.3,3,2,UPI,0,Mobile,East India,3,0
OTT06746,19,Female,Premium,0,0,1,0,0,0,1,32.7,1.2,3,49,622.02,5,4,UPI,1,Mobile,South India,2,0
OTT06747,50,Female,Basic,0,1,0,1,1,0,3,23.5,5.1,0,50,475.37,1,1,Wallet,1,Laptop,South India,2,0
OTT06748,47,Female,Standard,1,0,0,1,0,1,3,28.0,3.4,25,53,575.96,4,1,Debit Card,1,Fire TV,South India,2,0
OTT06749,33,Female,Standard,1,0,0,1,1,0,3,36.7,1.5,51,41,966.22,2,1,Credit Card,1,Mobile,West India,2,0
OTT06750,58,Female,Basic,0,0,1,1,1,1,4,24.8,4.3,20,35,934.46,5,1,UPI,0,Fire TV,West India,2,0
OTT06751,45,Female,Premium,0,0,0,0,1,0,1,26.6,1.1,51,39,574.86,2,2,UPI,0,Smart TV,South India,4,0
OTT06752,57,Female,Basic,0,0,1,0,0,1,2,12.4,0.5,35,42,676.52,1,0,UPI,1,Laptop,East India,2,0
OTT06753,53,Female,Basic,1,0,1,1,1,0,4,23.0,1.2,36,31,1911.89,5,1,UPI,1,Laptop,East India,1,0
OTT06754,26,Male,Standard,0,1,1,1,1,1,5,22.2,0.5,21,18,1230.47,3,1,UPI,1,Mobile,North India,2,0
OTT06755,60,Female,Basic,1,0,1,1,0,0,3,21.5,1.6,46,50,651.45,2,3,UPI,1,Mobile,South India,3,1
OTT06756,49,Female,Premium,1,0,0,0,0,0,1,21.2,1.5,18,6,1039.25,5,2,UPI,1,Smart TV,East India,2,0
OTT06757,26,Female,Basic,1,1,0,1,1,0,4,56.9,1.0,41,14,746.49,5,0,UPI,0,Fire TV,East India,5,0
OTT06758,52,Male,Basic,1,1,1,1,0,1,5,36.4,3.3,60,1,1054.15,5,2,UPI,0,Smart TV,Central India,2,0
OTT06759,36,Male,Standard,1,1,0,1,0,0,3,11.2,1.9,35,20,439.23,5,3,Net Banking,1,Tablet,South India,5,0
OTT06760,55,Female,Premium,0,1,0,0,0,1,2,6.9,1.1,19,2,846.71,5,1,UPI,1,Tablet,South India,4,0
OTT06761,25,Male,Standard,0,0,0,0,0,1,1,22.4,1.3,27,16,925.89,5,0,UPI,1,Tablet,South India,3,0
OTT06762,29,Female,Mobile,0,1,1,1,0,0,3,43.6,2.6,51,44,634.25,1,1,UPI,0,Smart TV,West India,2,0
OTT06763,32,Male,Basic,0,1,1,1,1,1,5,13.3,3.2,31,20,521.0,3,2,UPI,0,Smart TV,East India,5,1
OTT06764,37,Male,Standard,1,1,1,1,0,0,4,39.8,1.8,49,13,703.94,5,0,Net Banking,1,Mobile,North India,5,0
OTT06765,45,Female,Premium,0,0,1,0,0,1,2,14.9,0.8,54,20,261.13,3,0,Debit Card,1,Smart TV,South India,4,0
OTT06766,27,Male,Standard,1,0,0,1,1,1,4,19.4,1.4,19,43,530.57,4,1,Net Banking,1,Mobile,West India,5,0
OTT06767,48,Male,Standard,1,1,1,1,0,0,4,21.8,2.4,8,3,486.74,4,2,UPI,1,Smart TV,West India,2,0
OTT06768,19,Male,Basic,1,0,1,0,0,1,3,24.8,3.7,23,6,880.17,5,0,Debit Card,1,Fire TV,East India,5,0
OTT06769,32,Other,Basic,1,1,0,1,0,1,4,9.5,1.2,10,53,785.13,1,0,UPI,1,Fire TV,South India,4,0
OTT06770,46,Female,Basic,0,1,0,1,0,1,3,11.0,0.7,45,49,821.75,4,1,Credit Card,1,Mobile,East India,3,1
OTT06771,29,Other,Mobile,1,0,0,0,1,0,2,19.1,2.8,35,56,970.71,2,1,Debit Card,1,Fire TV,West India,5,1
OTT06772,36,Male,Mobile,0,1,0,0,1,1,3,8.0,3.6,23,38,328.25,1,0,UPI,1,Smart TV,North India,3,0
OTT06773,44,Male,Standard,1,1,1,0,0,0,3,18.1,1.7,49,58,1094.08,4,2,Credit Card,0,Laptop,Central India,3,0
OTT06774,28,Male,Standard,1,1,1,1,1,1,6,28.1,0.9,2,23,897.42,5,1,UPI,1,Smart TV,North India,2,0
OTT06775,59,Male,Basic,0,1,1,0,0,1,3,12.7,1.2,5,17,256.54,2,2,Credit Card,0,Smart TV,North India,3,0
OTT06776,54,Male,Premium,1,1,1,0,0,0,3,17.7,1.8,30,50,859.11,3,2,UPI,1,Smart TV,South India,3,0
OTT06777,59,Male,Basic,0,1,0,1,1,0,3,26.0,1.0,13,59,800.34,3,1,Debit Card,1,Smart TV,West India,5,0
OTT06778,39,Male,Standard,0,1,0,1,1,0,3,10.2,0.6,32,42,756.67,2,1,UPI,1,Laptop,South India,2,1
OTT06779,32,Female,Standard,0,0,1,1,0,0,2,28.3,1.0,8,60,381.15,3,0,UPI,1,Fire TV,North India,4,1
OTT06780,60,Male,Premium,1,0,0,1,1,1,4,23.1,1.2,20,51,638.46,1,3,UPI,0,Mobile,South India,3,1
OTT06781,49,Female,Premium,0,1,1,1,0,0,3,14.4,1.2,36,14,827.9,5,2,Wallet,1,Mobile,Central India,1,1
OTT06782,52,Male,Standard,0,0,0,1,1,1,3,46.1,0.2,3,43,653.75,1,1,UPI,1,Smart TV,South India,4,0
OTT06783,25,Female,Basic,0,1,1,0,0,1,3,12.2,8.2,22,19,273.07,4,4,Debit Card,1,Smart TV,South India,3,0
OTT06784,55,Female,Standard,0,0,0,0,1,0,1,29.4,1.1,26,3,542.13,1,1,Credit Card,1,Smart TV,South India,5,0
OTT06785,40,Female,Premium,1,0,0,1,1,1,4,29.9,0.7,50,22,742.78,1,0,UPI,1,Smart TV,West India,2,1
OTT06786,51,Female,Basic,0,1,1,1,0,0,3,12.3,1.3,58,35,592.35,1,3,Debit Card,1,Fire TV,West India,5,1
OTT06787,53,Male,Standard,0,0,1,1,1,0,3,14.9,3.4,7,7,1170.37,4,2,Net Banking,0,Tablet,South India,1,0
OTT06788,22,Male,Mobile,0,0,1,1,1,1,4,32.3,3.3,56,33,854.49,3,1,Wallet,1,Laptop,East India,5,0
OTT06789,22,Female,Standard,1,0,0,1,1,1,4,38.2,3.0,59,24,843.61,1,1,UPI,1,Mobile,West India,5,1
OTT06790,20,Female,Mobile,1,1,1,1,1,0,5,28.5,4.4,50,50,695.12,1,2,UPI,1,Fire TV,East India,5,0
OTT06791,45,Female,Standard,0,1,1,0,1,0,3,32.3,0.8,40,59,522.18,5,3,Wallet,1,Mobile,East India,1,0
OTT06792,57,Female,Basic,0,1,0,1,0,0,2,18.1,0.6,22,11,1120.66,2,4,UPI,1,Mobile,Central India,4,0
OTT06793,19,Female,Basic,1,0,0,1,1,1,4,42.7,2.4,6,49,542.35,3,0,Credit Card,1,Mobile,South India,5,0
OTT06794,23,Other,Basic,1,0,1,1,0,0,3,8.3,1.2,11,14,666.75,4,1,Net Banking,0,Fire TV,East India,4,0
OTT06795,38,Male,Standard,0,1,1,0,0,1,3,27.1,2.9,59,27,623.53,4,0,Credit Card,1,Smart TV,North India,2,0
OTT06796,34,Male,Premium,1,0,1,0,0,1,3,41.9,3.2,59,6,260.18,1,2,Net Banking,1,Laptop,North India,4,1
OTT06797,22,Female,Mobile,1,0,1,0,1,1,4,39.2,1.9,43,31,771.53,5,2,UPI,1,Laptop,West India,4,0
OTT06798,44,Female,Mobile,1,0,0,0,1,0,2,3.6,1.5,52,28,920.67,2,1,UPI,0,Mobile,West India,3,1
OTT06799,56,Male,Standard,0,0,0,1,1,1,3,37.0,4.0,30,27,487.3,5,1,UPI,1,Laptop,West India,3,0
OTT06800,27,Male,Standard,0,0,0,1,1,0,2,17.9,1.8,11,1,565.11,2,0,Credit Card,1,Mobile,West India,1,0
OTT06801,18,Female,Basic,1,1,0,0,1,0,3,17.6,1.1,45,28,418.11,4,1,UPI,0,Smart TV,Central India,3,1
OTT06802,27,Female,Standard,0,1,1,0,1,1,4,27.7,1.5,25,38,1150.5,4,1,Debit Card,1,Laptop,North India,2,0
OTT06803,25,Female,Premium,1,0,1,0,1,0,3,12.0,1.7,31,4,769.25,3,0,Wallet,1,Smart TV,East India,4,0
OTT06804,38,Male,Basic,0,0,1,1,0,1,3,30.0,0.3,36,10,1016.89,5,3,Debit Card,1,Laptop,Central India,1,0
OTT06805,22,Male,Standard,1,0,1,1,1,1,5,40.7,4.7,48,19,532.79,1,0,UPI,1,Smart TV,West India,2,1
OTT06806,33,Female,Mobile,0,1,1,1,1,0,4,49.7,0.9,37,10,804.25,5,0,Credit Card,1,Mobile,West India,4,0
OTT06807,23,Male,Premium,0,0,0,1,1,1,3,61.8,0.4,49,48,210.56,5,4,Wallet,1,Smart TV,South India,1,0
OTT06808,47,Female,Standard,1,1,1,1,1,1,6,28.2,1.8,39,6,480.74,1,1,Credit Card,0,Smart TV,North India,2,0
OTT06809,38,Female,Standard,1,0,1,0,0,1,3,16.4,2.0,13,19,1217.85,3,1,UPI,1,Smart TV,South India,4,0
OTT06810,21,Male,Premium,1,0,1,0,1,1,4,13.6,0.9,57,28,763.69,3,0,UPI,1,Fire TV,East India,4,0
OTT06811,19,Female,Basic,0,0,1,1,0,0,2,68.0,1.2,14,1,557.4,3,0,UPI,1,Smart TV,North India,3,0
OTT06812,39,Male,Standard,1,0,0,0,0,1,2,19.9,1.8,9,13,134.3,4,1,UPI,1,Mobile,South India,2,0
OTT06813,43,Female,Standard,0,1,0,0,1,0,2,4.7,1.7,48,3,700.56,4,2,Credit Card,1,Smart TV,South India,2,0
OTT06814,25,Female,Premium,0,0,0,0,0,1,1,14.5,2.8,54,3,532.0,2,2,Debit Card,1,Tablet,South India,1,1
OTT06815,31,Female,Standard,0,0,1,0,1,1,3,17.1,1.8,15,33,887.25,4,1,Credit Card,1,Mobile,West India,1,0
OTT06816,44,Female,Basic,1,0,0,0,0,1,2,37.3,0.4,16,14,243.01,1,3,UPI,0,Smart TV,West India,2,1
OTT06817,38,Male,Mobile,0,1,1,1,0,0,3,51.4,1.4,10,24,899.12,3,0,UPI,1,Fire TV,West India,5,0
OTT06818,22,Female,Basic,0,0,0,1,1,0,2,39.5,2.3,33,44,522.97,3,1,Wallet,0,Mobile,Central India,3,0
OTT06819,34,Male,Premium,0,1,1,0,0,0,2,33.1,1.0,29,58,359.64,4,1,Credit Card,1,Smart TV,West India,3,0
OTT06820,26,Other,Basic,1,1,1,1,1,1,6,52.2,1.4,33,1,701.67,5,4,Credit Card,0,Tablet,Central India,3,1
OTT06821,57,Male,Standard,1,0,1,1,1,0,4,38.8,2.6,16,43,1158.79,1,0,Wallet,0,Laptop,Central India,5,0
OTT06822,52,Female,Mobile,1,1,0,1,1,1,5,45.9,1.8,42,16,852.22,1,2,Debit Card,1,Smart TV,East India,5,0
OTT06823,31,Male,Standard,0,1,0,1,0,1,3,17.0,2.3,20,11,736.61,1,1,Debit Card,1,Smart TV,South India,5,1
OTT06824,28,Male,Basic,0,0,1,0,0,0,1,11.3,1.9,21,14,499.43,2,3,UPI,1,Fire TV,Central India,1,0
OTT06825,23,Male,Standard,0,0,0,1,1,1,3,13.4,1.3,26,5,1046.77,3,1,UPI,1,Laptop,West India,5,0
OTT06826,49,Male,Basic,0,0,1,0,1,1,3,22.1,5.6,7,16,747.32,2,1,UPI,1,Mobile,West India,5,0
OTT06827,57,Male,Mobile,0,1,0,0,0,0,1,62.7,0.8,23,59,99.0,2,0,UPI,1,Mobile,North India,2,0
OTT06828,29,Male,Mobile,1,1,1,1,0,1,5,17.7,0.4,51,14,863.17,3,1,Debit Card,1,Smart TV,South India,1,0
OTT06829,45,Female,Premium,1,1,0,1,0,0,3,13.6,1.6,16,18,716.99,3,1,UPI,1,Tablet,South India,5,0
OTT06830,28,Male,Standard,0,0,1,1,1,1,4,79.8,1.4,11,22,615.55,2,0,Credit Card,0,Mobile,North India,1,0
OTT06831,57,Male,Standard,1,0,0,0,1,1,3,29.0,1.6,45,39,996.98,3,1,UPI,0,Laptop,South India,4,0
OTT06832,30,Female,Premium,0,1,1,0,1,0,3,18.9,3.0,14,47,442.41,4,2,Wallet,1,Smart TV,East India,1,0
OTT06833,22,Female,Standard,0,0,1,1,0,0,2,10.3,0.9,44,31,501.25,2,1,Credit Card,1,Fire TV,North India,2,0
OTT06834,55,Male,Standard,1,1,1,1,1,1,6,9.6,0.2,4,39,598.94,3,2,Credit Card,1,Mobile,North India,3,0
OTT06835,58,Male,Standard,1,0,0,0,1,1,3,41.5,7.3,11,23,763.92,1,3,Wallet,0,Laptop,East India,5,0
OTT06836,35,Male,Mobile,0,0,0,1,0,1,2,6.2,1.4,31,20,477.48,5,1,UPI,0,Smart TV,North India,4,0
OTT06837,57,Female,Basic,0,0,0,0,0,1,1,23.7,2.3,54,19,369.43,5,1,UPI,1,Laptop,North India,4,0
OTT06838,28,Female,Premium,1,0,0,0,1,1,3,50.6,1.4,36,43,591.01,4,0,UPI,0,Smart TV,North India,1,0
OTT06839,29,Female,Basic,1,1,1,1,1,1,6,17.5,1.2,9,6,506.58,1,1,Debit Card,0,Fire TV,South India,2,0
OTT06840,41,Female,Basic,1,1,1,0,1,1,5,29.0,1.5,31,21,1109.1,3,3,Credit Card,1,Mobile,West India,2,0
OTT06841,43,Female,Premium,1,0,0,1,1,1,4,15.5,2.3,3,29,99.0,1,3,UPI,0,Smart TV,East India,4,0
OTT06842,34,Other,Mobile,1,1,1,1,1,1,6,64.0,2.9,5,29,893.61,3,2,UPI,1,Laptop,South India,5,0
OTT06843,52,Female,Standard,1,1,1,0,1,0,4,31.0,4.0,11,43,99.0,4,1,UPI,1,Tablet,South India,3,0
OTT06844,51,Female,Standard,0,1,0,1,0,0,2,49.8,2.5,51,37,622.9,3,2,Debit Card,1,Mobile,Central India,5,0
OTT06845,23,Female,Basic,0,0,0,1,1,1,3,25.2,1.4,55,4,341.77,2,3,Wallet,0,Tablet,North India,4,1
OTT06846,60,Female,Mobile,0,0,0,1,0,0,1,28.7,5.5,3,34,210.18,4,0,Debit Card,1,Fire TV,South India,1,0
OTT06847,24,Male,Basic,1,1,0,0,0,0,2,33.3,2.3,21,38,1014.51,3,1,UPI,1,Mobile,Central India,1,0
OTT06848,40,Male,Standard,1,0,1,0,1,0,3,21.9,2.6,59,23,848.06,5,0,Credit Card,1,Mobile,South India,1,0
OTT06849,36,Male,Premium,0,0,1,1,0,0,2,38.8,4.0,28,1,661.35,1,1,UPI,1,Smart TV,West India,1,1
OTT06850,37,Male,Standard,1,1,1,1,1,1,6,24.0,1.6,22,16,680.47,5,1,Net Banking,0,Mobile,North India,5,0
OTT06851,23,Female,Mobile,1,1,1,1,1,1,6,35.4,3.8,29,1,429.88,1,3,UPI,1,Smart TV,Central India,2,1
OTT06852,32,Female,Basic,0,0,1,0,1,1,3,51.0,0.4,34,40,514.86,4,2,Credit Card,1,Laptop,South India,1,0
OTT06853,19,Male,Standard,1,1,0,0,1,1,4,27.2,1.5,12,25,450.8,3,0,UPI,1,Mobile,West India,5,0
OTT06854,59,Male,Standard,0,1,1,0,0,1,3,17.0,4.3,42,24,496.77,2,0,UPI,1,Mobile,Central India,1,0
OTT06855,24,Male,Mobile,0,1,0,0,1,0,2,48.8,3.3,19,40,584.47,3,1,Wallet,0,Tablet,North India,4,0
OTT06856,38,Female,Mobile,0,0,0,0,1,1,2,33.3,2.1,32,35,1016.46,5,3,UPI,1,Mobile,North India,4,1
OTT06857,27,Female,Mobile,1,0,0,1,0,0,2,19.6,0.6,41,48,809.96,2,3,Credit Card,1,Mobile,South India,1,0
OTT06858,25,Male,Basic,0,1,0,0,0,1,2,15.3,0.3,51,25,730.92,5,0,UPI,0,Smart TV,North India,4,1
OTT06859,34,Male,Standard,1,0,1,0,0,0,2,2.2,1.5,41,42,365.93,4,1,UPI,1,Fire TV,South India,1,0
OTT06860,59,Female,Premium,0,0,1,0,0,0,1,25.4,1.4,47,48,769.08,2,1,UPI,0,Smart TV,Central India,5,0
OTT06861,38,Female,Mobile,0,0,0,1,1,0,2,24.4,2.9,1,17,99.0,5,3,UPI,0,Fire TV,North India,4,0
OTT06862,59,Female,Standard,1,1,0,1,1,1,5,14.2,1.8,35,57,449.84,4,2,Credit Card,1,Tablet,West India,3,0
OTT06863,53,Male,Basic,0,1,0,0,0,0,1,14.4,3.2,17,42,298.37,5,1,UPI,1,Smart TV,North India,1,0
OTT06864,36,Male,Basic,1,0,0,1,0,0,2,15.2,2.0,0,57,539.62,4,1,UPI,0,Smart TV,North India,4,0
OTT06865,56,Female,Mobile,0,1,0,0,1,1,3,23.6,0.8,42,7,563.29,4,0,Debit Card,1,Smart TV,South India,1,0
OTT06866,32,Male,Basic,0,0,1,0,1,0,2,42.0,2.2,38,3,522.14,4,1,UPI,1,Mobile,West India,1,0
OTT06867,39,Female,Basic,1,0,1,1,0,0,3,21.8,1.7,54,26,638.5,5,0,UPI,0,Smart TV,East India,5,0
OTT06868,47,Female,Standard,0,0,0,1,0,0,1,18.9,1.6,48,29,685.56,4,1,UPI,0,Mobile,West India,2,0
OTT06869,43,Male,Standard,1,1,1,0,0,1,4,11.8,1.8,25,60,1018.55,5,0,Credit Card,1,Laptop,South India,3,0
OTT06870,53,Female,Standard,0,1,1,1,0,0,3,6.1,2.1,49,22,416.78,2,0,Credit Card,1,Tablet,North India,3,1
OTT06871,25,Female,Standard,1,1,1,1,0,0,4,12.0,1.6,21,42,410.16,2,2,UPI,1,Laptop,West India,2,0
OTT06872,39,Female,Basic,0,1,0,0,1,1,3,17.7,0.5,33,6,613.24,4,0,UPI,1,Mobile,North India,3,0
OTT06873,46,Male,Basic,1,1,0,1,0,0,3,16.2,0.6,5,51,728.44,1,2,UPI,1,Mobile,South India,3,0
OTT06874,32,Female,Mobile,1,0,0,0,0,1,2,27.9,1.2,20,51,654.08,2,2,Wallet,1,Laptop,North India,1,0
OTT06875,55,Male,Mobile,0,0,0,1,1,0,2,25.9,3.6,35,28,1154.95,5,3,UPI,1,Smart TV,North India,2,1
OTT06876,30,Female,Basic,1,1,0,1,0,0,3,12.2,1.9,21,41,880.56,5,1,Credit Card,0,Smart TV,South India,1,0
OTT06877,30,Female,Premium,1,0,0,0,0,0,1,28.0,1.6,19,37,1028.04,3,2,Debit Card,1,Smart TV,North India,5,0
OTT06878,32,Male,Premium,1,0,0,0,0,1,2,14.6,5.3,22,35,770.09,5,1,Credit Card,0,Mobile,Central India,3,0
OTT06879,47,Female,Standard,1,1,0,1,0,1,4,22.3,2.0,34,58,666.93,5,0,Net Banking,1,Smart TV,Central India,1,0
OTT06880,23,Female,Standard,0,0,0,0,0,1,1,11.7,1.6,42,56,99.0,1,2,UPI,1,Tablet,North India,3,0
OTT06881,24,Female,Standard,0,0,1,0,0,0,1,27.9,1.3,8,13,656.33,1,2,UPI,1,Laptop,Central India,4,0
OTT06882,51,Male,Standard,1,1,0,0,1,1,4,15.7,1.1,42,39,550.75,2,4,UPI,1,Mobile,West India,1,1
OTT06883,26,Female,Standard,0,1,1,1,0,0,3,48.8,0.4,48,38,558.07,3,0,Debit Card,1,Mobile,South India,2,0
OTT06884,22,Female,Basic,1,1,1,0,0,1,4,16.4,1.6,36,56,918.03,3,1,Credit Card,1,Mobile,North India,2,0
OTT06885,29,Male,Premium,1,1,1,1,0,1,5,11.1,0.6,8,12,269.34,2,0,Debit Card,1,Mobile,North India,2,0
OTT06886,35,Male,Standard,1,1,1,1,1,1,6,16.2,0.9,46,41,945.2,4,2,Debit Card,1,Mobile,West India,5,1
OTT06887,19,Female,Basic,1,0,0,1,1,0,3,13.8,0.6,18,34,816.63,3,2,Debit Card,1,Fire TV,South India,1,0
OTT06888,53,Female,Standard,0,0,1,1,0,0,2,5.4,5.1,29,5,701.78,4,1,UPI,1,Smart TV,East India,1,0
OTT06889,23,Male,Standard,0,0,1,1,0,1,3,51.5,1.9,11,11,866.43,5,1,UPI,1,Laptop,South India,5,0
OTT06890,35,Female,Premium,1,0,1,0,1,0,3,31.3,3.7,32,2,135.58,5,0,Debit Card,1,Mobile,North India,3,0
OTT06891,26,Male,Basic,0,1,0,1,1,0,3,25.9,2.8,56,18,743.81,4,2,Credit Card,1,Mobile,South India,2,0
OTT06892,30,Female,Standard,0,1,1,0,0,0,2,20.3,1.4,52,53,220.34,4,0,Debit Card,1,Smart TV,South India,1,0
OTT06893,19,Female,Basic,0,0,0,0,0,1,1,11.8,1.0,20,15,734.83,4,1,Wallet,1,Laptop,Central India,5,0
OTT06894,58,Male,Basic,1,0,0,0,0,1,2,7.3,1.4,30,33,298.39,4,0,UPI,1,Smart TV,East India,1,0
OTT06895,58,Female,Basic,0,0,1,1,0,0,2,22.2,0.8,15,28,410.84,4,1,UPI,1,Laptop,North India,4,0
OTT06896,23,Female,Mobile,1,0,0,0,0,1,2,23.7,0.2,18,20,506.61,4,1,Net Banking,0,Laptop,West India,4,0
OTT06897,26,Male,Basic,1,1,1,0,1,1,5,19.4,0.4,8,21,553.87,4,2,Net Banking,1,Smart TV,South India,4,0
OTT06898,56,Female,Basic,0,0,0,0,0,1,1,65.6,2.4,25,37,686.29,5,2,Debit Card,1,Smart TV,South India,5,0
OTT06899,35,Female,Standard,0,1,1,0,1,0,3,5.3,0.5,18,46,830.85,1,1,Credit Card,0,Mobile,South India,2,0
OTT06900,20,Female,Standard,1,1,1,1,1,0,5,21.1,0.9,15,27,1304.45,3,4,Credit Card,1,Smart TV,South India,1,0
OTT06901,23,Male,Basic,1,0,0,0,1,1,3,5.5,1.3,13,1,442.27,3,0,Wallet,1,Laptop,East India,1,0
OTT06902,35,Male,Basic,1,0,0,0,1,1,3,18.8,0.6,13,18,666.84,3,1,UPI,0,Smart TV,North India,2,0
OTT06903,41,Female,Standard,1,1,0,1,0,1,4,17.6,2.3,6,15,605.66,2,1,Wallet,0,Fire TV,North India,2,0
OTT06904,45,Female,Standard,0,1,0,0,1,0,2,8.5,3.1,37,22,331.84,5,2,UPI,1,Smart TV,East India,4,0
OTT06905,24,Male,Standard,0,1,0,1,1,0,3,12.9,0.5,1,43,99.0,1,1,Net Banking,0,Smart TV,Central India,3,0
OTT06906,33,Male,Mobile,1,1,0,1,1,0,4,19.4,0.4,0,38,362.49,2,0,Credit Card,1,Mobile,Central India,1,0
OTT06907,29,Male,Mobile,1,1,1,0,1,0,4,20.2,1.0,58,57,472.1,2,1,UPI,1,Mobile,North India,1,1
OTT06908,40,Male,Premium,1,1,0,1,1,0,4,15.3,2.6,18,39,521.68,3,0,UPI,0,Tablet,South India,1,0
OTT06909,31,Female,Basic,1,1,1,1,1,1,6,45.1,2.5,0,18,228.06,3,0,Debit Card,0,Smart TV,East India,4,0
OTT06910,26,Male,Basic,0,0,1,0,1,1,3,38.1,0.4,39,56,543.2,4,1,Net Banking,0,Laptop,North India,5,0
OTT06911,53,Female,Mobile,1,1,1,0,1,0,4,10.6,2.1,32,60,578.61,4,2,Debit Card,1,Smart TV,North India,3,0
OTT06912,42,Female,Standard,1,0,0,0,1,1,3,10.4,1.3,13,48,375.82,4,0,UPI,1,Smart TV,West India,5,0
OTT06913,38,Male,Standard,0,1,0,1,1,1,4,13.8,3.4,17,7,839.65,5,1,Debit Card,1,Smart TV,East India,4,0
OTT06914,23,Female,Standard,1,1,1,0,0,1,4,26.5,0.7,60,45,149.18,5,1,Debit Card,1,Laptop,South India,2,0
OTT06915,21,Male,Premium,1,1,0,1,0,1,4,17.8,0.6,26,34,706.12,4,1,UPI,0,Mobile,North India,2,0
OTT06916,52,Male,Basic,1,1,1,1,1,0,5,24.5,2.6,38,48,564.12,5,1,UPI,0,Smart TV,West India,4,0
OTT06917,59,Female,Basic,1,0,0,0,0,1,2,38.8,0.4,46,30,652.42,5,0,Debit Card,1,Tablet,South India,1,0
OTT06918,43,Female,Premium,1,0,1,0,1,1,4,12.7,1.7,38,2,744.81,1,0,Wallet,0,Fire TV,West India,4,1
OTT06919,19,Male,Basic,0,0,1,0,1,0,2,6.5,1.4,6,59,710.73,5,1,Credit Card,1,Mobile,South India,4,0
OTT06920,38,Female,Premium,1,0,1,1,0,0,3,29.2,1.1,32,59,99.0,5,1,Debit Card,1,Laptop,South India,5,0
OTT06921,30,Male,Standard,1,0,0,1,1,1,4,12.6,1.2,41,42,556.93,4,4,Credit Card,1,Smart TV,West India,5,0
OTT06922,20,Male,Basic,1,1,0,0,1,1,4,28.1,1.7,46,58,759.25,4,0,UPI,1,Laptop,South India,3,0
OTT06923,24,Female,Premium,0,1,1,0,1,0,3,25.7,0.2,60,14,768.67,4,1,UPI,0,Mobile,South India,3,1
OTT06924,39,Female,Basic,1,1,0,1,0,0,3,41.2,0.7,42,14,405.37,1,4,UPI,0,Laptop,West India,3,1
OTT06925,36,Female,Standard,1,0,0,0,1,0,2,27.0,0.3,22,41,325.9,2,3,Wallet,0,Smart TV,Central India,3,0
OTT06926,42,Male,Basic,0,0,1,0,0,1,2,23.0,0.1,51,51,788.55,2,0,UPI,1,Tablet,West India,2,1
OTT06927,47,Male,Standard,1,0,0,0,1,0,2,22.2,0.4,16,2,765.64,4,1,Wallet,1,Tablet,South India,4,0
OTT06928,29,Male,Standard,1,1,1,1,1,0,5,63.0,1.4,15,23,326.65,1,1,Credit Card,1,Mobile,Central India,4,0
OTT06929,30,Female,Basic,1,0,0,0,0,1,2,56.3,2.3,45,38,268.92,3,2,Credit Card,1,Smart TV,Central India,1,0
OTT06930,47,Female,Premium,1,1,1,1,1,1,6,24.7,3.1,26,43,513.91,5,1,Credit Card,1,Smart TV,East India,5,0
OTT06931,26,Male,Mobile,0,1,1,0,0,0,2,18.9,2.9,24,23,406.21,3,1,UPI,1,Laptop,South India,2,0
OTT06932,21,Female,Basic,1,1,0,1,1,0,4,16.2,1.7,32,16,658.22,3,0,UPI,1,Smart TV,South India,2,0
OTT06933,54,Female,Mobile,1,1,1,0,0,0,3,29.1,0.2,18,26,999.63,4,2,Debit Card,1,Mobile,East India,5,0
OTT06934,26,Male,Standard,0,1,1,1,1,0,4,51.8,0.4,21,57,271.32,3,0,Debit Card,0,Smart TV,South India,1,0
OTT06935,23,Male,Basic,1,1,1,0,0,1,4,32.3,2.3,26,38,580.89,2,1,Net Banking,0,Laptop,North India,3,0
OTT06936,49,Female,Standard,1,1,1,0,1,0,4,47.0,0.7,15,54,401.87,1,1,Credit Card,1,Smart TV,South India,3,0
OTT06937,40,Male,Standard,1,1,1,0,1,1,5,33.6,3.0,33,20,828.78,2,2,UPI,1,Laptop,South India,5,0
OTT06938,24,Male,Standard,1,1,0,0,0,1,3,9.0,0.8,1,49,846.89,3,1,Credit Card,0,Smart TV,North India,1,0
OTT06939,54,Male,Premium,0,0,1,0,0,0,1,68.3,2.1,52,25,362.56,5,1,UPI,1,Fire TV,North India,2,0
OTT06940,28,Female,Premium,0,0,0,1,1,0,2,26.0,2.1,22,4,922.2,5,1,UPI,1,Smart TV,West India,4,0
OTT06941,47,Female,Basic,1,1,0,0,1,1,4,56.8,3.6,58,57,847.85,1,1,UPI,1,Mobile,Central India,2,0
OTT06942,45,Female,Standard,0,0,0,1,1,1,3,46.9,1.5,27,5,567.34,5,1,UPI,1,Mobile,East India,4,0
OTT06943,53,Male,Mobile,1,1,0,0,1,0,3,8.1,1.5,37,23,822.68,1,0,Debit Card,1,Tablet,West India,5,0
OTT06944,49,Female,Mobile,1,0,1,0,0,1,3,22.6,1.6,48,32,230.85,4,0,Wallet,0,Laptop,South India,2,0
OTT06945,48,Male,Basic,0,0,1,0,1,1,3,14.8,2.9,50,53,1147.45,1,2,Credit Card,0,Mobile,Central India,5,1
OTT06946,20,Female,Basic,1,1,1,1,0,0,4,13.5,0.7,41,53,628.79,4,1,Credit Card,1,Smart TV,North India,4,0
OTT06947,58,Other,Standard,1,1,1,0,1,0,4,27.9,1.2,22,20,965.57,1,2,Debit Card,1,Laptop,South India,2,0
OTT06948,23,Female,Basic,1,0,0,1,1,1,4,36.8,1.5,20,14,445.15,4,3,Wallet,1,Laptop,North India,4,0
OTT06949,28,Male,Standard,1,1,1,0,1,0,4,10.4,0.4,41,31,169.69,1,0,Debit Card,0,Laptop,South India,4,1
OTT06950,37,Female,Premium,1,1,1,0,1,1,5,9.5,1.1,44,8,743.68,5,2,UPI,0,Mobile,North India,3,1
OTT06951,30,Male,Mobile,1,0,1,1,0,0,3,24.1,2.1,35,10,404.97,3,1,Wallet,1,Tablet,South India,4,1
OTT06952,43,Male,Basic,1,1,1,1,1,1,6,33.7,0.5,9,28,435.32,4,2,Credit Card,0,Fire TV,East India,3,1
OTT06953,20,Female,Mobile,0,0,0,0,1,0,1,40.4,2.5,30,25,679.26,3,2,Wallet,1,Mobile,West India,1,1
OTT06954,37,Male,Basic,0,1,0,0,1,1,3,54.9,1.6,18,57,846.0,1,0,Debit Card,1,Laptop,North India,4,0
OTT06955,33,Male,Premium,1,1,0,1,1,0,4,51.2,3.3,35,20,712.04,5,3,Credit Card,0,Laptop,West India,1,0
OTT06956,45,Female,Mobile,0,1,1,1,0,0,3,30.3,3.2,20,57,907.73,3,0,Debit Card,1,Smart TV,East India,5,0
OTT06957,40,Female,Basic,0,0,0,0,1,1,2,33.4,4.2,42,47,555.6,4,1,Debit Card,0,Mobile,North India,3,0
OTT06958,50,Female,Basic,0,0,1,0,1,1,3,39.1,1.6,1,56,992.94,1,1,UPI,0,Tablet,South India,1,0
OTT06959,25,Male,Basic,0,1,0,0,1,1,3,9.8,2.3,34,4,842.33,3,1,Debit Card,0,Laptop,West India,3,1
OTT06960,58,Female,Standard,0,1,1,1,1,1,5,21.6,1.7,53,31,307.73,4,2,Credit Card,1,Tablet,West India,5,0
OTT06961,34,Male,Premium,1,0,1,0,0,0,2,46.9,1.2,6,26,789.79,3,1,Debit Card,0,Fire TV,West India,5,0
OTT06962,33,Female,Standard,0,1,0,0,0,1,2,13.4,1.4,26,57,619.0,5,1,Debit Card,1,Mobile,North India,2,0
OTT06963,41,Male,Basic,1,1,0,0,0,1,3,8.1,1.0,54,60,388.22,1,1,UPI,1,Laptop,East India,3,1
OTT06964,25,Male,Standard,0,1,0,1,0,1,3,13.6,0.6,18,59,771.9,3,0,Credit Card,0,Tablet,South India,3,0
OTT06965,53,Female,Premium,0,0,0,0,0,1,1,16.1,1.5,36,43,729.33,4,1,UPI,1,Tablet,South India,2,0
OTT06966,29,Male,Basic,0,1,0,1,0,1,3,24.1,1.8,45,55,796.98,2,3,UPI,0,Mobile,Central India,3,0
OTT06967,57,Female,Standard,0,0,1,1,0,1,3,33.1,1.0,36,36,302.36,4,2,UPI,0,Mobile,North India,2,0
OTT06968,24,Male,Standard,1,0,0,1,0,0,2,39.8,1.1,32,27,99.0,3,2,Net Banking,0,Tablet,South India,1,0
OTT06969,55,Male,Standard,0,1,1,1,0,0,3,30.8,4.2,7,53,513.24,4,2,Credit Card,1,Fire TV,East India,1,0
OTT06970,34,Male,Mobile,1,0,1,1,0,0,3,48.8,1.2,53,16,530.96,5,1,Debit Card,0,Tablet,North India,2,0
OTT06971,44,Male,Standard,1,0,1,1,0,1,4,15.7,0.5,39,7,742.29,1,1,UPI,1,Mobile,South India,5,1
OTT06972,55,Male,Standard,1,1,1,0,0,0,3,15.4,1.5,41,46,99.0,3,1,Wallet,1,Mobile,South India,5,0
OTT06973,23,Male,Standard,1,0,0,0,1,0,2,11.2,1.4,0,43,785.95,3,3,UPI,0,Laptop,South India,4,0
OTT06974,32,Male,Basic,1,1,1,1,1,1,6,22.8,1.4,54,16,837.98,5,1,UPI,0,Mobile,North India,2,0
OTT06975,58,Female,Mobile,1,0,0,0,1,1,3,7.9,1.6,46,13,855.85,3,0,UPI,1,Mobile,East India,4,0
OTT06976,24,Female,Standard,1,0,0,0,0,0,1,14.5,1.1,44,22,843.54,4,1,Debit Card,1,Mobile,North India,4,0
OTT06977,22,Male,Standard,0,0,1,1,1,1,4,41.7,0.8,10,49,302.41,3,0,Credit Card,1,Mobile,North India,1,0
OTT06978,40,Male,Premium,0,0,0,0,1,1,2,9.5,0.2,47,33,364.59,2,0,UPI,1,Mobile,Central India,1,0
OTT06979,19,Male,Basic,1,1,1,0,0,1,4,47.2,0.6,18,41,553.06,1,1,Wallet,0,Smart TV,North India,3,0
OTT06980,60,Male,Basic,1,0,1,0,1,1,4,13.2,2.1,26,52,566.24,4,0,Credit Card,1,Laptop,West India,2,0
OTT06981,56,Male,Standard,1,1,1,1,1,1,6,43.8,4.1,26,3,344.21,2,1,UPI,1,Mobile,East India,4,0
OTT06982,26,Male,Standard,1,1,1,1,1,1,6,16.1,0.8,6,29,659.59,2,1,UPI,1,Smart TV,West India,3,0
OTT06983,25,Female,Standard,0,0,1,0,1,0,2,36.2,1.1,7,48,740.77,4,0,Wallet,0,Mobile,East India,1,0
OTT06984,51,Female,Standard,1,1,0,0,1,1,4,24.3,1.5,29,5,708.11,2,2,Wallet,1,Mobile,Central India,3,0
OTT06985,40,Male,Basic,0,0,1,0,0,1,2,35.2,5.1,37,31,655.54,5,0,Credit Card,0,Mobile,South India,3,0
OTT06986,53,Male,Basic,1,1,0,0,1,0,3,6.3,1.5,33,35,726.88,1,1,Wallet,0,Mobile,North India,5,1
OTT06987,59,Male,Mobile,0,0,1,1,0,1,3,19.9,5.4,28,36,548.75,5,4,UPI,1,Fire TV,West India,5,0
OTT06988,35,Male,Basic,0,1,0,0,0,0,1,45.3,0.2,15,5,769.14,2,0,Debit Card,1,Mobile,West India,4,0
OTT06989,28,Female,Standard,0,0,1,0,0,0,1,22.3,0.3,51,10,735.69,4,0,Net Banking,1,Smart TV,North India,5,1
OTT06990,44,Male,Basic,0,0,0,0,0,1,1,15.4,3.8,14,15,401.49,4,2,Wallet,1,Mobile,East India,3,0
OTT06991,45,Male,Premium,0,1,0,1,0,0,2,9.1,0.6,14,28,1138.83,5,2,Debit Card,1,Smart TV,West India,2,0
OTT06992,36,Male,Basic,1,1,0,0,0,0,2,14.0,1.3,22,7,1049.99,1,0,Credit Card,1,Laptop,Central India,4,1
OTT06993,30,Female,Standard,1,1,1,0,1,1,5,49.2,1.2,21,48,818.57,4,0,Credit Card,1,Tablet,South India,1,0
OTT06994,29,Male,Standard,1,0,1,0,0,1,3,31.7,0.4,25,35,943.06,4,1,UPI,1,Mobile,East India,5,0
OTT06995,40,Female,Basic,1,0,1,0,1,1,4,3.1,1.3,14,52,713.34,4,1,UPI,1,Laptop,South India,1,0
OTT06996,36,Male,Standard,1,1,0,0,1,1,4,36.8,6.2,37,15,530.52,2,1,Credit Card,1,Tablet,Central India,3,0
OTT06997,37,Male,Premium,0,1,1,0,1,1,4,19.1,2.9,35,47,942.44,5,3,UPI,0,Fire TV,East India,3,1
OTT06998,22,Male,Premium,0,0,1,1,0,1,3,18.2,0.4,17,37,709.96,5,0,UPI,0,Laptop,South India,4,0
OTT06999,55,Female,Basic,1,1,0,1,1,1,5,36.6,0.3,55,46,830.38,2,1,Credit Card,0,Tablet,North India,3,0
OTT07000,48,Male,Standard,0,0,1,1,1,1,4,42.3,2.2,4,40,1063.49,3,1,Debit Card,1,Smart TV,North India,3,0
OTT07001,57,Male,Mobile,1,1,0,1,1,0,4,17.1,4.3,17,8,199.29,2,2,Debit Card,1,Smart TV,West India,4,0
OTT07002,53,Male,Basic,1,1,0,1,1,1,5,32.2,5.3,20,29,762.54,4,1,Debit Card,0,Smart TV,West India,4,0
OTT07003,44,Male,Basic,0,1,0,1,0,1,3,28.7,2.0,16,15,381.86,4,1,Credit Card,1,Laptop,South India,4,0
OTT07004,31,Male,Premium,0,1,0,0,1,1,3,8.6,0.4,13,1,588.33,4,3,Credit Card,1,Laptop,South India,2,0
OTT07005,46,Female,Standard,1,1,1,1,0,1,5,27.8,2.0,49,3,420.03,3,1,Debit Card,1,Fire TV,South India,1,0
OTT07006,42,Female,Basic,0,1,1,0,1,0,3,23.4,0.6,37,2,962.55,3,3,Wallet,0,Laptop,South India,5,0
OTT07007,57,Female,Premium,1,1,1,1,0,0,4,9.8,1.8,46,14,767.0,2,1,Credit Card,1,Smart TV,West India,3,0
OTT07008,27,Female,Standard,0,0,0,0,0,1,1,34.8,2.5,23,29,653.12,1,1,Credit Card,1,Tablet,North India,3,0
OTT07009,19,Male,Mobile,0,0,0,0,0,1,1,11.9,0.8,30,43,202.82,3,2,UPI,1,Smart TV,North India,1,0
OTT07010,23,Female,Standard,1,0,1,1,0,0,3,15.7,3.6,35,13,487.31,1,0,Credit Card,0,Mobile,East India,3,1
OTT07011,25,Male,Standard,0,0,0,1,0,0,1,94.7,1.3,42,35,503.88,2,0,UPI,1,Fire TV,North India,2,0
OTT07012,46,Male,Basic,1,1,1,1,1,1,6,15.0,1.2,21,29,721.61,3,2,UPI,1,Laptop,East India,5,0
OTT07013,24,Female,Basic,0,0,0,1,0,0,1,19.5,0.8,34,40,515.98,5,1,Wallet,0,Mobile,North India,2,0
OTT07014,23,Male,Basic,1,1,1,0,0,1,4,8.4,2.2,35,35,546.96,4,1,Net Banking,0,Mobile,Central India,1,0
OTT07015,35,Male,Mobile,1,0,1,0,0,0,2,4.8,2.4,6,9,99.0,5,2,UPI,1,Smart TV,East India,5,0
OTT07016,51,Female,Standard,1,1,1,1,1,1,6,66.0,0.1,0,28,896.0,3,3,Debit Card,1,Laptop,West India,4,0
OTT07017,36,Male,Basic,1,1,0,0,1,0,3,51.2,3.7,58,31,304.73,5,2,UPI,1,Smart TV,Central India,1,0
OTT07018,29,Male,Basic,0,1,0,0,0,0,1,4.9,1.2,36,33,440.18,4,2,UPI,1,Tablet,Central India,1,0
OTT07019,30,Female,Premium,0,0,0,1,0,0,1,87.1,1.8,36,25,781.53,3,3,Debit Card,1,Mobile,West India,1,0
OTT07020,53,Male,Premium,0,1,0,1,0,1,3,59.9,1.3,3,58,879.77,5,3,UPI,0,Smart TV,North India,1,0
OTT07021,36,Male,Standard,1,1,1,1,1,1,6,26.1,2.0,59,53,639.31,3,1,Net Banking,1,Mobile,South India,1,0
OTT07022,33,Male,Standard,1,1,1,1,1,1,6,13.6,2.6,46,38,736.48,2,0,UPI,1,Mobile,North India,1,0
OTT07023,51,Female,Premium,0,1,0,0,1,0,2,48.7,1.5,19,2,901.24,4,0,Net Banking,1,Mobile,North India,2,0
OTT07024,33,Female,Standard,0,0,1,0,1,1,3,36.6,1.2,55,12,99.0,2,1,Debit Card,1,Smart TV,North India,4,1
OTT07025,33,Female,Basic,0,1,0,0,0,0,1,70.9,1.4,45,15,880.28,1,0,UPI,1,Laptop,West India,5,0
OTT07026,50,Male,Mobile,0,1,1,0,1,0,3,66.9,2.0,32,10,99.0,2,0,Wallet,1,Mobile,North India,2,0
OTT07027,32,Male,Basic,0,0,1,1,1,0,3,23.7,1.5,1,16,543.1,3,0,UPI,1,Laptop,West India,4,0
OTT07028,39,Male,Basic,1,0,0,1,0,0,2,26.5,1.9,1,58,750.27,1,1,Debit Card,1,Smart TV,South India,5,0
OTT07029,46,Female,Basic,1,0,0,1,0,1,3,12.8,1.7,16,36,360.22,3,1,UPI,0,Fire TV,East India,4,0
OTT07030,26,Female,Basic,1,0,1,1,1,1,5,13.8,1.5,18,59,576.54,3,0,UPI,0,Mobile,East India,1,0
OTT07031,23,Female,Mobile,1,0,0,0,0,0,1,21.8,1.4,42,28,99.0,1,0,Credit Card,0,Laptop,North India,2,0
OTT07032,54,Male,Standard,0,0,1,0,0,1,2,34.6,1.4,6,28,267.68,1,0,Wallet,1,Smart TV,West India,1,0
OTT07033,30,Female,Basic,0,1,0,1,0,0,2,70.3,1.2,15,38,406.34,5,1,UPI,0,Mobile,North India,1,0
OTT07034,32,Male,Basic,0,0,1,1,0,0,2,14.1,0.9,4,52,353.19,1,3,Wallet,1,Smart TV,North India,5,0
OTT07035,43,Male,Standard,0,1,1,0,0,0,2,22.5,1.3,32,1,588.03,3,0,UPI,1,Mobile,East India,1,0
OTT07036,22,Male,Basic,1,0,1,0,1,0,3,39.4,1.5,39,39,1112.37,1,2,Wallet,1,Mobile,West India,3,1
OTT07037,19,Female,Basic,0,0,1,0,0,0,1,26.1,2.4,51,48,868.9,5,0,Debit Card,1,Tablet,North India,1,0
OTT07038,35,Female,Basic,0,0,1,1,1,1,4,33.0,2.5,40,3,879.84,4,1,Credit Card,1,Laptop,Central India,4,0
OTT07039,59,Male,Standard,1,1,1,1,0,1,5,25.0,4.0,6,20,759.25,2,1,Credit Card,1,Mobile,South India,1,0
OTT07040,42,Female,Premium,0,1,1,1,1,1,5,10.5,1.9,37,47,231.22,3,1,Credit Card,1,Tablet,East India,5,0
OTT07041,42,Male,Mobile,1,1,0,1,0,1,4,47.7,0.2,12,24,962.46,3,0,Credit Card,1,Mobile,West India,4,0
OTT07042,44,Male,Standard,1,0,0,0,1,0,2,33.5,1.4,9,23,736.24,5,1,Debit Card,1,Mobile,North India,4,0
OTT07043,55,Male,Premium,0,0,0,0,1,0,1,16.8,1.4,12,7,777.09,5,2,Net Banking,1,Smart TV,North India,1,0
OTT07044,53,Male,Premium,0,0,1,1,0,0,2,20.9,1.1,10,35,857.04,5,1,Wallet,1,Mobile,North India,4,0
OTT07045,19,Female,Premium,1,1,1,1,1,1,6,15.6,0.2,54,40,773.58,5,4,UPI,0,Laptop,East India,3,0
OTT07046,41,Male,Standard,1,1,1,1,1,1,6,35.9,2.4,18,54,733.86,4,0,Debit Card,1,Mobile,North India,2,0
OTT07047,41,Male,Mobile,0,1,1,0,1,0,3,7.5,1.7,15,27,401.91,3,1,Credit Card,1,Smart TV,West India,5,0
OTT07048,27,Male,Mobile,1,0,1,0,0,0,2,15.2,1.1,24,32,344.77,5,1,Net Banking,1,Tablet,South India,4,0
OTT07049,59,Female,Basic,0,1,1,1,0,0,3,19.3,0.6,8,32,346.83,2,1,Net Banking,0,Laptop,South India,1,1
OTT07050,29,Female,Basic,0,0,0,0,1,1,2,19.4,1.5,14,36,99.0,1,0,Credit Card,1,Smart TV,North India,3,0
OTT07051,53,Female,Premium,1,1,1,1,1,1,6,12.2,5.9,48,7,488.55,2,2,UPI,1,Mobile,North India,2,1
OTT07052,22,Male,Mobile,0,1,0,0,1,0,2,24.6,1.7,54,49,782.43,5,1,Credit Card,0,Laptop,South India,5,0
OTT07053,43,Male,Standard,1,0,1,1,0,0,3,7.6,1.6,52,5,945.12,3,1,UPI,0,Mobile,East India,5,0
OTT07054,49,Male,Premium,1,0,1,0,1,0,3,36.3,0.6,1,49,427.6,4,2,Wallet,0,Mobile,South India,1,0
OTT07055,39,Female,Mobile,0,0,0,0,1,1,2,57.4,2.1,35,36,602.33,2,1,Credit Card,1,Smart TV,North India,1,0
OTT07056,22,Male,Mobile,1,1,0,1,0,0,3,29.1,1.0,29,38,489.19,5,0,Credit Card,0,Fire TV,West India,2,0
OTT07057,23,Female,Basic,1,1,1,1,0,1,5,12.3,2.1,51,26,694.89,5,0,UPI,1,Laptop,North India,3,0
OTT07058,44,Female,Basic,0,0,0,1,0,1,2,34.4,0.3,57,3,248.93,2,0,Debit Card,1,Laptop,South India,3,0
OTT07059,55,Female,Standard,1,0,1,1,0,0,3,19.6,0.7,20,7,484.08,4,2,Credit Card,0,Fire TV,North India,4,0
OTT07060,43,Female,Basic,0,1,1,0,1,0,3,29.1,1.0,60,53,408.31,4,1,Credit Card,1,Smart TV,West India,1,1
OTT07061,22,Male,Standard,0,0,0,1,0,1,2,25.3,1.2,19,23,810.98,3,0,Wallet,1,Smart TV,Central India,2,0
OTT07062,51,Male,Mobile,0,0,1,0,0,0,1,38.8,3.8,19,38,154.92,1,2,UPI,1,Smart TV,South India,4,0
OTT07063,37,Male,Standard,0,0,0,1,0,1,2,28.8,3.2,33,25,738.31,5,1,Credit Card,1,Mobile,South India,5,0
OTT07064,21,Male,Basic,0,0,1,0,0,0,1,18.6,1.9,38,33,892.76,4,0,Net Banking,1,Mobile,Central India,1,1
OTT07065,33,Female,Basic,0,0,1,0,1,1,3,14.7,0.6,58,27,228.26,1,3,Net Banking,0,Smart TV,South India,3,0
OTT07066,26,Male,Mobile,1,1,0,1,0,1,4,20.4,0.7,49,51,458.86,1,0,Debit Card,0,Smart TV,Central India,3,1
OTT07067,60,Female,Standard,1,1,1,0,1,0,4,41.8,3.0,54,58,398.83,3,0,UPI,0,Tablet,West India,1,0
OTT07068,57,Female,Standard,0,1,1,1,1,1,5,20.0,1.2,13,23,1087.09,5,3,UPI,1,Tablet,South India,4,0
OTT07069,22,Male,Basic,0,1,1,1,0,0,3,32.5,0.9,59,39,1024.58,4,0,Credit Card,1,Smart TV,West India,2,0
OTT07070,42,Male,Standard,1,1,0,1,1,0,4,33.8,1.1,33,6,903.05,5,1,UPI,1,Mobile,South India,2,0
OTT07071,18,Male,Basic,1,1,1,0,0,1,4,21.6,1.4,48,60,760.18,4,2,Net Banking,1,Smart TV,West India,5,0
OTT07072,37,Male,Premium,0,0,0,0,1,1,2,20.6,1.8,59,16,894.59,3,4,Credit Card,1,Smart TV,South India,1,0
OTT07073,24,Female,Premium,0,1,0,1,0,0,2,23.2,1.3,27,3,814.22,5,1,Debit Card,1,Laptop,South India,1,0
OTT07074,50,Female,Mobile,1,1,0,0,1,0,3,8.2,0.2,54,55,1095.68,5,1,Wallet,1,Smart TV,South India,2,0
OTT07075,21,Female,Standard,1,1,1,1,0,0,4,30.9,1.6,5,6,661.66,4,2,Debit Card,0,Laptop,North India,1,0
OTT07076,56,Male,Basic,1,1,0,0,0,1,3,17.5,1.9,54,48,99.0,2,0,Debit Card,1,Laptop,South India,1,0
OTT07077,27,Female,Standard,0,0,0,1,1,0,2,27.0,1.8,56,14,511.95,2,3,UPI,0,Smart TV,East India,2,1
OTT07078,29,Female,Mobile,1,1,1,1,1,1,6,16.5,1.3,37,30,802.62,4,1,UPI,0,Mobile,East India,2,0
OTT07079,56,Other,Standard,0,0,0,0,0,1,1,50.6,0.6,34,60,558.73,2,1,UPI,0,Smart TV,West India,1,0
OTT07080,56,Female,Premium,1,1,1,1,1,1,6,51.2,0.4,38,50,983.39,5,0,UPI,1,Smart TV,South India,5,0
OTT07081,22,Female,Basic,1,1,1,0,0,1,4,33.8,1.1,47,4,415.74,1,0,UPI,1,Mobile,South India,2,1
OTT07082,22,Male,Premium,0,1,1,0,1,1,4,4.3,2.4,14,53,902.1,5,1,Debit Card,0,Smart TV,East India,3,0
OTT07083,54,Female,Mobile,0,1,1,1,1,0,4,22.1,0.9,27,41,240.19,5,1,Debit Card,1,Mobile,Central India,4,0
OTT07084,60,Male,Premium,0,0,0,1,0,1,2,39.0,7.9,49,49,744.0,2,1,Credit Card,1,Tablet,South India,2,1
OTT07085,39,Male,Standard,0,0,1,1,1,0,3,75.9,2.7,46,22,423.17,4,2,UPI,1,Laptop,South India,1,0
OTT07086,25,Male,Basic,0,1,1,1,1,0,4,10.2,1.1,46,60,275.59,1,1,Credit Card,1,Mobile,West India,1,1
OTT07087,24,Male,Mobile,0,0,1,1,1,1,4,4.5,1.0,24,25,633.72,3,1,UPI,1,Mobile,North India,2,0
OTT07088,29,Male,Standard,0,0,0,1,1,0,2,17.5,1.2,26,58,309.71,2,1,Credit Card,1,Smart TV,North India,3,1
OTT07089,47,Male,Standard,0,1,0,0,1,0,2,16.2,1.5,36,51,865.75,2,0,Credit Card,1,Smart TV,South India,1,0
OTT07090,22,Female,Mobile,1,0,1,0,0,0,2,33.6,0.5,52,34,549.08,1,1,Wallet,1,Tablet,East India,5,0
OTT07091,45,Female,Premium,0,1,1,1,0,0,3,12.0,0.9,40,14,676.14,2,2,Debit Card,0,Mobile,East India,1,0
OTT07092,52,Female,Standard,0,1,1,1,0,0,3,16.8,3.8,14,41,634.87,2,2,UPI,1,Tablet,South India,1,0
OTT07093,24,Female,Premium,1,1,1,0,0,1,4,17.9,2.1,3,10,807.89,2,1,UPI,1,Laptop,South India,5,0
OTT07094,60,Male,Basic,1,0,1,1,1,0,4,27.5,1.2,51,60,455.35,4,3,UPI,1,Smart TV,West India,2,0
OTT07095,60,Female,Basic,1,1,0,1,0,1,4,32.6,1.9,6,28,963.55,5,1,Credit Card,1,Fire TV,East India,1,0
OTT07096,30,Female,Basic,0,1,1,0,0,0,2,15.1,1.3,38,55,1222.38,3,3,Credit Card,1,Laptop,North India,3,0
OTT07097,22,Male,Basic,1,0,0,0,1,1,3,27.6,2.6,41,23,339.82,3,1,Credit Card,1,Tablet,East India,5,0
OTT07098,32,Female,Mobile,1,1,0,0,0,0,2,4.9,4.7,2,29,1096.36,1,3,UPI,1,Tablet,West India,1,1
OTT07099,29,Female,Mobile,0,0,1,0,0,1,2,53.1,1.5,24,26,495.66,2,3,UPI,1,Mobile,West India,3,0
OTT07100,29,Male,Standard,0,0,0,0,0,1,1,13.2,0.5,21,14,508.57,2,1,UPI,1,Tablet,West India,4,0
OTT07101,57,Female,Mobile,1,0,0,0,1,0,2,43.9,0.6,3,60,886.99,2,1,UPI,0,Mobile,Central India,5,0
OTT07102,24,Male,Mobile,0,0,0,0,1,1,2,16.2,2.9,41,10,340.37,2,0,Wallet,1,Tablet,West India,4,1
OTT07103,31,Female,Standard,0,0,1,0,1,1,3,33.4,4.5,19,52,817.77,2,1,UPI,1,Tablet,West India,5,0
OTT07104,51,Female,Standard,0,1,0,0,0,0,1,19.7,0.9,44,9,804.27,3,2,Credit Card,1,Mobile,West India,3,0
OTT07105,20,Male,Standard,0,0,1,0,1,0,2,37.5,0.9,43,8,629.72,3,1,Net Banking,1,Fire TV,North India,2,0
OTT07106,20,Female,Standard,1,0,0,0,0,0,1,42.3,2.1,22,2,618.9,1,0,Credit Card,1,Mobile,North India,1,0
OTT07107,30,Female,Basic,1,0,0,1,1,1,4,50.2,0.5,26,52,499.98,1,0,UPI,0,Mobile,South India,2,0
OTT07108,59,Male,Standard,0,1,1,1,0,0,3,30.4,2.1,13,46,852.49,4,0,Debit Card,0,Mobile,Central India,2,0
OTT07109,54,Female,Standard,0,0,1,0,1,0,2,6.3,2.3,0,47,541.32,1,0,Credit Card,1,Fire TV,South India,1,0
OTT07110,57,Female,Basic,0,1,0,1,0,0,2,12.3,0.8,10,32,961.54,1,1,Credit Card,1,Tablet,North India,5,0
OTT07111,55,Male,Mobile,1,1,1,1,1,1,6,51.5,0.3,6,13,970.41,3,2,UPI,0,Tablet,South India,4,0
OTT07112,23,Female,Premium,1,1,0,0,1,0,3,21.4,0.8,59,28,242.53,5,0,UPI,1,Laptop,South India,1,0
OTT07113,35,Male,Mobile,0,0,1,1,1,1,4,20.4,2.4,12,49,279.59,1,1,UPI,1,Mobile,North India,5,0
OTT07114,40,Male,Basic,0,1,0,1,0,1,3,34.4,2.0,23,1,597.9,4,0,Credit Card,0,Mobile,North India,3,0
OTT07115,25,Female,Basic,1,1,0,0,1,1,4,31.4,1.3,34,36,386.61,5,1,Net Banking,1,Laptop,Central India,5,0
OTT07116,60,Male,Premium,1,1,0,1,1,1,5,67.0,3.0,24,29,457.06,2,4,UPI,1,Smart TV,West India,4,0
OTT07117,43,Male,Standard,1,1,0,1,0,0,3,23.1,1.9,56,10,421.23,2,1,Debit Card,1,Smart TV,North India,4,0
OTT07118,54,Female,Premium,0,1,1,1,1,0,4,21.1,1.7,10,1,1189.41,1,0,Debit Card,0,Smart TV,South India,3,0
OTT07119,29,Female,Premium,0,0,0,0,1,1,2,41.4,0.4,49,20,970.62,5,2,UPI,1,Smart TV,North India,1,0
OTT07120,48,Female,Standard,0,1,1,1,1,0,4,35.3,1.9,22,42,414.12,4,1,Wallet,1,Laptop,West India,3,0
OTT07121,22,Female,Mobile,1,1,0,0,1,0,3,10.2,2.4,42,21,109.84,4,1,Wallet,1,Smart TV,East India,3,0
OTT07122,18,Female,Basic,0,1,0,0,0,0,1,21.4,4.5,59,60,490.3,5,1,Net Banking,1,Smart TV,East India,5,0
OTT07123,45,Female,Premium,1,1,1,1,1,1,6,69.6,0.9,6,19,290.95,3,1,UPI,1,Laptop,North India,5,0
OTT07124,20,Male,Premium,1,1,1,1,1,0,5,14.2,1.3,30,54,848.36,3,2,UPI,1,Smart TV,North India,3,0
OTT07125,29,Male,Premium,1,0,0,0,0,1,2,20.8,3.4,29,46,666.62,5,2,UPI,0,Mobile,West India,3,0
OTT07126,52,Male,Premium,1,1,1,1,1,1,6,60.2,2.3,43,12,488.63,3,1,Wallet,1,Mobile,South India,1,1
OTT07127,39,Male,Standard,0,0,1,1,0,0,2,59.5,2.1,43,16,625.99,3,2,Credit Card,1,Laptop,South India,2,0
OTT07128,34,Male,Standard,0,1,0,1,0,1,3,47.7,0.7,57,39,326.6,2,1,Credit Card,0,Mobile,South India,4,0
OTT07129,30,Female,Standard,0,1,1,1,1,1,5,19.2,1.3,29,7,584.47,5,2,UPI,1,Smart TV,North India,3,0
OTT07130,46,Female,Basic,0,1,0,0,0,1,2,15.6,2.4,56,16,1106.77,3,1,Credit Card,0,Smart TV,South India,1,1
OTT07131,59,Female,Mobile,1,1,0,0,0,1,3,40.7,0.8,56,37,457.59,5,1,UPI,1,Laptop,South India,3,0
OTT07132,49,Male,Basic,0,0,1,1,1,1,4,52.9,1.6,53,33,677.69,5,2,Credit Card,0,Mobile,South India,3,1
OTT07133,33,Male,Mobile,1,0,0,0,1,0,2,22.8,1.3,20,31,430.49,4,2,Debit Card,1,Smart TV,North India,2,0
OTT07134,36,Male,Mobile,0,1,0,0,1,1,3,30.0,2.2,55,28,425.92,3,0,Net Banking,0,Fire TV,North India,4,0
OTT07135,22,Male,Basic,0,1,0,1,0,0,2,14.9,1.9,7,5,881.92,1,1,Wallet,1,Smart TV,South India,5,0
OTT07136,24,Male,Standard,0,1,1,1,0,1,4,8.7,0.2,37,16,303.03,1,1,Credit Card,1,Fire TV,South India,1,0
OTT07137,29,Female,Standard,1,1,0,0,0,0,2,9.2,1.3,7,60,598.62,5,2,UPI,0,Mobile,East India,5,0
OTT07138,34,Male,Standard,1,1,0,0,0,0,2,23.0,4.1,52,33,403.87,3,1,UPI,1,Smart TV,West India,1,0
OTT07139,60,Female,Standard,1,0,1,1,0,1,4,13.9,2.8,25,20,1034.54,3,1,UPI,1,Mobile,Central India,4,1
OTT07140,55,Male,Basic,0,1,0,1,0,0,2,28.7,1.3,48,41,455.94,4,2,Credit Card,1,Tablet,North India,2,0
OTT07141,22,Female,Basic,0,1,0,0,1,1,3,15.6,2.5,40,30,293.9,3,0,Credit Card,1,Tablet,South India,5,0
OTT07142,32,Female,Standard,1,1,1,0,0,1,4,46.3,1.1,60,42,604.64,5,2,Debit Card,0,Smart TV,East India,5,0
OTT07143,20,Female,Mobile,1,0,1,1,1,0,4,18.4,2.2,11,43,605.66,5,0,Debit Card,1,Laptop,South India,5,0
OTT07144,20,Male,Standard,0,1,0,0,0,0,1,20.1,0.9,53,11,956.46,4,1,Debit Card,0,Smart TV,North India,1,1
OTT07145,34,Female,Standard,0,1,1,1,1,1,5,51.5,4.8,12,13,496.35,3,1,Wallet,0,Smart TV,North India,5,0
OTT07146,59,Male,Basic,1,1,1,0,1,0,4,27.2,1.3,32,2,768.25,5,0,UPI,0,Laptop,East India,5,0
OTT07147,25,Female,Premium,0,0,1,0,1,0,2,29.0,1.6,2,35,369.53,4,0,Net Banking,0,Tablet,North India,3,0
OTT07148,47,Male,Basic,1,1,0,0,1,1,4,20.4,3.0,0,48,954.13,3,2,UPI,1,Tablet,East India,5,0
OTT07149,34,Female,Standard,1,1,0,1,1,0,4,25.5,1.5,27,35,896.95,5,0,Debit Card,1,Mobile,West India,3,0
OTT07150,41,Female,Premium,0,1,1,0,1,0,3,11.3,1.7,60,40,805.16,1,0,Credit Card,1,Fire TV,East India,5,0
OTT07151,55,Female,Standard,1,0,0,0,1,1,3,41.4,1.7,23,42,883.29,4,1,Debit Card,1,Mobile,North India,5,0
OTT07152,53,Female,Standard,1,1,0,1,0,1,4,16.5,1.9,32,28,722.22,1,3,UPI,1,Mobile,North India,3,0
OTT07153,53,Male,Standard,1,1,1,1,1,1,6,9.9,0.7,24,47,681.88,1,2,Credit Card,0,Laptop,North India,5,0
OTT07154,35,Female,Mobile,1,0,1,0,1,0,3,41.2,2.1,57,39,328.28,1,2,Credit Card,1,Laptop,North India,2,0
OTT07155,20,Male,Standard,1,0,1,1,0,1,4,31.6,1.1,15,22,461.85,5,2,UPI,1,Tablet,Central India,5,0
OTT07156,60,Male,Standard,1,0,0,1,1,1,4,34.2,1.0,25,54,886.11,3,1,Debit Card,1,Fire TV,West India,3,0
OTT07157,60,Male,Mobile,1,1,1,1,0,1,5,23.9,1.2,20,34,875.54,3,0,UPI,1,Tablet,North India,1,0
OTT07158,54,Male,Mobile,1,1,1,1,1,1,6,54.2,0.5,39,22,898.64,5,0,Net Banking,1,Smart TV,South India,5,0
OTT07159,38,Male,Premium,1,1,0,0,0,0,2,15.9,1.2,31,18,529.48,3,1,UPI,1,Smart TV,North India,3,0
OTT07160,30,Female,Mobile,0,1,1,0,0,0,2,22.6,0.6,53,27,1119.69,3,4,Credit Card,1,Laptop,East India,5,1
OTT07161,25,Male,Premium,1,0,0,1,0,1,3,5.7,0.2,4,35,601.96,1,2,UPI,1,Tablet,East India,1,0
OTT07162,33,Female,Basic,0,0,1,1,0,1,3,2.9,2.5,9,32,778.5,2,5,Debit Card,1,Laptop,West India,3,1
OTT07163,32,Male,Basic,0,0,1,0,1,1,3,27.3,1.2,20,36,1427.65,3,1,UPI,1,Smart TV,Central India,2,0
OTT07164,29,Female,Standard,1,0,1,1,0,1,4,31.9,1.8,22,42,506.14,3,1,Net Banking,1,Mobile,North India,4,0
OTT07165,58,Male,Standard,1,1,1,1,1,0,5,26.2,2.3,34,46,851.21,5,1,UPI,1,Mobile,West India,3,0
OTT07166,46,Male,Standard,1,0,0,0,1,1,3,32.0,3.5,53,30,226.6,5,0,Credit Card,1,Tablet,North India,5,0
OTT07167,27,Female,Basic,0,1,1,0,1,1,4,40.7,1.2,57,55,546.19,1,1,UPI,0,Fire TV,Central India,2,0
OTT07168,45,Female,Standard,0,1,0,1,0,0,2,22.6,1.5,30,43,816.65,3,1,Credit Card,0,Mobile,West India,4,0
OTT07169,48,Other,Standard,1,1,0,1,0,0,3,19.6,2.1,36,30,476.83,5,0,UPI,1,Smart TV,East India,2,0
OTT07170,40,Male,Basic,0,0,0,0,1,0,1,12.7,0.4,40,17,660.75,4,0,Debit Card,1,Fire TV,South India,3,0
OTT07171,58,Female,Standard,0,0,1,1,1,0,3,28.7,1.1,35,3,713.34,4,2,Debit Card,1,Tablet,East India,2,0
OTT07172,59,Female,Basic,1,0,0,1,1,0,3,43.7,1.5,33,8,694.95,5,1,Credit Card,1,Smart TV,West India,2,0
OTT07173,36,Female,Basic,1,0,0,1,1,1,4,35.6,1.0,57,39,99.0,4,2,Debit Card,1,Tablet,South India,5,0
OTT07174,38,Male,Basic,0,1,1,1,0,1,4,66.7,1.0,28,4,1277.9,4,0,UPI,1,Fire TV,West India,4,0
OTT07175,27,Male,Basic,1,0,0,0,0,1,2,25.1,0.8,36,1,339.52,4,0,Wallet,1,Laptop,South India,5,0
OTT07176,51,Male,Standard,1,0,0,0,0,0,1,18.4,7.3,21,5,424.64,3,1,Credit Card,0,Mobile,Central India,5,0
OTT07177,58,Female,Premium,0,0,0,1,0,0,1,21.9,1.5,25,41,195.47,5,0,Wallet,1,Laptop,Central India,1,0
OTT07178,46,Male,Mobile,1,1,1,1,1,1,6,37.5,0.8,58,2,361.85,3,3,Debit Card,1,Smart TV,South India,5,0
OTT07179,26,Male,Basic,1,0,1,1,1,1,5,31.9,1.3,9,51,630.11,1,2,Credit Card,0,Mobile,North India,5,0
OTT07180,40,Female,Premium,0,0,0,1,0,1,2,16.5,0.7,44,59,925.52,4,1,Credit Card,1,Fire TV,South India,2,0
OTT07181,52,Female,Basic,0,1,0,1,0,0,2,27.9,1.6,6,47,469.63,5,0,UPI,1,Fire TV,North India,5,0
OTT07182,19,Female,Basic,0,0,1,0,1,1,3,15.3,1.8,58,46,678.08,3,0,Debit Card,1,Mobile,Central India,4,0
OTT07183,43,Female,Standard,0,1,1,1,0,1,4,32.0,3.5,3,34,729.65,2,1,Credit Card,1,Mobile,South India,2,0
OTT07184,46,Male,Basic,0,1,0,0,0,1,2,6.8,0.5,52,33,323.66,4,3,Credit Card,1,Laptop,Central India,1,0
OTT07185,41,Female,Standard,0,0,1,0,0,0,1,8.5,2.8,54,13,118.21,4,1,UPI,1,Laptop,South India,4,0
OTT07186,45,Male,Premium,0,0,1,1,0,1,3,10.0,1.5,2,16,368.34,3,1,UPI,1,Laptop,East India,5,0
OTT07187,56,Male,Standard,1,0,1,0,0,0,2,13.0,2.4,58,14,1010.18,4,0,UPI,1,Fire TV,East India,1,0
OTT07188,23,Male,Standard,1,0,1,0,0,0,2,30.3,2.9,52,44,410.85,5,1,UPI,1,Laptop,South India,4,1
OTT07189,42,Male,Basic,0,0,0,1,1,0,2,37.0,3.3,16,49,428.42,3,1,Credit Card,1,Mobile,West India,1,0
OTT07190,52,Female,Basic,0,1,0,1,1,1,4,23.5,0.6,5,60,728.47,5,3,UPI,0,Mobile,North India,5,0
OTT07191,53,Female,Premium,1,0,0,0,1,1,3,9.9,2.2,4,26,809.71,5,2,UPI,1,Tablet,West India,5,0
OTT07192,38,Male,Premium,0,1,0,1,0,0,2,41.6,0.8,57,22,310.32,1,0,Credit Card,1,Smart TV,North India,1,0
OTT07193,60,Male,Standard,0,1,0,1,0,1,3,22.3,0.8,57,6,836.5,1,3,Debit Card,1,Laptop,Central India,2,0
OTT07194,31,Male,Mobile,0,0,1,1,0,1,3,46.5,2.0,31,23,767.0,5,0,Credit Card,1,Mobile,North India,2,0
OTT07195,36,Male,Standard,1,0,1,1,0,1,4,25.0,2.0,51,32,466.96,3,1,Debit Card,1,Laptop,Central India,3,0
OTT07196,53,Female,Mobile,1,1,1,1,1,1,6,7.7,2.4,18,52,104.18,1,2,Debit Card,1,Mobile,Central India,5,0
OTT07197,36,Female,Standard,0,0,1,0,1,0,2,14.4,1.0,3,5,850.78,4,2,Debit Card,1,Mobile,North India,4,0
OTT07198,32,Male,Standard,1,0,1,1,1,1,5,6.9,1.8,40,24,725.96,2,1,UPI,0,Fire TV,East India,2,1
OTT07199,41,Male,Basic,1,1,1,0,0,1,4,4.1,1.9,16,47,678.37,3,2,UPI,1,Smart TV,East India,4,0
OTT07200,44,Female,Basic,0,1,1,1,0,1,4,18.6,1.3,55,53,238.67,2,1,UPI,1,Smart TV,North India,2,0
OTT07201,59,Female,Standard,0,1,0,1,1,0,3,25.3,3.1,51,40,1262.44,3,0,Debit Card,1,Mobile,North India,4,1
OTT07202,44,Female,Premium,1,0,0,1,0,0,2,47.8,0.3,60,11,342.49,2,1,UPI,1,Mobile,South India,2,0
OTT07203,25,Male,Basic,1,0,0,0,0,0,1,30.4,0.7,34,34,472.48,3,2,UPI,1,Laptop,North India,2,0
OTT07204,20,Female,Mobile,1,1,1,1,1,1,6,38.2,3.0,13,55,898.25,2,1,Wallet,0,Smart TV,North India,2,0
OTT07205,59,Male,Standard,1,1,0,0,1,0,3,17.0,2.0,24,45,653.34,1,0,Wallet,1,Mobile,East India,1,0
OTT07206,36,Female,Basic,0,1,1,0,0,1,3,10.1,5.5,45,9,682.01,5,2,Wallet,1,Mobile,North India,4,1
OTT07207,26,Male,Basic,1,0,0,0,1,1,3,25.0,2.3,50,20,290.56,1,0,UPI,1,Smart TV,West India,5,0
OTT07208,27,Female,Basic,1,0,0,0,0,0,1,17.1,0.9,13,45,269.1,3,1,Credit Card,1,Laptop,South India,5,0
OTT07209,22,Male,Basic,0,1,0,0,0,1,2,36.0,2.9,1,44,736.22,4,1,UPI,1,Mobile,West India,1,0
OTT07210,26,Female,Basic,1,1,0,1,0,0,3,17.6,3.2,2,20,514.93,2,1,UPI,1,Mobile,East India,4,0
OTT07211,51,Male,Premium,0,0,0,1,1,1,3,30.5,1.9,27,56,1162.22,3,0,Credit Card,0,Smart TV,South India,1,0
OTT07212,46,Female,Premium,0,1,1,1,1,0,4,59.3,0.7,10,49,302.69,3,1,Wallet,0,Mobile,East India,4,0
OTT07213,43,Male,Standard,0,1,1,1,0,1,4,35.1,1.8,57,23,518.79,5,0,Credit Card,1,Laptop,West India,1,0
OTT07214,18,Female,Mobile,1,0,1,1,0,0,3,49.5,1.1,46,11,686.14,3,3,Credit Card,0,Mobile,North India,1,0
OTT07215,46,Male,Standard,1,1,0,1,0,1,4,8.0,1.0,45,35,508.93,2,1,Credit Card,1,Tablet,West India,5,0
OTT07216,59,Female,Basic,0,1,0,0,0,0,1,9.5,1.7,7,39,411.65,5,1,Credit Card,0,Tablet,West India,4,0
OTT07217,57,Female,Standard,1,1,1,1,0,0,4,25.8,0.3,12,2,655.44,4,2,Credit Card,1,Smart TV,West India,4,0
OTT07218,35,Male,Standard,1,0,1,1,0,1,4,34.9,1.4,44,31,1201.66,2,2,UPI,1,Tablet,West India,3,0
OTT07219,43,Male,Standard,0,0,0,1,0,1,2,30.0,0.9,50,58,454.12,2,2,Credit Card,1,Smart TV,North India,4,1
OTT07220,30,Male,Basic,0,0,1,0,0,1,2,13.8,0.7,58,18,183.42,4,2,UPI,1,Laptop,West India,2,0
OTT07221,56,Male,Premium,0,1,0,1,0,0,2,33.5,1.2,29,57,790.72,3,0,UPI,1,Mobile,South India,4,0
OTT07222,57,Female,Standard,0,0,1,0,1,0,2,27.0,1.1,44,30,534.84,1,0,UPI,1,Mobile,South India,4,0
OTT07223,27,Male,Basic,0,1,1,0,0,1,3,17.5,2.9,11,50,348.67,4,2,Debit Card,1,Mobile,Central India,5,1
OTT07224,38,Male,Premium,0,0,0,0,1,1,2,47.7,1.5,16,58,811.68,2,3,UPI,0,Laptop,East India,3,1
OTT07225,28,Male,Mobile,0,1,1,1,1,0,4,34.8,2.0,44,51,770.06,1,0,UPI,1,Smart TV,North India,4,1
OTT07226,44,Male,Mobile,0,0,0,0,0,1,1,43.9,3.4,53,46,447.32,3,0,Wallet,1,Laptop,East India,4,0
OTT07227,30,Male,Standard,0,1,0,0,0,0,1,25.9,0.9,6,56,172.52,5,1,UPI,1,Smart TV,South India,1,0
OTT07228,47,Female,Standard,0,0,0,0,1,1,2,32.3,1.5,48,4,896.47,5,1,Net Banking,1,Mobile,North India,2,0
OTT07229,60,Male,Mobile,1,0,1,0,0,0,2,29.8,2.2,42,18,448.1,3,1,Net Banking,0,Laptop,South India,4,0
OTT07230,55,Female,Mobile,1,1,1,1,1,1,6,7.3,1.6,36,59,714.0,1,0,Net Banking,1,Smart TV,West India,4,0
OTT07231,25,Female,Mobile,0,0,1,0,1,0,2,23.7,1.4,48,23,602.81,3,0,Debit Card,1,Mobile,West India,5,1
OTT07232,23,Male,Mobile,1,1,0,0,0,0,2,28.7,1.3,59,44,782.73,3,1,UPI,1,Laptop,North India,3,1
OTT07233,53,Female,Basic,1,0,0,0,1,0,2,39.7,1.9,12,20,707.23,3,1,Debit Card,0,Mobile,South India,2,0
OTT07234,21,Female,Mobile,0,0,1,1,0,1,3,13.9,0.8,10,16,1009.82,2,4,UPI,1,Smart TV,North India,2,1
OTT07235,35,Female,Standard,0,1,0,1,1,0,3,24.7,0.8,55,5,827.32,2,0,Credit Card,0,Tablet,North India,5,1
OTT07236,60,Male,Standard,1,0,1,1,0,1,4,46.1,3.8,0,58,99.0,1,1,UPI,1,Smart TV,South India,1,0
OTT07237,37,Female,Standard,1,1,0,1,0,0,3,20.4,0.3,42,5,544.48,1,2,UPI,1,Smart TV,South India,5,0
OTT07238,18,Male,Premium,0,1,0,1,0,1,3,8.3,0.8,15,30,685.11,1,3,Net Banking,0,Mobile,Central India,4,0
OTT07239,59,Female,Mobile,1,0,0,1,0,1,3,34.6,2.3,25,14,533.01,2,0,Debit Card,1,Tablet,South India,3,0
OTT07240,48,Male,Mobile,1,1,0,1,1,1,5,26.0,2.9,17,33,977.86,2,2,UPI,1,Tablet,North India,3,0
OTT07241,32,Male,Mobile,0,1,0,0,1,1,3,6.8,0.5,26,37,775.01,5,0,Wallet,1,Mobile,East India,3,0
OTT07242,44,Female,Basic,0,0,1,1,0,0,2,21.5,3.1,10,15,115.6,4,2,Debit Card,1,Mobile,East India,4,0
OTT07243,44,Male,Standard,1,1,1,0,1,0,4,24.2,7.8,30,16,544.55,1,1,UPI,0,Laptop,South India,1,0
OTT07244,41,Male,Mobile,1,1,1,0,1,0,4,20.5,3.5,33,60,655.11,5,2,Credit Card,0,Fire TV,South India,5,0
OTT07245,59,Female,Standard,1,0,0,0,1,1,3,25.1,1.4,14,30,424.84,3,3,Credit Card,1,Tablet,South India,4,0
OTT07246,51,Male,Premium,1,1,1,1,1,1,6,26.7,1.4,6,19,839.25,3,0,Credit Card,1,Smart TV,West India,2,0
OTT07247,29,Male,Basic,1,1,0,1,1,1,5,27.8,1.8,16,31,803.98,4,2,UPI,1,Laptop,South India,3,0
OTT07248,60,Male,Mobile,0,0,0,1,1,0,2,22.4,0.7,37,39,757.31,5,0,Credit Card,1,Smart TV,South India,4,0
OTT07249,59,Female,Standard,1,1,0,1,0,1,4,36.5,1.1,2,5,853.4,4,0,Wallet,0,Smart TV,North India,3,0
OTT07250,20,Female,Standard,0,1,1,0,0,1,3,35.8,1.4,7,36,1023.93,1,1,Credit Card,0,Smart TV,West India,3,0
OTT07251,30,Female,Mobile,0,0,0,1,1,1,3,16.3,2.5,37,31,881.15,2,2,Credit Card,1,Fire TV,East India,2,0
OTT07252,44,Female,Standard,1,0,0,1,0,1,3,52.0,2.4,24,43,875.4,1,3,UPI,0,Smart TV,South India,4,0
OTT07253,55,Female,Basic,1,1,1,1,0,1,5,15.5,0.7,4,50,644.62,2,1,UPI,1,Smart TV,East India,5,0
OTT07254,48,Female,Standard,0,0,0,1,1,1,3,27.7,1.3,28,5,487.49,2,1,Net Banking,1,Laptop,South India,3,0
OTT07255,42,Female,Standard,1,0,0,0,1,1,3,29.0,0.6,51,3,1222.76,4,0,Credit Card,1,Smart TV,East India,4,0
OTT07256,31,Female,Basic,0,1,0,0,0,0,1,11.0,3.2,9,30,765.89,2,2,UPI,1,Tablet,South India,4,0
OTT07257,22,Female,Basic,0,1,0,1,0,1,3,9.3,1.2,45,34,379.86,1,1,UPI,1,Smart TV,North India,1,0
OTT07258,56,Male,Standard,1,1,1,1,1,0,5,17.3,1.9,58,14,628.2,2,1,Credit Card,1,Smart TV,South India,2,0
OTT07259,40,Male,Standard,1,1,0,0,1,1,4,33.7,1.5,33,16,552.13,4,1,Debit Card,1,Smart TV,South India,2,0
OTT07260,37,Male,Premium,0,0,0,1,0,0,1,3.6,2.3,5,8,881.73,5,1,UPI,0,Mobile,West India,3,0
OTT07261,60,Female,Standard,1,1,1,1,0,1,5,19.2,0.7,59,49,562.29,2,1,UPI,0,Mobile,East India,5,0
OTT07262,25,Female,Standard,0,1,0,1,1,1,4,10.5,0.4,12,32,218.51,3,4,Wallet,0,Laptop,West India,2,0
OTT07263,28,Female,Standard,1,0,0,1,1,0,3,38.9,0.5,48,47,813.89,5,1,Credit Card,0,Mobile,South India,1,0
OTT07264,54,Female,Standard,1,0,0,0,0,0,1,18.8,0.7,23,28,500.54,2,0,Wallet,1,Mobile,South India,2,0
OTT07265,30,Female,Basic,1,0,1,0,0,1,3,29.3,0.6,52,13,99.0,2,2,UPI,0,Fire TV,South India,3,1
OTT07266,58,Female,Basic,0,0,0,0,0,1,1,22.7,0.9,49,28,903.74,1,1,UPI,1,Smart TV,South India,3,1
OTT07267,54,Female,Standard,1,0,0,1,0,0,2,36.1,1.0,26,2,282.56,3,1,Debit Card,0,Tablet,South India,2,0
OTT07268,22,Male,Mobile,1,1,0,0,0,1,3,18.2,0.3,33,23,373.08,1,0,Credit Card,0,Fire TV,Central India,2,0
OTT07269,37,Female,Mobile,1,1,0,1,1,1,5,15.7,1.5,7,47,672.46,2,1,Credit Card,1,Laptop,West India,2,0
OTT07270,50,Male,Mobile,1,0,0,0,1,0,2,10.4,2.0,21,19,689.27,1,2,UPI,0,Laptop,West India,3,0
OTT07271,39,Male,Premium,0,1,1,1,1,1,5,26.9,0.6,53,59,498.01,1,0,Wallet,1,Smart TV,West India,2,0
OTT07272,27,Male,Standard,1,1,0,1,1,1,5,33.8,1.6,28,2,752.24,2,1,UPI,0,Mobile,East India,1,0
OTT07273,19,Male,Premium,0,0,1,0,0,0,1,12.2,0.7,18,16,884.64,2,0,UPI,1,Smart TV,South India,4,1
OTT07274,18,Male,Premium,0,0,0,1,0,1,2,22.1,3.0,52,36,392.25,1,1,Net Banking,1,Mobile,Central India,3,1
OTT07275,25,Male,Standard,1,0,1,0,1,1,4,51.5,1.9,41,18,670.26,4,2,Wallet,1,Smart TV,West India,1,1
OTT07276,29,Female,Standard,0,1,1,1,1,0,4,19.3,3.4,26,55,686.5,1,0,Credit Card,1,Smart TV,South India,3,0
OTT07277,30,Male,Basic,1,0,1,0,0,1,3,11.4,3.9,9,5,984.95,4,0,UPI,1,Smart TV,North India,5,0
OTT07278,54,Female,Standard,1,1,1,0,1,0,4,18.8,0.2,14,30,709.04,1,1,UPI,1,Tablet,South India,3,0
OTT07279,39,Male,Premium,1,1,0,1,0,0,3,18.2,1.5,23,20,133.23,2,1,UPI,1,Mobile,West India,5,0
OTT07280,24,Other,Premium,1,0,0,1,1,1,4,35.5,3.2,12,18,1295.38,5,1,Credit Card,0,Smart TV,North India,3,0
OTT07281,21,Female,Standard,0,1,1,1,1,0,4,25.3,2.7,16,4,679.47,3,1,Wallet,0,Smart TV,West India,1,1
OTT07282,23,Female,Standard,0,0,0,1,0,0,1,6.8,0.8,51,19,719.52,3,2,UPI,0,Smart TV,Central India,4,0
OTT07283,31,Female,Basic,0,1,0,0,1,0,2,40.9,1.0,42,3,617.82,3,0,Debit Card,1,Laptop,South India,1,0
OTT07284,49,Female,Basic,1,0,0,0,0,1,2,14.0,1.4,15,16,723.96,3,0,UPI,1,Tablet,West India,5,0
OTT07285,20,Male,Basic,1,1,1,1,0,1,5,10.8,3.4,33,51,766.61,1,0,Credit Card,1,Mobile,South India,5,1
OTT07286,35,Male,Mobile,1,1,0,1,1,1,5,22.7,2.7,32,27,863.65,2,1,Credit Card,1,Mobile,North India,2,0
OTT07287,37,Female,Basic,1,1,0,0,1,1,4,15.7,3.7,52,16,603.86,5,1,Debit Card,0,Mobile,North India,3,0
OTT07288,24,Male,Standard,0,1,0,0,0,0,1,37.3,3.0,42,4,99.0,5,0,Credit Card,1,Mobile,North India,5,0
OTT07289,20,Male,Mobile,0,0,1,1,0,1,3,26.2,1.5,47,18,523.66,4,2,UPI,0,Mobile,Central India,2,0
OTT07290,27,Female,Premium,0,0,0,1,0,1,2,18.9,4.9,9,15,586.39,2,0,Credit Card,1,Mobile,North India,5,1
OTT07291,24,Male,Mobile,1,0,1,1,0,0,3,14.1,0.5,25,28,453.66,2,4,UPI,1,Smart TV,North India,5,0
OTT07292,52,Female,Mobile,0,0,0,1,1,0,2,52.8,1.3,1,57,341.84,3,0,Net Banking,0,Mobile,South India,1,0
OTT07293,57,Male,Standard,1,1,1,0,1,0,4,45.6,1.4,41,3,511.29,3,1,UPI,0,Mobile,West India,4,0
OTT07294,44,Male,Basic,0,0,0,1,1,0,2,22.2,3.0,60,28,885.19,1,1,Debit Card,0,Tablet,North India,5,1
OTT07295,50,Male,Mobile,1,1,0,1,0,1,4,6.3,1.1,41,28,733.52,2,1,UPI,0,Smart TV,North India,4,0
OTT07296,50,Female,Mobile,1,1,1,1,1,1,6,18.7,4.4,49,3,266.29,5,1,Debit Card,0,Laptop,Central India,2,0
OTT07297,55,Female,Standard,1,1,1,1,0,0,4,35.1,2.2,7,16,154.33,2,1,UPI,0,Smart TV,West India,4,1
OTT07298,22,Female,Basic,0,0,0,0,1,0,1,12.7,1.2,57,1,150.58,2,4,Debit Card,1,Mobile,East India,3,0
OTT07299,60,Male,Standard,1,0,1,1,1,1,5,55.2,0.6,44,43,712.87,1,1,Credit Card,0,Laptop,North India,4,1
OTT07300,37,Male,Mobile,1,1,1,0,1,0,4,51.1,0.2,34,59,222.14,4,0,Net Banking,1,Tablet,North India,2,0
OTT07301,41,Female,Mobile,0,0,1,1,0,1,3,16.1,0.2,24,4,619.68,4,1,Debit Card,1,Smart TV,East India,1,0
OTT07302,52,Male,Mobile,1,1,1,1,0,0,4,13.6,1.3,13,47,826.27,1,3,UPI,0,Mobile,West India,5,0
OTT07303,39,Male,Mobile,1,1,1,1,0,1,5,38.3,6.1,53,32,754.3,3,2,Debit Card,0,Smart TV,South India,3,0
OTT07304,29,Male,Standard,0,1,1,0,0,1,3,30.6,2.1,31,16,546.16,2,0,Debit Card,1,Smart TV,South India,3,1
OTT07305,18,Female,Basic,1,1,0,0,0,1,3,19.8,2.5,58,39,1078.37,2,1,Credit Card,0,Mobile,Central India,3,0
OTT07306,25,Male,Standard,1,0,1,0,1,0,3,39.9,0.8,46,20,471.64,1,0,Credit Card,1,Laptop,North India,5,0
OTT07307,21,Male,Premium,0,0,0,1,0,0,1,10.2,0.8,52,60,680.02,5,1,UPI,1,Smart TV,West India,4,0
OTT07308,34,Female,Basic,0,1,1,1,0,1,4,21.4,0.3,36,46,534.75,4,1,Wallet,1,Fire TV,North India,2,0
OTT07309,51,Female,Premium,1,1,0,0,0,0,2,45.9,3.1,30,16,586.78,1,2,UPI,0,Fire TV,South India,5,0
OTT07310,32,Female,Standard,0,0,1,1,1,0,3,33.8,0.2,28,39,872.0,4,3,Debit Card,1,Smart TV,South India,2,1
OTT07311,43,Female,Standard,1,1,0,1,0,0,3,38.1,1.7,3,56,823.12,3,1,Wallet,1,Mobile,South India,1,0
OTT07312,25,Female,Premium,0,0,1,1,0,0,2,81.1,1.4,34,40,133.63,4,0,Credit Card,0,Smart TV,West India,3,0
OTT07313,43,Female,Mobile,1,0,0,1,0,1,3,28.7,1.5,26,40,353.88,5,1,Credit Card,1,Smart TV,North India,5,0
OTT07314,59,Female,Standard,1,0,0,1,1,0,3,29.1,3.5,13,23,873.4,2,1,UPI,1,Laptop,East India,5,0
OTT07315,31,Male,Standard,1,0,1,0,0,0,2,10.7,1.6,41,38,275.01,2,0,Debit Card,1,Smart TV,West India,2,0
OTT07316,38,Male,Standard,0,1,1,0,0,0,2,18.7,0.8,23,51,357.35,4,2,Credit Card,0,Smart TV,North India,4,0
OTT07317,59,Female,Basic,1,1,1,1,1,0,5,32.7,2.7,4,5,737.95,3,3,UPI,0,Smart TV,Central India,5,0
OTT07318,44,Female,Mobile,1,1,1,1,1,1,6,31.6,3.0,27,43,913.65,1,2,Credit Card,1,Smart TV,West India,4,1
OTT07319,35,Male,Premium,0,1,0,1,1,0,3,39.3,0.8,15,13,878.48,1,0,UPI,0,Tablet,East India,5,0
OTT07320,23,Female,Basic,0,1,0,0,0,1,2,24.3,0.7,46,44,190.35,1,6,UPI,1,Mobile,North India,1,1
OTT07321,58,Female,Basic,0,0,0,0,0,1,1,24.1,1.1,17,31,565.32,2,1,Debit Card,1,Mobile,West India,2,0
OTT07322,44,Male,Mobile,0,0,1,0,0,0,1,21.5,1.0,32,12,534.86,5,4,UPI,1,Fire TV,South India,2,0
OTT07323,20,Female,Standard,0,0,1,0,1,1,3,6.8,2.2,53,60,473.2,2,3,Credit Card,1,Smart TV,South India,1,1
OTT07324,41,Male,Mobile,1,0,1,1,1,1,5,11.2,1.1,27,19,200.35,3,1,UPI,0,Mobile,North India,3,0
OTT07325,59,Female,Basic,0,1,1,1,1,0,4,21.0,1.7,46,50,1024.32,4,2,Debit Card,1,Smart TV,South India,1,0
OTT07326,58,Other,Premium,0,0,0,0,1,1,2,42.7,5.9,58,22,609.36,4,0,UPI,1,Fire TV,North India,4,0
OTT07327,26,Female,Mobile,1,1,1,1,1,1,6,25.0,1.3,2,9,367.97,3,0,Debit Card,0,Smart TV,South India,4,0
OTT07328,35,Female,Basic,0,1,1,0,1,0,3,21.8,1.0,12,19,741.82,1,3,Credit Card,1,Mobile,North India,4,0
OTT07329,60,Female,Standard,1,1,0,0,0,0,2,22.9,3.6,37,59,593.81,5,0,Net Banking,1,Tablet,West India,3,0
OTT07330,51,Male,Basic,1,0,0,0,1,1,3,20.5,6.2,49,13,876.15,2,2,UPI,1,Mobile,South India,3,1
OTT07331,42,Female,Basic,1,0,0,1,0,0,2,20.3,3.8,7,50,503.78,5,0,UPI,0,Fire TV,West India,5,0
OTT07332,31,Male,Standard,1,1,1,1,1,0,5,14.8,1.4,0,41,519.59,5,2,UPI,1,Laptop,East India,3,0
OTT07333,50,Female,Standard,0,1,0,1,0,1,3,26.8,2.7,37,26,649.1,4,1,Credit Card,1,Smart TV,East India,3,1
OTT07334,42,Female,Basic,1,1,1,0,1,0,4,42.9,4.1,23,39,835.1,1,1,Debit Card,1,Laptop,South India,1,0
OTT07335,40,Female,Standard,1,0,1,0,1,0,3,23.9,1.0,3,35,367.99,4,0,Credit Card,1,Smart TV,South India,1,0
OTT07336,57,Male,Standard,0,1,1,1,1,1,5,28.3,1.8,11,33,250.75,3,2,Credit Card,1,Fire TV,South India,5,0
OTT07337,34,Male,Standard,1,0,1,1,0,1,4,25.1,0.9,50,43,786.0,4,3,Debit Card,1,Fire TV,Central India,4,1
OTT07338,44,Male,Standard,0,1,1,1,0,0,3,31.6,0.6,29,37,722.06,5,0,UPI,1,Tablet,Central India,5,0
OTT07339,19,Male,Standard,0,0,0,1,1,0,2,21.4,2.4,23,4,657.74,4,2,Net Banking,1,Tablet,East India,5,0
OTT07340,48,Male,Mobile,1,0,1,1,1,1,5,6.5,1.3,30,59,666.85,5,1,Net Banking,1,Mobile,West India,4,0
OTT07341,41,Male,Standard,1,1,0,0,1,0,3,13.8,0.7,40,60,652.27,3,0,Credit Card,1,Smart TV,North India,1,0
OTT07342,55,Female,Mobile,0,1,0,1,0,0,2,22.2,0.7,23,5,1021.74,2,1,UPI,0,Smart TV,West India,2,1
OTT07343,32,Male,Basic,1,1,1,1,1,0,5,57.3,2.9,15,1,702.58,3,0,Debit Card,1,Smart TV,West India,1,0
OTT07344,57,Female,Premium,0,0,1,0,0,0,1,14.6,2.4,3,41,589.54,1,0,UPI,0,Tablet,West India,3,0
OTT07345,42,Male,Mobile,1,0,0,0,1,0,2,16.9,2.5,59,52,353.89,3,1,Credit Card,1,Smart TV,East India,3,0
OTT07346,26,Female,Basic,1,0,1,0,1,0,3,16.3,1.0,14,49,536.63,2,3,Debit Card,1,Smart TV,North India,5,0
OTT07347,24,Female,Mobile,0,0,0,1,0,1,2,7.5,3.5,53,36,799.76,5,2,Credit Card,1,Smart TV,South India,5,0
OTT07348,26,Female,Standard,0,0,1,0,1,1,3,22.5,3.1,15,27,852.12,3,4,UPI,0,Smart TV,North India,2,0
OTT07349,30,Female,Premium,0,0,0,1,1,0,2,5.8,3.7,45,55,235.09,1,3,Net Banking,0,Tablet,South India,2,0
OTT07350,41,Female,Basic,1,0,1,0,0,0,2,27.1,0.6,28,19,892.78,4,0,UPI,1,Laptop,South India,3,0
OTT07351,55,Male,Premium,0,0,1,0,0,0,1,32.0,2.1,16,54,610.78,2,1,Credit Card,1,Laptop,East India,5,0
OTT07352,60,Female,Basic,0,1,0,0,1,0,2,5.2,2.1,25,33,1303.45,4,1,Credit Card,1,Mobile,North India,1,0
OTT07353,47,Male,Premium,1,1,1,1,1,1,6,81.1,0.9,41,33,985.34,1,0,Credit Card,1,Smart TV,West India,2,0
OTT07354,39,Female,Premium,1,0,0,0,1,1,3,8.9,1.4,12,46,592.78,2,1,Credit Card,0,Smart TV,West India,2,0
OTT07355,44,Female,Mobile,1,0,1,0,0,1,3,12.2,1.9,54,35,316.34,3,1,UPI,0,Mobile,West India,1,0
OTT07356,32,Male,Premium,1,1,0,1,0,0,3,66.0,3.6,37,52,354.0,3,4,UPI,1,Mobile,North India,1,0
OTT07357,28,Female,Basic,1,1,0,1,0,1,4,8.4,1.7,15,53,492.47,3,0,Credit Card,0,Smart TV,West India,2,0
OTT07358,41,Male,Standard,0,0,1,0,0,1,2,24.4,2.3,28,40,1144.59,2,1,UPI,1,Laptop,West India,2,0
OTT07359,53,Female,Basic,0,0,1,0,0,1,2,29.2,0.4,44,22,554.45,4,0,UPI,0,Mobile,South India,5,0
OTT07360,20,Female,Basic,1,1,0,1,0,1,4,19.5,1.2,13,39,701.27,5,1,UPI,0,Mobile,South India,4,0
OTT07361,22,Female,Premium,1,1,1,0,0,0,3,19.4,1.3,48,59,600.08,2,0,UPI,0,Mobile,South India,1,1
OTT07362,25,Female,Standard,0,1,1,0,1,1,4,28.9,3.3,4,54,585.13,1,1,UPI,1,Laptop,South India,4,0
OTT07363,27,Male,Standard,1,1,0,1,1,1,5,44.6,0.5,46,53,522.49,5,1,Credit Card,1,Smart TV,North India,5,0
OTT07364,24,Female,Premium,1,0,1,1,0,1,4,24.4,3.3,7,32,1048.91,2,1,Debit Card,1,Smart TV,North India,4,0
OTT07365,23,Female,Basic,0,0,1,0,1,0,2,59.6,0.6,48,58,881.48,3,1,Credit Card,1,Laptop,South India,4,1
OTT07366,19,Male,Mobile,0,1,0,0,0,0,1,8.4,0.9,4,22,239.73,4,0,Wallet,0,Smart TV,East India,1,0
OTT07367,32,Male,Premium,1,0,0,0,0,1,2,58.5,2.0,48,45,176.16,2,1,UPI,1,Smart TV,West India,5,0
OTT07368,49,Male,Mobile,0,1,1,1,0,1,4,18.2,1.4,2,12,867.02,5,1,Credit Card,1,Smart TV,West India,3,0
OTT07369,24,Female,Standard,1,1,1,0,1,1,5,58.2,1.2,30,18,941.33,1,0,UPI,1,Laptop,South India,4,0
OTT07370,31,Female,Mobile,1,1,0,1,1,1,5,33.1,1.1,5,9,381.11,2,2,Net Banking,0,Smart TV,South India,3,0
OTT07371,59,Male,Basic,0,1,0,1,0,0,2,12.6,1.9,9,23,519.53,1,1,Credit Card,1,Smart TV,North India,2,0
OTT07372,25,Male,Basic,1,1,1,1,1,0,5,27.2,1.9,20,23,948.4,2,1,Wallet,0,Mobile,East India,1,0
OTT07373,60,Male,Basic,0,0,1,1,1,0,3,6.3,1.0,55,15,819.56,3,1,Debit Card,1,Mobile,South India,2,0
OTT07374,40,Male,Basic,0,1,1,1,1,0,4,15.1,1.1,32,2,641.99,4,2,Wallet,0,Tablet,West India,4,0
OTT07375,49,Male,Mobile,1,1,0,0,0,1,3,19.6,1.4,13,22,801.77,4,1,UPI,0,Smart TV,Central India,1,0
OTT07376,31,Female,Mobile,1,0,1,0,0,0,2,22.7,1.6,28,39,572.5,5,0,UPI,0,Tablet,Central India,2,0
OTT07377,31,Male,Standard,0,0,0,1,0,0,1,45.4,0.2,3,52,529.21,1,1,Credit Card,0,Smart TV,South India,3,0
OTT07378,34,Female,Basic,1,1,1,1,1,1,6,16.7,0.9,54,53,941.59,3,0,Credit Card,1,Mobile,South India,3,0
OTT07379,23,Male,Mobile,0,1,1,0,1,0,3,13.6,1.0,50,23,457.29,2,1,Credit Card,0,Mobile,North India,3,0
OTT07380,31,Female,Mobile,0,1,0,0,0,1,2,13.1,1.4,55,39,512.09,5,1,UPI,1,Mobile,East India,1,0
OTT07381,56,Male,Basic,0,1,0,0,1,0,2,26.3,1.9,11,5,1119.04,1,1,Debit Card,1,Fire TV,South India,1,0
OTT07382,18,Male,Basic,1,1,0,0,0,1,3,36.0,0.9,11,59,403.04,5,3,UPI,1,Laptop,West India,4,0
OTT07383,42,Male,Basic,1,1,1,1,1,0,5,15.5,1.3,6,19,1110.23,4,1,Debit Card,0,Tablet,North India,4,0
OTT07384,47,Female,Mobile,0,0,0,1,0,0,1,26.4,0.3,52,56,693.31,2,3,UPI,1,Smart TV,South India,3,0
OTT07385,24,Female,Premium,0,0,1,0,0,0,1,2.4,3.7,36,27,645.26,3,0,Debit Card,0,Mobile,South India,3,0
OTT07386,22,Male,Basic,0,1,1,1,1,0,4,17.4,0.5,34,36,789.86,2,1,UPI,1,Mobile,West India,5,0
OTT07387,41,Female,Basic,1,0,1,1,0,0,3,7.0,4.7,34,32,878.8,5,0,UPI,1,Mobile,North India,1,0
OTT07388,27,Female,Standard,1,0,0,0,1,0,2,55.2,1.8,45,8,1025.55,1,0,Credit Card,0,Smart TV,North India,2,1
OTT07389,60,Male,Basic,0,0,0,0,0,1,1,56.3,2.7,56,19,581.1,5,2,UPI,0,Smart TV,South India,5,0
OTT07390,26,Female,Mobile,1,0,0,1,0,0,2,25.9,1.5,48,12,768.61,1,2,Credit Card,1,Laptop,Central India,2,1
OTT07391,23,Male,Basic,1,1,0,0,0,0,2,8.0,1.9,15,42,518.86,5,1,UPI,1,Mobile,North India,5,0
OTT07392,32,Female,Standard,0,0,1,0,0,0,1,9.4,1.9,24,22,490.73,3,3,Wallet,1,Smart TV,West India,5,0
OTT07393,32,Female,Premium,0,1,0,0,0,1,2,25.0,2.9,59,51,677.91,5,1,Debit Card,0,Smart TV,North India,5,0
OTT07394,24,Male,Basic,0,1,0,1,1,1,4,24.5,2.1,25,11,849.75,1,1,UPI,1,Fire TV,South India,1,0
OTT07395,46,Female,Premium,0,1,1,1,1,1,5,6.4,0.5,47,32,385.81,1,1,Credit Card,0,Laptop,Central India,5,1
OTT07396,32,Male,Standard,1,1,0,1,1,1,5,16.4,0.4,46,25,196.52,4,1,Net Banking,1,Laptop,North India,1,0
OTT07397,40,Female,Standard,1,0,0,0,1,1,3,21.5,0.7,59,4,357.5,4,3,UPI,1,Laptop,West India,5,0
OTT07398,28,Female,Mobile,0,1,1,0,0,0,2,46.1,1.5,50,60,509.37,3,2,UPI,1,Mobile,North India,1,0
OTT07399,22,Female,Premium,1,1,1,1,1,1,6,30.1,2.9,37,38,1003.82,5,0,Credit Card,1,Smart TV,North India,2,0
OTT07400,20,Male,Basic,1,0,1,1,0,1,4,17.3,0.9,26,60,407.5,5,0,Debit Card,1,Mobile,North India,1,0
OTT07401,20,Male,Basic,0,1,0,0,1,1,3,48.3,0.5,1,5,782.59,4,2,Credit Card,1,Mobile,South India,1,0
OTT07402,55,Female,Standard,1,0,0,1,0,0,2,53.6,0.6,15,46,961.09,4,0,Credit Card,1,Tablet,North India,3,0
OTT07403,29,Female,Premium,0,0,1,1,0,0,2,35.3,4.9,27,47,427.81,1,0,Credit Card,0,Fire TV,East India,5,1
OTT07404,31,Female,Basic,1,0,1,0,1,0,3,7.9,2.8,40,37,1024.29,2,1,Credit Card,1,Mobile,North India,3,0
OTT07405,42,Male,Basic,1,0,0,0,1,1,3,20.1,0.6,58,8,804.89,3,3,UPI,1,Tablet,West India,5,1
OTT07406,22,Female,Premium,0,0,0,0,0,1,1,16.5,1.2,47,52,372.36,2,4,UPI,1,Smart TV,North India,3,0
OTT07407,43,Female,Standard,1,1,1,1,1,1,6,15.0,1.6,10,32,533.17,3,2,Credit Card,1,Smart TV,North India,5,0
OTT07408,40,Female,Standard,1,1,0,0,1,0,3,49.4,2.1,46,58,421.48,2,0,Credit Card,0,Smart TV,South India,2,0
OTT07409,52,Male,Basic,0,1,1,0,0,1,3,52.3,7.2,55,4,570.87,5,0,Debit Card,1,Smart TV,South India,4,0
OTT07410,23,Male,Basic,0,0,0,0,1,1,2,17.0,1.5,23,51,754.17,3,0,Wallet,1,Laptop,North India,1,0
OTT07411,18,Male,Premium,1,0,1,0,1,1,4,19.4,0.8,14,20,460.22,3,0,Net Banking,1,Laptop,South India,3,0
OTT07412,51,Female,Mobile,1,1,0,0,1,1,4,9.2,3.8,11,40,745.87,4,1,UPI,1,Smart TV,Central India,2,0
OTT07413,33,Female,Standard,0,0,0,0,0,1,1,46.2,5.3,7,28,692.16,5,0,Net Banking,0,Smart TV,West India,4,0
OTT07414,20,Female,Standard,1,1,0,0,0,1,3,40.0,1.3,30,30,344.99,2,1,UPI,1,Tablet,North India,2,0
OTT07415,41,Male,Premium,0,0,1,1,1,1,4,14.3,2.2,57,4,747.2,1,2,Wallet,1,Mobile,West India,3,0
OTT07416,37,Female,Standard,1,1,0,1,0,1,4,15.4,1.5,17,23,943.59,1,3,UPI,1,Smart TV,East India,4,0
OTT07417,58,Female,Basic,0,1,1,0,0,0,2,29.0,2.2,3,3,575.78,4,1,Debit Card,1,Smart TV,North India,2,0
OTT07418,58,Male,Standard,1,0,1,1,1,1,5,28.7,2.6,19,27,848.94,3,1,Debit Card,0,Laptop,North India,1,0
OTT07419,41,Male,Premium,1,1,0,0,1,0,3,23.0,1.9,2,54,356.36,4,1,UPI,1,Mobile,North India,4,0
OTT07420,24,Male,Premium,0,0,1,0,0,0,1,38.2,3.5,41,10,1074.16,2,0,UPI,1,Mobile,East India,1,1
OTT07421,50,Female,Basic,0,0,0,0,1,0,1,31.5,1.8,6,4,812.88,5,2,Debit Card,1,Smart TV,East India,4,0
OTT07422,26,Male,Basic,0,0,0,1,1,0,2,26.6,0.8,19,16,840.63,2,0,Credit Card,1,Smart TV,North India,5,0
OTT07423,54,Male,Standard,0,0,1,0,1,0,2,16.5,3.3,45,21,458.34,4,0,Credit Card,0,Smart TV,South India,4,1
OTT07424,43,Female,Standard,1,0,1,0,1,0,3,32.0,3.5,48,46,841.38,2,1,UPI,0,Smart TV,West India,2,0
OTT07425,33,Female,Mobile,1,0,1,0,1,1,4,26.5,0.2,0,8,759.55,3,1,Debit Card,1,Smart TV,West India,4,0
OTT07426,60,Female,Mobile,0,1,0,0,0,1,2,17.4,5.7,23,39,851.78,3,0,Credit Card,1,Mobile,South India,4,0
OTT07427,40,Female,Mobile,1,1,1,1,1,1,6,18.3,0.7,19,9,1008.1,3,2,Debit Card,1,Mobile,North India,1,0
OTT07428,34,Female,Mobile,0,1,0,0,1,0,2,14.2,1.3,10,19,507.79,3,1,UPI,1,Smart TV,South India,3,0
OTT07429,26,Female,Basic,1,0,1,0,1,0,3,25.1,1.2,14,23,1008.03,5,1,UPI,1,Fire TV,South India,5,0
OTT07430,45,Female,Premium,1,1,1,0,1,1,5,35.5,0.9,27,31,857.98,5,0,UPI,1,Smart TV,East India,2,0
OTT07431,29,Male,Standard,1,1,0,0,1,1,4,10.9,2.0,48,10,316.45,2,1,UPI,1,Laptop,West India,1,0
OTT07432,24,Female,Mobile,1,0,1,0,1,1,4,17.8,0.5,21,23,1107.97,2,1,UPI,1,Mobile,South India,3,0
OTT07433,23,Female,Standard,1,1,1,0,0,1,4,36.7,1.7,19,19,498.18,2,2,Credit Card,1,Mobile,South India,4,0
OTT07434,45,Female,Basic,1,0,0,0,1,0,2,19.6,2.7,19,15,704.3,2,1,UPI,0,Smart TV,West India,1,1
OTT07435,57,Male,Standard,0,0,0,1,0,0,1,23.3,1.5,54,34,716.42,4,0,Debit Card,0,Smart TV,North India,3,0
OTT07436,28,Male,Premium,0,1,0,1,1,0,3,12.7,3.8,12,7,380.33,2,0,Debit Card,1,Mobile,South India,5,0
OTT07437,27,Male,Mobile,0,0,0,0,0,1,1,11.9,0.5,46,60,890.66,4,2,Credit Card,1,Smart TV,West India,3,0
OTT07438,44,Male,Premium,0,1,1,0,0,0,2,17.3,1.1,14,32,525.9,5,1,Debit Card,1,Laptop,South India,3,0
OTT07439,24,Male,Mobile,1,0,0,0,0,1,2,20.4,0.8,48,54,291.65,1,1,Credit Card,1,Smart TV,South India,4,0
OTT07440,21,Male,Standard,1,1,0,1,1,1,5,28.4,2.6,45,38,419.31,1,2,Credit Card,1,Laptop,North India,3,0
OTT07441,45,Male,Premium,1,1,1,1,1,0,5,49.2,1.6,14,43,141.07,3,1,UPI,1,Smart TV,North India,1,0
OTT07442,40,Female,Standard,1,1,0,0,1,1,4,11.8,1.2,46,1,275.58,1,2,Credit Card,1,Laptop,North India,1,1
OTT07443,19,Female,Mobile,1,0,1,1,1,0,4,8.4,2.8,11,53,926.02,5,1,UPI,0,Mobile,West India,3,0
OTT07444,28,Female,Basic,1,0,0,0,0,1,2,7.8,4.4,25,3,219.97,5,1,Debit Card,1,Mobile,Central India,5,0
OTT07445,26,Male,Mobile,0,0,0,0,1,0,1,24.8,2.1,21,14,745.03,4,0,Net Banking,1,Smart TV,Central India,5,0
OTT07446,47,Male,Mobile,0,1,1,1,0,1,4,28.6,3.1,17,12,485.8,2,2,Wallet,1,Mobile,East India,4,0
OTT07447,46,Male,Mobile,0,0,1,1,1,1,4,15.0,0.2,35,53,951.52,2,2,Debit Card,0,Laptop,North India,4,1
OTT07448,50,Female,Mobile,0,1,1,0,0,1,3,23.9,2.2,38,46,643.05,4,2,Debit Card,1,Smart TV,South India,1,0
OTT07449,22,Male,Standard,1,0,1,0,1,0,3,38.6,6.5,52,19,311.75,4,2,Debit Card,1,Smart TV,South India,4,1
OTT07450,54,Female,Mobile,1,0,1,0,1,0,3,19.5,2.2,40,45,812.64,3,1,Credit Card,0,Smart TV,West India,4,0
OTT07451,27,Male,Basic,0,0,1,0,1,0,2,18.5,2.3,21,15,541.63,2,0,Net Banking,1,Laptop,South India,2,0
OTT07452,60,Male,Standard,1,0,1,0,0,0,2,10.6,2.0,33,26,836.35,1,1,Net Banking,1,Smart TV,West India,4,1
OTT07453,55,Male,Mobile,0,1,0,0,1,1,3,27.7,1.4,29,30,739.58,2,0,Credit Card,0,Laptop,South India,2,0
OTT07454,37,Male,Standard,1,1,0,0,1,0,3,14.1,1.2,46,60,352.96,5,3,Debit Card,1,Laptop,East India,3,0
OTT07455,51,Male,Standard,1,1,1,1,1,1,6,31.6,1.5,40,4,612.24,3,1,Debit Card,1,Smart TV,West India,3,0
OTT07456,46,Female,Standard,1,0,1,1,0,0,3,19.2,2.1,25,31,488.73,3,2,UPI,0,Mobile,South India,2,0
OTT07457,51,Male,Basic,0,1,1,1,1,0,4,20.4,0.7,31,31,576.08,3,1,Wallet,1,Laptop,South India,4,0
OTT07458,18,Male,Standard,1,0,1,1,0,1,4,6.6,1.5,39,40,609.75,3,0,Credit Card,1,Smart TV,North India,2,0
OTT07459,21,Male,Standard,0,0,1,0,0,0,1,39.3,3.0,29,24,202.08,5,1,UPI,1,Laptop,North India,3,0
OTT07460,56,Other,Standard,1,0,1,0,1,1,4,34.6,1.5,31,33,731.78,1,1,Credit Card,1,Laptop,North India,4,0
OTT07461,51,Female,Standard,1,1,1,0,0,0,3,13.9,1.2,20,4,555.59,4,2,Wallet,0,Mobile,West India,4,0
OTT07462,44,Female,Premium,0,1,1,1,0,0,3,31.9,2.1,19,56,290.84,3,1,Credit Card,1,Fire TV,North India,4,0
OTT07463,31,Female,Basic,0,0,0,0,1,0,1,11.6,0.4,46,54,322.44,4,2,Wallet,1,Smart TV,North India,4,0
OTT07464,36,Female,Basic,1,1,1,1,0,1,5,32.2,1.4,8,8,161.39,1,0,Credit Card,1,Mobile,Central India,1,0
OTT07465,34,Male,Standard,1,1,1,1,1,1,6,28.9,0.6,19,12,1193.93,5,0,UPI,1,Smart TV,North India,3,0
OTT07466,36,Female,Standard,0,0,0,1,0,0,1,47.3,1.8,11,4,638.56,5,0,UPI,0,Mobile,East India,4,1
OTT07467,45,Female,Standard,0,1,1,0,0,0,2,28.4,1.1,12,39,751.67,4,0,UPI,1,Smart TV,West India,3,0
OTT07468,50,Male,Mobile,0,0,0,1,1,0,2,13.1,2.1,29,34,1050.87,3,1,UPI,1,Mobile,North India,3,1
OTT07469,34,Male,Mobile,1,0,1,1,0,1,4,24.0,1.4,10,37,1412.33,2,0,UPI,0,Mobile,North India,3,0
OTT07470,53,Female,Standard,1,0,1,0,0,1,3,18.9,2.3,12,40,448.88,5,1,UPI,0,Fire TV,South India,4,0
OTT07471,21,Male,Standard,1,0,0,0,1,0,2,45.9,1.7,55,28,501.74,4,2,UPI,1,Smart TV,North India,1,0
OTT07472,52,Male,Basic,1,0,1,1,1,0,4,8.8,0.6,58,51,365.99,2,1,Credit Card,1,Mobile,East India,2,0
OTT07473,47,Male,Premium,0,0,1,0,1,0,2,23.4,0.7,27,14,605.4,5,1,Credit Card,1,Smart TV,West India,1,0
OTT07474,39,Male,Standard,0,1,1,1,0,0,3,12.8,0.5,22,30,141.53,3,0,Debit Card,1,Smart TV,West India,3,0
OTT07475,34,Female,Standard,0,0,0,1,1,1,3,52.3,1.9,34,16,1014.02,5,1,UPI,1,Mobile,South India,1,0
OTT07476,33,Female,Premium,1,1,0,1,0,0,3,24.9,1.2,9,11,788.14,1,2,Debit Card,0,Mobile,West India,2,0
OTT07477,33,Female,Basic,0,1,1,0,1,0,3,29.9,1.2,16,19,590.2,3,1,UPI,1,Mobile,South India,4,0
OTT07478,58,Male,Basic,0,0,0,1,0,1,2,19.0,2.8,56,22,238.94,1,3,UPI,1,Laptop,East India,4,1
OTT07479,19,Male,Mobile,0,1,0,1,1,0,3,32.5,3.1,3,3,1051.27,4,1,Credit Card,0,Smart TV,South India,3,0
OTT07480,45,Female,Basic,0,1,1,1,1,1,5,13.2,1.7,51,47,524.75,4,3,UPI,0,Tablet,West India,2,0
OTT07481,60,Female,Mobile,1,0,0,0,1,1,3,13.7,0.6,54,5,1134.85,3,2,UPI,1,Mobile,South India,1,0
OTT07482,41,Male,Standard,1,1,0,1,1,1,5,45.5,1.7,15,18,564.72,1,0,UPI,0,Smart TV,East India,2,0
OTT07483,45,Female,Standard,0,1,1,0,0,1,3,72.0,3.4,30,22,669.53,4,1,UPI,1,Mobile,North India,5,0
OTT07484,43,Female,Basic,1,1,0,1,1,0,4,7.1,0.9,40,52,299.48,5,0,Debit Card,1,Tablet,East India,4,0
OTT07485,39,Female,Standard,0,0,0,1,0,1,2,15.9,2.8,11,37,987.15,4,0,Debit Card,0,Fire TV,South India,5,0
OTT07486,45,Male,Standard,1,1,0,1,1,0,4,38.4,3.2,44,8,180.7,5,0,UPI,1,Mobile,South India,4,0
OTT07487,56,Male,Standard,0,1,1,0,0,0,2,28.8,3.5,55,33,866.7,3,1,Credit Card,1,Laptop,South India,1,0
OTT07488,48,Female,Premium,0,0,0,0,1,0,1,14.3,1.8,30,26,1035.94,2,3,Wallet,1,Laptop,East India,3,1
OTT07489,54,Female,Basic,1,1,0,0,0,0,2,18.4,2.1,52,16,183.66,1,0,Credit Card,1,Fire TV,South India,1,1
OTT07490,41,Female,Basic,0,0,1,0,0,0,1,14.9,0.9,35,43,910.39,5,2,Debit Card,1,Mobile,South India,4,0
OTT07491,51,Female,Premium,0,1,1,1,1,1,5,31.1,1.0,1,4,1052.63,5,2,UPI,1,Smart TV,North India,2,0
OTT07492,55,Male,Mobile,1,1,1,1,1,1,6,14.2,1.4,51,22,770.87,5,1,Credit Card,1,Tablet,North India,5,0
OTT07493,27,Female,Standard,0,1,1,1,1,0,4,18.6,0.2,30,50,814.41,1,0,UPI,1,Tablet,East India,3,0
OTT07494,54,Female,Mobile,0,0,0,0,0,1,1,34.2,0.5,29,40,757.46,1,2,Credit Card,0,Fire TV,South India,2,1
OTT07495,47,Other,Basic,1,1,1,1,0,1,5,26.4,2.1,14,10,668.77,1,0,Credit Card,1,Smart TV,East India,4,0
OTT07496,37,Female,Standard,1,1,0,0,1,1,4,41.2,3.3,27,60,363.09,5,1,Debit Card,1,Mobile,South India,2,0
OTT07497,51,Male,Standard,1,0,0,0,1,0,2,13.9,1.0,28,46,634.77,4,6,Credit Card,1,Laptop,North India,4,1
OTT07498,25,Female,Mobile,0,0,1,0,1,1,3,18.2,0.4,45,3,565.15,5,1,Debit Card,1,Smart TV,West India,2,0
OTT07499,48,Female,Premium,0,0,1,1,1,1,4,13.0,1.9,35,53,1175.76,5,2,Credit Card,0,Smart TV,West India,3,0
OTT07500,42,Male,Premium,0,0,0,1,0,0,1,16.6,1.1,57,2,631.25,2,1,Wallet,1,Tablet,East India,2,1
OTT07501,56,Female,Standard,1,0,1,0,0,1,3,9.6,1.3,16,30,641.13,5,1,Net Banking,1,Fire TV,South India,4,0
OTT07502,44,Male,Premium,1,1,1,0,1,0,4,4.3,1.3,56,37,702.94,4,0,Credit Card,0,Laptop,Central India,4,1
OTT07503,40,Male,Premium,0,1,1,0,0,0,2,8.6,0.9,43,17,776.3,5,1,Credit Card,0,Fire TV,North India,3,0
OTT07504,40,Female,Standard,0,1,0,1,0,1,3,35.0,0.7,37,58,433.04,2,1,Wallet,1,Laptop,South India,3,0
OTT07505,41,Male,Standard,1,1,0,1,0,0,3,9.1,4.7,39,48,916.28,3,2,Credit Card,1,Laptop,South India,4,0
OTT07506,56,Female,Standard,1,0,0,1,1,1,4,28.1,2.7,33,30,627.43,3,1,UPI,0,Laptop,South India,1,0
OTT07507,51,Male,Premium,1,1,1,1,1,1,6,17.1,2.5,5,28,855.68,5,2,Credit Card,0,Smart TV,North India,5,0
OTT07508,21,Female,Standard,1,1,1,1,0,1,5,18.9,0.1,38,28,397.28,3,0,UPI,1,Tablet,North India,1,0
OTT07509,40,Female,Basic,0,0,1,1,1,0,3,9.8,0.6,15,27,611.91,2,1,Credit Card,0,Smart TV,North India,5,0
OTT07510,30,Female,Basic,1,0,1,1,0,0,3,15.3,2.4,3,14,1066.38,1,2,Net Banking,1,Tablet,South India,1,0
OTT07511,25,Male,Standard,1,0,0,0,1,1,3,25.1,0.4,23,40,1207.27,5,1,UPI,1,Laptop,North India,2,0
OTT07512,55,Female,Premium,0,1,0,0,1,1,3,9.2,1.5,54,22,837.71,5,0,UPI,1,Smart TV,North India,2,0
OTT07513,54,Male,Basic,1,0,0,0,0,0,1,14.7,1.6,4,46,337.06,5,3,UPI,1,Laptop,West India,5,0
OTT07514,58,Female,Premium,1,1,1,0,1,0,4,22.9,1.1,2,1,134.56,5,3,UPI,0,Mobile,West India,4,0
OTT07515,34,Male,Basic,0,1,1,0,1,1,4,28.5,2.0,22,11,837.54,5,1,UPI,1,Mobile,South India,1,0
OTT07516,36,Male,Basic,0,1,1,0,1,0,3,19.3,0.9,4,32,1205.13,5,0,Net Banking,1,Laptop,East India,2,0
OTT07517,51,Female,Premium,1,0,1,1,1,1,5,53.2,0.9,2,18,541.84,5,1,UPI,1,Mobile,North India,5,0
OTT07518,26,Male,Premium,0,0,1,1,1,1,4,22.3,0.6,2,49,597.46,3,0,Wallet,0,Tablet,North India,3,0
OTT07519,20,Male,Standard,1,1,0,0,1,0,3,32.0,3.5,47,39,727.77,4,0,Credit Card,0,Mobile,North India,2,0
OTT07520,36,Male,Premium,0,0,0,0,0,1,1,25.2,0.7,44,47,1355.3,2,2,UPI,1,Mobile,South India,4,0
OTT07521,45,Male,Premium,0,0,0,0,0,1,1,17.4,1.0,13,46,704.08,4,1,UPI,1,Smart TV,South India,5,0
OTT07522,37,Other,Premium,0,1,1,0,0,0,2,6.1,1.4,17,27,708.9,4,2,Credit Card,1,Mobile,West India,4,0
OTT07523,27,Female,Premium,0,0,1,1,0,1,3,34.3,1.1,44,6,546.77,3,0,Debit Card,1,Laptop,East India,5,1
OTT07524,40,Male,Basic,0,0,1,0,0,1,2,34.1,3.6,24,27,681.89,4,2,Credit Card,1,Mobile,North India,3,0
OTT07525,58,Female,Mobile,1,0,1,0,0,0,2,52.1,2.8,22,15,968.86,3,2,Net Banking,0,Tablet,South India,2,0
OTT07526,29,Female,Mobile,0,1,0,0,0,1,2,17.5,1.4,15,41,471.2,5,4,UPI,1,Laptop,East India,5,0
OTT07527,35,Female,Mobile,0,0,1,1,1,1,4,63.0,1.4,29,58,920.26,1,0,Wallet,1,Smart TV,South India,5,0
OTT07528,31,Female,Basic,0,1,1,0,1,1,4,33.0,0.8,56,57,932.38,5,0,Wallet,1,Smart TV,South India,2,0
OTT07529,30,Male,Mobile,1,0,0,1,1,0,3,41.3,0.1,13,45,430.83,4,2,UPI,1,Smart TV,West India,3,0
OTT07530,46,Male,Basic,1,0,1,0,0,0,2,10.2,0.4,60,45,876.16,2,2,UPI,1,Mobile,South India,2,1
OTT07531,34,Female,Standard,0,1,0,0,0,0,1,23.5,3.5,13,58,1228.44,1,0,UPI,0,Mobile,North India,4,0
OTT07532,44,Female,Mobile,0,0,0,1,0,0,1,47.7,2.1,26,30,310.78,3,1,Credit Card,0,Smart TV,South India,3,0
OTT07533,18,Female,Basic,0,1,1,1,0,0,3,10.1,0.9,31,1,611.15,5,0,Credit Card,1,Mobile,South India,1,0
OTT07534,46,Male,Basic,0,0,0,0,0,1,1,2.3,1.9,49,55,724.76,3,1,Wallet,1,Mobile,West India,2,0
OTT07535,22,Female,Mobile,0,1,0,0,1,0,2,16.6,5.6,45,34,760.81,2,3,Net Banking,1,Fire TV,South India,1,0
OTT07536,34,Male,Standard,1,1,1,1,1,1,6,53.6,2.3,15,60,386.49,5,0,Credit Card,1,Mobile,South India,3,0
OTT07537,55,Female,Premium,1,0,0,1,0,1,3,43.6,0.6,45,49,301.66,4,3,Debit Card,1,Smart TV,South India,5,0
OTT07538,32,Male,Standard,0,0,1,1,1,1,4,22.1,1.3,39,44,445.36,3,2,Debit Card,1,Laptop,Central India,2,0
OTT07539,48,Female,Standard,0,0,1,0,1,0,2,14.9,2.0,2,25,679.93,3,1,Net Banking,0,Mobile,West India,2,1
OTT07540,33,Other,Premium,1,0,1,0,0,0,2,30.2,3.3,8,55,520.62,1,0,UPI,0,Smart TV,South India,1,0
OTT07541,56,Male,Standard,1,1,0,1,1,1,5,43.7,1.5,23,55,895.4,5,2,UPI,1,Mobile,East India,1,0
OTT07542,58,Female,Mobile,1,1,1,0,0,0,3,33.0,1.3,52,57,990.4,3,0,Credit Card,1,Mobile,West India,1,0
OTT07543,57,Female,Basic,1,0,1,0,1,1,4,47.2,0.9,49,33,411.13,5,0,Net Banking,1,Mobile,West India,4,0
OTT07544,34,Male,Standard,1,1,1,1,1,1,6,47.4,0.5,26,35,744.91,2,1,UPI,0,Tablet,North India,2,0
OTT07545,31,Male,Standard,1,0,1,0,0,1,3,28.6,2.5,20,42,679.49,1,2,Credit Card,1,Fire TV,West India,5,0
OTT07546,44,Female,Premium,0,0,1,0,1,0,2,34.0,1.2,44,18,1364.2,1,3,Credit Card,0,Mobile,North India,5,1
OTT07547,53,Male,Mobile,1,1,0,0,1,0,3,25.2,0.4,3,9,533.13,4,1,UPI,1,Mobile,South India,3,0
OTT07548,40,Male,Premium,0,0,0,0,1,0,1,6.6,0.8,39,44,766.54,5,2,UPI,1,Mobile,East India,1,0
OTT07549,49,Female,Standard,1,0,0,0,0,0,1,25.6,1.7,39,26,1210.31,4,2,Net Banking,0,Mobile,West India,1,1
OTT07550,55,Female,Premium,1,0,0,0,0,0,1,10.3,1.5,47,10,99.0,4,0,UPI,1,Tablet,South India,3,0
OTT07551,50,Female,Standard,1,1,1,0,1,1,5,9.3,2.2,58,57,1065.46,3,2,Credit Card,1,Mobile,West India,2,0
OTT07552,33,Female,Basic,1,1,0,1,0,1,4,38.4,1.0,23,21,478.95,1,0,Debit Card,1,Laptop,South India,3,1
OTT07553,28,Female,Basic,0,1,1,0,0,0,2,16.0,1.4,57,38,244.9,3,2,Wallet,1,Smart TV,West India,1,1
OTT07554,36,Female,Basic,0,1,1,0,0,0,2,19.8,0.4,36,24,739.6,2,2,UPI,0,Smart TV,West India,2,1
OTT07555,42,Male,Basic,1,1,0,1,1,0,4,12.2,0.9,20,24,708.73,1,1,Credit Card,0,Laptop,West India,5,0
OTT07556,54,Male,Premium,1,1,1,1,1,0,5,13.5,2.8,37,51,824.99,2,3,Credit Card,0,Mobile,South India,4,0
OTT07557,30,Female,Basic,0,0,1,0,1,0,2,21.5,1.7,8,50,863.13,4,0,Wallet,1,Smart TV,East India,1,0
OTT07558,24,Female,Basic,0,0,0,1,0,1,2,26.6,1.2,12,27,622.47,5,1,Debit Card,1,Mobile,North India,2,0
OTT07559,31,Male,Basic,1,0,1,1,1,1,5,20.8,2.4,18,31,1144.64,2,1,Credit Card,1,Laptop,South India,4,0
OTT07560,43,Female,Standard,1,1,1,1,1,0,5,29.7,1.8,11,38,1042.66,4,0,Debit Card,0,Laptop,East India,3,0
OTT07561,27,Female,Basic,1,1,1,1,0,1,5,35.1,2.9,50,7,779.01,5,1,Wallet,1,Laptop,West India,3,0
OTT07562,35,Male,Mobile,0,1,0,0,1,0,2,7.6,0.5,43,52,753.3,1,0,UPI,1,Mobile,West India,4,0
OTT07563,29,Male,Premium,0,0,1,0,0,1,2,30.7,1.9,49,34,984.68,2,1,UPI,1,Laptop,West India,4,1
OTT07564,60,Male,Basic,1,0,0,0,1,1,3,25.6,1.7,14,9,665.71,1,0,UPI,1,Smart TV,East India,5,0
OTT07565,40,Female,Premium,1,0,0,0,1,0,2,25.3,2.7,3,41,309.52,1,2,Debit Card,1,Mobile,North India,3,0
OTT07566,49,Male,Mobile,1,1,0,1,1,1,5,10.7,0.8,38,41,624.27,5,0,Credit Card,1,Laptop,East India,3,0
OTT07567,40,Male,Standard,0,0,0,0,1,0,1,17.9,2.1,25,37,559.34,5,3,UPI,0,Mobile,Central India,4,0
OTT07568,18,Male,Standard,1,0,1,0,1,0,3,32.1,0.1,58,41,692.9,5,0,Debit Card,0,Laptop,South India,3,0
OTT07569,29,Female,Mobile,1,0,1,1,1,1,5,9.7,2.6,12,51,323.28,4,2,Debit Card,1,Laptop,East India,3,0
OTT07570,54,Male,Standard,1,1,1,1,1,1,6,69.7,2.2,16,34,360.03,5,4,Debit Card,1,Laptop,South India,2,0
OTT07571,39,Male,Basic,1,1,1,0,0,1,4,38.5,0.7,22,7,976.99,4,1,Net Banking,1,Mobile,North India,5,0
OTT07572,48,Male,Basic,0,1,1,1,1,1,5,12.7,1.4,53,55,675.8,1,3,Debit Card,1,Smart TV,East India,1,1
OTT07573,50,Male,Premium,1,0,0,0,0,0,1,18.8,0.6,59,27,576.6,3,0,Debit Card,1,Mobile,East India,4,0
OTT07574,42,Male,Premium,0,0,1,1,0,0,2,8.9,1.7,32,32,536.07,2,2,UPI,1,Fire TV,West India,1,0
OTT07575,42,Female,Mobile,0,1,0,0,0,0,1,39.3,2.5,14,18,612.88,1,2,Net Banking,0,Fire TV,South India,1,0
OTT07576,28,Female,Standard,1,1,1,1,1,1,6,20.9,2.4,35,10,704.07,1,2,UPI,1,Laptop,North India,4,0
OTT07577,28,Male,Mobile,0,1,1,1,1,1,5,26.1,1.9,2,56,193.93,5,0,Wallet,1,Smart TV,South India,4,0
OTT07578,24,Female,Mobile,0,0,0,1,0,0,1,23.1,0.4,16,41,545.46,5,2,Credit Card,1,Fire TV,Central India,5,0
OTT07579,30,Male,Mobile,1,0,0,0,0,0,1,33.3,2.1,24,26,712.78,5,1,Credit Card,1,Laptop,South India,2,0
OTT07580,45,Female,Standard,0,1,1,0,0,1,3,12.5,2.0,56,26,616.15,3,1,UPI,1,Mobile,East India,5,0
OTT07581,57,Male,Standard,0,1,1,0,0,0,2,80.0,2.4,5,21,169.83,2,1,UPI,1,Laptop,South India,1,0
OTT07582,36,Female,Standard,1,1,1,1,1,0,5,33.3,0.8,43,60,664.61,5,2,UPI,1,Smart TV,West India,5,0
OTT07583,43,Female,Premium,0,0,1,0,1,0,2,35.7,1.0,15,17,647.78,1,5,Debit Card,1,Mobile,East India,5,0
OTT07584,55,Female,Standard,1,1,1,1,0,0,4,27.4,5.0,43,49,463.59,3,2,Debit Card,1,Smart TV,South India,2,0
OTT07585,47,Male,Mobile,1,0,1,1,0,0,3,12.4,0.5,26,1,399.01,4,1,UPI,1,Laptop,North India,1,0
OTT07586,29,Female,Basic,1,1,0,1,0,0,3,18.9,1.8,52,9,714.02,1,1,Wallet,0,Mobile,East India,5,0
OTT07587,30,Female,Standard,0,0,0,0,1,1,2,17.4,0.7,6,14,688.85,2,2,Wallet,1,Laptop,North India,1,0
OTT07588,45,Female,Basic,1,1,1,1,1,1,6,43.1,1.3,6,23,788.35,2,1,UPI,1,Mobile,South India,3,0
OTT07589,30,Male,Mobile,0,1,0,0,1,1,3,13.3,1.4,37,29,1241.17,5,1,Wallet,1,Smart TV,North India,5,0
OTT07590,28,Male,Mobile,0,1,0,1,1,0,3,23.9,2.1,6,10,819.59,5,2,UPI,0,Smart TV,Central India,4,0
OTT07591,43,Male,Basic,0,0,1,0,1,1,3,10.1,1.6,55,21,455.67,2,0,Credit Card,1,Mobile,South India,3,0
OTT07592,45,Female,Standard,0,1,1,1,1,1,5,32.9,0.2,5,55,1010.71,5,3,Debit Card,1,Mobile,North India,4,0
OTT07593,28,Male,Standard,0,0,1,1,1,1,4,15.2,0.8,19,15,588.09,4,1,Wallet,1,Smart TV,South India,3,0
OTT07594,20,Female,Standard,1,1,0,1,0,1,4,34.7,1.2,53,2,589.16,3,3,Credit Card,1,Smart TV,South India,1,0
OTT07595,51,Male,Premium,1,0,0,0,1,1,3,40.6,2.6,29,9,406.16,2,3,UPI,1,Mobile,East India,1,0
OTT07596,34,Male,Premium,1,1,0,1,1,1,5,60.8,1.0,55,25,819.46,2,1,Credit Card,1,Mobile,North India,2,0
OTT07597,45,Male,Basic,0,0,0,0,1,1,2,21.3,1.5,45,55,575.1,3,2,UPI,0,Laptop,East India,5,0
OTT07598,25,Female,Standard,1,0,1,1,1,0,4,27.1,1.7,26,13,906.99,1,0,Debit Card,1,Smart TV,South India,2,0
OTT07599,31,Female,Basic,0,0,0,1,1,1,3,22.9,1.7,52,36,825.53,3,2,Net Banking,1,Mobile,South India,2,1
OTT07600,44,Female,Premium,0,1,1,1,0,0,3,18.6,1.5,40,28,425.63,1,0,UPI,0,Laptop,South India,3,1
OTT07601,23,Female,Standard,1,1,1,1,1,1,6,37.8,0.7,40,40,395.21,1,0,Credit Card,1,Fire TV,East India,4,0
OTT07602,31,Female,Basic,1,1,1,1,1,1,6,18.0,1.0,51,48,731.05,1,0,UPI,0,Smart TV,West India,3,0
OTT07603,48,Male,Standard,0,1,1,1,0,0,3,33.5,2.5,8,4,1010.39,4,0,Wallet,1,Fire TV,West India,4,0
OTT07604,51,Female,Standard,1,1,0,0,1,0,3,3.4,2.8,21,2,959.2,3,3,Debit Card,1,Mobile,South India,4,1
OTT07605,33,Male,Premium,0,1,1,1,1,1,5,15.1,3.0,24,53,1089.12,5,2,Credit Card,1,Smart TV,North India,4,0
OTT07606,22,Female,Mobile,1,1,1,1,1,1,6,38.4,0.9,16,16,709.74,4,2,Wallet,1,Laptop,South India,4,0
OTT07607,19,Male,Basic,0,1,1,0,1,1,4,23.6,1.1,18,28,918.48,1,2,UPI,1,Smart TV,South India,4,0
OTT07608,41,Female,Premium,0,0,0,0,0,1,1,41.5,1.9,59,51,983.37,2,0,UPI,1,Laptop,South India,4,0
OTT07609,47,Female,Basic,0,0,0,1,0,1,2,24.0,4.2,0,55,1228.12,2,1,UPI,1,Laptop,West India,4,0
OTT07610,43,Male,Basic,1,1,1,0,1,1,5,36.8,6.0,11,18,781.37,5,1,Debit Card,1,Tablet,Central India,1,0
OTT07611,35,Female,Standard,1,0,1,1,0,1,4,14.9,0.9,33,57,561.53,3,1,Credit Card,1,Mobile,South India,4,0
OTT07612,18,Male,Standard,0,1,1,1,0,1,4,33.8,0.8,30,19,992.96,3,2,Debit Card,1,Mobile,North India,2,0
OTT07613,27,Male,Mobile,0,0,1,1,1,1,4,30.4,0.5,54,37,299.25,5,1,UPI,1,Smart TV,East India,4,0
OTT07614,19,Female,Basic,0,1,0,1,1,0,3,22.2,2.1,35,17,973.24,3,0,UPI,0,Laptop,North India,1,0
OTT07615,37,Female,Basic,1,1,0,0,0,1,3,37.2,0.4,59,20,1046.66,4,3,UPI,0,Laptop,North India,4,1
OTT07616,31,Female,Basic,1,1,1,0,1,0,4,40.4,2.0,22,41,955.84,3,0,Net Banking,1,Laptop,East India,5,0
OTT07617,21,Male,Basic,0,0,0,1,1,0,2,35.3,2.0,59,52,408.43,3,0,Credit Card,0,Mobile,South India,1,0
OTT07618,44,Male,Basic,0,1,0,1,1,1,4,37.9,3.8,30,54,734.25,4,1,Debit Card,1,Smart TV,South India,1,0
OTT07619,33,Male,Standard,1,0,1,0,1,1,4,30.5,0.8,6,36,977.21,2,0,Debit Card,1,Mobile,West India,5,0
OTT07620,59,Female,Standard,1,1,1,0,1,1,5,11.5,0.2,49,23,819.74,5,2,UPI,1,Smart TV,North India,1,1
OTT07621,35,Female,Basic,1,0,0,1,0,0,2,25.4,0.5,12,29,682.94,2,0,UPI,1,Mobile,West India,2,0
OTT07622,21,Male,Basic,1,0,1,1,0,1,4,22.4,1.2,43,59,732.66,5,0,Net Banking,0,Laptop,South India,5,0
OTT07623,48,Male,Basic,0,0,0,1,0,0,1,28.7,0.8,54,6,1535.11,1,1,Debit Card,0,Tablet,North India,5,0
OTT07624,48,Male,Basic,1,0,0,0,0,1,2,40.7,1.0,48,10,394.87,3,1,Wallet,1,Laptop,North India,1,1
OTT07625,57,Male,Premium,1,1,1,0,0,0,3,35.9,2.5,17,44,317.0,3,2,Debit Card,1,Smart TV,Central India,4,0
OTT07626,47,Male,Mobile,0,0,0,1,0,0,1,34.8,1.1,17,53,408.28,5,0,Net Banking,1,Smart TV,East India,5,0
OTT07627,33,Male,Premium,1,1,0,1,1,1,5,4.9,1.1,6,18,1268.48,2,3,UPI,1,Mobile,Central India,3,1
OTT07628,46,Male,Standard,0,1,1,1,1,1,5,22.7,1.7,16,22,874.1,3,1,UPI,1,Tablet,East India,5,0
OTT07629,52,Male,Standard,0,0,0,1,0,0,1,18.6,0.9,34,18,515.88,1,0,Credit Card,0,Laptop,West India,1,0
OTT07630,40,Male,Premium,0,0,1,1,1,1,4,32.4,2.0,15,11,1296.33,1,0,Credit Card,0,Mobile,North India,1,0
OTT07631,52,Female,Standard,0,0,1,1,0,1,3,46.1,2.5,51,30,353.52,3,3,Credit Card,1,Tablet,West India,4,0
OTT07632,59,Female,Standard,0,1,1,1,1,0,4,27.8,0.8,32,41,505.94,1,0,Credit Card,0,Laptop,North India,2,0
OTT07633,50,Male,Basic,1,0,1,1,1,1,5,9.9,3.6,35,29,341.24,2,0,Credit Card,1,Smart TV,South India,4,0
OTT07634,39,Male,Standard,0,1,1,0,1,0,3,24.0,0.4,9,16,691.42,5,1,UPI,1,Smart TV,Central India,3,0
OTT07635,39,Female,Mobile,0,0,0,0,0,1,1,1.9,0.5,54,30,802.58,2,0,Debit Card,1,Tablet,South India,1,1
OTT07636,54,Male,Basic,0,0,0,0,0,1,1,38.5,1.1,58,9,712.07,5,2,Credit Card,1,Mobile,North India,1,0
OTT07637,55,Male,Premium,1,1,1,0,0,0,3,18.2,0.5,39,27,1005.81,3,1,Credit Card,1,Mobile,South India,5,0
OTT07638,29,Male,Standard,1,1,0,1,1,1,5,43.0,1.7,50,30,558.7,5,0,Debit Card,1,Smart TV,South India,1,0
OTT07639,18,Male,Basic,0,0,1,0,1,1,3,43.7,5.7,40,29,590.49,2,0,Wallet,1,Mobile,North India,2,0
OTT07640,52,Female,Premium,0,0,1,1,1,0,3,48.7,1.1,60,11,755.08,4,0,Wallet,1,Mobile,South India,4,1
OTT07641,28,Female,Mobile,0,0,0,1,0,0,1,18.0,1.1,24,16,1184.66,1,2,Debit Card,1,Tablet,East India,1,1
OTT07642,60,Male,Premium,0,1,1,1,1,1,5,65.1,0.5,14,32,799.81,4,0,Debit Card,1,Mobile,North India,4,0
OTT07643,19,Male,Standard,0,1,1,0,0,0,2,42.9,6.5,32,51,589.34,2,2,Debit Card,1,Tablet,West India,4,1
OTT07644,57,Female,Mobile,0,1,1,1,0,1,4,18.9,3.6,39,57,894.58,5,1,UPI,1,Mobile,East India,2,0
OTT07645,47,Female,Mobile,1,1,0,1,0,1,4,45.7,2.8,50,14,610.07,3,0,Debit Card,1,Smart TV,West India,1,1
OTT07646,31,Other,Premium,0,1,0,0,1,0,2,18.4,1.3,55,1,741.41,3,2,UPI,0,Fire TV,South India,2,1
OTT07647,19,Female,Mobile,0,0,0,1,0,0,1,29.3,3.0,4,21,620.06,4,0,UPI,1,Mobile,East India,1,0
OTT07648,54,Male,Premium,0,1,0,0,1,1,3,34.0,2.2,26,23,326.74,3,1,Wallet,0,Laptop,Central India,2,0
OTT07649,23,Male,Basic,0,0,0,1,1,0,2,32.6,0.9,40,27,487.07,3,1,UPI,1,Smart TV,South India,2,0
OTT07650,22,Male,Basic,1,1,0,1,1,0,4,15.5,6.4,29,38,1097.13,5,0,Credit Card,1,Smart TV,North India,2,0
OTT07651,51,Female,Standard,0,1,1,1,0,1,4,47.8,0.3,5,16,753.06,4,2,UPI,1,Tablet,North India,3,0
OTT07652,47,Male,Standard,0,0,0,0,1,1,2,39.5,1.2,2,30,710.53,1,0,UPI,1,Smart TV,South India,4,0
OTT07653,23,Female,Basic,0,1,0,1,0,1,3,55.6,0.8,44,3,677.23,5,1,UPI,1,Mobile,South India,2,0
OTT07654,32,Female,Standard,0,0,1,0,0,0,1,47.2,0.1,58,36,586.38,3,1,Debit Card,0,Tablet,South India,1,1
OTT07655,46,Female,Basic,0,1,0,0,0,1,2,42.5,0.3,38,26,679.96,1,1,UPI,0,Laptop,South India,2,0
OTT07656,46,Female,Mobile,0,1,0,1,1,1,4,42.9,4.3,45,2,561.96,2,1,Debit Card,1,Mobile,South India,1,0
OTT07657,33,Male,Premium,1,1,0,1,0,1,4,33.9,1.0,32,55,738.06,1,2,Credit Card,1,Smart TV,North India,1,0
OTT07658,35,Male,Standard,1,0,0,1,1,1,4,23.1,1.2,58,33,371.52,3,1,UPI,0,Smart TV,West India,3,1
OTT07659,21,Female,Standard,0,0,1,1,0,0,2,34.7,1.0,20,11,859.97,4,2,Credit Card,0,Smart TV,West India,1,0
OTT07660,18,Female,Standard,0,0,1,1,1,0,3,14.6,1.1,13,40,645.17,5,3,UPI,1,Smart TV,Central India,2,0
OTT07661,59,Female,Standard,0,0,1,1,1,0,3,45.5,0.2,44,50,306.82,4,1,Wallet,1,Smart TV,West India,2,0
OTT07662,27,Female,Basic,1,1,1,1,1,1,6,75.4,1.9,47,36,583.94,4,2,Debit Card,0,Smart TV,North India,4,0
OTT07663,57,Female,Premium,1,1,0,0,1,1,4,35.5,2.1,52,24,555.28,5,1,UPI,1,Fire TV,South India,3,0
OTT07664,19,Male,Basic,1,1,0,1,1,1,5,19.8,0.9,12,3,946.14,3,1,UPI,1,Fire TV,South India,2,0
OTT07665,60,Male,Premium,0,1,0,0,1,0,2,13.7,2.5,7,46,617.25,2,0,Net Banking,1,Smart TV,South India,3,0
OTT07666,36,Female,Standard,0,1,1,0,0,1,3,22.6,4.3,9,7,443.58,4,1,Wallet,1,Smart TV,North India,4,0
OTT07667,52,Female,Standard,0,1,0,1,1,1,4,43.1,0.3,55,30,105.68,1,0,Credit Card,1,Tablet,South India,2,0
OTT07668,54,Female,Basic,1,0,0,0,1,1,3,32.7,1.3,55,42,500.48,3,2,Debit Card,0,Smart TV,East India,4,0
OTT07669,33,Male,Mobile,1,0,1,1,0,0,3,29.3,1.9,38,11,993.25,1,0,Debit Card,0,Mobile,North India,3,0
OTT07670,49,Female,Basic,0,1,0,0,1,1,3,24.0,0.3,7,9,793.02,1,0,UPI,1,Mobile,East India,5,0
OTT07671,32,Male,Standard,1,1,1,1,1,1,6,31.4,3.6,44,41,420.28,5,1,Credit Card,1,Smart TV,West India,1,0
OTT07672,51,Male,Basic,0,0,1,0,0,1,2,9.6,2.3,40,19,614.07,3,2,UPI,1,Laptop,North India,5,1
OTT07673,59,Male,Mobile,1,1,1,1,0,1,5,20.8,2.4,47,13,686.19,3,1,Wallet,1,Smart TV,South India,4,0
OTT07674,52,Female,Standard,1,0,1,0,0,1,3,20.1,3.7,25,27,1103.17,1,0,UPI,1,Fire TV,South India,1,0
OTT07675,49,Male,Mobile,0,0,1,1,1,0,3,20.6,1.2,2,54,665.41,2,1,Debit Card,1,Mobile,West India,5,0
OTT07676,33,Male,Basic,1,0,0,1,0,1,3,39.1,1.3,56,27,515.2,3,3,Credit Card,1,Smart TV,South India,1,1
OTT07677,22,Male,Standard,1,0,0,0,0,1,2,9.0,1.5,27,9,761.23,5,2,Credit Card,0,Laptop,North India,5,1
OTT07678,39,Male,Mobile,1,1,1,1,1,1,6,20.6,2.0,31,4,840.94,3,1,UPI,0,Tablet,West India,1,0
OTT07679,23,Female,Mobile,1,1,1,0,1,1,5,26.6,2.1,51,33,876.46,4,0,UPI,0,Laptop,South India,2,1
OTT07680,39,Female,Basic,1,1,1,1,1,1,6,23.8,0.7,39,28,871.05,4,1,Debit Card,1,Laptop,South India,1,0
OTT07681,55,Female,Standard,1,1,1,1,1,1,6,24.3,0.5,19,14,1262.31,1,0,Net Banking,1,Mobile,South India,2,0
OTT07682,22,Male,Premium,1,1,0,1,0,1,4,8.7,2.2,46,26,324.2,2,0,Net Banking,1,Tablet,East India,3,0
OTT07683,56,Male,Basic,1,0,0,1,1,0,3,31.0,2.1,31,40,625.93,3,1,UPI,1,Smart TV,South India,3,0
OTT07684,43,Male,Standard,1,1,1,1,1,0,5,10.5,3.1,21,17,658.94,2,0,UPI,0,Smart TV,South India,2,0
OTT07685,20,Female,Basic,1,0,0,0,0,0,1,13.2,2.7,30,5,302.66,5,1,UPI,1,Mobile,West India,2,0
OTT07686,48,Female,Standard,0,1,1,1,1,0,4,38.9,0.4,57,32,349.83,3,2,Credit Card,1,Smart TV,North India,4,0
OTT07687,18,Male,Mobile,0,1,0,1,1,0,3,26.5,0.5,55,21,589.94,3,2,Net Banking,1,Fire TV,North India,5,0
OTT07688,44,Female,Premium,0,1,1,1,0,1,4,18.3,0.8,4,44,559.97,1,1,UPI,1,Fire TV,West India,5,0
OTT07689,39,Male,Standard,1,1,0,0,0,1,3,65.6,1.7,1,57,517.87,4,1,Credit Card,1,Smart TV,South India,2,0
OTT07690,50,Female,Standard,1,1,0,0,1,0,3,20.9,3.5,7,60,159.55,4,2,Net Banking,1,Smart TV,North India,2,0
OTT07691,34,Female,Mobile,0,0,0,1,0,0,1,12.9,1.7,11,60,348.05,3,3,UPI,1,Mobile,West India,2,0
OTT07692,23,Female,Premium,1,1,0,0,1,0,3,7.3,1.4,40,59,501.79,4,1,UPI,0,Tablet,North India,1,1
OTT07693,34,Female,Mobile,1,1,0,0,1,0,3,42.9,0.5,42,3,592.01,5,0,UPI,1,Laptop,East India,2,0
OTT07694,50,Male,Standard,1,0,0,1,0,0,2,37.2,1.3,26,42,740.93,3,4,Debit Card,0,Smart TV,North India,1,0
OTT07695,59,Female,Standard,1,1,0,0,0,0,2,25.4,2.3,41,23,585.59,1,1,UPI,1,Smart TV,West India,5,0
OTT07696,26,Female,Standard,1,0,1,1,0,0,3,16.0,1.1,20,15,471.48,1,1,Debit Card,1,Tablet,East India,5,1
OTT07697,33,Female,Standard,0,0,1,0,0,1,2,33.7,1.0,16,59,757.99,4,5,Debit Card,1,Mobile,South India,4,0
OTT07698,55,Male,Standard,0,1,0,1,1,1,4,36.2,2.9,46,50,730.01,4,0,UPI,1,Mobile,West India,4,0
OTT07699,31,Male,Standard,1,0,0,0,0,0,1,3.5,2.0,33,59,397.89,3,2,Debit Card,1,Fire TV,West India,5,0
OTT07700,28,Female,Basic,1,0,1,1,0,0,3,12.8,2.7,46,21,1207.36,4,0,UPI,0,Mobile,South India,3,0
OTT07701,53,Male,Basic,0,0,1,0,0,1,2,39.3,0.8,22,1,99.0,1,2,Net Banking,1,Laptop,South India,2,0
OTT07702,39,Male,Standard,1,0,1,0,0,1,3,10.6,4.1,53,12,843.52,4,1,Debit Card,0,Laptop,East India,4,1
OTT07703,43,Male,Standard,0,1,0,0,1,1,3,20.3,0.9,41,15,912.1,4,1,Wallet,1,Fire TV,West India,1,0
OTT07704,38,Female,Standard,0,1,1,1,1,0,4,24.1,1.2,10,20,948.38,5,1,UPI,0,Mobile,West India,3,0
OTT07705,43,Female,Standard,0,1,0,1,0,1,3,15.5,2.2,43,51,749.06,2,4,UPI,1,Fire TV,North India,3,0
OTT07706,29,Female,Standard,0,1,0,0,1,1,3,27.1,0.9,49,4,274.47,5,1,Debit Card,1,Smart TV,North India,2,0
OTT07707,49,Female,Mobile,0,1,0,0,1,0,2,15.6,1.8,53,18,1204.65,2,3,UPI,1,Tablet,North India,2,0
OTT07708,33,Male,Basic,1,0,1,1,0,0,3,12.9,1.9,41,24,276.2,5,0,Debit Card,1,Smart TV,North India,1,1
OTT07709,40,Male,Premium,0,0,1,1,1,0,3,10.1,1.3,10,7,357.07,3,2,UPI,1,Smart TV,South India,2,0
OTT07710,25,Male,Basic,1,0,1,1,0,1,4,10.1,1.9,52,49,506.16,4,1,Credit Card,0,Smart TV,North India,2,0
OTT07711,18,Female,Mobile,1,0,0,0,1,1,3,42.6,1.1,39,18,302.21,3,1,Debit Card,1,Mobile,South India,5,0
OTT07712,42,Female,Standard,1,1,1,0,1,0,4,35.0,2.0,36,1,304.52,4,0,Debit Card,0,Laptop,South India,4,0
OTT07713,23,Male,Basic,0,0,1,1,0,1,3,26.3,2.3,60,15,407.8,5,2,Debit Card,0,Smart TV,West India,2,0
OTT07714,57,Male,Basic,0,0,0,0,1,1,2,23.8,1.5,53,1,110.78,4,1,Credit Card,0,Mobile,South India,3,1
OTT07715,59,Female,Standard,1,0,0,1,0,0,2,65.0,2.6,7,5,687.04,5,2,UPI,1,Fire TV,West India,2,0
OTT07716,31,Female,Standard,0,0,0,1,0,0,1,39.8,0.8,47,11,531.4,5,1,Net Banking,1,Tablet,North India,3,0
OTT07717,30,Female,Premium,1,1,0,0,0,1,3,49.3,1.5,50,34,584.65,4,2,Credit Card,1,Laptop,East India,4,0
OTT07718,39,Male,Premium,1,0,1,0,1,1,4,24.7,4.5,56,12,733.02,3,1,UPI,0,Smart TV,South India,1,0
OTT07719,26,Male,Standard,1,0,0,1,1,1,4,15.2,1.5,43,13,618.2,1,2,UPI,1,Laptop,East India,5,0
OTT07720,55,Male,Premium,0,1,1,0,0,1,3,12.5,1.3,39,39,471.15,3,2,UPI,1,Laptop,North India,2,1
OTT07721,22,Male,Basic,0,1,0,0,1,0,2,13.8,0.6,12,22,781.19,4,1,Debit Card,1,Mobile,South India,2,0
OTT07722,37,Female,Basic,1,1,1,1,1,0,5,16.4,0.9,25,10,576.78,5,3,UPI,0,Mobile,North India,2,0
OTT07723,26,Male,Standard,1,0,0,0,0,0,1,24.2,1.4,14,58,426.32,2,1,UPI,1,Mobile,North India,1,0
OTT07724,53,Female,Standard,1,1,0,1,0,0,3,26.6,2.9,24,24,612.43,5,3,UPI,1,Tablet,North India,1,0
OTT07725,24,Female,Basic,1,1,1,1,0,1,5,20.4,2.5,39,32,1008.36,3,1,UPI,0,Laptop,South India,5,0
OTT07726,37,Female,Basic,0,1,1,1,0,0,3,18.8,0.7,24,39,492.9,5,1,Wallet,1,Tablet,South India,5,0
OTT07727,53,Male,Basic,0,0,1,0,0,0,1,11.0,1.9,8,4,835.31,4,1,Wallet,1,Smart TV,North India,3,0
OTT07728,36,Female,Basic,0,0,0,0,1,1,2,66.2,1.5,41,15,375.88,3,0,UPI,0,Tablet,South India,1,0
OTT07729,25,Male,Basic,1,1,0,0,1,0,3,9.3,1.6,20,49,658.96,5,2,Debit Card,1,Mobile,South India,4,0
OTT07730,24,Female,Premium,0,1,1,0,0,0,2,55.5,2.3,20,11,729.02,4,1,UPI,1,Laptop,Central India,1,0
OTT07731,44,Male,Premium,1,1,1,0,0,1,4,20.6,2.2,29,14,409.16,5,2,UPI,0,Laptop,North India,5,0
OTT07732,23,Female,Standard,0,1,1,1,0,0,3,20.1,2.1,0,54,553.16,3,2,UPI,1,Mobile,North India,4,0
OTT07733,33,Male,Basic,1,0,0,0,1,0,2,15.6,2.2,45,13,387.2,1,2,UPI,0,Mobile,North India,5,0
OTT07734,44,Male,Mobile,0,1,0,0,0,1,2,34.1,0.3,6,14,413.0,2,0,UPI,1,Tablet,North India,3,0
OTT07735,34,Female,Basic,1,1,0,1,0,1,4,13.2,4.6,48,60,647.43,3,0,UPI,1,Mobile,Central India,1,0
OTT07736,53,Female,Standard,1,0,0,1,1,0,3,24.8,1.6,48,54,1101.46,1,1,UPI,1,Smart TV,North India,3,1
OTT07737,47,Male,Standard,0,1,1,1,0,1,4,31.8,2.4,14,21,767.98,3,1,Net Banking,0,Laptop,North India,5,1
OTT07738,23,Male,Basic,0,1,1,0,1,0,3,5.6,2.9,56,57,660.77,1,0,UPI,0,Mobile,South India,3,0
OTT07739,53,Male,Premium,0,1,0,0,0,0,1,17.1,1.0,34,40,1049.22,3,0,Debit Card,1,Laptop,West India,4,0
OTT07740,57,Male,Premium,1,1,0,0,1,0,3,68.2,1.4,4,56,285.75,2,3,Debit Card,1,Mobile,North India,5,0
OTT07741,26,Female,Mobile,0,1,1,0,1,0,3,16.2,2.9,11,15,1030.02,4,2,UPI,1,Smart TV,East India,1,0
OTT07742,33,Male,Premium,0,1,0,0,1,1,3,14.2,3.5,19,29,549.44,3,1,Wallet,1,Smart TV,South India,1,0
OTT07743,34,Female,Basic,1,0,0,1,1,1,4,18.3,1.5,0,17,733.29,5,2,Debit Card,0,Laptop,South India,5,0
OTT07744,36,Female,Premium,1,1,1,1,1,0,5,76.7,0.4,32,44,844.93,5,2,UPI,1,Mobile,East India,4,0
OTT07745,37,Female,Standard,1,1,1,0,1,0,4,56.0,0.8,11,44,790.76,2,0,Wallet,1,Mobile,South India,1,0
OTT07746,56,Female,Basic,1,1,0,0,0,1,3,23.0,1.1,46,15,554.88,3,1,Credit Card,0,Laptop,East India,4,0
OTT07747,46,Male,Basic,1,1,1,0,0,0,3,42.0,1.8,34,49,889.25,3,3,Credit Card,1,Mobile,West India,5,1
OTT07748,56,Female,Standard,0,1,1,0,1,1,4,22.8,2.0,42,4,542.54,4,0,Net Banking,1,Smart TV,West India,2,0
OTT07749,33,Male,Premium,0,1,0,1,0,0,2,24.9,2.5,10,14,541.11,4,2,UPI,1,Laptop,South India,1,0
OTT07750,40,Male,Premium,0,0,1,1,1,1,4,30.0,2.8,60,32,642.99,3,1,Wallet,1,Tablet,North India,1,0
OTT07751,22,Female,Basic,1,1,0,1,1,1,5,36.7,0.1,41,18,798.18,3,1,UPI,0,Smart TV,West India,4,0
OTT07752,29,Female,Premium,0,0,0,1,0,1,2,18.2,1.2,35,7,378.08,1,0,UPI,0,Smart TV,South India,1,1
OTT07753,43,Male,Basic,0,1,1,1,1,1,5,13.7,2.8,56,37,409.38,1,2,Debit Card,1,Smart TV,West India,5,1
OTT07754,25,Male,Basic,1,1,0,1,1,1,5,31.1,3.9,25,47,173.53,3,1,UPI,0,Smart TV,North India,3,0
OTT07755,59,Male,Basic,0,1,0,0,1,1,3,11.1,2.1,27,47,578.95,5,0,Debit Card,1,Mobile,North India,3,0
OTT07756,29,Female,Premium,1,1,1,0,1,1,5,22.4,0.6,55,31,953.13,2,2,UPI,1,Laptop,South India,4,0
OTT07757,24,Male,Standard,0,0,1,1,0,0,2,21.3,1.7,51,29,1557.88,5,2,UPI,1,Fire TV,South India,1,0
OTT07758,51,Female,Basic,0,0,0,0,0,1,1,6.9,3.2,18,4,726.54,2,1,Credit Card,1,Fire TV,South India,4,0
OTT07759,21,Female,Standard,1,0,0,0,0,1,2,13.8,0.5,41,53,1118.25,1,2,Wallet,1,Mobile,Central India,4,0
OTT07760,31,Male,Premium,0,1,1,0,1,0,3,22.8,0.7,12,44,667.79,2,1,UPI,1,Tablet,North India,2,0
OTT07761,26,Female,Basic,1,0,0,0,0,1,2,2.3,0.7,3,22,688.17,2,2,UPI,1,Smart TV,West India,2,0
OTT07762,47,Female,Basic,1,1,1,1,1,0,5,39.3,2.2,16,30,623.37,1,2,Credit Card,1,Mobile,West India,5,0
OTT07763,54,Female,Basic,0,0,1,0,0,1,2,13.0,0.8,7,33,646.05,2,0,UPI,1,Mobile,West India,2,0
OTT07764,26,Female,Mobile,0,0,0,0,1,1,2,33.5,0.1,18,28,647.61,3,0,Credit Card,0,Mobile,North India,3,0
OTT07765,35,Male,Basic,0,1,0,1,0,1,3,16.6,3.2,17,17,567.03,1,0,UPI,1,Mobile,West India,5,0
OTT07766,38,Female,Standard,0,1,0,0,0,0,1,61.4,1.5,29,34,1154.7,5,3,Net Banking,1,Mobile,East India,4,0
OTT07767,47,Female,Basic,1,0,1,1,0,1,4,23.7,4.7,58,14,812.8,1,0,UPI,1,Mobile,West India,2,0
OTT07768,33,Female,Standard,1,1,0,0,1,0,3,4.5,2.4,17,48,459.05,5,2,Wallet,1,Mobile,South India,5,0
OTT07769,40,Male,Premium,1,1,1,1,1,1,6,36.7,1.5,24,56,837.72,1,1,Net Banking,1,Laptop,West India,5,0
OTT07770,39,Female,Basic,1,1,0,1,0,1,4,16.7,2.6,51,9,937.97,2,1,UPI,0,Smart TV,West India,3,0
OTT07771,18,Male,Basic,0,0,0,0,1,0,1,52.1,0.8,20,3,313.62,2,2,Credit Card,0,Mobile,South India,1,0
OTT07772,42,Male,Mobile,0,0,0,0,0,1,1,85.3,1.9,60,7,949.12,2,0,Wallet,0,Tablet,West India,5,1
OTT07773,42,Male,Standard,0,0,0,0,1,0,1,13.4,1.9,41,25,911.55,4,0,Net Banking,1,Smart TV,South India,2,0
OTT07774,60,Male,Standard,1,1,1,1,1,1,6,15.5,1.4,58,11,763.72,2,1,Credit Card,1,Mobile,North India,1,1
OTT07775,39,Female,Standard,1,1,0,1,1,0,4,45.0,0.5,48,38,1102.18,1,0,Credit Card,1,Smart TV,North India,4,0
OTT07776,56,Male,Standard,1,0,0,1,1,0,3,19.9,1.8,41,19,940.98,1,1,Debit Card,0,Mobile,North India,3,1
OTT07777,33,Female,Standard,1,0,0,0,0,1,2,47.8,1.8,44,60,545.59,5,1,Debit Card,0,Laptop,East India,5,0
OTT07778,47,Female,Standard,1,1,1,0,1,1,5,10.6,0.9,42,46,700.21,4,0,Net Banking,1,Laptop,North India,5,0
OTT07779,56,Male,Premium,0,1,0,0,1,0,2,10.9,0.5,51,25,1057.5,5,1,UPI,0,Fire TV,North India,2,0
OTT07780,24,Female,Premium,1,0,1,0,1,1,4,10.0,0.8,3,36,531.64,1,1,Net Banking,1,Laptop,West India,2,0
OTT07781,42,Male,Standard,1,0,0,1,1,1,4,8.9,4.1,6,36,553.15,4,1,Credit Card,1,Smart TV,North India,2,0
OTT07782,57,Male,Mobile,0,1,0,1,0,0,2,13.5,1.0,29,4,744.44,2,1,Credit Card,1,Smart TV,Central India,1,1
OTT07783,41,Female,Standard,1,0,0,1,1,0,3,24.9,1.8,23,31,603.53,5,1,Wallet,1,Mobile,East India,5,0
OTT07784,56,Male,Premium,0,1,1,0,0,0,2,88.9,1.7,36,50,1358.71,3,0,Credit Card,1,Mobile,East India,3,0
OTT07785,36,Male,Standard,1,0,0,0,1,1,3,9.8,1.3,15,8,1048.18,1,0,Debit Card,1,Tablet,South India,4,1
OTT07786,56,Female,Standard,1,1,1,1,1,1,6,24.3,4.2,55,3,1279.01,4,1,UPI,0,Smart TV,North India,2,0
OTT07787,45,Male,Basic,0,0,1,1,1,1,4,30.4,2.3,10,15,1009.57,3,1,Credit Card,1,Fire TV,West India,4,0
OTT07788,38,Male,Standard,1,1,1,1,0,1,5,20.4,2.1,5,13,725.85,5,3,UPI,1,Laptop,West India,1,0
OTT07789,27,Female,Standard,0,1,0,1,1,0,3,26.2,1.5,46,25,108.89,5,2,Debit Card,1,Laptop,West India,5,0
OTT07790,25,Female,Premium,0,1,0,0,1,0,2,17.6,1.0,31,54,764.01,5,2,UPI,1,Mobile,North India,2,0
OTT07791,30,Female,Mobile,1,1,1,0,1,0,4,14.9,1.6,50,34,350.51,2,1,Credit Card,0,Smart TV,East India,1,1
OTT07792,50,Female,Mobile,0,1,1,0,1,0,3,18.9,2.3,26,21,225.4,2,2,Debit Card,1,Fire TV,East India,2,0
OTT07793,38,Male,Basic,0,0,1,0,1,0,2,42.6,2.7,59,38,993.16,4,4,Credit Card,1,Mobile,West India,4,0
OTT07794,34,Male,Basic,0,1,1,1,0,0,3,4.0,2.3,9,21,353.74,5,1,Credit Card,1,Mobile,West India,2,0
OTT07795,38,Male,Standard,1,1,1,0,0,0,3,34.8,0.2,27,47,461.0,2,1,Debit Card,0,Smart TV,North India,5,1
OTT07796,32,Male,Mobile,0,0,1,1,1,1,4,22.0,0.4,58,12,526.95,2,1,UPI,1,Smart TV,South India,4,0
OTT07797,52,Female,Standard,0,0,0,1,0,1,2,9.8,1.3,6,28,700.97,5,0,UPI,1,Smart TV,South India,3,0
OTT07798,34,Female,Standard,0,1,1,1,1,1,5,7.6,0.4,56,11,642.84,4,3,Credit Card,1,Smart TV,South India,4,0
OTT07799,38,Male,Standard,0,0,0,1,1,1,3,18.7,0.7,53,59,869.57,3,1,UPI,0,Mobile,West India,4,0
OTT07800,42,Male,Standard,0,1,0,1,0,0,2,32.9,0.6,8,2,821.9,2,0,Debit Card,1,Smart TV,South India,2,0
OTT07801,45,Male,Standard,0,1,1,0,0,0,2,30.8,1.3,34,14,219.55,2,1,Wallet,0,Tablet,East India,5,0
OTT07802,32,Female,Basic,1,1,1,1,0,0,4,28.8,1.5,15,51,1089.48,3,1,Credit Card,1,Laptop,West India,1,0
OTT07803,21,Male,Basic,1,0,0,0,0,1,2,9.0,0.5,11,13,338.4,5,1,Debit Card,0,Fire TV,West India,1,0
OTT07804,47,Female,Standard,0,1,1,0,1,0,3,37.9,3.4,34,44,375.52,4,0,Credit Card,1,Smart TV,North India,2,0
OTT07805,42,Male,Basic,0,0,1,1,0,0,2,26.8,1.9,21,26,1150.53,2,3,Net Banking,0,Tablet,North India,4,1
OTT07806,45,Male,Basic,1,1,0,0,1,1,4,12.8,1.5,15,23,634.88,5,2,UPI,1,Smart TV,East India,4,0
OTT07807,41,Female,Premium,1,1,1,1,0,0,4,39.9,2.5,52,5,972.71,4,5,Wallet,1,Laptop,Central India,4,1
OTT07808,39,Female,Standard,1,0,0,0,0,1,2,11.8,1.4,41,46,855.86,5,3,Wallet,1,Smart TV,North India,4,0
OTT07809,58,Male,Basic,1,1,1,1,0,1,5,28.7,2.0,15,38,781.04,3,1,Credit Card,0,Fire TV,East India,5,0
OTT07810,20,Male,Standard,0,0,0,0,1,0,1,15.4,1.0,48,17,455.9,5,2,UPI,0,Smart TV,Central India,2,0
OTT07811,21,Female,Basic,0,1,1,0,0,0,2,19.9,0.8,54,27,596.52,4,1,UPI,1,Tablet,South India,1,0
OTT07812,58,Female,Basic,1,1,1,0,0,0,3,30.5,0.6,25,21,1122.02,5,1,Wallet,1,Tablet,West India,3,0
OTT07813,56,Female,Basic,1,0,1,1,0,1,4,24.8,1.6,38,21,458.65,3,1,Credit Card,1,Laptop,North India,2,0
OTT07814,35,Female,Mobile,0,1,1,0,0,0,2,22.4,1.9,58,54,670.88,1,0,Credit Card,0,Mobile,South India,3,0
OTT07815,41,Female,Basic,1,0,1,1,0,0,3,13.4,5.1,24,44,795.99,3,2,Debit Card,0,Smart TV,West India,3,0
OTT07816,37,Female,Standard,1,0,0,0,0,1,2,14.7,0.2,9,14,540.42,5,0,UPI,1,Smart TV,West India,4,0
OTT07817,60,Male,Basic,1,1,0,1,0,0,3,15.2,1.5,3,50,456.96,4,1,Debit Card,1,Mobile,West India,2,0
OTT07818,37,Male,Mobile,1,0,0,1,1,1,4,42.0,2.6,12,52,600.52,3,1,Debit Card,1,Laptop,North India,5,0
OTT07819,50,Female,Basic,1,1,1,1,1,1,6,67.2,0.7,0,8,594.54,1,3,UPI,1,Fire TV,Central India,1,0
OTT07820,33,Female,Basic,0,0,1,1,1,0,3,13.6,3.0,44,15,230.21,2,1,Credit Card,1,Smart TV,South India,5,1
OTT07821,34,Male,Standard,0,1,0,1,1,1,4,54.0,2.6,56,56,727.68,1,3,Credit Card,1,Fire TV,Central India,2,0
OTT07822,47,Female,Basic,0,1,1,0,0,1,3,12.4,3.1,32,55,1022.35,2,0,Credit Card,0,Mobile,West India,4,0
OTT07823,35,Male,Standard,0,0,1,0,0,1,2,28.8,2.1,57,7,99.0,5,2,UPI,0,Mobile,Central India,2,0
OTT07824,18,Female,Basic,1,0,1,0,0,0,2,12.1,0.8,38,14,701.52,4,0,Wallet,1,Mobile,East India,3,0
OTT07825,25,Male,Basic,1,1,1,1,1,1,6,44.4,1.5,60,34,99.0,1,2,Debit Card,1,Smart TV,South India,3,1
OTT07826,55,Female,Standard,0,0,1,0,0,1,2,38.0,2.8,32,18,1063.6,3,2,Debit Card,1,Fire TV,West India,3,0
OTT07827,33,Female,Standard,1,0,1,1,1,0,4,43.0,0.8,23,8,484.52,3,2,Wallet,1,Mobile,West India,1,0
OTT07828,22,Male,Standard,1,0,0,0,0,1,2,17.6,0.4,52,34,653.02,5,2,Wallet,1,Smart TV,North India,4,1
OTT07829,58,Male,Basic,0,0,1,1,1,1,4,13.8,0.5,46,25,366.75,2,0,Wallet,1,Mobile,North India,2,0
OTT07830,60,Male,Basic,0,0,0,1,0,1,2,41.9,2.3,23,13,1203.34,5,0,UPI,1,Smart TV,North India,1,0
OTT07831,39,Female,Standard,1,1,1,1,1,1,6,21.8,0.9,26,17,1233.42,5,0,UPI,1,Mobile,West India,5,0
OTT07832,45,Female,Premium,1,0,1,1,1,0,4,22.0,1.9,3,2,338.76,5,2,UPI,0,Mobile,South India,1,0
OTT07833,50,Male,Basic,0,0,1,0,0,0,1,17.4,2.5,22,56,306.24,2,1,UPI,1,Laptop,East India,1,0
OTT07834,20,Female,Standard,1,0,1,1,0,1,4,20.8,1.1,41,19,884.68,3,0,UPI,0,Mobile,North India,5,0
OTT07835,30,Female,Basic,1,1,1,0,0,0,3,42.1,0.6,17,45,891.21,2,1,Debit Card,1,Mobile,North India,5,0
OTT07836,42,Male,Premium,0,0,0,1,0,1,2,16.3,0.7,31,26,541.29,5,2,UPI,0,Mobile,East India,5,0
OTT07837,41,Female,Basic,1,0,0,0,0,1,2,16.1,4.7,49,57,354.01,1,1,Wallet,1,Mobile,East India,5,0
OTT07838,32,Male,Basic,0,1,1,0,1,1,4,14.0,0.7,37,1,1070.52,3,2,Net Banking,1,Tablet,South India,4,0
OTT07839,18,Male,Standard,0,1,1,0,1,1,4,20.7,2.0,19,7,574.3,1,4,UPI,0,Smart TV,North India,1,0
OTT07840,58,Female,Standard,0,0,1,1,0,0,2,44.0,0.2,14,48,558.01,1,1,UPI,0,Smart TV,West India,5,0
OTT07841,44,Male,Standard,1,1,1,0,1,1,5,13.9,2.7,35,30,683.23,1,2,Credit Card,0,Mobile,North India,2,1
OTT07842,50,Female,Standard,1,0,0,0,1,0,2,15.5,1.9,48,17,234.9,1,1,UPI,0,Mobile,West India,3,1
OTT07843,36,Female,Standard,0,0,0,0,0,1,1,54.2,1.3,51,18,472.55,5,1,Net Banking,1,Smart TV,South India,4,0
OTT07844,39,Female,Basic,1,1,0,1,0,0,3,15.3,1.4,3,11,366.22,1,0,UPI,0,Fire TV,South India,3,0
OTT07845,37,Female,Mobile,0,0,0,1,0,0,1,23.7,1.7,18,52,99.0,5,1,Net Banking,1,Smart TV,West India,4,0
OTT07846,36,Female,Premium,1,1,0,0,0,0,2,60.1,0.4,12,38,407.11,1,4,UPI,1,Mobile,North India,2,0
OTT07847,46,Female,Basic,0,1,1,0,1,0,3,21.0,2.2,39,41,632.1,3,3,UPI,0,Mobile,West India,2,0
OTT07848,60,Female,Mobile,0,1,0,0,1,0,2,70.6,4.3,0,53,423.6,5,2,UPI,1,Laptop,North India,1,0
OTT07849,51,Female,Mobile,0,0,0,0,1,1,2,13.4,0.1,10,11,606.85,5,0,UPI,0,Smart TV,South India,4,0
OTT07850,46,Female,Standard,0,0,1,1,1,1,4,68.5,0.8,42,28,347.34,1,0,Credit Card,1,Fire TV,South India,3,0
OTT07851,18,Male,Basic,1,0,0,1,0,1,3,20.5,1.5,45,32,817.07,4,1,UPI,0,Mobile,Central India,5,0
OTT07852,40,Male,Standard,1,1,1,0,0,1,4,5.0,3.4,46,26,922.25,5,3,Debit Card,1,Smart TV,East India,5,0
OTT07853,59,Male,Standard,0,0,1,0,1,1,3,6.4,4.0,4,20,831.31,4,1,Debit Card,0,Mobile,West India,3,0
OTT07854,35,Male,Mobile,0,1,1,0,0,1,3,17.7,0.2,32,30,690.35,2,0,Credit Card,1,Smart TV,North India,2,0
OTT07855,41,Male,Basic,0,0,0,0,1,1,2,27.0,2.5,41,49,875.5,3,1,Debit Card,1,Smart TV,West India,4,0
OTT07856,31,Male,Premium,0,1,0,1,1,1,4,21.7,3.8,10,10,473.8,5,2,UPI,1,Mobile,North India,1,0
OTT07857,26,Male,Standard,1,0,0,1,0,0,2,47.5,0.3,44,53,424.1,1,4,Net Banking,0,Laptop,Central India,1,0
OTT07858,48,Female,Premium,1,0,0,0,1,0,2,30.6,2.0,2,19,626.36,3,1,Debit Card,1,Fire TV,North India,4,0
OTT07859,31,Female,Mobile,1,1,1,0,1,1,5,19.8,3.8,52,6,494.09,2,2,Credit Card,1,Smart TV,North India,1,0
OTT07860,43,Male,Premium,1,0,1,1,1,0,4,25.7,1.2,17,28,1030.82,1,1,Debit Card,1,Mobile,North India,4,0
OTT07861,43,Female,Premium,1,0,0,1,1,0,3,18.4,1.8,53,37,1213.55,3,3,Debit Card,0,Laptop,West India,2,0
OTT07862,54,Female,Basic,1,0,0,0,0,0,1,31.4,1.1,23,60,1385.04,2,1,UPI,1,Mobile,South India,4,0
OTT07863,58,Female,Standard,1,0,0,0,1,0,2,14.3,2.0,50,47,907.22,4,1,UPI,1,Mobile,East India,1,0
OTT07864,41,Male,Basic,1,0,1,0,1,0,3,31.7,2.9,28,24,750.41,2,0,UPI,1,Smart TV,South India,1,1
OTT07865,20,Male,Standard,0,1,1,0,1,1,4,21.2,3.3,12,3,99.51,2,0,UPI,1,Smart TV,West India,2,0
OTT07866,43,Male,Standard,0,1,0,0,1,1,3,18.0,0.9,46,4,532.32,1,0,Debit Card,0,Laptop,North India,3,1
OTT07867,56,Female,Standard,0,0,1,0,0,0,1,46.7,0.5,41,46,442.36,3,1,Credit Card,1,Mobile,North India,2,0
OTT07868,38,Female,Mobile,1,0,0,0,1,0,2,59.8,2.0,57,16,462.9,4,2,Net Banking,0,Smart TV,West India,2,0
OTT07869,42,Female,Basic,1,1,0,0,1,0,3,26.3,2.3,17,34,1028.45,4,0,UPI,1,Mobile,Central India,4,0
OTT07870,50,Female,Standard,1,0,1,0,1,1,4,19.1,0.5,49,56,1056.0,1,1,Credit Card,0,Mobile,North India,5,1
OTT07871,36,Female,Standard,0,1,0,0,0,0,1,19.4,1.2,23,18,531.49,3,2,UPI,1,Laptop,South India,2,1
OTT07872,35,Female,Standard,0,0,0,1,0,0,1,19.3,3.7,21,51,477.9,3,2,Credit Card,0,Smart TV,South India,4,0
OTT07873,38,Female,Premium,0,0,1,1,0,0,2,2.9,1.2,13,20,588.13,2,1,Debit Card,1,Mobile,South India,1,1
OTT07874,54,Female,Mobile,0,0,0,0,0,1,1,33.6,3.1,1,38,137.49,5,3,Credit Card,1,Smart TV,South India,3,0
OTT07875,38,Male,Mobile,1,0,1,0,1,0,3,28.7,1.0,32,4,1010.6,4,1,Credit Card,1,Smart TV,East India,4,0
OTT07876,32,Female,Basic,1,0,0,0,0,1,2,24.9,3.1,59,33,881.61,4,2,Debit Card,1,Smart TV,North India,5,1
OTT07877,43,Male,Standard,1,1,1,1,0,0,4,38.8,1.5,36,43,303.68,2,2,Credit Card,1,Laptop,West India,1,1
OTT07878,47,Male,Standard,0,1,0,1,1,1,4,11.6,1.3,41,39,309.07,4,0,UPI,0,Smart TV,West India,3,0
OTT07879,57,Other,Standard,1,1,1,1,1,1,6,5.2,1.5,41,55,1115.56,4,1,Net Banking,0,Smart TV,West India,5,0
OTT07880,56,Male,Premium,1,0,1,1,1,1,5,18.8,0.8,19,58,887.14,1,2,Net Banking,1,Smart TV,North India,1,0
OTT07881,51,Male,Basic,0,0,1,1,0,0,2,35.1,0.5,56,34,1169.79,4,1,Debit Card,0,Tablet,East India,5,0
OTT07882,51,Female,Basic,0,0,0,0,0,1,1,26.0,1.2,56,27,440.2,5,0,UPI,0,Smart TV,South India,2,0
OTT07883,37,Male,Standard,1,0,1,0,0,0,2,21.9,2.3,46,3,1161.54,3,0,UPI,1,Tablet,North India,1,1
OTT07884,32,Male,Basic,1,1,0,1,1,0,4,61.2,0.3,5,48,393.99,3,0,Debit Card,1,Mobile,East India,4,1
OTT07885,42,Male,Standard,0,0,1,0,0,0,1,49.6,3.3,2,12,704.3,5,2,Wallet,1,Mobile,South India,5,0
OTT07886,48,Female,Mobile,1,0,0,0,0,1,2,37.2,1.3,20,53,174.86,1,1,Credit Card,0,Smart TV,West India,5,0
OTT07887,40,Male,Basic,0,1,1,0,0,0,2,21.1,2.4,60,43,519.68,4,3,UPI,1,Smart TV,West India,4,0
OTT07888,26,Male,Basic,1,0,0,1,0,0,2,93.2,1.2,30,13,715.28,5,0,UPI,0,Mobile,West India,2,0
OTT07889,18,Female,Mobile,1,1,1,0,1,0,4,12.3,2.2,54,18,548.02,2,1,UPI,0,Smart TV,North India,4,1
OTT07890,20,Male,Premium,1,1,0,1,1,0,4,43.6,2.3,17,24,841.01,4,1,Wallet,1,Smart TV,West India,2,0
OTT07891,36,Female,Mobile,0,0,1,0,1,1,3,45.4,3.6,45,28,436.48,3,1,Credit Card,1,Mobile,North India,1,0
OTT07892,52,Male,Premium,1,1,1,0,1,1,5,18.0,0.3,7,44,664.55,1,2,Wallet,1,Smart TV,North India,5,0
OTT07893,51,Female,Mobile,1,0,0,0,0,0,1,51.0,1.4,26,17,571.13,1,3,Debit Card,1,Mobile,South India,2,0
OTT07894,52,Female,Premium,0,0,0,1,1,0,2,11.6,2.9,7,15,567.7,4,2,Debit Card,1,Mobile,South India,3,0
OTT07895,48,Male,Standard,1,0,0,1,1,0,3,30.7,1.4,0,25,889.55,3,2,UPI,1,Smart TV,South India,3,0
OTT07896,18,Male,Basic,0,1,1,1,0,1,4,42.2,1.3,40,20,468.25,5,3,Debit Card,1,Fire TV,North India,1,0
OTT07897,55,Male,Basic,0,1,1,0,1,0,3,29.9,1.2,13,19,612.07,5,2,UPI,1,Smart TV,Central India,4,0
OTT07898,58,Male,Basic,0,0,0,1,0,0,1,8.9,1.6,58,22,527.57,4,1,UPI,0,Smart TV,West India,1,0
OTT07899,54,Male,Standard,1,1,1,1,1,1,6,41.7,2.3,59,49,1110.51,3,2,UPI,0,Tablet,South India,2,0
OTT07900,37,Female,Mobile,0,0,0,1,1,0,2,49.6,1.3,60,59,649.66,5,1,Debit Card,1,Smart TV,South India,1,0
OTT07901,27,Male,Basic,1,1,0,0,0,0,2,27.4,2.9,45,6,651.95,2,0,Debit Card,0,Laptop,North India,5,1
OTT07902,56,Male,Standard,1,0,1,1,0,0,3,7.1,1.8,28,42,580.31,5,0,Net Banking,0,Tablet,South India,2,0
OTT07903,25,Male,Standard,1,1,0,1,1,1,5,26.4,1.3,15,23,777.62,3,1,Wallet,1,Mobile,North India,5,1
OTT07904,51,Female,Basic,1,1,1,0,1,0,4,17.0,1.6,46,32,538.58,5,0,UPI,0,Mobile,South India,3,0
OTT07905,59,Male,Mobile,1,1,1,1,1,1,6,25.5,2.9,43,25,525.99,4,0,Debit Card,1,Tablet,East India,5,0
OTT07906,56,Female,Standard,0,0,1,0,0,1,2,36.8,0.9,12,27,526.22,2,2,Net Banking,1,Smart TV,West India,5,0
OTT07907,40,Female,Basic,0,1,0,1,0,1,3,11.0,1.2,14,28,671.07,3,2,UPI,0,Laptop,Central India,1,0
OTT07908,53,Male,Standard,0,1,1,1,0,1,4,55.4,1.0,42,42,955.83,3,1,UPI,1,Mobile,North India,5,1
OTT07909,53,Male,Basic,1,0,1,0,1,0,3,20.5,1.2,45,47,562.77,2,3,Debit Card,1,Smart TV,South India,1,0
OTT07910,59,Male,Premium,1,0,0,1,1,0,3,27.7,1.5,27,54,285.08,2,2,Wallet,0,Laptop,West India,2,0
OTT07911,33,Female,Standard,1,1,1,1,1,1,6,18.2,2.9,6,52,235.01,3,2,Credit Card,1,Smart TV,West India,5,0
OTT07912,45,Male,Standard,1,0,0,0,1,0,2,36.8,2.3,39,14,1464.36,4,0,Debit Card,1,Smart TV,West India,5,0
OTT07913,53,Male,Premium,1,0,0,1,0,1,3,55.4,1.5,9,55,420.99,1,2,UPI,1,Laptop,West India,5,0
OTT07914,27,Female,Premium,1,1,1,1,1,0,5,14.9,1.5,1,45,1183.01,4,1,UPI,0,Mobile,Central India,1,0
OTT07915,27,Female,Standard,1,1,0,1,1,1,5,34.0,2.0,56,23,583.86,2,0,UPI,0,Laptop,South India,2,0
OTT07916,34,Male,Standard,1,1,1,1,1,1,6,16.3,1.2,46,15,382.04,3,1,Credit Card,0,Mobile,South India,4,0
OTT07917,33,Female,Premium,1,1,0,1,1,1,5,36.3,0.9,43,40,628.27,1,3,UPI,1,Smart TV,West India,4,0
OTT07918,50,Male,Basic,1,0,0,0,0,0,1,25.2,2.1,34,47,825.85,5,0,UPI,0,Smart TV,South India,1,0
OTT07919,58,Male,Standard,1,1,1,1,1,0,5,40.8,0.9,44,30,587.33,5,0,Wallet,1,Mobile,South India,3,0
OTT07920,24,Male,Standard,0,1,1,0,0,1,3,29.1,0.7,33,45,481.68,5,2,UPI,1,Laptop,North India,4,0
OTT07921,31,Female,Standard,0,1,1,1,0,1,4,73.0,5.4,58,44,213.49,3,0,UPI,1,Smart TV,North India,4,1
OTT07922,57,Male,Premium,1,0,0,0,1,1,3,18.3,0.3,13,42,474.72,1,0,Debit Card,1,Smart TV,South India,2,0
OTT07923,43,Female,Standard,1,1,0,0,1,1,4,10.3,0.2,26,20,763.08,2,2,UPI,0,Smart TV,West India,4,0
OTT07924,26,Female,Standard,1,1,0,1,0,0,3,17.4,1.4,21,17,217.56,3,2,UPI,1,Smart TV,Central India,4,0
OTT07925,43,Female,Premium,1,1,1,1,0,1,5,17.6,2.2,24,25,527.74,1,2,UPI,0,Mobile,South India,5,1
OTT07926,55,Male,Standard,1,0,0,0,0,1,2,23.3,1.3,3,60,724.58,1,2,Credit Card,0,Laptop,West India,5,0
OTT07927,34,Male,Basic,1,0,0,0,1,0,2,19.6,1.2,55,4,984.79,5,2,Debit Card,1,Laptop,East India,4,0
OTT07928,38,Female,Basic,0,1,1,0,1,0,3,27.7,4.5,21,21,339.21,3,1,UPI,1,Smart TV,South India,3,0
OTT07929,44,Male,Standard,0,0,0,1,0,0,1,7.5,1.0,35,54,1220.79,2,0,Net Banking,1,Tablet,West India,5,0
OTT07930,54,Female,Basic,1,1,0,1,1,0,4,19.5,1.5,16,53,778.63,5,0,Credit Card,0,Mobile,South India,5,0
OTT07931,42,Male,Standard,0,0,0,1,0,1,2,19.4,1.2,6,12,323.06,2,0,UPI,1,Smart TV,South India,2,0
OTT07932,59,Female,Premium,1,0,0,0,1,1,3,38.0,1.7,47,11,691.44,4,0,UPI,0,Mobile,Central India,1,0
OTT07933,50,Female,Basic,1,0,0,0,0,0,1,13.6,1.3,27,9,447.54,5,2,Credit Card,0,Smart TV,East India,2,0
OTT07934,36,Female,Premium,0,0,0,0,1,1,2,13.2,2.0,8,23,211.47,2,0,Debit Card,1,Smart TV,East India,2,0
OTT07935,38,Female,Standard,0,0,0,1,1,1,3,24.8,1.5,39,6,604.91,3,0,UPI,1,Laptop,South India,5,0
OTT07936,47,Male,Premium,0,1,0,0,0,1,2,39.3,1.1,10,2,612.45,5,0,Debit Card,1,Smart TV,North India,5,0
OTT07937,21,Male,Basic,0,1,1,0,0,0,2,2.7,0.5,54,38,728.18,1,1,UPI,1,Mobile,West India,4,1
OTT07938,27,Male,Basic,0,1,0,0,1,0,2,36.9,0.1,48,7,384.34,5,0,Credit Card,1,Laptop,North India,1,0
OTT07939,28,Female,Standard,1,0,0,1,0,0,2,33.7,2.1,43,30,404.18,2,3,Debit Card,1,Fire TV,South India,2,1
OTT07940,52,Male,Standard,0,1,0,0,1,1,3,23.4,0.7,35,27,913.52,5,0,Credit Card,1,Fire TV,South India,3,0
OTT07941,53,Male,Premium,1,0,1,0,0,0,2,27.1,1.5,59,35,863.19,4,2,UPI,1,Mobile,North India,5,0
OTT07942,53,Male,Premium,0,0,1,1,0,1,3,43.7,0.5,39,50,301.39,4,2,UPI,1,Laptop,South India,1,0
OTT07943,22,Male,Basic,1,0,1,1,0,1,4,17.5,2.6,1,20,182.12,1,0,UPI,0,Fire TV,North India,4,0
OTT07944,30,Female,Basic,0,1,1,0,0,1,3,9.7,2.5,7,41,336.21,1,0,UPI,0,Mobile,West India,5,1
OTT07945,31,Female,Standard,1,1,0,0,1,0,3,33.8,0.8,41,45,963.2,3,0,UPI,1,Fire TV,East India,5,0
OTT07946,19,Male,Mobile,1,0,0,0,0,1,2,32.2,2.3,39,35,99.0,3,2,Net Banking,1,Smart TV,North India,1,0
OTT07947,29,Male,Premium,1,1,1,0,1,1,5,5.5,2.6,22,25,486.19,2,2,UPI,1,Mobile,West India,4,0
OTT07948,36,Female,Standard,1,0,1,0,0,1,3,56.8,3.4,39,1,908.63,3,1,UPI,0,Fire TV,North India,4,1
OTT07949,56,Female,Premium,0,1,0,1,0,0,2,31.0,0.6,21,15,704.05,2,0,Net Banking,1,Mobile,West India,2,0
OTT07950,25,Female,Premium,1,0,1,1,1,1,5,14.2,1.1,28,50,607.49,5,0,Debit Card,1,Laptop,North India,3,0
OTT07951,54,Female,Mobile,1,0,1,0,1,1,4,32.5,1.4,10,26,908.05,3,1,Debit Card,1,Smart TV,South India,1,0
OTT07952,53,Female,Basic,1,1,0,0,1,0,3,30.0,1.2,58,20,587.6,5,1,Wallet,0,Fire TV,South India,4,0
OTT07953,24,Female,Standard,1,1,0,1,1,1,5,19.0,3.8,38,55,497.18,1,0,Credit Card,1,Tablet,South India,1,0
OTT07954,29,Female,Premium,0,0,0,1,0,0,1,26.9,2.0,16,34,860.33,2,0,Credit Card,1,Smart TV,North India,2,0
OTT07955,37,Female,Standard,0,1,0,1,1,1,4,27.1,0.7,41,58,1186.19,4,0,UPI,1,Fire TV,North India,4,0
OTT07956,58,Female,Mobile,1,1,1,1,0,0,4,25.3,4.5,35,50,99.0,4,1,UPI,1,Mobile,Central India,3,0
OTT07957,51,Female,Standard,0,1,0,0,0,1,2,24.0,2.2,17,12,430.21,4,4,Wallet,1,Laptop,South India,5,0
OTT07958,59,Male,Basic,0,1,0,0,1,0,2,30.2,1.2,7,4,563.93,2,0,UPI,1,Laptop,South India,4,0
OTT07959,31,Male,Basic,1,0,0,0,0,0,1,27.6,0.4,41,2,492.06,5,0,Net Banking,1,Mobile,West India,5,1
OTT07960,57,Female,Premium,1,1,0,1,1,1,5,17.6,1.3,23,19,666.94,2,0,Credit Card,1,Laptop,Central India,1,0
OTT07961,59,Female,Mobile,0,1,0,0,0,1,2,12.4,3.3,15,52,643.94,1,1,Credit Card,1,Smart TV,North India,1,1
OTT07962,43,Male,Mobile,1,0,0,1,0,0,2,26.9,1.5,16,58,307.97,5,2,UPI,1,Mobile,North India,5,0
OTT07963,24,Male,Basic,1,0,1,0,1,1,4,36.8,1.2,9,58,810.19,3,3,UPI,1,Mobile,West India,3,1
OTT07964,29,Male,Premium,1,1,0,0,1,1,4,26.2,2.0,42,6,615.97,1,1,Credit Card,1,Fire TV,West India,2,0
OTT07965,23,Male,Mobile,0,1,1,0,0,0,2,17.4,1.3,57,41,1000.05,1,0,Net Banking,1,Smart TV,North India,3,0
OTT07966,52,Female,Mobile,1,1,1,0,0,1,4,7.2,2.4,46,22,948.91,1,2,UPI,1,Mobile,East India,3,0
OTT07967,31,Female,Basic,0,1,0,1,1,0,3,57.8,2.7,13,5,590.45,4,2,Credit Card,1,Smart TV,Central India,4,0
OTT07968,48,Female,Standard,1,1,1,1,0,1,5,31.5,0.8,52,54,798.56,3,0,Credit Card,1,Tablet,East India,4,0
OTT07969,29,Male,Mobile,0,0,0,0,0,1,1,30.1,3.0,29,27,99.0,2,1,Debit Card,1,Fire TV,Central India,3,0
OTT07970,60,Male,Standard,0,0,1,0,0,0,1,19.1,0.8,15,8,99.0,3,0,Debit Card,0,Tablet,North India,2,0
OTT07971,51,Male,Premium,0,1,1,0,1,0,3,7.4,1.7,26,27,955.62,4,1,Credit Card,1,Laptop,North India,5,0
OTT07972,34,Male,Standard,0,1,0,1,0,0,2,16.7,3.9,39,42,611.44,5,2,Debit Card,1,Laptop,West India,1,0
OTT07973,38,Female,Mobile,1,0,1,0,0,1,3,52.8,1.6,39,31,1005.42,5,5,UPI,1,Laptop,South India,4,0
OTT07974,20,Male,Standard,0,0,0,0,0,1,1,10.6,0.4,30,42,957.21,4,2,UPI,1,Tablet,South India,3,0
OTT07975,23,Female,Basic,0,1,0,1,1,1,4,6.3,1.8,27,25,220.23,1,3,Debit Card,1,Mobile,South India,5,0
OTT07976,60,Female,Basic,0,1,1,1,1,1,5,57.3,2.4,32,15,832.87,3,1,UPI,1,Smart TV,South India,5,1
OTT07977,53,Male,Standard,0,1,1,0,1,1,4,14.3,2.5,45,38,430.36,5,1,Net Banking,1,Mobile,West India,1,1
OTT07978,54,Male,Mobile,1,1,1,1,1,1,6,21.9,3.0,13,9,564.92,4,3,UPI,1,Mobile,West India,3,0
OTT07979,45,Male,Mobile,1,1,1,1,1,0,5,30.4,1.7,17,26,292.85,2,3,Credit Card,1,Mobile,Central India,2,0
OTT07980,27,Male,Mobile,1,0,1,0,0,1,3,67.6,2.7,43,46,928.28,1,3,Debit Card,0,Tablet,West India,4,0
OTT07981,22,Female,Mobile,0,1,0,1,1,0,3,52.1,0.7,44,9,786.74,5,0,Credit Card,0,Mobile,North India,5,1
OTT07982,49,Female,Basic,1,0,1,1,1,1,5,23.6,2.3,38,14,481.35,3,2,Credit Card,0,Laptop,East India,4,0
OTT07983,32,Female,Basic,1,1,1,1,0,1,5,17.3,1.1,46,17,431.91,1,0,Credit Card,0,Smart TV,West India,5,0
OTT07984,18,Female,Standard,1,1,1,1,1,1,6,11.6,3.4,55,47,866.53,4,1,UPI,1,Laptop,South India,5,0
OTT07985,18,Female,Mobile,1,0,1,1,1,0,4,31.7,1.7,23,3,429.48,4,1,UPI,0,Mobile,North India,5,0
OTT07986,41,Female,Basic,1,0,0,0,1,0,2,26.3,1.2,36,55,479.6,5,1,Credit Card,1,Smart TV,West India,5,0
OTT07987,54,Male,Premium,1,1,1,1,0,1,5,7.0,2.7,52,32,444.66,1,2,UPI,0,Mobile,Central India,1,0
OTT07988,33,Male,Standard,1,1,1,1,1,0,5,21.9,1.6,42,3,441.84,1,0,Credit Card,1,Tablet,South India,3,0
OTT07989,60,Male,Premium,1,0,1,1,1,0,4,26.7,0.4,10,57,840.16,4,2,Credit Card,1,Smart TV,Central India,5,0
OTT07990,34,Male,Standard,1,1,0,1,1,1,5,33.4,0.7,21,17,713.57,2,0,Debit Card,0,Smart TV,South India,2,0
OTT07991,49,Female,Mobile,0,1,0,1,0,1,3,13.0,4.9,36,1,492.35,3,3,Wallet,1,Laptop,West India,3,1
OTT07992,28,Male,Basic,1,1,1,1,0,1,5,27.2,2.0,11,44,355.09,2,1,Wallet,1,Smart TV,North India,4,0
OTT07993,44,Female,Standard,0,0,0,1,0,0,1,11.3,1.8,45,35,644.85,2,1,UPI,1,Mobile,West India,1,1
OTT07994,29,Male,Premium,0,1,1,1,1,1,5,30.5,1.3,57,34,574.55,5,1,Debit Card,0,Mobile,North India,2,1
OTT07995,51,Female,Basic,0,0,1,0,0,0,1,21.4,1.9,35,18,867.78,1,0,Credit Card,1,Smart TV,South India,1,1
OTT07996,37,Male,Standard,1,0,0,0,1,0,2,70.5,2.1,36,31,446.62,2,3,UPI,1,Mobile,South India,3,0
OTT07997,19,Male,Basic,1,0,0,0,0,1,2,14.6,0.5,41,37,770.33,2,1,Debit Card,1,Mobile,South India,5,1
OTT07998,28,Female,Mobile,1,1,0,1,0,0,3,18.4,1.2,29,29,578.32,5,1,UPI,0,Laptop,Central India,1,0
OTT07999,33,Male,Mobile,0,0,0,0,1,1,2,7.3,0.8,42,20,730.76,5,2,UPI,1,Smart TV,North India,3,0
OTT08000,38,Female,Premium,1,1,1,1,1,1,6,24.2,0.5,60,58,1104.77,4,2,Wallet,0,Laptop,East India,1,0
OTT08001,29,Female,Mobile,0,0,1,0,1,1,3,19.8,0.2,19,29,576.45,2,2,UPI,0,Fire TV,North India,3,0
OTT08002,42,Male,Basic,0,1,1,1,1,1,5,25.7,5.2,16,47,1258.53,5,0,Debit Card,0,Tablet,West India,2,0
OTT08003,59,Male,Standard,0,1,0,1,0,0,2,23.4,6.7,28,21,589.71,2,1,Net Banking,1,Laptop,South India,4,0
OTT08004,48,Male,Basic,0,1,0,0,0,0,1,71.2,5.1,43,34,358.18,5,0,Wallet,1,Mobile,North India,5,0
OTT08005,31,Male,Premium,1,1,0,0,1,1,4,32.1,2.7,45,30,1088.7,4,1,Credit Card,1,Smart TV,West India,1,0
OTT08006,47,Female,Mobile,0,1,1,1,0,1,4,38.2,1.8,13,20,1157.98,1,3,Wallet,0,Smart TV,West India,1,1
OTT08007,59,Female,Premium,1,1,1,0,0,0,3,26.1,1.1,57,58,387.75,1,1,Debit Card,1,Tablet,North India,3,1
OTT08008,28,Male,Mobile,1,1,0,1,0,1,4,28.5,1.2,26,2,428.98,1,4,UPI,1,Smart TV,West India,2,1
OTT08009,27,Female,Basic,1,0,1,1,1,1,5,25.5,0.6,29,27,879.16,5,0,Credit Card,1,Smart TV,North India,2,0
OTT08010,19,Female,Standard,1,0,1,0,1,0,3,25.8,1.4,23,41,810.27,3,1,Credit Card,1,Smart TV,West India,2,0
OTT08011,54,Male,Premium,1,1,1,1,1,1,6,17.3,0.3,2,12,423.28,1,2,Credit Card,1,Laptop,South India,3,0
OTT08012,53,Male,Basic,1,0,1,1,1,0,4,37.7,1.7,46,10,399.38,1,0,Credit Card,0,Laptop,North India,5,1
OTT08013,35,Female,Basic,1,1,1,0,0,1,4,73.7,0.6,28,24,729.81,1,3,Credit Card,1,Smart TV,East India,5,0
OTT08014,55,Female,Basic,0,1,0,0,1,1,3,26.1,2.8,28,10,611.95,3,0,Wallet,1,Laptop,South India,3,1
OTT08015,46,Male,Mobile,0,1,0,0,0,0,1,13.5,1.1,31,11,811.68,1,0,Net Banking,0,Mobile,East India,3,1
OTT08016,60,Male,Premium,1,0,1,0,0,0,2,42.6,3.3,21,7,810.65,2,3,Wallet,1,Mobile,South India,3,1
OTT08017,57,Male,Premium,0,1,1,1,1,0,4,57.1,3.3,8,59,905.96,5,0,Net Banking,0,Fire TV,North India,4,0
OTT08018,59,Female,Standard,1,1,1,0,1,0,4,17.9,2.3,17,53,99.0,5,1,UPI,1,Fire TV,West India,2,0
OTT08019,34,Female,Basic,0,0,0,1,1,0,2,11.6,3.7,33,38,1171.98,5,1,Debit Card,1,Mobile,North India,4,0
OTT08020,45,Male,Standard,1,0,0,1,0,1,3,35.4,1.6,51,35,795.15,3,1,UPI,1,Mobile,North India,3,0
OTT08021,25,Female,Standard,0,0,0,1,1,0,2,26.6,3.2,26,22,528.8,2,0,UPI,1,Tablet,South India,3,0
OTT08022,56,Male,Mobile,0,0,0,1,1,0,2,33.6,2.0,12,49,620.31,4,2,Debit Card,1,Smart TV,North India,2,0
OTT08023,31,Female,Basic,1,0,1,1,1,1,5,24.9,3.3,16,20,831.67,1,1,UPI,1,Mobile,Central India,4,0
OTT08024,37,Female,Standard,0,0,1,1,1,0,3,21.9,1.8,28,1,715.81,3,2,UPI,0,Mobile,West India,5,1
OTT08025,43,Male,Premium,1,0,0,1,0,0,2,14.1,3.1,55,12,719.74,1,0,UPI,1,Smart TV,East India,5,0
OTT08026,51,Male,Basic,0,1,1,1,0,0,3,31.2,2.9,25,29,624.15,5,0,Net Banking,1,Smart TV,East India,1,0
OTT08027,49,Male,Standard,0,1,1,1,0,0,3,10.4,1.8,15,39,1117.15,2,2,Credit Card,1,Laptop,East India,2,0
OTT08028,59,Female,Standard,1,0,0,1,1,1,4,37.6,0.8,28,38,745.2,5,0,UPI,0,Tablet,West India,4,0
OTT08029,48,Female,Premium,1,1,1,1,1,1,6,36.2,3.1,55,24,968.67,1,2,Net Banking,0,Mobile,South India,3,0
OTT08030,52,Male,Premium,1,0,1,0,0,1,3,30.5,1.8,40,55,1261.16,4,1,UPI,1,Mobile,West India,1,0
OTT08031,42,Female,Mobile,0,0,1,0,1,1,3,48.6,3.2,43,19,919.64,5,1,Net Banking,0,Mobile,East India,5,0
OTT08032,35,Female,Basic,1,0,0,1,1,0,3,20.7,1.1,54,36,734.27,2,1,Credit Card,0,Mobile,North India,2,1
OTT08033,57,Male,Standard,1,1,0,0,1,0,3,20.3,0.3,1,8,134.78,1,2,UPI,0,Fire TV,West India,4,0
OTT08034,34,Male,Premium,1,0,1,0,0,0,2,19.4,0.3,9,8,535.35,2,0,Credit Card,0,Laptop,South India,5,0
OTT08035,44,Female,Mobile,0,0,0,0,1,0,1,27.3,0.8,13,55,1243.85,3,0,Credit Card,1,Smart TV,North India,2,0
OTT08036,30,Male,Standard,1,0,1,1,1,1,5,23.0,3.2,43,43,742.61,2,2,UPI,1,Smart TV,South India,2,0
OTT08037,38,Female,Premium,1,0,1,0,0,1,3,19.0,1.2,12,41,276.61,1,1,UPI,1,Laptop,South India,1,0
OTT08038,33,Female,Basic,0,1,1,0,0,1,3,20.0,2.2,8,22,590.29,2,0,UPI,1,Mobile,West India,3,0
OTT08039,29,Male,Basic,1,0,0,0,0,0,1,29.7,2.1,25,45,319.69,4,2,UPI,1,Laptop,East India,5,0
OTT08040,53,Male,Basic,1,1,0,0,1,1,4,46.0,0.2,0,15,521.88,5,2,Wallet,1,Smart TV,North India,2,0
OTT08041,50,Male,Basic,0,1,0,1,0,0,2,17.1,2.3,53,38,537.24,5,2,UPI,1,Smart TV,North India,2,0
OTT08042,48,Female,Standard,1,1,1,0,0,0,3,5.0,2.3,0,51,485.94,3,1,Credit Card,1,Mobile,West India,1,0
OTT08043,21,Male,Mobile,1,1,0,1,1,1,5,35.0,0.8,9,49,671.68,3,0,UPI,1,Mobile,North India,2,0
OTT08044,28,Female,Standard,1,0,1,0,1,0,3,13.5,2.0,54,34,99.0,4,0,Debit Card,1,Mobile,North India,4,0
OTT08045,27,Female,Mobile,0,1,1,1,1,1,5,45.9,3.7,60,20,835.27,3,1,Net Banking,1,Laptop,Central India,4,0
OTT08046,48,Female,Standard,0,0,1,0,0,1,2,38.3,1.6,51,30,1051.3,2,2,UPI,0,Smart TV,West India,4,1
OTT08047,56,Male,Mobile,0,1,0,1,1,1,4,40.2,2.7,30,60,134.69,5,2,UPI,1,Mobile,North India,3,0
OTT08048,34,Male,Standard,1,1,1,1,1,1,6,25.6,1.4,19,51,947.65,5,1,Debit Card,0,Smart TV,North India,4,0
OTT08049,32,Female,Basic,0,0,1,1,1,0,3,44.6,5.1,55,4,833.45,3,2,Debit Card,1,Laptop,North India,5,0
OTT08050,41,Male,Standard,1,0,1,1,0,1,4,31.0,0.7,39,57,752.19,5,1,UPI,1,Mobile,North India,4,0
OTT08051,60,Male,Mobile,0,0,1,1,0,1,3,29.6,1.8,2,57,663.49,2,2,Credit Card,1,Smart TV,North India,4,0
OTT08052,33,Other,Standard,1,0,1,1,0,1,4,26.8,0.4,9,39,713.1,4,1,Debit Card,1,Mobile,Central India,3,0
OTT08053,29,Female,Basic,1,1,1,0,1,1,5,32.9,2.1,54,33,892.61,5,1,UPI,1,Laptop,North India,4,0
OTT08054,40,Female,Mobile,0,1,1,1,0,1,4,9.3,0.3,45,51,711.25,5,1,Credit Card,0,Smart TV,North India,1,0
OTT08055,57,Male,Standard,1,1,0,1,1,1,5,18.8,1.5,4,20,1403.7,3,2,UPI,1,Mobile,South India,2,0
OTT08056,49,Female,Mobile,0,1,0,1,0,1,3,18.9,4.1,60,26,472.49,5,2,Wallet,1,Smart TV,East India,4,0
OTT08057,40,Male,Premium,1,0,1,1,0,0,3,23.4,2.7,34,19,1110.7,3,2,UPI,1,Smart TV,West India,5,0
OTT08058,49,Male,Standard,0,0,1,0,1,0,2,13.1,0.5,57,55,614.17,1,3,UPI,1,Smart TV,South India,3,0
OTT08059,18,Male,Mobile,1,0,1,0,1,1,4,16.5,3.5,58,36,539.3,4,1,Debit Card,0,Mobile,West India,1,0
OTT08060,50,Female,Premium,0,1,1,1,1,1,5,11.0,1.5,38,44,932.19,5,1,UPI,1,Laptop,South India,1,0
OTT08061,22,Male,Mobile,0,0,1,1,1,1,4,16.4,1.3,3,4,564.04,3,2,Net Banking,1,Laptop,South India,3,0
OTT08062,34,Female,Premium,0,0,1,0,0,1,2,14.5,1.2,27,55,1137.36,2,1,Wallet,1,Smart TV,North India,5,1
OTT08063,33,Female,Basic,1,1,1,0,0,0,3,16.2,1.2,54,37,440.86,1,0,UPI,1,Mobile,South India,4,0
OTT08064,47,Female,Standard,1,1,1,1,0,0,4,38.8,0.7,22,52,1005.51,2,0,UPI,1,Fire TV,West India,3,0
OTT08065,28,Male,Premium,1,1,0,1,1,1,5,23.8,1.1,18,5,818.58,3,6,Debit Card,1,Smart TV,West India,1,0
OTT08066,28,Female,Mobile,0,1,0,0,1,0,2,21.5,1.4,16,22,604.05,5,1,UPI,1,Fire TV,South India,3,1
OTT08067,56,Female,Standard,1,0,1,0,0,0,2,48.4,0.2,40,36,374.96,2,0,Debit Card,1,Mobile,North India,1,0
OTT08068,38,Male,Mobile,0,1,0,1,0,1,3,30.0,0.9,5,54,373.88,1,1,Debit Card,1,Laptop,West India,5,0
OTT08069,49,Male,Standard,0,0,0,1,1,0,2,31.3,2.5,26,55,412.13,5,2,Credit Card,1,Mobile,North India,5,0
OTT08070,43,Female,Mobile,1,1,1,1,1,1,6,26.8,1.4,12,33,960.15,4,1,Net Banking,1,Smart TV,Central India,3,0
OTT08071,44,Female,Mobile,1,1,0,1,0,0,3,39.3,2.7,53,29,662.8,4,0,Debit Card,0,Laptop,Central India,5,0
OTT08072,47,Female,Mobile,0,1,1,1,0,0,3,42.7,0.4,34,48,871.2,5,1,Debit Card,1,Smart TV,North India,1,0
OTT08073,46,Male,Standard,1,0,1,0,0,0,2,29.3,0.4,16,44,692.84,5,2,Debit Card,1,Laptop,South India,1,0
OTT08074,57,Male,Premium,1,0,0,1,1,0,3,39.1,1.8,16,43,342.59,5,1,Credit Card,1,Tablet,West India,2,0
OTT08075,51,Male,Premium,1,1,1,1,1,1,6,32.8,0.8,45,1,749.52,4,2,Debit Card,1,Laptop,West India,3,0
OTT08076,31,Other,Standard,0,1,0,1,1,0,3,29.9,0.9,44,56,821.82,5,2,UPI,1,Laptop,South India,3,0
OTT08077,25,Female,Premium,0,1,0,0,0,0,1,20.4,1.1,53,3,160.48,3,0,UPI,1,Mobile,West India,1,0
OTT08078,54,Female,Premium,0,0,1,0,0,1,2,15.9,0.9,46,43,483.33,5,1,UPI,1,Mobile,Central India,4,0
OTT08079,34,Female,Standard,1,1,1,1,1,1,6,9.4,1.2,9,40,422.15,5,2,UPI,1,Mobile,East India,2,0
OTT08080,31,Male,Basic,1,1,1,1,1,1,6,55.7,2.1,29,44,298.69,3,1,Debit Card,0,Smart TV,South India,5,0
OTT08081,22,Female,Standard,0,1,0,1,0,0,2,39.3,6.6,0,56,690.59,2,2,Net Banking,0,Smart TV,South India,5,0
OTT08082,41,Male,Mobile,1,0,0,0,1,1,3,19.2,0.9,55,60,727.02,5,0,Credit Card,1,Mobile,North India,1,0
OTT08083,40,Male,Premium,0,0,0,0,1,0,1,8.3,3.2,46,8,1017.73,5,0,Net Banking,1,Laptop,North India,3,1
OTT08084,53,Male,Basic,0,0,1,0,1,1,3,32.9,0.2,49,53,875.91,1,1,Wallet,0,Mobile,South India,5,1
OTT08085,50,Male,Basic,1,0,0,0,0,1,2,20.8,1.3,44,35,564.56,2,1,Credit Card,0,Fire TV,West India,1,0
OTT08086,49,Male,Premium,1,0,1,1,0,1,4,40.4,1.6,4,37,565.13,2,0,Credit Card,1,Mobile,South India,2,0
OTT08087,41,Female,Mobile,1,0,1,1,1,1,5,13.8,0.9,40,60,1146.3,4,1,Debit Card,1,Tablet,North India,3,0
OTT08088,55,Female,Premium,0,0,1,0,0,1,2,18.8,1.2,48,46,791.81,2,1,Credit Card,0,Fire TV,West India,2,0
OTT08089,60,Female,Premium,1,1,1,0,0,0,3,22.1,1.5,38,56,971.85,2,2,UPI,1,Mobile,North India,4,0
OTT08090,53,Male,Standard,0,0,0,0,1,0,1,35.5,0.7,50,16,254.59,4,0,Net Banking,1,Smart TV,North India,1,1
OTT08091,32,Female,Standard,0,0,1,1,0,0,2,16.7,1.9,36,51,206.36,2,2,Debit Card,1,Smart TV,South India,1,0
OTT08092,29,Male,Mobile,1,0,0,0,0,0,1,33.2,1.8,21,33,534.04,1,1,Credit Card,1,Fire TV,South India,5,0
OTT08093,18,Male,Basic,1,0,0,1,0,0,2,9.8,1.4,24,13,923.68,5,1,UPI,1,Laptop,North India,3,0
OTT08094,60,Male,Premium,1,1,1,1,1,1,6,23.9,1.3,30,59,1095.68,2,2,Debit Card,1,Smart TV,East India,3,0
OTT08095,49,Male,Mobile,0,0,0,0,0,1,1,51.7,2.5,18,20,436.32,5,1,Credit Card,1,Mobile,North India,1,0
OTT08096,58,Female,Basic,1,1,1,0,1,1,5,63.6,2.3,4,11,797.76,3,4,Debit Card,0,Mobile,South India,1,0
OTT08097,51,Female,Basic,0,0,0,1,0,0,1,44.1,0.9,29,36,765.82,3,2,Credit Card,1,Laptop,South India,5,0
OTT08098,36,Male,Standard,0,1,0,1,0,1,3,8.1,3.2,16,54,324.24,2,1,Credit Card,1,Mobile,North India,5,0
OTT08099,24,Female,Standard,0,0,1,1,1,0,3,22.6,1.8,31,30,411.58,1,3,Debit Card,1,Laptop,North India,2,0
OTT08100,20,Male,Mobile,1,1,0,1,1,1,5,24.4,1.3,58,45,619.27,1,1,UPI,0,Laptop,East India,3,0
OTT08101,52,Male,Basic,0,0,1,1,0,0,2,41.1,3.3,41,58,292.46,3,2,Credit Card,1,Smart TV,West India,5,1
OTT08102,31,Female,Premium,1,0,0,1,0,0,2,26.5,0.3,56,18,1359.54,2,2,UPI,0,Smart TV,Central India,4,0
OTT08103,34,Female,Basic,1,0,1,0,1,1,4,13.3,0.9,50,3,353.03,2,1,Debit Card,1,Smart TV,East India,1,0
OTT08104,53,Female,Basic,1,1,1,0,0,1,4,44.4,3.4,41,57,522.03,1,2,UPI,1,Laptop,North India,5,0
OTT08105,38,Male,Mobile,1,1,1,1,0,0,4,59.3,1.9,8,41,752.58,4,1,UPI,1,Fire TV,West India,2,0
OTT08106,58,Female,Standard,1,0,0,0,0,0,1,37.7,2.1,1,26,717.78,2,1,Debit Card,1,Smart TV,West India,1,0
OTT08107,41,Male,Mobile,0,1,1,0,0,0,2,16.3,1.4,9,50,822.71,1,0,UPI,1,Laptop,West India,3,0
OTT08108,53,Male,Basic,1,1,1,0,0,1,4,66.8,0.8,1,29,366.47,3,1,Credit Card,0,Laptop,North India,1,0
OTT08109,23,Male,Standard,0,1,0,1,1,0,3,39.5,1.4,30,55,270.34,2,2,UPI,0,Smart TV,West India,5,1
OTT08110,35,Male,Mobile,1,0,1,1,0,0,3,36.0,2.4,36,29,677.96,2,2,Net Banking,1,Smart TV,South India,3,0
OTT08111,25,Male,Premium,1,1,0,0,0,0,2,57.9,1.4,33,17,395.96,4,2,UPI,1,Mobile,North India,3,0
OTT08112,20,Male,Premium,1,0,0,0,1,0,2,40.1,2.4,14,12,445.79,5,0,Wallet,1,Smart TV,North India,5,0
OTT08113,60,Female,Standard,1,1,0,1,1,1,5,23.1,1.9,26,15,425.45,4,0,Credit Card,1,Tablet,South India,1,0
OTT08114,40,Male,Basic,1,0,1,0,1,1,4,54.0,0.9,39,39,425.06,2,1,Debit Card,0,Smart TV,North India,5,0
OTT08115,33,Male,Mobile,0,0,0,0,1,1,2,14.2,1.9,18,10,243.37,1,3,Credit Card,1,Smart TV,South India,3,1
OTT08116,34,Female,Standard,0,1,1,1,1,1,5,15.8,2.6,5,32,350.59,2,0,Debit Card,0,Tablet,East India,2,0
OTT08117,28,Female,Basic,1,1,0,0,1,0,3,18.2,0.7,10,7,547.35,1,0,UPI,1,Mobile,Central India,1,0
OTT08118,23,Male,Standard,0,1,1,0,0,0,2,27.0,1.2,60,59,967.18,2,2,UPI,0,Fire TV,East India,2,0
OTT08119,57,Male,Mobile,0,1,1,0,1,0,3,29.3,1.3,12,8,1218.59,5,1,UPI,0,Smart TV,North India,5,0
OTT08120,22,Male,Standard,1,1,0,1,0,1,4,22.2,1.8,6,47,908.96,1,2,Credit Card,0,Mobile,South India,2,0
OTT08121,34,Female,Basic,1,1,0,0,1,0,3,22.9,4.3,51,24,717.53,1,3,Debit Card,0,Laptop,North India,3,0
OTT08122,24,Male,Standard,0,0,0,1,1,1,3,30.1,0.8,20,27,936.11,2,3,Wallet,1,Smart TV,Central India,5,0
OTT08123,57,Male,Mobile,1,0,1,1,0,1,4,14.2,1.3,58,6,606.3,2,2,Credit Card,1,Mobile,North India,5,1
OTT08124,26,Female,Basic,1,1,0,0,0,0,2,34.3,0.9,5,54,721.78,5,4,UPI,1,Mobile,South India,5,0
OTT08125,34,Female,Basic,1,1,1,1,1,0,5,4.6,0.3,3,58,851.12,3,0,Wallet,1,Laptop,South India,3,0
OTT08126,50,Male,Basic,1,1,0,0,0,0,2,25.0,2.2,23,56,801.74,3,2,UPI,1,Smart TV,South India,5,0
OTT08127,42,Male,Premium,1,0,1,0,0,1,3,18.1,4.1,54,57,918.02,1,4,Debit Card,1,Mobile,West India,5,1
OTT08128,34,Male,Basic,0,1,1,0,1,1,4,65.4,2.4,20,35,839.95,5,1,Debit Card,0,Mobile,East India,3,0
OTT08129,42,Male,Mobile,0,0,1,0,1,1,3,21.2,0.7,44,60,444.47,5,1,Debit Card,1,Fire TV,South India,1,0
OTT08130,36,Male,Standard,1,1,0,1,0,0,3,27.1,0.7,39,58,829.99,3,2,UPI,1,Laptop,North India,3,0
OTT08131,30,Female,Basic,1,1,0,1,1,0,4,21.9,1.2,4,45,440.37,2,0,Credit Card,1,Fire TV,East India,1,0
OTT08132,43,Female,Premium,1,1,1,1,0,1,5,12.6,0.9,52,32,854.93,2,3,UPI,0,Smart TV,South India,1,0
OTT08133,33,Female,Basic,0,0,1,1,1,1,4,12.3,0.8,7,13,535.32,3,2,UPI,0,Tablet,South India,2,0
OTT08134,59,Female,Premium,0,0,1,1,1,1,4,10.9,2.7,49,14,288.33,5,2,UPI,1,Tablet,Central India,3,0
OTT08135,37,Female,Standard,0,0,1,0,1,0,2,24.7,2.8,7,29,257.99,3,1,UPI,0,Smart TV,West India,1,0
OTT08136,50,Male,Basic,1,0,0,1,0,1,3,20.7,1.1,44,32,1254.4,1,2,Wallet,1,Laptop,East India,2,1
OTT08137,28,Female,Basic,0,0,0,1,1,1,3,8.0,2.8,54,38,355.95,1,2,UPI,1,Laptop,North India,5,1
OTT08138,45,Male,Standard,0,1,0,0,0,0,1,60.7,2.8,60,30,915.28,5,2,UPI,0,Mobile,South India,1,0
OTT08139,42,Male,Standard,1,1,0,0,1,1,4,36.1,0.7,41,47,839.15,4,1,UPI,1,Smart TV,Central India,3,0
OTT08140,49,Male,Basic,1,0,0,0,1,0,2,27.4,1.4,2,31,908.05,3,2,Wallet,1,Mobile,North India,4,0
OTT08141,37,Female,Standard,1,1,0,0,0,0,2,6.0,0.4,2,44,367.85,5,0,Credit Card,1,Smart TV,West India,3,0
OTT08142,48,Female,Standard,1,1,0,0,0,0,2,31.3,0.8,48,11,532.61,4,1,Net Banking,1,Fire TV,Central India,3,1
OTT08143,20,Male,Standard,0,0,0,1,1,0,2,26.5,3.3,28,42,377.42,3,2,Wallet,1,Laptop,West India,1,0
OTT08144,47,Male,Standard,1,0,1,0,0,0,2,40.2,4.0,7,13,925.63,5,1,Debit Card,1,Fire TV,North India,3,0
OTT08145,50,Female,Premium,1,1,1,0,0,0,3,16.0,2.0,16,32,1064.58,1,1,UPI,0,Smart TV,South India,5,0
OTT08146,39,Male,Standard,1,1,1,0,0,0,3,18.8,2.8,37,24,636.63,2,2,Credit Card,1,Mobile,North India,4,0
OTT08147,19,Male,Basic,1,0,0,0,1,0,2,28.8,1.0,5,13,1249.75,4,2,Credit Card,1,Smart TV,West India,2,0
OTT08148,42,Female,Basic,0,1,0,1,0,0,2,18.3,1.0,49,46,722.51,1,0,Net Banking,1,Mobile,North India,4,1
OTT08149,51,Female,Mobile,1,0,0,1,1,1,4,31.1,2.2,47,51,591.4,1,1,UPI,1,Mobile,West India,1,1
OTT08150,37,Male,Basic,1,0,0,0,0,0,1,12.4,1.3,40,14,676.77,4,2,Credit Card,1,Fire TV,South India,5,0
OTT08151,22,Male,Basic,0,0,0,1,1,1,3,23.6,0.2,33,42,784.74,4,1,Wallet,0,Mobile,South India,5,1
OTT08152,34,Female,Standard,1,1,0,1,0,0,3,16.2,1.2,6,5,235.4,4,1,UPI,1,Tablet,South India,5,0
OTT08153,60,Male,Basic,0,1,1,1,0,0,3,39.1,3.1,24,28,722.49,5,1,Debit Card,1,Tablet,West India,2,0
OTT08154,29,Female,Standard,1,1,1,1,1,0,5,68.7,1.4,11,17,604.28,2,1,UPI,1,Mobile,South India,4,0
OTT08155,40,Female,Mobile,1,1,0,1,0,0,3,59.6,2.9,34,6,575.16,1,2,Debit Card,1,Smart TV,Central India,4,0
OTT08156,33,Female,Mobile,1,1,1,1,1,1,6,7.3,0.3,54,24,612.07,5,2,Wallet,0,Mobile,South India,4,0
OTT08157,48,Male,Basic,1,1,1,1,0,1,5,32.6,1.5,53,46,922.66,3,3,Credit Card,0,Laptop,North India,1,0
OTT08158,36,Male,Basic,1,0,0,1,0,0,2,16.0,1.1,55,4,650.02,3,0,Debit Card,1,Laptop,North India,3,0
OTT08159,34,Male,Basic,1,0,0,0,0,1,2,12.1,0.5,20,34,330.71,5,0,UPI,1,Tablet,West India,5,0
OTT08160,42,Male,Mobile,0,1,0,0,0,1,2,32.1,1.4,45,25,669.06,4,0,UPI,1,Fire TV,North India,2,0
OTT08161,42,Male,Standard,0,1,1,0,1,0,3,12.1,1.2,27,14,579.86,4,2,UPI,1,Mobile,North India,1,0
OTT08162,39,Male,Basic,1,1,0,1,0,0,3,45.8,3.7,17,36,649.53,3,1,Debit Card,0,Mobile,North India,4,0
OTT08163,29,Male,Basic,1,1,0,0,0,0,2,32.5,3.2,46,39,626.13,3,0,Credit Card,1,Smart TV,South India,4,0
OTT08164,22,Female,Basic,0,0,1,0,1,0,2,40.7,1.3,15,50,746.63,1,1,UPI,1,Mobile,South India,3,0
OTT08165,47,Male,Basic,0,0,1,1,0,1,3,28.9,1.3,39,26,258.38,5,0,Debit Card,1,Mobile,East India,2,0
OTT08166,32,Male,Basic,0,1,1,1,0,1,4,11.2,0.9,4,30,268.35,1,0,Debit Card,1,Tablet,North India,5,0
OTT08167,44,Male,Basic,0,1,1,1,1,0,4,20.3,0.6,36,24,622.22,5,3,Debit Card,1,Fire TV,North India,1,0
OTT08168,34,Female,Standard,1,1,1,1,1,1,6,50.3,1.7,28,44,574.18,4,2,Net Banking,0,Mobile,West India,5,0
OTT08169,54,Male,Standard,0,1,1,0,0,0,2,23.1,0.3,4,16,379.36,2,2,Wallet,1,Tablet,South India,3,0
OTT08170,48,Female,Premium,1,0,0,1,0,1,3,22.2,1.1,24,41,99.0,5,1,UPI,1,Smart TV,East India,3,0
OTT08171,35,Male,Premium,1,1,1,1,1,1,6,53.3,0.6,55,52,717.24,3,1,Credit Card,1,Laptop,North India,1,1
OTT08172,32,Female,Mobile,1,1,0,1,0,1,4,28.3,2.0,14,33,521.03,4,0,UPI,1,Mobile,North India,2,0
OTT08173,50,Female,Basic,0,1,1,0,0,1,3,47.4,2.6,23,17,740.33,3,1,Wallet,1,Mobile,South India,4,0
OTT08174,18,Female,Premium,0,1,0,1,1,0,3,23.3,1.4,39,34,722.96,3,3,Net Banking,1,Smart TV,East India,4,1
OTT08175,20,Female,Basic,0,1,0,0,0,0,1,13.9,1.2,7,26,847.23,5,0,Wallet,1,Laptop,South India,4,0
OTT08176,21,Female,Basic,1,1,1,1,1,0,5,5.2,2.7,12,18,349.6,5,0,Credit Card,0,Smart TV,East India,2,0
OTT08177,32,Male,Standard,1,0,1,1,0,0,3,23.0,0.9,19,55,654.36,3,0,Credit Card,1,Smart TV,North India,3,0
OTT08178,39,Male,Standard,0,0,1,0,1,1,3,26.5,2.7,5,9,1232.3,3,0,Wallet,0,Smart TV,South India,2,1
OTT08179,30,Female,Mobile,1,0,1,1,0,0,3,44.9,1.9,28,23,716.7,1,1,UPI,0,Smart TV,South India,3,0
OTT08180,26,Female,Basic,0,1,0,1,0,1,3,1.6,1.4,26,32,1066.16,3,1,Credit Card,1,Smart TV,North India,4,0
OTT08181,31,Female,Mobile,0,0,0,0,1,1,2,34.1,3.6,10,42,844.69,5,1,Wallet,1,Laptop,North India,4,0
OTT08182,39,Male,Mobile,1,0,1,1,0,1,4,25.2,2.7,44,17,399.63,2,3,Credit Card,1,Smart TV,Central India,1,0
OTT08183,30,Male,Mobile,1,0,0,1,0,1,3,22.6,0.5,34,50,1322.57,2,1,Wallet,1,Smart TV,South India,5,0
OTT08184,42,Female,Standard,1,0,0,0,0,0,1,67.0,1.1,11,23,1037.72,4,1,UPI,1,Mobile,South India,1,0
OTT08185,34,Female,Basic,0,1,1,0,0,1,3,32.6,0.6,16,60,288.38,3,0,UPI,1,Smart TV,South India,2,0
OTT08186,58,Male,Mobile,1,1,1,1,1,0,5,54.5,1.2,35,45,605.27,3,0,Wallet,1,Laptop,South India,4,0
OTT08187,60,Male,Mobile,1,1,1,0,0,0,3,15.8,3.0,17,16,1148.56,2,1,Wallet,1,Laptop,South India,2,0
OTT08188,46,Female,Premium,1,1,0,0,0,1,3,19.7,2.4,5,41,828.64,5,0,Wallet,0,Mobile,East India,4,0
OTT08189,41,Female,Mobile,0,1,0,0,1,1,3,45.1,0.5,47,3,133.67,2,4,UPI,0,Fire TV,North India,2,0
OTT08190,19,Female,Basic,1,0,1,1,1,0,4,14.3,0.9,16,9,454.02,2,2,Debit Card,1,Laptop,North India,3,0
OTT08191,44,Male,Standard,1,1,1,0,1,0,4,14.8,1.1,39,1,428.36,5,1,Wallet,1,Mobile,West India,3,1
OTT08192,34,Male,Basic,1,1,1,1,0,1,5,13.1,1.8,50,8,1064.68,3,1,UPI,0,Tablet,North India,3,0
OTT08193,30,Male,Basic,0,0,0,0,0,1,1,18.1,2.0,4,48,794.32,4,3,Wallet,1,Smart TV,East India,3,0
OTT08194,52,Male,Mobile,1,0,1,1,1,1,5,29.0,0.3,8,52,563.88,1,0,Debit Card,0,Mobile,South India,4,0
OTT08195,19,Male,Premium,1,1,1,1,1,0,5,33.9,3.1,16,41,431.98,2,0,UPI,0,Mobile,North India,4,0
OTT08196,29,Male,Standard,1,1,1,0,0,0,3,27.5,1.2,40,24,837.41,4,1,Net Banking,0,Smart TV,South India,4,0
OTT08197,51,Male,Standard,1,1,1,0,0,0,3,20.7,2.8,0,30,615.34,2,2,Wallet,0,Tablet,East India,4,0
OTT08198,57,Male,Premium,0,1,0,0,1,0,2,25.8,0.5,0,11,700.46,5,0,Credit Card,1,Smart TV,West India,5,0
OTT08199,40,Female,Standard,0,1,0,1,0,1,3,54.8,0.4,49,26,819.85,1,4,Debit Card,1,Mobile,West India,4,0
OTT08200,40,Male,Basic,0,0,1,1,0,0,2,25.3,1.9,33,37,698.71,5,2,Credit Card,0,Laptop,North India,2,0
OTT08201,59,Male,Basic,1,0,0,0,0,0,1,19.8,1.0,7,48,270.36,4,1,Net Banking,1,Smart TV,North India,3,0
OTT08202,21,Female,Basic,1,1,1,1,1,1,6,4.5,1.3,14,59,889.23,3,0,UPI,1,Smart TV,West India,2,0
OTT08203,38,Male,Basic,0,1,1,0,0,0,2,24.0,1.2,32,25,940.0,1,3,Credit Card,1,Mobile,North India,2,0
OTT08204,28,Female,Standard,1,1,0,0,0,1,3,44.0,1.8,13,37,1239.95,3,0,Credit Card,1,Tablet,South India,5,0
OTT08205,38,Female,Mobile,1,0,1,0,0,0,2,7.9,1.7,7,7,475.17,2,2,UPI,1,Smart TV,North India,3,0
OTT08206,56,Female,Mobile,1,0,0,0,1,1,3,10.9,2.2,30,37,1009.11,2,0,UPI,0,Smart TV,North India,1,0
OTT08207,43,Male,Basic,0,1,1,0,0,1,3,18.4,3.4,4,8,1008.0,3,2,Wallet,0,Tablet,South India,1,1
OTT08208,60,Female,Mobile,0,1,0,0,1,0,2,16.8,4.9,60,54,948.73,5,1,Credit Card,1,Smart TV,East India,2,0
OTT08209,39,Female,Premium,1,0,0,0,1,1,3,26.7,2.9,45,9,694.58,4,0,Net Banking,1,Tablet,North India,1,0
OTT08210,55,Female,Standard,1,1,1,1,1,1,6,63.2,2.5,14,12,393.35,1,0,UPI,0,Mobile,West India,1,0
OTT08211,25,Male,Mobile,0,0,1,0,1,1,3,12.6,1.4,58,15,568.47,5,0,Credit Card,1,Smart TV,West India,3,1
OTT08212,31,Female,Standard,1,1,1,1,1,1,6,16.6,0.1,33,34,336.54,4,0,Net Banking,1,Mobile,South India,2,0
OTT08213,29,Female,Standard,1,1,0,1,1,0,4,22.8,1.0,15,43,227.65,4,2,UPI,0,Smart TV,North India,4,0
OTT08214,51,Male,Basic,0,0,1,1,1,0,3,15.8,2.0,23,15,860.93,3,2,UPI,1,Mobile,East India,4,0
OTT08215,40,Male,Standard,0,0,0,1,0,1,2,26.6,0.3,47,47,415.06,1,0,UPI,1,Smart TV,South India,2,1
OTT08216,27,Female,Standard,0,0,0,0,0,1,1,33.3,2.1,42,41,99.0,4,2,UPI,1,Smart TV,South India,1,0
OTT08217,25,Male,Basic,0,1,1,1,1,1,5,16.9,0.4,23,39,684.9,4,1,Credit Card,1,Smart TV,South India,5,0
OTT08218,34,Female,Standard,1,1,0,0,1,0,3,40.3,0.9,56,35,877.66,4,0,Wallet,0,Mobile,South India,1,1
OTT08219,24,Other,Standard,1,0,1,0,0,1,3,20.1,1.2,4,56,827.1,2,1,Net Banking,1,Tablet,South India,4,0
OTT08220,47,Male,Standard,0,1,1,1,0,1,4,15.7,0.7,25,52,374.12,3,2,Debit Card,1,Mobile,Central India,3,0
OTT08221,54,Male,Premium,0,0,0,1,0,1,2,9.3,0.9,16,48,482.05,3,1,UPI,1,Mobile,North India,3,0
OTT08222,59,Female,Premium,1,0,1,0,1,1,4,35.2,2.1,55,35,765.8,3,0,Debit Card,1,Laptop,East India,3,0
OTT08223,28,Male,Mobile,0,1,1,0,0,0,2,29.5,2.3,11,34,904.06,5,2,UPI,0,Mobile,West India,4,0
OTT08224,36,Female,Standard,0,1,1,1,1,1,5,12.2,2.3,55,36,772.58,4,2,Debit Card,1,Mobile,South India,3,0
OTT08225,39,Male,Standard,1,1,0,0,0,0,2,14.5,2.3,45,60,894.91,3,2,Credit Card,1,Mobile,Central India,5,0
OTT08226,39,Male,Basic,1,0,1,0,0,0,2,28.1,2.8,53,30,603.65,5,2,UPI,0,Smart TV,West India,5,1
OTT08227,37,Male,Premium,1,1,1,1,0,0,4,34.0,2.7,23,41,762.14,1,3,Credit Card,0,Fire TV,North India,4,0
OTT08228,27,Male,Premium,0,0,1,0,0,1,2,30.1,3.1,15,4,711.19,3,0,Credit Card,1,Mobile,North India,1,0
OTT08229,22,Female,Standard,1,1,1,0,1,1,5,35.1,2.0,11,46,342.41,2,4,UPI,1,Smart TV,South India,1,0
OTT08230,35,Male,Mobile,1,1,1,0,1,0,4,74.1,2.9,42,29,156.14,3,0,Credit Card,1,Mobile,West India,1,0
OTT08231,21,Male,Mobile,0,0,1,1,0,0,2,40.8,4.0,6,60,409.79,1,0,Credit Card,1,Smart TV,Central India,5,0
OTT08232,20,Female,Premium,1,0,0,0,0,1,2,35.8,0.6,20,3,444.0,1,1,UPI,0,Tablet,South India,3,0
OTT08233,40,Female,Premium,1,1,1,0,1,1,5,17.9,2.3,26,60,1022.96,4,1,Debit Card,1,Smart TV,West India,1,0
OTT08234,54,Male,Basic,1,0,0,1,0,1,3,11.4,0.5,11,37,617.01,4,2,Wallet,1,Mobile,West India,3,0
OTT08235,41,Female,Basic,1,1,1,1,0,1,5,50.4,1.8,27,13,414.51,3,0,UPI,1,Smart TV,West India,4,0
OTT08236,19,Male,Standard,0,0,0,1,0,0,1,18.4,0.8,28,15,595.55,5,2,UPI,1,Smart TV,South India,4,0
OTT08237,54,Female,Mobile,1,1,1,0,1,1,5,31.7,2.9,9,11,707.02,3,0,UPI,0,Fire TV,North India,5,0
OTT08238,47,Female,Standard,1,0,0,1,1,0,3,8.9,2.2,29,1,526.65,3,1,UPI,1,Laptop,West India,1,0
OTT08239,31,Female,Premium,1,1,1,0,1,0,4,6.7,2.4,34,4,486.78,2,1,Credit Card,1,Smart TV,North India,3,0
OTT08240,29,Female,Basic,1,0,1,0,0,1,3,40.5,1.1,39,46,537.35,2,0,UPI,1,Smart TV,East India,1,0
OTT08241,56,Female,Standard,0,0,0,1,0,0,1,15.5,3.7,15,13,708.28,3,1,UPI,0,Mobile,East India,4,0
OTT08242,38,Male,Standard,1,1,1,1,1,1,6,31.6,1.3,19,20,599.98,3,1,UPI,1,Smart TV,Central India,4,0
OTT08243,24,Female,Basic,1,1,1,1,1,1,6,15.6,0.8,56,26,517.55,2,2,Debit Card,1,Mobile,North India,4,0
OTT08244,30,Female,Basic,1,1,0,0,0,1,3,33.6,1.1,4,40,434.6,3,1,UPI,1,Tablet,West India,3,0
OTT08245,29,Male,Standard,0,1,1,1,1,1,5,23.7,0.8,18,48,741.77,2,1,UPI,1,Tablet,East India,3,0
OTT08246,35,Female,Standard,1,0,0,0,1,0,2,21.2,1.0,17,42,540.06,2,0,Debit Card,1,Mobile,Central India,4,0
OTT08247,32,Female,Standard,1,0,0,0,0,1,2,29.9,1.3,14,51,807.95,2,4,Net Banking,1,Fire TV,North India,3,0
OTT08248,41,Female,Premium,0,0,0,1,0,0,1,32.6,3.4,49,30,1089.17,3,0,Wallet,0,Smart TV,West India,4,1
OTT08249,31,Male,Mobile,0,0,1,1,1,0,3,16.4,0.4,54,29,336.15,4,2,Debit Card,1,Mobile,South India,1,0
OTT08250,45,Female,Premium,0,0,0,0,1,0,1,31.7,1.0,52,1,580.71,4,3,Debit Card,1,Laptop,East India,1,0
OTT08251,39,Male,Standard,0,0,0,1,1,1,3,33.1,2.3,11,37,201.62,3,0,UPI,1,Tablet,Central India,4,0
OTT08252,58,Female,Basic,1,0,0,1,0,0,2,40.1,1.6,4,48,581.9,2,0,Credit Card,1,Smart TV,South India,2,0
OTT08253,53,Male,Mobile,1,1,1,0,0,1,4,47.4,2.3,53,39,1178.36,3,2,UPI,1,Smart TV,West India,3,1
OTT08254,32,Female,Basic,1,1,0,1,0,1,4,24.2,4.2,12,23,815.93,3,0,Debit Card,1,Smart TV,South India,2,0
OTT08255,19,Male,Basic,1,1,0,1,1,0,4,15.7,1.5,48,40,462.62,5,2,Wallet,1,Mobile,Central India,2,0
OTT08256,43,Female,Premium,0,0,1,0,0,1,2,13.4,0.7,3,16,778.67,4,2,Wallet,1,Tablet,North India,5,0
OTT08257,32,Male,Standard,0,1,1,1,0,1,4,17.2,1.4,36,4,333.59,3,1,Credit Card,1,Smart TV,South India,4,0
OTT08258,56,Female,Mobile,0,1,0,0,0,1,2,18.0,1.1,30,45,333.49,5,0,Credit Card,1,Fire TV,Central India,3,0
OTT08259,35,Female,Basic,0,1,1,0,1,1,4,19.8,1.1,53,31,833.29,4,1,UPI,0,Smart TV,South India,3,0
OTT08260,30,Male,Standard,0,1,0,0,1,1,3,23.8,0.8,10,48,562.49,1,0,UPI,1,Laptop,South India,1,0
OTT08261,32,Female,Premium,0,0,0,1,1,1,3,27.1,3.1,4,39,587.49,1,2,UPI,1,Mobile,North India,1,0
OTT08262,55,Female,Standard,1,0,0,0,0,0,1,28.0,0.4,47,49,636.18,5,1,UPI,0,Laptop,West India,1,0
OTT08263,22,Male,Basic,1,1,1,0,1,0,4,37.1,2.7,23,46,578.31,3,1,UPI,0,Mobile,South India,5,0
OTT08264,59,Male,Mobile,0,1,1,1,1,1,5,50.2,2.3,50,47,1015.35,1,2,UPI,1,Smart TV,South India,5,0
OTT08265,28,Male,Mobile,1,1,0,1,1,0,4,28.1,0.3,17,53,241.41,1,0,Debit Card,0,Smart TV,Central India,3,0
OTT08266,54,Male,Standard,1,1,1,1,1,1,6,18.1,1.9,30,12,425.29,3,1,UPI,0,Smart TV,South India,5,0
OTT08267,41,Female,Mobile,0,1,1,1,1,1,5,36.7,0.5,33,31,713.33,2,2,Net Banking,1,Laptop,South India,3,1
OTT08268,42,Female,Basic,1,0,0,0,1,0,2,35.4,1.4,28,47,323.14,5,0,Debit Card,1,Smart TV,South India,5,0
OTT08269,26,Male,Premium,1,1,0,1,0,1,4,17.0,1.4,38,28,436.59,3,2,UPI,1,Mobile,North India,4,0
OTT08270,49,Female,Basic,0,0,0,1,1,0,2,35.7,0.9,32,15,890.76,5,0,UPI,0,Laptop,North India,5,0
OTT08271,45,Male,Premium,1,0,1,0,1,0,3,3.5,1.3,26,59,414.05,1,2,Net Banking,1,Smart TV,West India,5,0
OTT08272,38,Female,Standard,0,1,0,1,0,0,2,13.3,3.5,14,19,879.1,4,0,UPI,1,Tablet,South India,5,0
OTT08273,37,Female,Basic,1,1,1,1,1,1,6,11.5,0.5,10,30,273.54,1,2,Debit Card,1,Mobile,South India,3,0
OTT08274,43,Female,Mobile,0,1,1,1,0,1,4,13.8,1.3,42,16,1225.37,1,0,Debit Card,1,Mobile,West India,1,0
OTT08275,38,Female,Standard,0,1,0,0,1,0,2,37.1,0.5,55,6,840.36,1,1,Credit Card,0,Smart TV,North India,4,1
OTT08276,59,Male,Standard,1,0,1,0,1,0,3,21.0,5.0,41,14,846.9,2,0,Credit Card,1,Smart TV,South India,2,0
OTT08277,19,Female,Basic,1,0,1,1,0,0,3,39.6,0.9,9,25,541.47,2,1,Debit Card,1,Tablet,South India,2,0
OTT08278,28,Female,Premium,1,1,1,0,1,0,4,52.7,0.8,8,35,652.98,1,1,Credit Card,1,Mobile,North India,2,0
OTT08279,54,Female,Standard,1,1,1,0,1,1,5,51.2,5.5,24,57,1405.34,1,0,Credit Card,0,Mobile,West India,5,0
OTT08280,52,Male,Standard,0,1,1,0,0,0,2,16.6,2.1,18,38,343.97,3,3,UPI,0,Smart TV,South India,2,0
OTT08281,32,Female,Mobile,1,0,1,1,0,0,3,21.6,2.8,13,23,491.91,1,0,Credit Card,0,Smart TV,North India,1,0
OTT08282,39,Male,Basic,1,1,1,0,0,0,3,24.2,0.2,29,45,557.21,2,0,UPI,1,Laptop,Central India,2,0
OTT08283,19,Female,Standard,0,0,0,1,1,1,3,56.9,2.6,29,46,698.09,2,0,Debit Card,1,Laptop,West India,2,0
OTT08284,25,Female,Basic,1,0,1,1,0,0,3,16.4,1.0,55,12,842.63,5,2,UPI,0,Smart TV,West India,4,0
OTT08285,58,Male,Premium,0,0,1,0,0,0,1,43.3,2.3,47,49,789.1,1,1,UPI,0,Smart TV,North India,2,0
OTT08286,45,Male,Basic,0,1,0,0,0,1,2,31.6,2.5,9,29,348.48,2,1,Credit Card,0,Laptop,Central India,4,0
OTT08287,19,Male,Basic,1,0,1,1,0,0,3,4.5,0.3,35,49,865.64,5,1,UPI,0,Mobile,North India,4,0
OTT08288,52,Male,Standard,1,1,1,1,0,1,5,20.6,0.5,4,36,863.84,5,1,Debit Card,0,Smart TV,North India,4,0
OTT08289,35,Male,Standard,0,0,0,1,0,1,2,12.8,0.6,60,4,670.33,5,0,UPI,1,Laptop,North India,3,0
OTT08290,42,Male,Basic,1,0,0,0,0,1,2,20.1,2.5,8,22,474.52,2,1,Credit Card,1,Smart TV,South India,4,0
OTT08291,54,Male,Standard,1,1,0,1,1,0,4,4.7,0.5,57,5,730.28,3,3,UPI,0,Smart TV,East India,3,1
OTT08292,54,Female,Standard,1,1,1,1,1,0,5,58.8,0.3,14,14,571.72,5,1,Net Banking,1,Smart TV,South India,3,0
OTT08293,23,Female,Basic,1,1,0,1,0,0,3,19.0,0.7,60,5,636.91,1,1,UPI,0,Laptop,West India,3,1
OTT08294,33,Male,Basic,0,1,0,0,0,0,1,20.3,0.2,37,5,655.77,2,1,Wallet,0,Smart TV,South India,3,0
OTT08295,29,Male,Standard,1,0,1,1,1,0,4,55.7,1.4,33,24,405.47,1,0,UPI,1,Mobile,Central India,1,0
OTT08296,57,Female,Standard,0,1,1,0,1,0,3,10.2,0.9,1,17,660.7,3,0,UPI,1,Mobile,South India,2,0
OTT08297,51,Male,Mobile,0,1,1,0,1,1,4,32.3,0.7,44,39,949.81,1,3,UPI,1,Mobile,West India,2,0
OTT08298,45,Male,Basic,0,0,0,1,0,1,2,15.4,3.3,2,32,840.18,2,5,Credit Card,0,Fire TV,North India,5,0
OTT08299,20,Male,Standard,1,0,0,0,0,0,1,6.8,1.4,31,54,596.35,2,2,UPI,1,Smart TV,West India,5,0
OTT08300,52,Female,Basic,1,0,0,0,0,1,2,34.6,1.7,54,11,582.0,4,1,Debit Card,1,Smart TV,North India,5,1
OTT08301,42,Male,Premium,1,0,1,0,1,1,4,48.2,1.3,45,17,1142.47,2,1,UPI,1,Mobile,East India,5,0
OTT08302,29,Female,Mobile,0,0,1,1,1,0,3,23.4,2.0,7,53,406.93,4,0,Debit Card,1,Smart TV,North India,5,0
OTT08303,37,Male,Standard,1,0,0,0,1,0,2,37.6,3.0,10,56,831.29,3,1,Net Banking,1,Mobile,West India,3,0
OTT08304,37,Male,Premium,1,0,0,0,1,1,3,16.4,1.5,19,43,991.78,5,0,Credit Card,1,Smart TV,North India,3,0
OTT08305,30,Male,Basic,0,1,1,1,0,1,4,32.9,2.3,44,59,342.55,2,0,Debit Card,1,Fire TV,South India,5,0
OTT08306,57,Female,Standard,0,0,0,0,1,0,1,24.7,1.5,21,7,603.63,1,0,Debit Card,0,Tablet,East India,2,0
OTT08307,57,Female,Mobile,1,0,1,1,0,1,4,17.6,1.0,36,58,961.28,1,1,Debit Card,1,Laptop,West India,1,0
OTT08308,20,Female,Standard,1,1,1,0,1,0,4,12.4,1.9,48,13,446.82,5,1,Credit Card,0,Laptop,North India,1,0
OTT08309,58,Female,Premium,1,0,1,0,0,1,3,47.7,3.7,42,56,692.35,2,0,UPI,1,Mobile,North India,5,1
OTT08310,35,Female,Premium,1,1,1,1,1,1,6,25.3,2.7,55,4,259.53,1,2,Credit Card,0,Fire TV,South India,2,0
OTT08311,52,Male,Basic,1,1,0,1,1,1,5,19.4,0.5,52,55,537.84,1,1,UPI,1,Laptop,South India,1,0
OTT08312,51,Female,Premium,0,0,0,1,1,0,2,21.0,2.0,47,52,1041.56,3,4,Credit Card,1,Fire TV,East India,3,0
OTT08313,43,Male,Premium,0,1,0,0,0,0,1,33.5,0.7,15,25,302.75,3,1,Net Banking,1,Mobile,Central India,4,0
OTT08314,49,Female,Basic,0,0,0,0,1,1,2,37.0,1.7,30,14,193.2,2,1,UPI,0,Laptop,West India,3,0
OTT08315,47,Female,Premium,0,1,0,1,0,0,2,24.8,0.4,48,6,639.99,3,2,UPI,0,Smart TV,South India,5,0
OTT08316,54,Male,Mobile,1,0,1,0,0,1,3,31.9,1.6,33,59,799.56,3,3,UPI,0,Mobile,West India,1,0
OTT08317,36,Male,Premium,0,1,1,1,1,1,5,20.1,0.8,50,56,513.72,1,0,UPI,1,Laptop,North India,3,0
OTT08318,49,Female,Premium,1,1,1,1,0,1,5,21.7,1.5,26,59,564.44,4,2,UPI,1,Mobile,North India,5,0
OTT08319,60,Male,Standard,0,0,0,1,1,0,2,34.9,1.1,56,50,858.0,1,2,Debit Card,1,Tablet,North India,5,0
OTT08320,58,Male,Basic,0,0,0,1,1,1,3,19.7,1.2,59,15,993.5,3,1,Credit Card,0,Smart TV,North India,3,1
OTT08321,24,Female,Premium,0,0,1,0,0,0,1,11.7,3.8,18,47,795.63,4,3,Wallet,1,Laptop,South India,3,0
OTT08322,39,Male,Mobile,1,0,1,1,0,0,3,33.9,1.7,58,56,915.59,5,1,Credit Card,1,Smart TV,South India,5,0
OTT08323,39,Male,Standard,0,0,0,1,0,0,1,30.5,1.3,24,47,641.99,2,1,Credit Card,0,Smart TV,South India,4,0
OTT08324,44,Female,Standard,0,1,1,1,1,1,5,40.5,3.3,46,22,475.22,4,3,UPI,1,Smart TV,North India,3,0
OTT08325,45,Male,Basic,1,1,1,1,0,1,5,33.6,2.7,39,34,233.51,3,0,Credit Card,1,Fire TV,South India,1,0
OTT08326,54,Male,Mobile,0,0,1,1,0,0,2,30.0,0.8,53,20,264.36,3,0,Debit Card,0,Tablet,West India,5,1
OTT08327,40,Other,Basic,1,0,1,0,1,1,4,10.6,3.7,54,41,615.02,4,1,UPI,1,Smart TV,North India,2,0
OTT08328,48,Male,Premium,0,1,1,0,0,1,3,24.4,0.4,33,55,1013.9,5,1,Wallet,1,Smart TV,East India,3,0
OTT08329,56,Male,Standard,1,0,1,0,1,1,4,18.1,0.8,7,3,386.68,3,2,Debit Card,1,Mobile,North India,4,0
OTT08330,22,Female,Premium,0,1,0,1,1,0,3,33.5,1.8,34,36,1510.96,5,1,Credit Card,1,Laptop,Central India,3,0
OTT08331,45,Male,Standard,0,1,0,0,1,0,2,58.8,1.9,37,20,601.14,4,1,Net Banking,1,Laptop,North India,1,0
OTT08332,33,Female,Standard,0,1,0,1,1,0,3,36.5,3.5,45,42,369.25,5,0,Debit Card,1,Smart TV,West India,5,1
OTT08333,56,Female,Standard,0,1,0,0,0,0,1,10.1,1.3,42,27,495.97,4,0,UPI,1,Tablet,North India,3,0
OTT08334,41,Female,Standard,1,1,0,1,0,0,3,29.1,3.6,21,25,629.86,3,2,Wallet,1,Smart TV,East India,1,0
OTT08335,43,Male,Premium,0,0,1,0,1,0,2,18.2,5.8,50,15,1032.68,3,1,Credit Card,0,Mobile,East India,2,0
OTT08336,50,Male,Basic,1,1,1,0,0,1,4,35.4,1.0,40,32,682.5,5,0,Wallet,1,Mobile,North India,1,0
OTT08337,28,Female,Premium,0,1,1,0,1,1,4,38.7,1.5,45,31,302.08,1,1,UPI,0,Laptop,West India,3,0
OTT08338,41,Male,Premium,1,0,0,0,0,0,1,24.0,0.8,25,47,1142.66,1,0,Credit Card,1,Laptop,South India,3,0
OTT08339,51,Female,Basic,1,0,1,0,0,1,3,19.8,0.9,20,18,477.97,2,2,UPI,1,Smart TV,East India,2,0
OTT08340,51,Female,Premium,1,1,1,0,1,0,4,30.0,1.6,56,11,422.7,5,1,UPI,1,Mobile,South India,4,0
OTT08341,27,Female,Premium,0,0,1,1,0,0,2,16.9,1.1,41,12,781.3,5,1,Credit Card,1,Tablet,Central India,5,0
OTT08342,54,Male,Mobile,1,1,0,0,0,1,3,39.4,0.9,21,60,928.85,3,2,Debit Card,1,Laptop,North India,4,0
OTT08343,25,Female,Mobile,0,1,1,1,0,1,4,33.8,1.0,22,35,920.47,4,0,UPI,1,Smart TV,West India,2,0
OTT08344,29,Female,Standard,0,0,0,1,1,0,2,19.3,0.9,38,49,160.66,1,0,Wallet,1,Smart TV,Central India,4,1
OTT08345,54,Male,Standard,1,1,1,0,0,1,4,12.9,1.7,28,33,1105.65,1,0,Credit Card,0,Smart TV,South India,3,0
OTT08346,44,Female,Basic,1,0,0,1,1,0,3,28.3,0.6,1,17,356.38,5,2,Wallet,1,Smart TV,South India,1,0
OTT08347,41,Male,Standard,0,0,1,1,1,0,3,43.4,2.5,5,28,827.58,4,2,Debit Card,1,Smart TV,South India,1,0
OTT08348,41,Female,Standard,0,0,0,1,0,1,2,37.9,2.7,35,43,778.97,5,1,UPI,1,Mobile,South India,5,0
OTT08349,59,Male,Basic,0,0,0,0,1,0,1,11.6,0.1,10,49,818.48,5,0,Debit Card,1,Smart TV,East India,1,0
OTT08350,27,Male,Mobile,0,1,0,0,0,0,1,31.9,2.6,47,1,589.42,3,1,UPI,1,Mobile,West India,3,0
OTT08351,30,Female,Basic,1,1,1,0,1,1,5,33.8,1.0,21,44,973.57,5,0,UPI,0,Smart TV,North India,4,0
OTT08352,39,Male,Standard,0,1,1,1,1,1,5,21.8,1.0,50,46,659.12,3,0,Debit Card,1,Smart TV,South India,2,1
OTT08353,54,Male,Mobile,1,0,0,1,1,1,4,25.3,1.8,47,47,1042.54,4,2,Credit Card,1,Mobile,Central India,3,0
OTT08354,41,Male,Standard,1,0,0,1,0,0,2,36.8,1.0,53,48,335.52,5,0,Debit Card,0,Tablet,North India,1,0
OTT08355,49,Female,Standard,0,1,1,0,1,0,3,26.9,1.7,38,29,1150.42,4,2,Wallet,1,Smart TV,South India,3,0
OTT08356,53,Male,Premium,1,1,0,1,0,1,4,5.9,1.6,30,9,164.9,1,0,UPI,1,Smart TV,West India,4,0
OTT08357,56,Female,Premium,1,0,1,1,1,0,4,15.0,1.5,41,45,1131.97,5,2,Debit Card,1,Mobile,South India,4,0
OTT08358,37,Female,Premium,0,0,0,0,0,1,1,19.1,2.4,35,19,510.48,5,3,Credit Card,1,Tablet,South India,1,0
OTT08359,37,Female,Standard,0,1,1,1,1,1,5,15.3,1.6,55,6,771.13,4,0,UPI,1,Mobile,North India,1,0
OTT08360,21,Male,Mobile,0,0,0,1,1,0,2,39.2,0.5,19,39,527.42,4,0,Credit Card,1,Tablet,South India,3,0
OTT08361,21,Male,Basic,1,1,0,0,0,0,2,31.2,2.2,6,3,396.94,1,2,UPI,0,Smart TV,West India,4,1
OTT08362,38,Female,Basic,1,0,1,1,1,1,5,10.6,0.4,58,43,533.01,4,1,UPI,1,Mobile,West India,1,1
OTT08363,50,Female,Mobile,1,1,0,1,0,0,3,30.8,4.1,50,21,880.26,1,2,Credit Card,1,Mobile,West India,1,0
OTT08364,54,Female,Mobile,1,1,0,0,1,0,3,40.9,0.7,38,5,765.91,3,1,Credit Card,1,Laptop,Central India,4,1
OTT08365,35,Female,Basic,1,1,0,1,0,0,3,21.9,0.8,9,54,1007.13,3,2,Credit Card,1,Smart TV,South India,5,0
OTT08366,42,Female,Basic,1,1,1,1,1,1,6,29.7,3.8,15,26,810.27,2,2,Credit Card,1,Laptop,Central India,1,0
OTT08367,52,Female,Standard,0,0,0,0,0,1,1,26.2,1.3,19,5,760.88,1,1,UPI,1,Smart TV,South India,2,0
OTT08368,31,Male,Premium,0,1,1,1,0,1,4,12.4,1.2,54,29,1128.16,1,1,Wallet,1,Mobile,North India,3,0
OTT08369,24,Female,Basic,1,0,0,0,0,1,2,30.9,1.1,22,18,791.8,4,2,Debit Card,0,Mobile,North India,5,0
OTT08370,57,Male,Mobile,0,0,0,0,1,0,1,17.9,1.3,38,41,383.22,3,1,Credit Card,0,Mobile,North India,2,0
OTT08371,41,Male,Standard,0,1,0,1,1,0,3,51.9,3.6,57,47,313.34,2,1,Credit Card,1,Laptop,East India,5,0
OTT08372,24,Female,Basic,0,0,1,1,0,1,3,11.9,1.0,41,21,1177.19,2,1,UPI,1,Laptop,West India,5,0
OTT08373,28,Male,Premium,1,0,0,0,1,0,2,24.6,3.6,34,26,632.78,3,3,Credit Card,0,Mobile,North India,4,0
OTT08374,32,Male,Basic,1,1,1,0,0,0,3,42.1,1.7,7,22,674.26,2,2,UPI,0,Laptop,West India,5,0
OTT08375,26,Female,Basic,1,0,0,1,1,0,3,19.3,3.1,16,10,493.07,4,3,Credit Card,0,Mobile,South India,2,0
OTT08376,36,Female,Standard,0,1,1,0,0,1,3,30.5,1.1,1,14,218.94,3,2,Credit Card,1,Mobile,South India,5,0
OTT08377,52,Female,Standard,1,0,1,0,1,1,4,100.0,2.9,9,35,1208.97,3,1,UPI,1,Mobile,South India,3,0
OTT08378,49,Male,Standard,1,1,0,1,1,0,4,40.5,0.7,35,55,310.08,3,1,UPI,1,Fire TV,West India,3,0
OTT08379,57,Male,Mobile,0,1,1,0,1,0,3,31.4,1.7,41,48,380.99,4,2,Credit Card,1,Smart TV,West India,5,0
OTT08380,53,Female,Basic,0,1,1,0,1,0,3,37.7,0.7,10,6,568.24,2,2,UPI,1,Laptop,North India,2,0
OTT08381,31,Female,Mobile,0,1,0,0,1,1,3,32.4,0.9,20,44,525.86,2,3,Wallet,1,Laptop,West India,4,1
OTT08382,20,Female,Standard,1,0,0,0,1,1,3,14.6,0.6,41,30,494.21,4,2,Credit Card,1,Smart TV,West India,2,1
OTT08383,24,Male,Basic,0,0,0,0,1,0,1,30.0,3.0,4,18,850.59,3,1,Credit Card,1,Fire TV,West India,5,0
OTT08384,52,Male,Mobile,1,0,0,0,1,0,2,71.6,1.7,36,9,970.68,1,3,Credit Card,1,Mobile,South India,5,0
OTT08385,32,Female,Standard,0,1,1,0,0,0,2,47.1,2.5,28,18,644.41,5,0,Debit Card,1,Smart TV,North India,4,0
OTT08386,48,Male,Standard,1,1,0,1,0,0,3,21.0,2.5,19,2,741.0,5,0,UPI,0,Fire TV,South India,4,0
OTT08387,37,Female,Basic,1,1,1,1,1,1,6,22.5,0.6,28,28,399.78,3,0,Credit Card,1,Mobile,East India,2,0
OTT08388,56,Male,Premium,0,1,1,1,0,0,3,74.3,2.0,26,42,822.89,1,0,UPI,1,Laptop,South India,3,0
OTT08389,39,Male,Standard,1,1,1,0,0,0,3,24.6,4.5,53,24,584.26,5,0,Debit Card,0,Tablet,South India,5,0
OTT08390,56,Female,Premium,0,1,0,0,1,1,3,19.5,1.3,50,10,554.78,5,4,UPI,1,Smart TV,Central India,4,0
OTT08391,28,Male,Basic,1,1,1,0,1,0,4,14.9,1.8,57,23,930.5,3,1,UPI,1,Laptop,South India,3,0
OTT08392,51,Male,Standard,0,1,1,0,0,1,3,27.4,3.1,41,35,258.33,3,0,UPI,0,Smart TV,North India,2,0
OTT08393,40,Female,Basic,1,0,0,1,0,1,3,18.8,1.2,29,38,950.41,4,0,UPI,1,Smart TV,West India,4,0
OTT08394,26,Male,Basic,1,0,0,1,1,1,4,26.7,2.7,18,38,644.9,4,2,Wallet,0,Smart TV,East India,4,0
OTT08395,28,Male,Mobile,0,0,0,1,0,0,1,31.0,2.2,35,12,527.01,3,0,UPI,0,Smart TV,Central India,2,0
OTT08396,31,Female,Basic,1,0,1,0,1,0,3,50.3,1.6,30,59,1153.47,4,0,Credit Card,0,Fire TV,South India,1,0
OTT08397,24,Male,Premium,0,1,0,1,1,0,3,22.2,1.9,52,39,886.23,4,2,Credit Card,0,Laptop,West India,3,0
OTT08398,58,Female,Premium,0,1,1,0,1,1,4,5.8,0.7,27,26,185.54,3,2,Credit Card,1,Tablet,Central India,1,0
OTT08399,27,Male,Mobile,1,1,1,1,1,1,6,21.6,5.1,42,50,932.44,3,1,Credit Card,1,Smart TV,East India,4,0
OTT08400,43,Male,Mobile,1,0,0,1,1,1,4,21.7,1.3,2,5,827.58,5,1,Wallet,0,Smart TV,North India,4,0
OTT08401,42,Male,Mobile,0,0,1,1,1,0,3,20.7,1.9,26,20,304.13,2,1,Wallet,1,Mobile,West India,2,0
OTT08402,41,Female,Standard,0,0,1,1,0,0,2,24.0,0.5,21,28,640.69,1,1,Debit Card,1,Laptop,West India,2,1
OTT08403,44,Male,Basic,1,0,0,1,1,0,3,7.4,2.2,39,59,887.28,2,1,Credit Card,1,Smart TV,West India,3,1
OTT08404,57,Female,Standard,1,0,1,1,1,0,4,12.2,1.4,7,9,148.79,5,0,Wallet,1,Smart TV,North India,3,0
OTT08405,59,Male,Mobile,1,1,1,1,1,0,5,20.1,1.8,8,45,880.99,5,2,Debit Card,0,Laptop,South India,1,0
OTT08406,55,Male,Standard,1,1,0,1,1,0,4,40.5,1.1,10,32,553.35,5,1,UPI,1,Laptop,North India,2,0
OTT08407,37,Female,Premium,0,0,1,0,1,0,2,24.9,2.2,34,26,611.87,4,3,Net Banking,1,Smart TV,North India,2,0
OTT08408,49,Male,Mobile,1,1,0,1,1,0,4,33.8,2.5,20,29,980.26,5,0,UPI,1,Smart TV,West India,2,0
OTT08409,25,Female,Premium,1,1,1,0,1,1,5,11.1,1.0,5,31,447.39,3,3,UPI,0,Smart TV,East India,2,0
OTT08410,55,Female,Premium,0,1,1,0,1,1,4,16.0,0.7,60,28,352.62,5,2,Credit Card,1,Smart TV,South India,2,0
OTT08411,26,Female,Standard,1,0,1,1,1,0,4,2.4,0.8,38,36,859.84,1,3,Credit Card,0,Mobile,East India,1,1
OTT08412,22,Female,Basic,1,1,0,0,0,1,3,6.7,3.2,36,48,689.68,1,1,UPI,1,Mobile,West India,2,0
OTT08413,53,Female,Standard,0,1,0,0,1,1,3,67.9,1.0,39,33,536.21,4,0,UPI,0,Mobile,South India,3,0
OTT08414,50,Male,Basic,0,1,1,0,0,0,2,10.6,2.9,18,23,280.41,5,1,UPI,1,Smart TV,South India,5,0
OTT08415,23,Female,Premium,0,0,0,0,1,0,1,13.7,1.6,1,19,546.61,2,0,UPI,0,Smart TV,South India,3,0
OTT08416,59,Male,Standard,1,0,1,0,1,1,4,15.7,1.2,10,46,491.88,3,2,Debit Card,0,Smart TV,North India,1,0
OTT08417,22,Male,Standard,1,0,1,1,1,1,5,56.9,0.3,49,5,588.07,1,2,UPI,1,Smart TV,East India,4,0
OTT08418,20,Female,Standard,1,0,1,1,1,1,5,10.9,4.4,23,47,209.85,3,1,Debit Card,0,Tablet,North India,4,0
OTT08419,59,Male,Basic,0,0,0,0,1,1,2,23.0,1.5,59,11,460.56,5,2,Credit Card,0,Mobile,North India,3,0
OTT08420,27,Female,Standard,0,1,0,0,0,0,1,16.4,1.1,16,22,767.58,2,0,UPI,1,Smart TV,North India,5,0
OTT08421,28,Male,Premium,0,1,1,0,0,0,2,18.7,1.6,28,55,629.89,3,1,Wallet,1,Fire TV,South India,4,0
OTT08422,52,Male,Basic,0,1,1,1,1,1,5,9.3,1.8,53,19,597.86,1,3,Wallet,1,Mobile,West India,4,1
OTT08423,44,Female,Basic,0,1,1,1,1,0,4,16.7,0.9,44,18,384.88,2,3,UPI,0,Laptop,North India,5,0
OTT08424,40,Female,Premium,1,1,1,1,1,1,6,35.1,1.2,32,2,393.93,1,1,Credit Card,0,Laptop,North India,2,0
OTT08425,60,Female,Basic,1,0,0,0,0,1,2,22.8,0.7,35,60,572.74,2,0,Credit Card,1,Smart TV,East India,4,0
OTT08426,21,Male,Premium,0,1,1,0,0,1,3,30.3,1.0,57,47,642.65,1,3,Debit Card,1,Tablet,North India,2,0
OTT08427,57,Male,Mobile,1,1,0,1,0,1,4,11.7,1.5,30,19,415.93,1,2,Debit Card,1,Laptop,Central India,2,1
OTT08428,29,Male,Standard,0,0,1,0,1,0,2,37.6,0.5,19,45,701.81,2,1,UPI,1,Laptop,North India,1,0
OTT08429,44,Male,Standard,1,1,1,1,1,1,6,23.7,1.3,46,52,700.95,1,1,Credit Card,1,Mobile,East India,5,0
OTT08430,31,Male,Mobile,0,1,0,1,0,1,3,19.0,1.2,7,10,361.99,5,1,Credit Card,0,Laptop,North India,4,0
OTT08431,30,Female,Mobile,0,1,0,0,0,0,1,20.6,1.0,2,3,992.8,1,3,UPI,1,Mobile,West India,2,1
OTT08432,31,Male,Basic,0,0,1,0,0,0,1,25.6,2.6,52,10,419.62,4,2,UPI,1,Smart TV,East India,2,0
OTT08433,42,Female,Standard,1,1,1,1,1,0,5,25.0,0.7,55,28,399.28,3,1,Credit Card,1,Mobile,West India,3,1
OTT08434,55,Female,Basic,1,1,0,1,0,1,4,50.3,1.6,38,47,473.64,1,1,UPI,1,Mobile,North India,5,0
OTT08435,22,Female,Basic,1,0,1,1,1,0,4,26.2,1.0,12,29,272.33,1,0,UPI,1,Tablet,West India,2,0
OTT08436,46,Male,Standard,0,0,1,1,1,1,4,25.6,1.7,42,8,162.4,5,4,UPI,1,Tablet,North India,5,0
OTT08437,54,Male,Premium,1,0,1,0,0,1,3,22.2,1.6,57,14,948.7,5,2,Wallet,1,Mobile,West India,4,1
OTT08438,49,Male,Mobile,1,1,0,0,1,1,4,28.7,5.3,9,48,906.11,3,2,Credit Card,0,Mobile,North India,3,0
OTT08439,60,Female,Standard,1,1,0,1,1,1,5,39.6,6.6,11,48,406.31,1,1,UPI,1,Laptop,North India,2,0
OTT08440,18,Female,Premium,1,0,0,0,0,1,2,6.6,0.9,19,14,830.92,2,1,UPI,0,Tablet,Central India,3,0
OTT08441,33,Male,Standard,1,1,1,0,1,0,4,6.0,1.4,17,13,471.47,2,1,Wallet,1,Mobile,Central India,4,0
OTT08442,36,Male,Premium,1,1,0,0,0,0,2,21.7,0.9,3,29,366.41,3,3,Net Banking,0,Smart TV,South India,2,0
OTT08443,41,Other,Standard,1,0,0,1,0,0,2,15.0,1.6,5,5,580.88,2,0,Debit Card,1,Smart TV,West India,3,0
OTT08444,31,Male,Standard,0,1,0,1,0,1,3,24.8,0.9,16,12,578.12,1,1,Wallet,0,Fire TV,North India,4,1
OTT08445,28,Male,Standard,1,0,1,1,1,1,5,25.2,0.9,15,39,927.45,2,1,UPI,0,Laptop,West India,2,0
OTT08446,54,Male,Basic,0,0,0,1,0,0,1,21.5,1.1,41,16,99.0,3,0,UPI,1,Mobile,Central India,5,0
OTT08447,28,Male,Standard,0,0,1,0,1,1,3,45.6,1.2,47,48,570.37,4,2,UPI,0,Smart TV,South India,2,1
OTT08448,59,Male,Standard,1,1,0,1,1,0,4,14.1,0.2,49,35,1282.72,2,3,Credit Card,0,Smart TV,North India,4,1
OTT08449,19,Female,Mobile,0,1,0,0,0,0,1,16.0,1.2,54,21,99.0,1,0,UPI,1,Laptop,West India,4,0
OTT08450,36,Female,Basic,1,1,0,0,1,1,4,53.0,4.6,57,52,491.66,4,1,Debit Card,0,Mobile,East India,3,0
OTT08451,44,Female,Standard,1,1,1,1,1,0,5,10.6,0.9,45,28,562.36,5,1,Credit Card,1,Laptop,South India,2,0
OTT08452,59,Male,Mobile,0,1,0,0,0,0,1,20.7,2.6,21,36,691.85,4,1,Wallet,1,Smart TV,South India,2,0
OTT08453,50,Male,Basic,0,1,0,0,0,1,2,19.4,2.0,14,31,856.04,2,1,Debit Card,1,Mobile,South India,1,0
OTT08454,18,Female,Mobile,1,1,1,1,1,1,6,31.6,1.1,15,13,690.06,3,1,UPI,0,Laptop,South India,5,1
OTT08455,50,Male,Mobile,0,0,1,0,1,0,2,23.1,0.8,43,20,1093.01,2,0,Credit Card,1,Mobile,South India,4,1
OTT08456,32,Male,Standard,1,0,0,0,0,0,1,9.6,0.6,51,34,545.11,4,1,UPI,1,Tablet,North India,4,1
OTT08457,54,Male,Mobile,1,1,1,1,1,1,6,17.6,0.8,2,1,945.3,5,0,Debit Card,0,Smart TV,North India,1,0
OTT08458,51,Female,Basic,0,1,1,1,1,1,5,16.3,0.5,21,11,608.09,5,3,UPI,1,Laptop,South India,4,0
OTT08459,26,Male,Mobile,0,1,1,1,0,1,4,35.0,0.3,28,2,868.79,1,2,Wallet,0,Tablet,South India,2,0
OTT08460,33,Female,Premium,1,1,0,1,0,0,3,52.8,0.7,25,31,470.63,4,1,UPI,0,Smart TV,East India,2,0
OTT08461,53,Male,Premium,1,1,1,1,1,0,5,45.7,2.8,33,21,399.89,4,0,Credit Card,1,Mobile,South India,4,0
OTT08462,57,Other,Basic,1,0,1,1,1,0,4,22.6,2.2,13,14,282.11,1,1,Debit Card,1,Smart TV,West India,3,0
OTT08463,43,Male,Mobile,1,1,0,1,0,1,4,40.9,1.0,5,59,578.5,4,0,Debit Card,0,Smart TV,West India,2,0
OTT08464,27,Female,Basic,1,1,1,0,1,1,5,41.3,3.0,3,47,452.04,5,1,Credit Card,0,Smart TV,North India,1,0
OTT08465,34,Male,Mobile,0,1,0,1,1,1,4,59.1,0.8,0,32,744.21,3,1,Net Banking,0,Smart TV,South India,3,0
OTT08466,52,Female,Standard,1,0,1,0,0,1,3,1.6,0.4,11,52,839.82,2,1,Debit Card,1,Smart TV,West India,1,0
OTT08467,43,Male,Standard,1,0,0,1,0,1,3,18.8,4.3,46,1,938.64,3,0,UPI,0,Smart TV,North India,3,0
OTT08468,26,Female,Standard,1,0,1,0,1,0,3,34.0,1.7,11,38,880.33,3,1,UPI,1,Mobile,Central India,1,0
OTT08469,30,Female,Premium,1,1,0,1,0,0,3,15.4,2.1,23,59,956.38,2,2,Debit Card,1,Laptop,North India,2,0
OTT08470,26,Female,Standard,1,0,1,1,0,0,3,9.8,0.9,45,24,841.56,5,2,Debit Card,1,Smart TV,West India,1,0
OTT08471,38,Male,Basic,0,0,1,1,0,1,3,11.5,0.9,60,58,334.49,4,2,UPI,1,Mobile,West India,4,0
OTT08472,37,Male,Standard,0,1,1,1,1,0,4,29.4,1.0,38,51,728.25,3,1,UPI,1,Mobile,West India,5,0
OTT08473,41,Other,Basic,1,0,1,0,1,0,3,16.3,2.2,7,46,447.04,3,1,UPI,1,Mobile,South India,3,0
OTT08474,58,Female,Standard,0,0,0,0,1,0,1,11.6,0.6,3,22,610.18,5,2,Credit Card,1,Laptop,East India,2,0
OTT08475,46,Male,Mobile,0,1,0,1,0,0,2,53.6,0.7,9,30,636.68,3,1,Credit Card,0,Smart TV,West India,1,0
OTT08476,43,Male,Basic,1,0,0,1,0,0,2,29.1,2.4,1,22,99.0,4,0,UPI,1,Smart TV,South India,4,1
OTT08477,33,Male,Basic,1,0,0,1,1,1,4,48.9,6.3,12,40,358.47,2,3,Credit Card,0,Tablet,North India,5,0
OTT08478,45,Male,Mobile,1,0,0,0,1,1,3,19.1,1.3,28,8,509.88,4,2,Credit Card,1,Mobile,South India,4,0
OTT08479,59,Male,Basic,0,1,0,1,0,0,2,38.1,0.6,50,44,99.0,2,0,UPI,1,Laptop,North India,1,0
OTT08480,18,Female,Standard,1,0,0,1,1,1,4,13.1,0.6,34,53,1016.45,2,0,UPI,1,Mobile,South India,4,1
OTT08481,33,Male,Basic,0,1,0,0,0,0,1,16.3,1.6,52,39,684.13,2,1,Debit Card,1,Smart TV,South India,2,1
OTT08482,20,Female,Premium,0,0,0,0,1,1,2,18.6,3.4,40,9,682.52,5,0,Credit Card,1,Smart TV,West India,4,0
OTT08483,26,Female,Basic,0,1,1,0,1,1,4,16.5,2.6,5,2,936.22,2,2,UPI,0,Mobile,South India,2,0
OTT08484,20,Male,Premium,1,1,1,0,0,0,3,11.1,1.9,18,57,849.71,3,0,Credit Card,1,Laptop,North India,2,0
OTT08485,43,Male,Basic,0,0,1,1,1,1,4,17.2,0.6,29,21,850.42,5,1,Wallet,0,Laptop,West India,4,0
OTT08486,53,Female,Basic,1,0,1,0,1,1,4,8.4,1.6,34,44,937.13,3,0,Credit Card,1,Smart TV,East India,1,0
OTT08487,58,Male,Mobile,1,1,0,1,1,1,5,24.7,0.4,46,39,734.41,3,4,UPI,1,Mobile,West India,3,0
OTT08488,28,Female,Basic,0,0,0,0,1,0,1,43.5,3.7,36,51,741.01,3,3,Credit Card,1,Laptop,South India,4,0
OTT08489,48,Female,Mobile,1,1,1,0,1,0,4,15.2,0.9,47,12,775.54,2,5,UPI,0,Mobile,Central India,2,1
OTT08490,32,Male,Standard,1,1,0,0,1,1,4,21.5,1.1,1,30,280.51,1,0,Debit Card,1,Fire TV,West India,2,0
OTT08491,31,Female,Basic,0,1,1,0,0,0,2,41.3,3.1,21,30,99.0,4,0,Debit Card,1,Laptop,West India,5,0
OTT08492,44,Male,Mobile,0,1,1,1,1,1,5,54.3,1.1,60,16,99.0,1,2,Credit Card,1,Smart TV,West India,5,1
OTT08493,47,Male,Basic,0,1,0,1,0,1,3,39.5,3.8,8,57,846.34,3,0,Debit Card,1,Laptop,Central India,5,0
OTT08494,43,Other,Standard,1,0,1,1,1,1,5,25.1,0.1,57,30,501.67,1,0,UPI,0,Mobile,South India,3,1
OTT08495,22,Male,Basic,1,1,1,0,0,0,3,32.1,0.8,20,50,573.58,3,1,Debit Card,0,Laptop,South India,3,0
OTT08496,35,Male,Mobile,0,0,1,1,1,0,3,33.8,2.2,22,49,694.55,4,2,Wallet,1,Smart TV,East India,1,0
OTT08497,30,Male,Mobile,0,1,0,0,1,0,2,32.4,2.5,6,21,1047.66,2,1,Net Banking,1,Laptop,North India,2,0
OTT08498,18,Male,Standard,1,0,1,1,1,1,5,16.2,0.8,36,29,835.05,1,1,UPI,0,Smart TV,South India,3,0
OTT08499,19,Male,Standard,1,0,1,0,1,0,3,36.9,0.5,14,23,706.44,4,0,UPI,1,Smart TV,North India,5,0
OTT08500,37,Female,Basic,1,0,0,0,0,0,1,43.1,1.9,23,17,766.06,4,0,Debit Card,1,Smart TV,West India,5,0
OTT08501,22,Male,Standard,0,0,0,0,0,1,1,4.4,1.3,44,7,1277.05,5,1,Debit Card,1,Fire TV,South India,4,0
OTT08502,49,Female,Basic,1,1,1,1,0,0,4,18.7,0.1,51,34,372.37,5,3,UPI,1,Mobile,South India,3,0
OTT08503,20,Male,Standard,1,0,0,1,0,0,2,30.5,0.5,44,11,1039.5,4,0,Net Banking,1,Mobile,North India,1,0
OTT08504,28,Male,Standard,1,0,0,1,0,1,3,26.9,2.3,5,2,656.31,2,1,UPI,0,Mobile,West India,2,0
OTT08505,60,Female,Standard,1,1,1,1,0,0,4,30.9,1.8,37,17,628.02,5,1,Wallet,1,Smart TV,East India,2,0
OTT08506,48,Female,Basic,0,1,0,0,1,0,2,12.2,0.9,10,45,825.35,1,2,Credit Card,1,Tablet,South India,1,0
OTT08507,41,Female,Standard,0,1,1,0,0,1,3,4.2,0.5,56,18,134.48,2,2,Credit Card,1,Laptop,East India,1,0
OTT08508,18,Male,Standard,0,0,0,1,1,0,2,25.8,2.1,44,40,351.0,5,1,Debit Card,0,Smart TV,West India,2,0
OTT08509,19,Male,Standard,1,1,0,1,1,1,5,22.6,2.8,34,58,759.82,2,0,UPI,0,Mobile,East India,3,0
OTT08510,57,Female,Standard,1,0,1,1,1,1,5,42.6,1.9,14,14,778.3,5,4,Credit Card,0,Smart TV,North India,2,0
OTT08511,52,Female,Standard,0,0,0,1,1,0,2,30.7,0.6,60,59,809.98,3,1,UPI,0,Smart TV,North India,5,0
OTT08512,58,Female,Mobile,1,1,0,1,0,0,3,4.4,0.9,60,14,849.69,5,0,UPI,0,Smart TV,Central India,4,0
OTT08513,52,Male,Basic,1,0,0,0,1,1,3,31.2,4.6,36,42,1212.23,2,0,Credit Card,1,Smart TV,East India,5,0
OTT08514,18,Male,Basic,1,1,1,1,1,1,6,49.6,1.5,50,47,469.63,2,3,UPI,0,Tablet,West India,5,0
OTT08515,52,Male,Basic,1,0,0,1,0,1,3,41.8,5.0,42,9,759.21,4,1,Credit Card,1,Mobile,South India,2,0
OTT08516,37,Male,Basic,1,1,0,0,1,0,3,30.8,0.9,50,18,859.5,3,1,Debit Card,1,Smart TV,South India,1,0
OTT08517,47,Male,Standard,1,0,1,1,1,1,5,17.4,1.3,8,28,754.66,2,0,UPI,1,Tablet,Central India,3,0
OTT08518,35,Male,Standard,1,0,0,1,0,0,2,21.1,0.5,10,34,619.62,2,0,Wallet,0,Mobile,North India,1,0
OTT08519,49,Male,Standard,0,0,1,1,0,1,3,20.8,0.6,17,44,432.32,2,1,Credit Card,1,Smart TV,West India,3,0
OTT08520,54,Female,Standard,0,1,0,0,0,0,1,33.9,0.5,12,34,591.86,3,1,UPI,1,Mobile,South India,1,0
OTT08521,59,Female,Basic,0,0,1,1,0,1,3,32.7,0.6,43,5,1013.27,1,1,Debit Card,1,Mobile,North India,3,0
OTT08522,41,Female,Basic,0,1,0,1,0,1,3,24.7,2.1,49,37,1264.21,3,1,UPI,1,Mobile,East India,2,1
OTT08523,29,Male,Basic,1,1,1,1,1,1,6,40.0,4.5,42,6,162.38,3,0,Net Banking,1,Mobile,South India,1,1
OTT08524,44,Female,Standard,1,0,0,1,1,0,3,15.0,1.5,25,3,655.29,5,1,UPI,0,Laptop,South India,2,0
OTT08525,39,Female,Mobile,1,0,0,0,1,0,2,38.2,0.3,42,39,151.25,1,0,UPI,1,Mobile,East India,5,0
OTT08526,26,Male,Basic,1,1,1,0,0,1,4,54.9,1.2,45,28,446.26,5,2,UPI,1,Mobile,South India,4,1
OTT08527,49,Female,Basic,1,0,0,1,1,1,4,46.7,1.1,5,22,716.36,5,0,Credit Card,1,Smart TV,Central India,1,0
OTT08528,21,Male,Standard,0,1,0,1,1,1,4,38.4,2.4,38,47,317.42,2,0,Debit Card,0,Fire TV,West India,3,1
OTT08529,35,Female,Premium,1,1,1,0,0,1,4,17.1,0.5,1,22,524.36,4,2,Wallet,1,Mobile,East India,1,0
OTT08530,47,Male,Premium,0,0,1,0,1,0,2,28.5,1.3,53,45,481.48,5,1,Credit Card,1,Fire TV,North India,1,0
OTT08531,57,Female,Mobile,1,0,1,1,0,1,4,50.1,3.2,2,20,704.17,4,1,Debit Card,0,Mobile,North India,3,0
OTT08532,44,Female,Standard,0,0,1,0,0,0,1,33.6,4.7,48,26,531.74,5,2,Wallet,0,Smart TV,West India,4,0
OTT08533,60,Male,Mobile,0,1,0,0,0,1,2,27.6,1.6,3,18,977.84,5,2,Credit Card,1,Smart TV,South India,5,0
OTT08534,53,Female,Standard,1,1,1,0,1,1,5,33.4,2.0,40,7,631.7,5,0,Credit Card,1,Laptop,North India,1,0
OTT08535,28,Female,Basic,1,0,1,0,1,1,4,63.6,2.0,4,15,404.18,5,4,UPI,0,Smart TV,South India,3,0
OTT08536,54,Female,Basic,0,1,0,0,0,1,2,45.8,0.9,38,32,209.28,5,3,Net Banking,0,Smart TV,East India,3,1
OTT08537,32,Male,Standard,0,0,0,0,1,0,1,57.9,2.3,14,27,408.15,4,2,UPI,1,Mobile,West India,4,0
OTT08538,45,Male,Basic,0,1,1,1,1,1,5,44.6,0.8,48,37,591.38,2,0,Credit Card,1,Mobile,South India,3,0
OTT08539,26,Female,Premium,0,0,0,0,1,0,1,21.3,1.5,59,58,788.18,2,1,Credit Card,1,Mobile,North India,5,1
OTT08540,41,Female,Mobile,0,1,0,0,0,1,2,12.9,0.2,30,50,847.51,3,0,UPI,0,Smart TV,Central India,4,0
OTT08541,47,Female,Premium,0,0,0,0,1,1,2,21.0,0.5,12,59,903.18,5,0,UPI,0,Smart TV,West India,2,0
OTT08542,57,Male,Basic,0,0,0,0,0,1,1,26.9,1.1,31,47,804.01,5,2,Credit Card,1,Smart TV,West India,1,0
OTT08543,58,Female,Mobile,0,1,0,0,0,1,2,43.1,1.2,7,15,918.38,4,1,Debit Card,1,Mobile,North India,3,0
OTT08544,52,Female,Standard,1,1,1,1,1,1,6,39.0,0.9,57,23,551.6,3,0,Credit Card,0,Smart TV,East India,5,0
OTT08545,42,Female,Standard,1,0,0,0,1,0,2,14.9,1.3,2,24,595.84,1,1,UPI,0,Mobile,South India,2,0
OTT08546,55,Female,Premium,0,1,0,1,0,1,3,28.0,0.3,48,38,477.79,1,2,UPI,1,Mobile,South India,1,0
OTT08547,22,Male,Standard,0,1,1,1,1,0,4,49.7,0.3,45,7,423.25,1,1,Debit Card,0,Smart TV,South India,5,1
OTT08548,60,Female,Standard,1,1,1,0,0,0,3,15.3,2.5,53,32,1030.98,4,0,UPI,1,Mobile,North India,5,1
OTT08549,26,Female,Basic,1,1,0,1,0,1,4,23.2,2.5,47,55,595.69,5,0,UPI,1,Smart TV,South India,3,0
OTT08550,35,Male,Premium,1,1,1,1,0,0,4,20.5,0.8,41,14,329.16,5,0,Wallet,1,Tablet,North India,2,0
OTT08551,57,Male,Standard,0,1,0,1,0,1,3,40.8,1.4,12,32,407.14,5,1,Credit Card,1,Smart TV,West India,1,0
OTT08552,48,Female,Standard,1,1,1,1,0,0,4,59.1,0.9,22,16,1235.28,3,1,Credit Card,0,Mobile,West India,4,0
OTT08553,54,Male,Standard,1,1,0,1,1,0,4,19.7,1.0,34,40,718.09,1,2,UPI,1,Mobile,West India,4,0
OTT08554,47,Male,Mobile,1,0,1,1,0,1,4,17.1,1.3,56,43,777.92,4,0,Wallet,0,Tablet,South India,4,0
OTT08555,43,Female,Premium,0,1,0,1,1,1,4,10.9,1.1,36,36,498.11,5,1,Debit Card,1,Tablet,South India,5,0
OTT08556,25,Female,Standard,1,1,0,0,0,0,2,26.1,2.7,15,44,99.0,2,1,Debit Card,1,Smart TV,North India,2,0
OTT08557,60,Female,Standard,1,1,0,1,1,0,4,42.1,1.9,21,16,292.52,5,3,UPI,0,Smart TV,South India,2,0
OTT08558,45,Male,Standard,0,1,1,0,1,1,4,8.1,1.1,19,44,464.42,5,1,UPI,1,Tablet,South India,4,0
OTT08559,46,Male,Basic,1,0,0,1,0,0,2,24.0,1.6,41,5,472.29,5,1,Wallet,1,Tablet,East India,1,0
OTT08560,36,Male,Standard,1,1,1,1,1,0,5,30.8,2.3,13,21,644.15,1,2,UPI,1,Fire TV,West India,2,0
OTT08561,58,Male,Standard,0,1,1,0,0,0,2,39.0,0.8,60,27,880.37,5,1,Credit Card,0,Mobile,North India,3,1
OTT08562,37,Female,Mobile,1,0,0,0,1,0,2,29.9,3.0,43,31,652.97,2,1,Credit Card,0,Laptop,Central India,3,0
OTT08563,26,Male,Standard,1,1,1,1,1,0,5,12.4,1.0,13,35,764.42,3,3,Net Banking,0,Tablet,West India,4,0
OTT08564,25,Male,Standard,1,0,0,0,1,0,2,17.6,4.2,35,12,901.18,3,0,UPI,0,Tablet,South India,5,0
OTT08565,48,Female,Premium,0,0,1,1,0,1,3,52.6,1.7,16,33,1050.44,4,3,UPI,1,Smart TV,East India,3,0
OTT08566,50,Male,Standard,1,0,1,0,0,1,3,35.9,0.4,35,42,385.18,4,0,Credit Card,0,Mobile,North India,4,0
OTT08567,26,Male,Mobile,1,0,1,1,1,1,5,19.5,0.7,30,22,760.31,4,3,UPI,1,Tablet,South India,4,0
OTT08568,48,Male,Mobile,0,0,1,1,0,1,3,23.8,0.6,42,22,773.12,2,2,UPI,1,Smart TV,North India,4,1
OTT08569,60,Male,Basic,0,1,0,1,1,1,4,13.9,1.9,12,22,717.31,2,0,Debit Card,1,Fire TV,South India,5,0
OTT08570,40,Male,Standard,0,0,1,1,1,1,4,7.4,0.8,50,20,530.68,1,1,Net Banking,1,Tablet,Central India,5,1
OTT08571,59,Other,Premium,1,0,0,1,0,1,3,24.9,1.7,47,40,369.75,3,0,Wallet,0,Mobile,South India,4,0
OTT08572,24,Female,Standard,1,1,0,1,1,1,5,16.7,1.8,15,21,596.47,5,2,Debit Card,1,Smart TV,South India,3,0
OTT08573,35,Female,Premium,0,1,1,1,1,0,4,31.4,1.2,50,11,710.48,5,2,Wallet,0,Mobile,West India,1,0
OTT08574,41,Female,Standard,0,1,0,1,0,1,3,66.6,3.3,46,3,940.91,2,1,UPI,0,Mobile,South India,4,1
OTT08575,33,Male,Standard,1,1,1,1,1,1,6,30.3,1.7,19,31,600.92,3,1,UPI,1,Mobile,North India,3,0
OTT08576,22,Female,Premium,1,1,0,1,0,0,3,30.3,0.3,31,27,312.89,4,0,Credit Card,0,Tablet,South India,1,0
OTT08577,37,Male,Mobile,0,1,0,0,0,0,1,41.8,1.7,0,54,360.75,5,2,UPI,0,Tablet,South India,4,0
OTT08578,32,Male,Basic,0,0,0,1,0,1,2,10.8,1.2,54,32,307.25,4,3,UPI,1,Fire TV,North India,4,0
OTT08579,26,Male,Basic,0,1,1,0,1,0,3,33.6,0.2,41,28,615.42,2,1,Debit Card,1,Fire TV,East India,3,0
OTT08580,34,Female,Mobile,1,0,0,0,1,0,2,13.6,2.9,2,5,255.43,5,0,Wallet,0,Fire TV,North India,5,0
OTT08581,35,Male,Standard,1,1,0,1,0,0,3,41.3,2.1,46,47,420.67,3,3,Net Banking,1,Smart TV,South India,2,0
OTT08582,55,Male,Basic,1,1,0,1,0,0,3,30.2,1.1,14,23,1091.12,5,1,Credit Card,1,Mobile,East India,2,0
OTT08583,39,Male,Basic,0,0,1,0,1,1,3,11.6,0.8,30,12,592.02,1,0,UPI,1,Tablet,East India,3,0
OTT08584,35,Male,Mobile,0,0,0,0,1,0,1,30.5,2.7,10,60,662.87,1,1,Credit Card,1,Mobile,East India,1,0
OTT08585,34,Male,Basic,0,1,1,1,1,1,5,2.8,1.7,0,2,275.35,5,1,Debit Card,0,Smart TV,North India,3,0
OTT08586,43,Female,Basic,0,0,1,1,0,1,3,9.8,0.1,3,28,626.92,1,3,Credit Card,1,Smart TV,West India,2,0
OTT08587,29,Male,Premium,1,0,0,1,0,0,2,11.3,3.9,1,20,176.11,4,2,UPI,0,Mobile,West India,3,0
OTT08588,55,Female,Standard,1,0,1,0,0,1,3,9.1,1.4,40,25,679.31,1,1,Debit Card,0,Mobile,Central India,1,1
OTT08589,36,Male,Standard,0,0,0,1,1,1,3,42.8,3.2,56,34,290.71,2,3,Credit Card,1,Smart TV,West India,1,1
OTT08590,36,Male,Standard,0,1,0,1,0,1,3,32.1,1.4,48,36,1010.66,4,2,Debit Card,1,Mobile,West India,4,0
OTT08591,20,Female,Mobile,0,0,1,1,1,0,3,27.0,1.0,58,38,1181.72,2,0,Debit Card,1,Mobile,South India,1,1
OTT08592,55,Female,Standard,0,0,1,0,0,0,1,14.7,1.5,32,22,459.17,4,0,UPI,1,Laptop,North India,3,1
OTT08593,38,Male,Mobile,0,1,1,1,1,1,5,33.8,4.5,21,6,202.35,1,0,UPI,1,Tablet,North India,4,1
OTT08594,23,Female,Basic,0,0,1,0,1,1,3,27.4,1.1,50,8,514.31,2,3,Credit Card,0,Smart TV,East India,1,1
OTT08595,25,Female,Standard,0,1,0,0,0,0,1,18.3,0.7,13,52,178.2,2,0,Credit Card,1,Laptop,North India,2,0
OTT08596,33,Male,Standard,0,1,1,1,1,0,4,28.9,1.5,38,48,543.07,3,3,Debit Card,1,Tablet,South India,1,0
OTT08597,51,Female,Premium,0,1,1,0,1,1,4,32.2,3.4,8,56,392.58,2,0,UPI,1,Smart TV,South India,5,0
OTT08598,22,Male,Basic,1,1,0,1,1,0,4,12.2,1.0,39,48,960.99,4,3,Wallet,1,Mobile,West India,2,1
OTT08599,23,Female,Standard,1,0,0,1,1,0,3,49.1,7.1,15,22,99.0,1,1,UPI,1,Mobile,South India,3,0
OTT08600,42,Male,Basic,0,0,1,1,1,0,3,23.0,0.2,14,44,273.98,2,0,Credit Card,0,Mobile,West India,3,1
OTT08601,39,Female,Standard,1,1,0,0,1,0,3,33.0,1.9,46,31,886.03,1,0,Wallet,1,Tablet,South India,5,1
OTT08602,59,Female,Premium,0,1,0,0,0,0,1,21.9,1.4,58,17,473.12,4,0,Debit Card,1,Smart TV,West India,3,1
OTT08603,50,Female,Standard,1,0,1,0,0,0,2,30.5,0.8,41,27,1068.59,5,1,UPI,0,Smart TV,South India,3,0
OTT08604,46,Male,Basic,1,1,1,1,1,1,6,19.9,4.0,30,34,654.02,1,0,UPI,0,Mobile,Central India,1,1
OTT08605,32,Female,Standard,1,0,1,1,0,1,4,21.0,1.8,44,33,707.4,3,0,Credit Card,1,Fire TV,West India,4,0
OTT08606,44,Male,Standard,0,0,1,1,1,0,3,19.7,3.6,58,29,733.2,4,0,UPI,1,Smart TV,East India,3,0
OTT08607,43,Male,Premium,1,0,0,1,0,0,2,26.8,0.7,48,12,757.17,1,2,UPI,1,Smart TV,East India,5,0
OTT08608,29,Male,Standard,0,0,1,1,1,1,4,36.7,1.4,24,41,587.89,4,1,Debit Card,1,Laptop,North India,4,0
OTT08609,33,Female,Premium,0,0,0,0,1,1,2,37.2,0.5,33,24,600.72,3,1,Wallet,0,Laptop,West India,1,0
OTT08610,58,Female,Mobile,0,1,0,1,0,0,2,36.0,3.5,27,44,987.68,4,0,Credit Card,1,Tablet,Central India,1,1
OTT08611,41,Female,Standard,1,0,0,0,0,1,2,28.4,0.8,31,8,439.27,4,2,Debit Card,1,Smart TV,South India,5,0
OTT08612,38,Male,Basic,0,1,0,1,1,1,4,18.5,0.6,43,24,694.82,1,1,Wallet,1,Mobile,West India,3,0
OTT08613,52,Female,Standard,1,1,0,1,1,0,4,4.5,3.0,13,56,533.54,4,1,UPI,1,Mobile,North India,1,0
OTT08614,29,Female,Premium,0,0,0,0,0,1,1,36.3,3.6,48,47,827.55,2,0,UPI,1,Fire TV,West India,4,0
OTT08615,27,Female,Standard,1,0,0,0,0,0,1,26.7,1.3,31,34,1006.24,2,1,Debit Card,1,Laptop,South India,2,0
OTT08616,60,Female,Standard,1,1,0,1,0,0,3,17.0,3.1,14,38,500.65,5,5,UPI,1,Smart TV,North India,4,0
OTT08617,52,Male,Mobile,0,0,1,0,1,1,3,4.8,1.8,55,5,372.42,4,2,Credit Card,1,Mobile,Central India,5,0
OTT08618,36,Female,Mobile,0,1,1,0,1,1,4,22.8,1.9,60,45,437.92,2,0,Credit Card,0,Fire TV,South India,4,0
OTT08619,58,Female,Standard,1,0,1,0,0,0,2,38.7,0.6,32,6,906.14,2,0,UPI,1,Fire TV,South India,5,0
OTT08620,33,Female,Basic,1,1,1,0,0,1,4,12.6,0.7,2,43,718.65,1,3,Net Banking,0,Tablet,Central India,5,1
OTT08621,47,Male,Mobile,1,1,1,1,0,1,5,50.5,2.5,35,16,627.5,1,1,UPI,1,Smart TV,South India,3,0
OTT08622,19,Male,Standard,0,0,1,1,0,1,3,70.6,1.1,3,47,595.19,2,1,Credit Card,1,Mobile,West India,2,0
OTT08623,47,Male,Standard,1,0,1,0,0,0,2,18.5,0.3,52,40,450.71,3,0,Credit Card,1,Smart TV,South India,2,1
OTT08624,25,Female,Mobile,1,0,1,1,1,0,4,20.0,1.8,6,35,889.56,4,0,Credit Card,0,Smart TV,North India,1,0
OTT08625,28,Male,Mobile,0,0,0,1,0,1,2,22.0,1.4,45,12,698.2,2,0,Credit Card,1,Mobile,North India,3,0
OTT08626,52,Female,Basic,0,0,0,0,1,0,1,18.1,0.9,34,37,1148.0,5,2,UPI,1,Laptop,West India,2,0
OTT08627,26,Male,Standard,0,1,1,0,0,0,2,59.8,0.3,43,37,640.85,2,1,Debit Card,1,Mobile,East India,1,0
OTT08628,38,Male,Premium,1,1,0,1,1,1,5,22.0,1.2,38,7,721.94,5,2,Debit Card,0,Tablet,South India,2,0
OTT08629,57,Male,Basic,1,0,0,0,1,1,3,62.5,1.3,19,30,519.54,1,1,Credit Card,0,Mobile,North India,5,0
OTT08630,59,Male,Mobile,1,0,1,1,1,1,5,11.8,1.4,54,32,468.43,4,1,UPI,0,Laptop,North India,2,1
OTT08631,37,Male,Premium,0,1,1,1,0,0,3,27.6,0.1,48,15,630.03,1,1,Wallet,1,Smart TV,Central India,3,0
OTT08632,21,Female,Mobile,1,0,1,0,1,0,3,14.9,2.3,27,55,983.52,3,2,Net Banking,1,Mobile,South India,2,0
OTT08633,30,Other,Standard,0,0,0,0,1,0,1,9.9,1.8,52,34,518.15,3,2,UPI,1,Smart TV,North India,3,0
OTT08634,44,Male,Basic,0,1,0,1,1,0,3,16.1,0.4,47,18,513.32,1,1,UPI,0,Mobile,West India,1,1
OTT08635,32,Male,Premium,1,0,0,0,0,0,1,17.1,2.1,21,48,249.64,1,0,Credit Card,0,Tablet,South India,3,0
OTT08636,48,Female,Standard,0,1,1,0,1,0,3,22.1,2.0,37,24,1343.2,3,0,Credit Card,0,Smart TV,East India,2,0
OTT08637,60,Male,Mobile,0,1,0,1,0,0,2,7.9,1.8,11,7,482.62,4,0,UPI,1,Tablet,South India,2,0
OTT08638,44,Female,Basic,0,0,1,0,1,1,3,57.1,0.9,25,36,249.09,2,3,Credit Card,0,Tablet,East India,1,0
OTT08639,44,Female,Basic,0,1,0,1,0,1,3,29.6,2.6,23,38,698.93,4,1,UPI,1,Smart TV,South India,4,0
OTT08640,40,Female,Basic,0,0,0,0,1,0,1,34.7,3.8,34,18,718.51,2,0,Wallet,1,Mobile,North India,5,0
OTT08641,26,Male,Basic,1,0,1,0,0,0,2,26.1,1.3,20,7,870.47,1,1,UPI,1,Mobile,South India,4,1
OTT08642,42,Female,Standard,1,1,1,1,1,1,6,45.2,0.5,13,13,702.74,2,0,UPI,1,Smart TV,West India,3,0
OTT08643,58,Female,Standard,0,0,1,0,0,0,1,19.8,0.7,22,35,157.94,2,3,Debit Card,1,Tablet,South India,1,1
OTT08644,47,Male,Mobile,1,0,0,1,0,0,2,26.0,0.6,46,55,436.55,5,1,UPI,1,Laptop,South India,1,0
OTT08645,50,Female,Basic,0,0,1,0,0,1,2,14.1,1.7,2,16,947.74,2,2,UPI,1,Laptop,South India,4,0
OTT08646,55,Male,Premium,0,0,1,1,0,1,3,23.0,1.8,33,4,909.41,3,1,Credit Card,0,Laptop,South India,2,0
OTT08647,34,Male,Basic,1,0,1,1,1,0,4,24.8,0.1,34,40,769.1,4,0,Credit Card,1,Smart TV,North India,3,0
OTT08648,32,Female,Standard,1,0,1,0,0,0,2,14.9,0.8,50,15,1061.94,2,2,UPI,0,Laptop,North India,4,1
OTT08649,59,Male,Standard,0,0,1,1,0,1,3,29.4,1.8,12,41,583.64,3,4,Wallet,1,Smart TV,East India,5,0
OTT08650,37,Male,Standard,1,1,1,0,0,1,4,30.8,1.7,22,39,973.79,4,3,Credit Card,1,Tablet,West India,3,0
OTT08651,49,Male,Standard,1,0,1,0,0,0,2,35.0,0.9,2,26,527.11,5,2,UPI,0,Mobile,East India,2,0
OTT08652,45,Female,Premium,1,1,1,1,0,1,5,30.5,1.4,11,51,1135.04,4,1,Wallet,0,Tablet,North India,2,0
OTT08653,23,Female,Mobile,1,1,1,1,1,1,6,23.6,6.8,44,29,506.34,5,3,Credit Card,1,Mobile,South India,3,0
OTT08654,31,Female,Mobile,1,0,0,0,0,0,1,38.6,1.5,29,9,323.02,1,3,UPI,0,Mobile,North India,5,1
OTT08655,32,Female,Basic,0,0,0,1,0,1,2,25.9,0.6,44,19,311.63,4,2,Wallet,1,Mobile,South India,1,0
OTT08656,25,Male,Mobile,0,0,1,0,1,0,2,6.4,1.1,29,19,1038.38,3,0,UPI,0,Mobile,Central India,2,0
OTT08657,51,Female,Basic,0,1,0,0,0,1,2,10.3,2.9,44,16,1069.73,3,2,Wallet,1,Smart TV,South India,5,1
OTT08658,59,Male,Mobile,0,1,0,1,1,0,3,13.9,1.0,19,49,386.72,4,1,Wallet,1,Smart TV,East India,3,0
OTT08659,59,Male,Standard,0,1,1,0,1,0,3,16.1,1.3,35,37,459.1,3,2,Wallet,1,Laptop,North India,5,0
OTT08660,26,Female,Basic,1,1,1,0,0,0,3,29.5,3.5,36,10,99.0,2,1,Debit Card,1,Mobile,Central India,4,1
OTT08661,37,Female,Premium,0,0,0,0,1,1,2,46.2,0.6,40,21,302.22,5,2,Credit Card,0,Mobile,South India,4,0
OTT08662,28,Female,Basic,1,0,1,0,0,0,2,32.4,1.6,18,4,571.88,3,3,UPI,1,Mobile,North India,5,0
OTT08663,20,Female,Standard,1,1,1,1,1,1,6,28.6,1.1,19,4,569.57,3,3,Wallet,1,Fire TV,South India,5,0
OTT08664,44,Male,Basic,1,1,1,1,1,0,5,7.7,1.9,36,3,99.0,1,0,UPI,0,Mobile,North India,1,0
OTT08665,54,Male,Mobile,0,0,1,0,0,0,1,4.8,1.1,55,3,237.28,4,2,Credit Card,1,Tablet,Central India,1,1
OTT08666,21,Female,Standard,1,0,1,1,0,1,4,49.8,0.4,32,54,1168.02,2,1,UPI,1,Mobile,South India,3,0
OTT08667,45,Female,Mobile,0,0,1,0,1,1,3,19.2,0.5,26,16,970.34,5,0,UPI,0,Smart TV,North India,2,1
OTT08668,19,Female,Standard,1,0,1,1,1,0,4,29.8,3.3,1,50,687.22,3,3,Debit Card,0,Smart TV,East India,1,0
OTT08669,54,Female,Standard,1,1,1,0,0,0,3,31.8,1.6,5,41,695.63,5,2,Net Banking,1,Smart TV,North India,3,0
OTT08670,20,Male,Standard,0,1,1,1,1,1,5,68.8,1.2,40,29,650.91,3,1,UPI,0,Mobile,South India,1,0
OTT08671,36,Male,Standard,0,0,0,1,0,0,1,57.8,3.9,8,55,614.84,3,2,Debit Card,0,Mobile,West India,2,0
OTT08672,23,Male,Premium,0,1,0,1,0,0,2,75.5,1.9,25,55,653.53,4,2,Net Banking,1,Mobile,North India,2,0
OTT08673,35,Female,Mobile,1,1,1,1,1,1,6,34.8,1.0,6,39,209.99,4,1,UPI,0,Mobile,Central India,1,0
OTT08674,36,Female,Premium,1,0,0,0,1,0,2,52.7,1.8,48,6,577.81,5,1,Debit Card,0,Mobile,North India,4,0
OTT08675,41,Female,Mobile,0,1,0,1,0,0,2,12.2,3.3,14,7,99.0,5,2,Debit Card,1,Laptop,North India,1,0
OTT08676,53,Female,Standard,1,0,1,1,1,0,4,69.6,2.5,44,3,591.79,4,2,Net Banking,1,Smart TV,West India,1,0
OTT08677,60,Female,Premium,0,0,1,1,1,1,4,38.1,1.0,29,28,766.91,1,1,UPI,1,Smart TV,South India,3,0
OTT08678,32,Male,Basic,0,1,1,1,0,1,4,21.0,1.6,48,30,491.51,1,2,Debit Card,1,Mobile,North India,3,0
OTT08679,57,Male,Premium,0,1,1,1,1,0,4,40.3,1.3,28,29,720.36,2,1,UPI,1,Mobile,North India,5,1
OTT08680,36,Male,Standard,1,1,1,0,0,1,4,46.6,5.9,16,47,619.96,2,1,Credit Card,0,Mobile,North India,4,0
OTT08681,23,Female,Premium,1,1,0,0,0,0,2,33.1,2.5,58,5,774.09,3,0,Credit Card,1,Mobile,South India,1,0
OTT08682,43,Male,Mobile,0,1,1,0,1,0,3,3.4,0.7,45,5,749.09,5,1,Debit Card,1,Smart TV,North India,5,0
OTT08683,49,Female,Standard,1,1,1,1,0,0,4,48.1,2.6,39,47,410.67,2,2,UPI,1,Mobile,Central India,2,0
OTT08684,30,Male,Basic,1,1,1,1,0,1,5,23.9,0.3,40,21,250.36,4,0,UPI,0,Mobile,North India,2,0
OTT08685,43,Female,Mobile,0,0,1,1,0,0,2,33.1,0.3,53,48,271.12,2,2,UPI,1,Laptop,South India,2,0
OTT08686,36,Male,Standard,0,0,0,0,1,1,2,13.6,1.7,56,9,393.01,5,1,Debit Card,1,Tablet,North India,1,0
OTT08687,24,Female,Standard,0,1,1,1,1,0,4,21.1,1.6,9,48,875.5,3,3,Credit Card,1,Laptop,South India,2,0
OTT08688,34,Male,Standard,1,0,0,1,0,0,2,18.8,1.7,39,44,852.1,2,2,Credit Card,1,Mobile,West India,4,0
OTT08689,36,Female,Standard,0,0,0,0,0,1,1,12.0,2.2,55,6,517.06,5,3,Debit Card,0,Smart TV,East India,5,1
OTT08690,32,Female,Standard,1,1,1,0,1,0,4,6.4,1.2,6,17,567.24,5,1,Credit Card,0,Smart TV,South India,4,0
OTT08691,57,Male,Basic,1,1,0,0,0,1,3,21.6,2.7,51,24,275.61,2,0,Wallet,1,Smart TV,North India,1,1
OTT08692,34,Female,Basic,1,1,0,0,0,0,2,14.1,1.1,32,33,293.64,3,1,UPI,1,Fire TV,West India,3,0
OTT08693,44,Female,Standard,1,0,0,0,0,0,1,28.0,1.7,4,32,765.52,3,2,Debit Card,1,Mobile,North India,2,0
OTT08694,18,Male,Standard,0,0,0,0,0,1,1,30.3,0.8,39,1,528.67,3,1,Debit Card,0,Tablet,North India,4,0
OTT08695,31,Female,Basic,1,1,1,0,0,1,4,58.4,1.3,19,36,555.65,3,2,Wallet,1,Smart TV,North India,2,0
OTT08696,56,Female,Basic,1,1,0,1,0,0,3,1.6,1.0,56,26,836.34,5,0,Debit Card,1,Smart TV,North India,5,0
OTT08697,56,Female,Basic,0,0,1,1,0,0,2,18.2,1.3,54,26,773.2,4,2,Debit Card,1,Smart TV,East India,2,0
OTT08698,60,Female,Standard,1,0,0,0,0,1,2,46.7,2.3,17,5,584.94,3,1,Wallet,0,Mobile,North India,4,0
OTT08699,20,Female,Basic,0,0,0,1,0,1,2,29.6,2.6,50,7,982.77,5,3,UPI,0,Laptop,Central India,2,0
OTT08700,55,Male,Standard,0,0,0,0,0,1,1,32.4,2.8,22,55,500.43,3,2,Net Banking,1,Laptop,North India,2,0
OTT08701,29,Male,Standard,1,1,0,0,0,0,2,27.2,1.1,12,9,380.46,5,1,Wallet,1,Mobile,North India,5,0
OTT08702,18,Male,Premium,1,1,1,0,0,0,3,42.6,1.9,50,39,295.73,4,1,Credit Card,0,Laptop,East India,3,0
OTT08703,21,Female,Basic,1,0,0,0,0,1,2,27.1,0.8,28,41,985.89,2,2,Debit Card,0,Smart TV,West India,3,1
OTT08704,50,Male,Premium,1,0,0,1,0,0,2,26.7,2.2,37,34,472.83,4,3,Debit Card,0,Mobile,Central India,5,1
OTT08705,43,Male,Standard,0,1,1,1,0,0,3,13.9,0.4,16,12,653.87,4,1,Wallet,1,Mobile,West India,5,0
OTT08706,42,Female,Mobile,1,0,0,1,1,0,3,15.3,4.3,27,20,1174.55,2,1,UPI,0,Laptop,South India,2,1
OTT08707,55,Male,Basic,0,0,0,1,0,1,2,29.8,0.9,50,35,427.73,3,1,Wallet,0,Mobile,North India,5,0
OTT08708,22,Male,Basic,1,0,0,0,0,0,1,20.0,2.0,44,2,682.05,2,0,UPI,1,Fire TV,Central India,2,0
OTT08709,21,Female,Mobile,0,1,0,0,0,0,1,9.6,6.7,60,53,680.36,4,1,UPI,1,Laptop,North India,1,0
OTT08710,58,Female,Basic,1,1,0,0,0,0,2,18.9,1.1,1,24,663.27,1,0,UPI,1,Laptop,South India,5,0
OTT08711,44,Female,Mobile,1,1,0,1,1,0,4,38.8,2.0,49,18,906.96,1,0,UPI,1,Fire TV,South India,4,1
OTT08712,51,Male,Premium,0,0,1,1,0,0,2,28.2,0.4,23,13,756.87,3,0,UPI,1,Smart TV,West India,5,1
OTT08713,40,Female,Basic,0,1,0,1,1,1,4,17.3,1.9,44,58,702.56,4,2,Credit Card,1,Mobile,South India,2,0
OTT08714,24,Female,Basic,1,0,1,1,1,0,4,24.5,0.6,25,30,1119.93,3,1,Credit Card,0,Laptop,West India,3,0
OTT08715,40,Male,Standard,0,1,0,0,0,0,1,41.1,1.4,10,25,235.5,4,0,Credit Card,1,Smart TV,West India,3,0
OTT08716,59,Male,Premium,0,0,0,0,1,0,1,13.7,0.4,5,7,317.82,2,3,Debit Card,1,Mobile,North India,2,0
OTT08717,23,Male,Premium,0,0,1,0,0,1,2,12.9,1.8,60,60,631.74,1,1,Debit Card,0,Mobile,West India,3,0
OTT08718,23,Female,Premium,0,0,1,0,0,0,1,27.6,1.2,58,34,796.47,3,2,Debit Card,0,Smart TV,Central India,3,0
OTT08719,32,Male,Premium,1,0,0,1,0,1,3,19.0,1.2,19,14,638.43,3,3,Debit Card,0,Smart TV,North India,2,0
OTT08720,37,Female,Basic,0,0,0,0,1,0,1,27.6,0.3,59,50,465.51,1,1,UPI,1,Tablet,West India,5,1
OTT08721,45,Female,Standard,1,1,1,0,0,1,4,25.3,1.6,48,33,1004.09,3,1,UPI,0,Smart TV,South India,4,1
OTT08722,24,Female,Basic,0,0,1,1,0,1,3,27.6,1.2,36,25,877.04,3,3,UPI,1,Mobile,North India,3,0
OTT08723,58,Male,Premium,0,1,1,1,0,1,4,59.6,0.8,31,48,481.83,3,2,UPI,0,Mobile,South India,2,0
OTT08724,24,Female,Mobile,1,0,1,1,1,0,4,11.3,0.7,20,4,1109.3,4,1,Wallet,0,Mobile,South India,1,0
OTT08725,26,Female,Standard,1,0,1,0,0,1,3,35.7,2.1,50,32,533.49,1,2,UPI,1,Fire TV,West India,4,1
OTT08726,59,Male,Basic,1,1,1,1,0,1,5,31.5,1.7,39,35,574.12,4,0,Wallet,0,Laptop,North India,5,0
OTT08727,34,Female,Premium,1,1,1,1,1,1,6,34.7,1.5,55,51,221.64,2,2,UPI,1,Mobile,West India,5,1
OTT08728,42,Male,Basic,0,0,0,0,1,1,2,7.3,5.1,56,57,723.72,4,0,Credit Card,1,Mobile,South India,3,0
OTT08729,36,Male,Premium,0,1,0,0,0,1,2,37.7,2.8,55,28,1188.9,4,2,Credit Card,1,Mobile,South India,1,0
OTT08730,29,Male,Premium,0,0,0,1,1,1,3,21.7,2.1,53,57,1178.08,2,0,Net Banking,0,Fire TV,South India,1,1
OTT08731,39,Male,Mobile,0,0,0,0,1,1,2,27.0,1.5,39,29,549.95,5,1,UPI,1,Mobile,East India,4,0
OTT08732,51,Male,Standard,0,1,1,0,0,1,3,23.2,2.0,19,23,498.89,5,3,Wallet,1,Mobile,South India,2,0
OTT08733,18,Female,Basic,0,1,1,0,1,0,3,14.8,4.0,27,33,656.11,2,1,UPI,1,Smart TV,South India,5,0
OTT08734,55,Male,Basic,1,0,0,1,0,1,3,22.1,0.4,43,26,1049.43,5,1,UPI,0,Smart TV,South India,2,0
OTT08735,25,Male,Basic,1,1,1,0,1,0,4,25.3,1.8,33,31,707.35,3,1,Net Banking,0,Tablet,East India,1,0
OTT08736,57,Female,Standard,0,1,1,0,0,0,2,33.0,2.0,9,18,873.59,5,1,Credit Card,1,Mobile,East India,5,0
OTT08737,59,Female,Basic,0,1,0,1,0,1,3,30.1,0.6,45,57,844.73,4,0,Debit Card,0,Smart TV,North India,4,0
OTT08738,58,Male,Standard,0,1,1,0,0,0,2,23.7,1.5,41,55,967.19,1,1,Debit Card,0,Laptop,North India,1,0
OTT08739,45,Male,Standard,1,0,1,0,1,1,4,25.9,2.3,16,45,891.13,2,2,UPI,1,Laptop,West India,3,0
OTT08740,56,Male,Basic,1,0,1,1,0,0,3,25.7,2.2,14,13,471.42,1,2,Debit Card,1,Mobile,Central India,4,1
OTT08741,54,Female,Mobile,0,1,0,0,0,0,1,32.6,1.5,44,52,693.92,5,0,Credit Card,1,Laptop,South India,1,1
OTT08742,45,Female,Mobile,1,1,0,1,0,1,4,37.5,1.7,49,34,524.63,4,1,Wallet,1,Mobile,South India,2,1
OTT08743,56,Male,Basic,0,0,0,1,1,0,2,39.5,1.6,59,39,911.97,5,1,UPI,1,Mobile,North India,4,1
OTT08744,32,Male,Premium,1,1,1,0,1,0,4,20.5,0.5,42,30,795.38,3,0,UPI,0,Smart TV,West India,2,1
OTT08745,53,Female,Basic,0,1,1,0,0,1,3,3.6,1.1,44,41,806.78,1,1,UPI,1,Smart TV,South India,3,0
OTT08746,57,Female,Standard,0,1,1,0,1,0,3,21.6,8.1,0,6,752.06,2,1,Credit Card,1,Smart TV,North India,1,0
OTT08747,45,Male,Premium,1,1,0,0,1,1,4,19.5,1.5,30,54,224.58,2,1,UPI,0,Mobile,South India,2,0
OTT08748,23,Male,Basic,1,1,1,0,1,1,5,25.4,1.0,34,31,806.47,1,1,UPI,0,Laptop,West India,5,1
OTT08749,27,Male,Standard,0,1,1,1,1,0,4,68.4,2.3,6,33,295.69,3,1,Debit Card,1,Smart TV,Central India,1,0
OTT08750,25,Female,Premium,1,0,0,1,0,1,3,20.5,0.4,27,34,367.81,1,0,UPI,1,Fire TV,East India,2,0
OTT08751,40,Female,Standard,1,1,1,1,0,0,4,34.8,1.1,4,58,965.38,2,1,UPI,1,Fire TV,South India,2,0
OTT08752,36,Male,Mobile,0,1,0,0,1,1,3,35.2,1.2,57,17,541.84,4,3,UPI,1,Tablet,North India,5,0
OTT08753,53,Female,Standard,1,0,1,1,0,1,4,30.7,2.3,8,22,266.05,5,1,Credit Card,1,Smart TV,West India,3,0
OTT08754,30,Male,Premium,1,1,0,1,0,1,4,7.0,1.6,33,11,476.28,3,0,UPI,1,Mobile,South India,5,0
OTT08755,25,Female,Standard,1,0,0,0,0,1,2,24.1,1.6,45,34,858.73,4,1,Debit Card,1,Fire TV,West India,1,0
OTT08756,44,Female,Standard,1,0,1,0,0,0,2,32.4,1.5,6,27,517.8,3,0,UPI,0,Smart TV,North India,3,1
OTT08757,23,Female,Standard,0,1,1,0,0,0,2,16.2,0.7,22,17,961.53,3,1,Debit Card,1,Laptop,East India,3,0
OTT08758,56,Male,Standard,0,0,1,1,0,0,2,7.9,1.6,48,58,904.81,2,2,Wallet,1,Fire TV,South India,3,0
OTT08759,21,Male,Basic,1,0,1,1,0,0,3,32.8,1.7,31,24,931.0,5,0,Wallet,1,Mobile,West India,3,0
OTT08760,39,Female,Premium,0,1,1,0,0,0,2,38.4,1.2,53,58,832.71,2,1,UPI,1,Laptop,West India,2,0
OTT08761,58,Female,Mobile,1,1,0,0,1,0,3,23.2,2.0,7,49,294.12,5,3,UPI,1,Fire TV,West India,4,0
OTT08762,41,Male,Premium,0,0,0,0,0,1,1,18.5,0.8,33,24,577.08,4,2,Debit Card,1,Smart TV,West India,5,0
OTT08763,52,Female,Basic,1,0,1,0,0,0,2,50.5,1.1,39,33,772.65,5,3,UPI,0,Smart TV,South India,4,0
OTT08764,36,Male,Standard,1,0,1,1,1,0,4,39.1,3.2,53,48,425.69,1,0,Net Banking,1,Fire TV,North India,1,0
OTT08765,50,Male,Standard,0,1,1,0,1,0,3,13.2,0.9,31,14,793.11,3,5,Debit Card,1,Mobile,East India,3,0
OTT08766,48,Female,Standard,0,1,1,1,0,0,3,27.2,1.1,18,47,948.64,5,0,Debit Card,1,Smart TV,East India,5,0
OTT08767,40,Male,Mobile,0,1,1,1,0,1,4,14.2,1.8,13,52,334.7,2,0,UPI,0,Smart TV,North India,4,0
OTT08768,22,Male,Standard,1,1,1,1,1,1,6,20.8,3.6,17,57,143.81,2,0,Debit Card,1,Mobile,Central India,5,0
OTT08769,59,Male,Basic,0,1,1,1,0,0,3,46.5,2.5,10,44,677.1,4,1,Debit Card,1,Mobile,North India,4,0
OTT08770,20,Female,Mobile,0,0,1,0,0,0,1,46.7,1.7,54,40,1333.7,5,1,Net Banking,1,Smart TV,East India,3,0
OTT08771,33,Male,Standard,1,0,0,0,0,0,1,18.2,1.4,12,51,635.45,2,0,UPI,1,Smart TV,South India,3,0
OTT08772,45,Male,Premium,1,1,1,1,1,1,6,34.1,0.3,25,18,293.78,3,2,Wallet,1,Mobile,South India,4,0
OTT08773,51,Male,Premium,0,1,0,1,1,1,4,13.4,1.6,7,33,806.15,4,1,Debit Card,0,Mobile,North India,1,0
OTT08774,40,Male,Standard,0,1,0,1,1,1,4,67.0,0.8,60,60,742.24,5,2,Debit Card,1,Smart TV,Central India,4,0
OTT08775,35,Male,Standard,1,1,1,1,0,0,4,7.9,0.7,26,8,811.13,4,3,UPI,1,Smart TV,South India,1,0
OTT08776,35,Male,Basic,1,0,0,1,0,0,2,20.4,0.6,57,21,1262.7,5,1,Wallet,1,Mobile,Central India,1,0
OTT08777,59,Male,Basic,0,1,0,1,0,1,3,34.1,2.5,31,42,310.5,2,2,UPI,1,Tablet,East India,5,0
OTT08778,32,Female,Standard,1,0,1,1,1,0,4,14.9,1.0,32,9,861.62,5,2,Credit Card,1,Smart TV,North India,3,0
OTT08779,54,Male,Standard,1,0,1,1,1,1,5,13.3,0.5,49,49,644.63,2,0,UPI,1,Laptop,West India,4,0
OTT08780,20,Male,Standard,0,0,0,0,1,1,2,24.6,1.3,47,29,767.82,2,1,UPI,1,Mobile,Central India,5,1
OTT08781,46,Female,Mobile,1,1,0,1,0,0,3,17.1,3.4,55,42,461.65,2,2,UPI,0,Tablet,South India,2,0
OTT08782,47,Male,Basic,0,0,0,0,1,1,2,7.1,0.7,48,58,259.5,1,2,Wallet,1,Mobile,East India,5,0
OTT08783,47,Male,Mobile,1,1,1,1,1,1,6,24.5,3.7,54,57,1113.94,3,3,Credit Card,1,Fire TV,North India,4,0
OTT08784,36,Other,Standard,0,1,0,0,0,1,2,33.4,1.9,21,39,1153.79,4,1,UPI,0,Smart TV,East India,2,0
OTT08785,47,Female,Basic,0,1,1,1,1,0,4,22.2,3.6,1,18,1196.02,5,1,Net Banking,1,Smart TV,West India,1,1
OTT08786,37,Female,Basic,0,1,0,1,0,0,2,24.1,1.2,28,37,444.64,2,0,Wallet,1,Mobile,South India,3,0
OTT08787,43,Female,Standard,1,0,1,1,0,0,3,30.8,2.4,10,43,608.9,4,0,Wallet,1,Mobile,Central India,3,0
OTT08788,56,Female,Mobile,1,0,0,1,1,1,4,57.0,4.4,55,20,992.82,2,2,Credit Card,0,Smart TV,Central India,1,1
OTT08789,46,Male,Basic,0,1,0,0,0,1,2,19.8,1.0,44,43,607.76,2,1,Credit Card,1,Smart TV,South India,1,0
OTT08790,49,Male,Standard,0,1,1,0,1,1,4,29.6,1.3,30,44,459.52,2,3,UPI,1,Mobile,South India,3,1
OTT08791,59,Female,Basic,1,1,1,1,0,1,5,24.3,1.6,36,31,768.0,2,0,Net Banking,0,Mobile,East India,3,1
OTT08792,27,Male,Standard,0,1,1,1,1,1,5,12.8,1.8,18,11,305.48,4,0,UPI,1,Smart TV,South India,2,0
OTT08793,43,Female,Premium,1,1,0,0,0,0,2,36.4,0.1,47,41,141.74,2,1,UPI,1,Tablet,South India,3,0
OTT08794,46,Male,Mobile,1,0,0,1,1,1,4,49.3,2.0,7,6,1308.42,5,0,Credit Card,1,Smart TV,South India,4,0
OTT08795,47,Male,Basic,0,0,1,1,1,0,3,33.4,1.7,46,16,566.76,4,2,Debit Card,1,Mobile,North India,3,0
OTT08796,23,Female,Standard,0,1,0,1,0,1,3,5.6,1.1,26,53,880.14,1,4,Credit Card,1,Mobile,West India,2,0
OTT08797,50,Female,Standard,0,0,1,0,1,1,3,20.5,6.0,27,1,573.59,4,1,UPI,0,Smart TV,North India,3,0
OTT08798,26,Female,Premium,1,0,1,0,0,1,3,33.3,2.8,27,32,717.41,5,1,Net Banking,1,Laptop,North India,4,0
OTT08799,35,Male,Mobile,0,1,0,1,0,0,2,42.1,3.7,58,24,665.99,2,1,UPI,0,Smart TV,North India,1,0
OTT08800,48,Male,Premium,0,1,1,0,0,1,3,9.2,1.2,30,54,231.38,4,0,UPI,1,Smart TV,South India,5,0
OTT08801,29,Female,Standard,0,1,0,0,1,0,2,12.6,1.0,1,14,482.02,4,1,Credit Card,1,Fire TV,South India,3,0
OTT08802,23,Male,Basic,0,1,1,0,0,0,2,30.1,2.1,45,3,852.46,2,2,Credit Card,0,Laptop,South India,1,0
OTT08803,47,Female,Standard,0,0,1,0,0,1,2,26.1,1.6,56,29,742.68,3,0,Wallet,1,Smart TV,South India,3,0
OTT08804,30,Female,Basic,0,0,1,0,1,0,2,24.6,1.0,59,43,645.71,4,0,Net Banking,0,Smart TV,South India,2,1
OTT08805,53,Male,Mobile,1,1,0,0,1,1,4,55.3,1.1,16,2,99.0,2,2,Credit Card,1,Tablet,South India,2,0
OTT08806,56,Male,Basic,1,0,1,0,1,0,3,58.2,0.5,23,8,794.09,3,1,Credit Card,0,Laptop,South India,2,1
OTT08807,33,Female,Basic,0,0,0,0,1,0,1,14.3,2.8,16,21,522.26,5,3,UPI,0,Laptop,East India,4,0
OTT08808,49,Male,Standard,1,1,0,1,0,1,4,7.6,2.5,49,9,477.96,5,2,UPI,0,Tablet,North India,5,0
OTT08809,27,Male,Mobile,0,1,1,1,1,1,5,23.6,0.2,39,27,417.43,5,0,Debit Card,1,Smart TV,West India,1,0
OTT08810,57,Female,Mobile,0,1,1,1,1,1,5,36.0,2.4,38,13,673.27,4,1,UPI,1,Mobile,Central India,3,0
OTT08811,28,Male,Basic,1,1,1,0,1,0,4,44.3,4.6,60,52,619.58,5,1,Debit Card,1,Laptop,North India,4,1
OTT08812,55,Female,Standard,1,1,1,1,1,1,6,20.0,2.5,51,3,537.92,3,2,Credit Card,0,Smart TV,West India,1,0
OTT08813,51,Male,Premium,1,1,0,0,1,0,3,16.3,0.9,8,2,1028.13,1,1,Credit Card,0,Fire TV,North India,3,0
OTT08814,31,Male,Mobile,1,1,1,1,1,1,6,31.1,1.8,25,60,660.37,1,3,Credit Card,0,Tablet,Central India,1,1
OTT08815,53,Female,Premium,1,1,0,1,1,1,5,21.8,0.3,56,56,241.58,5,4,UPI,0,Mobile,West India,2,0
OTT08816,45,Male,Standard,0,0,0,1,0,1,2,25.4,0.7,28,40,472.14,4,0,Credit Card,0,Fire TV,South India,2,0
OTT08817,46,Female,Premium,1,1,1,1,1,0,5,33.5,2.4,21,5,709.99,3,1,Debit Card,1,Laptop,South India,2,1
OTT08818,34,Male,Standard,1,0,1,1,1,0,4,22.6,0.7,18,55,837.81,5,1,Credit Card,0,Smart TV,South India,4,0
OTT08819,28,Female,Basic,1,1,0,1,1,0,4,10.2,1.2,42,11,372.06,4,1,UPI,1,Mobile,North India,5,0
OTT08820,47,Female,Standard,0,1,1,1,1,1,5,16.6,1.4,42,9,372.48,4,0,Credit Card,1,Tablet,East India,5,0
OTT08821,20,Female,Standard,0,1,0,1,1,0,3,17.1,2.4,27,3,786.62,2,2,Credit Card,1,Fire TV,South India,3,0
OTT08822,32,Male,Premium,0,0,1,0,1,1,3,17.2,1.2,17,48,671.76,4,0,Wallet,1,Smart TV,East India,1,0
OTT08823,24,Male,Premium,1,1,1,1,0,0,4,6.7,0.7,2,32,753.59,4,0,Wallet,1,Mobile,West India,3,0
OTT08824,18,Male,Standard,1,1,0,1,1,0,4,62.9,1.8,24,6,459.32,5,1,Net Banking,1,Laptop,North India,5,0
OTT08825,18,Female,Standard,1,1,1,1,0,1,5,12.5,0.5,21,32,882.75,2,1,Net Banking,0,Laptop,East India,4,0
OTT08826,22,Female,Basic,1,1,1,0,1,1,5,37.2,3.4,31,9,866.38,4,1,Credit Card,1,Tablet,South India,2,0
OTT08827,58,Female,Standard,1,0,0,1,1,1,4,15.1,0.5,0,44,826.01,3,1,Net Banking,0,Laptop,West India,4,0
OTT08828,51,Male,Standard,1,1,1,1,1,1,6,19.9,2.5,50,53,520.88,5,0,UPI,1,Mobile,East India,4,0
OTT08829,60,Male,Standard,0,0,0,0,1,1,2,25.0,2.1,15,56,515.71,5,2,Net Banking,1,Tablet,North India,5,0
OTT08830,21,Male,Mobile,1,1,1,1,1,1,6,17.7,2.5,39,11,598.23,3,1,Credit Card,0,Mobile,South India,5,0
OTT08831,60,Male,Premium,0,0,0,0,0,1,1,52.5,0.7,30,29,155.28,3,2,UPI,0,Mobile,Central India,5,0
OTT08832,43,Male,Basic,0,1,0,1,1,0,3,100.0,0.9,32,49,534.66,4,4,Debit Card,1,Mobile,East India,3,0
OTT08833,52,Male,Basic,0,0,0,0,1,0,1,7.3,1.0,54,54,891.58,3,2,UPI,1,Mobile,North India,2,0
OTT08834,54,Male,Basic,1,0,0,1,1,0,3,42.8,1.2,4,55,412.45,3,2,Credit Card,1,Smart TV,North India,4,0
OTT08835,29,Female,Mobile,1,1,0,0,0,1,3,27.3,0.5,20,8,1152.99,3,0,UPI,1,Mobile,West India,3,0
OTT08836,49,Male,Basic,0,0,0,0,1,0,1,20.5,1.4,4,3,291.39,1,1,Credit Card,1,Mobile,South India,2,0
OTT08837,45,Male,Mobile,1,0,1,1,1,0,4,38.9,1.4,47,24,377.53,3,2,UPI,1,Smart TV,North India,5,1
OTT08838,35,Female,Mobile,0,1,1,1,0,1,4,44.9,2.5,21,57,449.61,2,1,UPI,1,Smart TV,Central India,5,0
OTT08839,39,Female,Mobile,1,1,0,0,0,0,2,23.6,1.3,27,4,803.12,1,2,UPI,0,Tablet,West India,3,1
OTT08840,26,Male,Mobile,1,1,1,0,0,1,4,49.1,0.3,1,33,544.68,2,0,Credit Card,1,Smart TV,North India,4,0
OTT08841,25,Female,Premium,0,1,1,0,0,0,2,6.1,0.4,36,19,298.79,2,1,Credit Card,1,Mobile,South India,1,0
OTT08842,57,Male,Standard,0,0,1,0,0,1,2,35.9,0.8,13,37,790.97,2,2,UPI,1,Mobile,West India,5,0
OTT08843,49,Female,Mobile,1,0,0,0,1,0,2,25.4,1.2,3,41,715.12,3,0,Credit Card,1,Smart TV,North India,1,0
OTT08844,42,Female,Standard,1,0,0,1,1,0,3,28.2,3.9,58,51,426.92,1,1,UPI,0,Mobile,East India,5,0
OTT08845,47,Male,Standard,1,1,1,1,0,0,4,42.3,2.9,31,47,1126.42,2,3,Credit Card,1,Smart TV,South India,1,0
OTT08846,35,Female,Standard,1,1,0,1,0,0,3,33.9,1.1,13,41,846.82,1,3,UPI,1,Smart TV,South India,4,0
OTT08847,28,Male,Basic,1,0,0,1,1,1,4,63.8,0.8,21,27,802.69,5,2,UPI,1,Smart TV,West India,1,0
OTT08848,58,Male,Standard,0,1,0,0,1,1,3,69.7,1.4,48,58,475.07,2,0,UPI,1,Tablet,North India,4,0
OTT08849,60,Male,Mobile,0,1,1,1,1,0,4,22.5,1.4,28,17,355.01,1,1,Debit Card,1,Smart TV,South India,4,0
OTT08850,27,Male,Basic,1,1,1,1,1,1,6,11.4,1.3,40,56,1046.81,1,0,Wallet,0,Laptop,South India,5,0
OTT08851,52,Male,Premium,0,1,1,0,0,1,3,24.7,0.5,17,6,394.03,3,1,UPI,1,Smart TV,East India,3,0
OTT08852,37,Female,Basic,1,0,0,0,1,0,2,14.3,1.0,7,16,790.16,5,2,Credit Card,1,Tablet,West India,4,0
OTT08853,48,Male,Mobile,0,0,1,0,0,1,2,19.3,1.0,0,5,903.6,2,1,UPI,1,Mobile,West India,4,0
OTT08854,22,Male,Basic,0,0,1,1,1,0,3,26.8,1.7,12,45,250.42,3,1,UPI,1,Mobile,West India,5,0
OTT08855,38,Male,Standard,1,0,1,0,1,0,3,9.1,2.8,56,40,585.02,5,2,Debit Card,1,Mobile,South India,4,0
OTT08856,23,Male,Mobile,0,0,0,1,1,0,2,32.9,1.0,1,24,371.53,5,1,Credit Card,1,Mobile,Central India,1,0
OTT08857,53,Male,Basic,0,1,1,1,1,1,5,23.7,1.6,0,25,747.04,2,1,UPI,0,Tablet,South India,3,0
OTT08858,35,Male,Basic,1,1,1,1,1,1,6,16.0,0.1,1,8,413.59,3,1,UPI,1,Fire TV,North India,2,1
OTT08859,29,Female,Basic,0,0,0,0,1,1,2,4.4,1.6,44,40,395.64,5,0,UPI,1,Mobile,East India,2,0
OTT08860,48,Other,Basic,0,0,1,0,1,0,2,41.5,0.1,54,19,274.03,3,1,UPI,1,Laptop,West India,3,1
OTT08861,59,Male,Mobile,1,0,0,0,0,1,2,45.0,0.6,27,38,622.7,1,0,Debit Card,0,Mobile,North India,5,0
OTT08862,32,Male,Basic,0,0,0,1,1,1,3,42.5,0.8,59,4,170.24,4,0,Wallet,1,Laptop,South India,5,1
OTT08863,48,Female,Mobile,0,1,1,1,1,1,5,14.2,1.7,21,3,1059.72,4,2,Wallet,1,Smart TV,North India,1,0
OTT08864,47,Female,Premium,0,1,1,0,1,0,3,31.2,1.4,56,32,584.16,5,0,Credit Card,0,Laptop,South India,2,0
OTT08865,39,Other,Standard,0,0,0,0,0,1,1,46.0,0.3,30,18,872.04,5,1,Credit Card,1,Fire TV,South India,5,0
OTT08866,52,Female,Mobile,0,1,0,0,1,1,3,29.6,1.7,21,1,619.37,2,2,Wallet,1,Smart TV,North India,2,0
OTT08867,23,Female,Basic,0,0,0,0,1,0,1,28.2,3.8,53,51,728.05,5,2,UPI,1,Mobile,North India,1,0
OTT08868,55,Male,Standard,0,0,1,0,1,1,3,59.3,0.5,4,11,277.94,2,1,Debit Card,0,Smart TV,North India,5,0
OTT08869,35,Male,Standard,0,1,0,1,0,1,3,57.1,0.9,6,43,791.61,2,0,Debit Card,1,Mobile,South India,3,0
OTT08870,19,Female,Basic,1,0,1,1,1,0,4,19.3,1.2,46,60,306.54,4,5,UPI,1,Mobile,South India,1,0
OTT08871,60,Female,Mobile,0,1,1,1,0,0,3,17.4,1.1,56,24,1021.39,3,0,UPI,0,Smart TV,South India,1,1
OTT08872,51,Female,Standard,1,0,1,1,1,1,5,15.2,2.4,17,57,495.69,2,1,Credit Card,1,Laptop,South India,1,0
OTT08873,53,Other,Basic,0,0,0,0,0,1,1,7.0,2.0,37,10,832.96,1,3,Credit Card,1,Smart TV,North India,5,1
OTT08874,24,Male,Mobile,0,1,1,0,1,1,4,52.4,1.6,11,37,294.73,5,0,UPI,1,Laptop,South India,2,0
OTT08875,50,Male,Basic,0,0,0,1,0,0,1,29.4,1.2,10,54,847.77,4,0,UPI,1,Tablet,South India,1,0
OTT08876,48,Female,Standard,0,0,0,0,1,1,2,19.5,2.1,28,60,167.06,4,3,UPI,0,Smart TV,South India,5,0
OTT08877,56,Female,Basic,1,0,1,1,1,1,5,26.3,0.2,57,18,190.25,2,1,UPI,0,Fire TV,Central India,1,1
OTT08878,33,Female,Mobile,1,1,0,1,0,1,4,55.0,4.1,4,28,929.69,2,0,Credit Card,1,Mobile,North India,5,0
OTT08879,57,Female,Mobile,0,1,0,0,0,1,2,9.5,2.5,54,38,902.14,1,2,Credit Card,0,Smart TV,West India,3,0
OTT08880,48,Other,Standard,1,1,0,1,0,0,3,51.5,2.7,1,29,511.72,1,0,Wallet,0,Tablet,Central India,4,0
OTT08881,28,Male,Standard,1,1,0,1,0,1,4,24.9,4.9,60,30,536.08,2,1,Credit Card,1,Mobile,North India,5,0
OTT08882,27,Male,Standard,1,1,1,1,0,1,5,32.4,2.5,30,27,600.71,4,0,UPI,1,Mobile,West India,4,0
OTT08883,56,Male,Standard,1,0,0,1,0,1,3,33.4,0.5,49,8,718.45,1,1,Debit Card,1,Laptop,South India,5,1
OTT08884,45,Male,Standard,0,0,0,0,0,1,1,56.7,1.5,38,3,916.07,3,3,Credit Card,0,Laptop,East India,4,0
OTT08885,23,Female,Basic,0,1,1,0,1,0,3,14.8,2.4,51,55,544.36,5,1,Debit Card,1,Smart TV,South India,5,0
OTT08886,23,Male,Premium,1,0,0,1,0,0,2,76.8,1.5,37,21,202.04,4,1,Credit Card,1,Smart TV,South India,3,0
OTT08887,53,Female,Premium,0,0,0,1,0,0,1,10.9,1.6,9,34,615.55,3,2,Net Banking,1,Mobile,North India,2,0
OTT08888,25,Male,Basic,1,0,1,0,0,1,3,16.5,2.9,1,32,432.86,1,4,UPI,1,Mobile,East India,3,0
OTT08889,27,Female,Standard,1,1,1,1,0,0,4,36.5,1.2,50,7,1003.75,1,0,UPI,1,Fire TV,East India,3,1
OTT08890,44,Male,Mobile,0,0,0,1,0,0,1,53.0,3.3,5,31,533.74,1,0,Credit Card,1,Mobile,North India,3,0
OTT08891,55,Female,Mobile,0,1,1,1,1,0,4,15.2,0.9,44,48,973.81,5,3,Debit Card,1,Mobile,West India,2,0
OTT08892,32,Male,Basic,0,0,1,1,1,1,4,10.0,1.6,11,31,628.56,2,1,Credit Card,1,Smart TV,North India,2,0
OTT08893,46,Male,Standard,0,0,1,1,1,1,4,54.6,0.3,40,44,457.72,5,0,Credit Card,1,Smart TV,West India,4,0
OTT08894,48,Male,Premium,0,0,1,0,0,1,2,19.8,0.3,20,22,968.27,2,0,Wallet,0,Laptop,West India,1,0
OTT08895,43,Female,Standard,0,1,0,0,1,1,3,20.7,5.6,53,50,421.39,2,2,Wallet,1,Mobile,North India,1,0
OTT08896,47,Female,Standard,0,0,0,1,0,0,1,27.2,1.5,44,43,638.77,2,1,Net Banking,1,Tablet,North India,5,0
OTT08897,27,Female,Mobile,0,0,1,1,0,0,2,24.2,1.2,29,34,541.51,4,1,Debit Card,1,Smart TV,West India,3,0
OTT08898,44,Female,Premium,0,1,1,0,0,0,2,37.1,1.7,1,58,412.02,2,1,Wallet,0,Smart TV,East India,5,0
OTT08899,18,Male,Mobile,0,0,1,0,0,1,2,11.3,2.1,18,6,725.79,4,2,UPI,0,Laptop,North India,5,0
OTT08900,49,Male,Premium,1,1,0,0,0,0,2,9.2,0.6,11,49,471.52,5,2,Debit Card,1,Tablet,North India,2,0
OTT08901,52,Male,Mobile,0,1,0,0,0,1,2,32.1,2.5,45,33,405.36,1,2,Net Banking,1,Smart TV,South India,2,0
OTT08902,52,Male,Mobile,1,0,1,1,1,1,5,33.2,1.0,45,20,588.54,1,0,UPI,1,Smart TV,North India,2,1
OTT08903,19,Male,Standard,1,1,1,1,0,0,4,37.1,5.3,25,48,467.95,5,1,Credit Card,0,Tablet,West India,1,0
OTT08904,57,Female,Mobile,0,0,1,0,1,0,2,35.9,1.6,23,18,523.34,3,3,Debit Card,1,Smart TV,South India,4,0
OTT08905,36,Female,Mobile,1,0,1,1,1,1,5,9.3,0.2,35,41,597.71,4,1,Credit Card,1,Tablet,Central India,5,0
OTT08906,21,Male,Standard,0,0,0,1,1,0,2,35.6,1.0,27,54,803.2,2,2,UPI,0,Laptop,North India,1,0
OTT08907,40,Female,Standard,0,0,1,1,0,1,3,34.8,1.6,29,35,507.44,3,1,UPI,0,Mobile,North India,5,0
OTT08908,42,Female,Basic,1,0,1,1,1,0,4,10.4,0.4,6,14,273.38,2,2,Net Banking,0,Mobile,West India,2,0
OTT08909,35,Male,Standard,1,1,0,0,1,0,3,44.9,1.9,53,43,778.57,3,0,Debit Card,0,Fire TV,North India,5,1
OTT08910,50,Female,Standard,1,0,0,0,1,0,2,14.9,2.1,18,8,466.81,3,0,Debit Card,1,Mobile,East India,1,0
OTT08911,41,Other,Mobile,1,1,1,0,0,0,3,13.8,1.2,24,12,732.48,5,0,Net Banking,1,Smart TV,North India,2,0
OTT08912,27,Female,Basic,0,1,0,1,1,0,3,37.6,0.1,20,16,944.4,5,0,UPI,1,Mobile,South India,2,0
OTT08913,44,Female,Standard,1,1,1,0,0,0,3,12.0,4.3,58,19,620.79,3,2,Debit Card,1,Laptop,East India,4,0
OTT08914,29,Male,Premium,0,1,0,1,0,1,3,22.2,0.4,58,33,389.08,4,1,UPI,1,Laptop,North India,2,0
OTT08915,23,Male,Basic,1,0,1,0,0,1,3,20.2,1.0,55,37,571.89,5,0,Debit Card,0,Fire TV,South India,3,0
OTT08916,29,Other,Standard,0,1,1,0,0,0,2,18.1,2.3,33,1,417.42,4,3,UPI,1,Laptop,West India,5,0
OTT08917,56,Male,Standard,0,0,1,0,1,1,3,15.7,2.0,20,53,405.19,2,0,Debit Card,1,Laptop,West India,1,0
OTT08918,42,Male,Standard,0,0,0,0,1,1,2,71.0,0.8,8,12,526.27,5,0,Credit Card,1,Mobile,South India,2,0
OTT08919,31,Male,Standard,1,0,1,1,1,1,5,36.4,0.7,33,56,289.52,4,1,UPI,0,Smart TV,North India,5,0
OTT08920,33,Female,Standard,1,1,1,1,0,0,4,16.8,1.5,45,16,331.13,2,1,Debit Card,0,Fire TV,South India,1,1
OTT08921,54,Male,Mobile,0,1,1,0,0,1,3,3.7,0.6,41,60,821.3,5,2,Wallet,1,Smart TV,East India,2,0
OTT08922,46,Female,Premium,1,1,0,1,1,0,4,17.1,1.5,56,34,670.94,4,1,Wallet,0,Smart TV,North India,4,0
OTT08923,51,Female,Standard,0,0,0,1,0,0,1,30.4,2.5,59,51,716.97,5,1,Wallet,1,Laptop,East India,2,0
OTT08924,44,Male,Standard,0,0,0,1,0,1,2,20.1,1.0,2,44,831.55,1,1,Wallet,1,Smart TV,South India,2,0
OTT08925,60,Male,Standard,1,0,0,1,0,1,3,31.5,1.3,25,31,118.06,2,0,Debit Card,1,Mobile,South India,1,0
OTT08926,46,Female,Mobile,1,1,1,0,0,0,3,12.7,1.8,31,59,542.41,1,1,Credit Card,1,Fire TV,Central India,5,0
OTT08927,35,Female,Standard,1,1,0,1,1,0,4,27.1,3.2,36,27,1050.85,1,2,UPI,1,Fire TV,South India,1,0
OTT08928,28,Female,Standard,1,1,1,1,1,1,6,38.9,1.9,24,12,1105.39,3,1,Wallet,0,Laptop,North India,4,0
OTT08929,19,Female,Basic,1,0,1,0,0,1,3,26.3,0.9,40,31,437.73,1,2,Net Banking,1,Laptop,East India,5,1
OTT08930,50,Male,Mobile,0,0,0,1,1,0,2,21.0,2.7,37,42,380.53,4,2,UPI,0,Tablet,South India,1,0
OTT08931,58,Female,Standard,0,1,0,1,1,0,3,33.3,2.4,32,44,99.0,4,1,UPI,1,Laptop,West India,1,0
OTT08932,46,Female,Basic,1,0,0,0,0,1,2,5.8,2.7,6,14,510.5,4,1,Credit Card,0,Smart TV,North India,2,0
OTT08933,38,Female,Standard,1,0,0,0,1,0,2,38.8,1.1,16,46,787.09,3,2,Debit Card,0,Smart TV,West India,2,0
OTT08934,23,Female,Mobile,1,1,1,1,1,1,6,6.6,3.0,9,36,877.09,2,0,UPI,0,Laptop,Central India,2,0
OTT08935,45,Male,Standard,1,1,0,1,1,0,4,42.5,1.0,21,14,259.04,2,2,UPI,1,Tablet,South India,4,0
OTT08936,26,Male,Mobile,1,1,1,1,1,1,6,20.5,0.7,33,16,570.88,5,1,Debit Card,1,Mobile,West India,5,0
OTT08937,44,Female,Standard,0,1,1,0,0,0,2,4.7,3.1,22,48,475.87,3,3,UPI,0,Mobile,West India,1,0
OTT08938,30,Male,Standard,0,0,0,0,1,0,1,40.6,1.4,29,28,322.62,2,2,Wallet,1,Laptop,Central India,1,0
OTT08939,55,Female,Basic,0,0,1,1,0,1,3,45.8,1.5,17,32,451.95,2,1,Debit Card,1,Laptop,West India,2,0
OTT08940,58,Male,Premium,1,1,1,1,1,0,5,21.4,0.6,42,29,859.04,2,2,UPI,0,Mobile,North India,5,0
OTT08941,28,Female,Basic,0,0,0,1,1,0,2,43.9,0.7,30,36,757.68,2,2,Wallet,1,Mobile,North India,1,0
OTT08942,32,Female,Basic,0,0,1,0,0,0,1,29.2,0.8,43,58,723.26,1,0,Debit Card,1,Fire TV,North India,1,0
OTT08943,57,Male,Standard,0,0,1,0,0,0,1,33.2,1.0,3,40,997.1,2,1,UPI,0,Mobile,North India,5,0
OTT08944,18,Male,Standard,1,1,1,1,0,0,4,49.7,1.1,50,16,591.43,5,1,Credit Card,1,Smart TV,West India,2,0
OTT08945,40,Female,Standard,0,1,1,1,1,0,4,31.1,0.3,47,31,582.14,1,1,Credit Card,0,Smart TV,Central India,2,1
OTT08946,24,Male,Premium,1,1,0,0,1,1,4,40.7,2.3,45,50,743.43,1,0,Wallet,1,Smart TV,South India,2,0
OTT08947,36,Male,Standard,0,0,0,0,0,1,1,67.8,4.2,0,57,342.39,1,2,Credit Card,1,Mobile,South India,1,0
OTT08948,19,Female,Mobile,0,1,1,1,0,1,4,40.5,0.6,57,44,855.21,4,3,UPI,1,Smart TV,South India,2,0
OTT08949,24,Male,Basic,1,1,1,0,0,0,3,20.2,1.4,39,29,793.94,4,1,Credit Card,1,Mobile,Central India,4,0
OTT08950,35,Female,Premium,1,0,0,1,0,0,2,29.8,2.6,36,33,727.67,2,0,UPI,1,Smart TV,Central India,3,0
OTT08951,20,Male,Mobile,1,0,0,0,0,1,2,17.0,2.9,4,47,425.57,2,1,UPI,1,Smart TV,North India,2,0
OTT08952,52,Male,Standard,0,1,1,0,0,1,3,30.6,1.0,47,43,813.56,2,2,UPI,1,Mobile,South India,1,0
OTT08953,42,Male,Premium,1,0,0,1,0,0,2,21.9,2.7,58,33,1103.93,1,0,Debit Card,1,Smart TV,South India,4,0
OTT08954,37,Female,Standard,1,1,1,1,1,1,6,32.3,0.5,55,22,771.63,2,1,Credit Card,1,Laptop,South India,1,0
OTT08955,38,Female,Mobile,0,1,1,1,0,0,3,41.0,0.1,35,41,466.28,4,1,Credit Card,0,Laptop,South India,1,0
OTT08956,54,Male,Standard,1,0,0,1,1,0,3,16.7,1.0,29,38,1119.74,2,2,Credit Card,1,Mobile,Central India,4,0
OTT08957,54,Male,Basic,1,0,1,0,1,1,4,26.7,4.5,25,40,747.36,1,0,Wallet,0,Laptop,North India,5,0
OTT08958,20,Female,Premium,1,1,0,1,0,1,4,14.1,1.4,7,9,1109.45,2,1,UPI,1,Mobile,North India,2,0
OTT08959,47,Female,Standard,0,0,0,0,1,0,1,17.2,5.5,22,59,355.02,5,2,UPI,1,Mobile,North India,3,0
OTT08960,38,Male,Standard,0,1,1,1,0,0,3,29.1,0.5,51,48,436.22,5,1,Credit Card,1,Smart TV,North India,1,0
OTT08961,51,Male,Mobile,0,0,1,1,0,0,2,20.9,0.9,57,47,849.42,5,1,UPI,1,Mobile,North India,1,1
OTT08962,51,Female,Basic,1,1,0,1,0,0,3,54.6,2.3,7,21,99.0,5,0,UPI,0,Mobile,South India,3,0
OTT08963,48,Female,Basic,1,1,1,0,0,1,4,8.2,3.1,11,2,1158.46,2,0,Credit Card,1,Smart TV,West India,4,0
OTT08964,47,Female,Standard,1,0,0,0,1,1,3,60.7,2.0,20,60,986.74,1,3,Net Banking,0,Mobile,West India,2,0
OTT08965,27,Female,Standard,1,1,1,0,0,0,3,40.5,1.0,28,32,436.65,2,1,UPI,1,Smart TV,East India,1,0
OTT08966,54,Female,Premium,0,0,1,0,1,0,2,36.1,5.4,47,27,973.31,1,1,Debit Card,1,Fire TV,East India,3,0
OTT08967,48,Male,Mobile,1,0,0,0,1,1,3,39.1,1.3,35,11,647.52,1,2,UPI,1,Laptop,South India,4,0
OTT08968,29,Female,Basic,1,0,0,1,0,0,2,38.7,1.0,12,56,566.1,5,0,Wallet,1,Smart TV,Central India,2,0
OTT08969,28,Female,Standard,1,0,1,1,1,1,5,20.0,1.8,8,32,359.93,4,3,UPI,0,Laptop,Central India,4,0
OTT08970,39,Male,Standard,0,1,0,1,0,1,3,41.7,2.4,13,16,919.87,4,0,UPI,1,Tablet,South India,2,0
OTT08971,32,Female,Standard,1,1,1,1,0,1,5,30.5,0.9,11,18,825.99,2,1,Net Banking,1,Mobile,South India,3,0
OTT08972,47,Male,Basic,0,1,0,0,1,1,3,9.2,0.6,50,18,712.02,4,2,Credit Card,0,Laptop,West India,3,1
OTT08973,35,Female,Mobile,1,1,0,1,1,0,4,17.4,2.7,6,36,312.98,5,2,Wallet,1,Laptop,South India,1,0
OTT08974,25,Female,Standard,0,0,0,0,0,1,1,14.2,0.1,20,49,778.97,2,1,UPI,1,Tablet,East India,2,0
OTT08975,34,Female,Premium,1,0,0,0,0,1,2,23.4,0.6,52,29,911.32,3,0,Credit Card,1,Laptop,East India,1,1
OTT08976,53,Male,Standard,0,0,0,1,0,0,1,6.6,0.6,31,53,1126.55,2,1,UPI,1,Mobile,South India,1,0
OTT08977,53,Female,Standard,0,0,0,0,0,1,1,38.1,0.9,2,42,596.46,5,2,UPI,1,Smart TV,West India,1,0
OTT08978,31,Male,Standard,0,1,1,1,1,1,5,41.8,2.6,15,30,492.08,5,0,Credit Card,1,Mobile,South India,4,0
OTT08979,52,Male,Standard,1,0,1,1,0,1,4,19.6,2.8,11,54,344.07,3,4,Net Banking,0,Mobile,East India,1,1
OTT08980,22,Female,Standard,0,1,0,0,1,1,3,32.6,1.4,22,4,667.23,2,0,Net Banking,1,Mobile,South India,4,0
OTT08981,60,Male,Mobile,0,0,0,1,1,1,3,55.7,3.4,30,11,874.7,2,0,Net Banking,0,Laptop,South India,4,0
OTT08982,50,Female,Basic,1,1,1,0,0,0,3,20.7,4.1,47,21,1188.88,2,1,UPI,0,Smart TV,South India,3,1
OTT08983,19,Male,Premium,1,0,1,0,0,1,3,20.7,1.2,57,6,782.07,4,0,Wallet,0,Mobile,East India,4,1
OTT08984,48,Female,Premium,1,0,1,0,1,1,4,22.6,2.1,52,49,1015.05,2,0,Credit Card,1,Smart TV,North India,4,0
OTT08985,39,Female,Standard,1,0,1,1,0,0,3,36.4,0.8,30,36,683.56,4,0,UPI,1,Laptop,South India,2,0
OTT08986,55,Male,Basic,1,1,1,0,1,0,4,20.5,0.2,28,29,842.81,4,3,UPI,0,Mobile,South India,1,0
OTT08987,28,Female,Standard,0,1,1,0,0,0,2,22.8,1.4,23,26,492.25,3,1,UPI,1,Mobile,North India,2,0
OTT08988,56,Male,Basic,1,1,1,1,1,1,6,35.6,1.6,30,44,719.52,3,1,UPI,0,Smart TV,South India,2,1
OTT08989,55,Female,Basic,0,0,0,0,0,1,1,34.5,2.0,8,44,362.11,2,1,UPI,1,Smart TV,North India,1,0
OTT08990,29,Female,Standard,1,0,0,1,1,0,3,19.0,1.4,41,23,949.52,4,2,Credit Card,0,Fire TV,North India,1,0
OTT08991,36,Female,Standard,1,1,1,1,0,1,5,13.8,0.4,7,34,1239.77,3,0,UPI,0,Smart TV,West India,4,0
OTT08992,45,Female,Basic,0,0,1,0,0,1,2,21.3,1.0,17,2,692.23,4,3,Net Banking,1,Smart TV,South India,4,0
OTT08993,28,Female,Standard,0,0,1,0,1,0,2,24.2,3.0,49,47,525.91,5,0,Credit Card,0,Smart TV,South India,1,0
OTT08994,60,Female,Standard,1,1,0,0,1,0,3,29.4,0.4,46,41,1733.07,4,2,Wallet,1,Fire TV,North India,2,0
OTT08995,26,Female,Basic,0,1,1,0,1,0,3,26.4,1.3,22,17,971.41,3,0,Credit Card,1,Smart TV,South India,4,0
OTT08996,28,Male,Basic,1,1,1,1,0,1,5,11.8,1.0,57,18,1071.59,5,0,Credit Card,1,Laptop,South India,1,0
OTT08997,39,Male,Standard,1,0,1,1,1,0,4,20.2,1.1,29,5,761.28,1,2,Wallet,0,Smart TV,North India,3,1
OTT08998,38,Female,Premium,1,0,0,1,0,1,3,6.9,2.7,10,30,362.86,3,2,Credit Card,1,Fire TV,North India,3,0
OTT08999,20,Male,Premium,1,1,1,1,1,1,6,29.3,4.7,57,52,591.19,5,0,Credit Card,1,Laptop,North India,1,0
OTT09000,57,Male,Mobile,1,1,0,1,1,0,4,13.4,0.8,22,55,673.8,2,0,UPI,1,Smart TV,Central India,4,0
OTT09001,28,Female,Standard,0,1,1,1,1,1,5,9.8,0.5,24,39,640.62,4,2,Debit Card,0,Mobile,South India,5,0
OTT09002,22,Female,Standard,1,0,1,0,0,0,2,21.9,0.7,8,14,343.7,3,2,Wallet,0,Tablet,West India,1,0
OTT09003,40,Male,Basic,1,1,1,0,0,0,3,31.8,0.6,13,11,642.6,1,1,Wallet,1,Tablet,West India,2,0
OTT09004,57,Male,Standard,0,0,0,0,1,0,1,26.0,1.4,6,21,326.05,1,3,UPI,0,Smart TV,South India,2,0
OTT09005,18,Male,Basic,0,0,0,0,0,1,1,59.0,2.7,30,12,274.38,1,2,Credit Card,0,Smart TV,South India,3,0
OTT09006,38,Male,Standard,1,0,1,0,1,1,4,8.2,1.0,35,10,429.72,5,1,UPI,1,Mobile,West India,1,0
OTT09007,57,Male,Mobile,0,1,0,0,0,0,1,7.9,0.7,32,10,567.29,2,0,Net Banking,1,Laptop,West India,1,0
OTT09008,56,Female,Basic,0,1,1,1,0,0,3,18.1,2.7,17,3,585.85,3,0,Wallet,1,Laptop,North India,4,0
OTT09009,25,Male,Basic,1,0,1,1,1,0,4,40.8,0.5,0,1,610.52,3,1,UPI,0,Mobile,West India,5,0
OTT09010,44,Female,Basic,0,1,0,0,0,0,1,19.1,1.4,15,25,1153.12,5,0,Wallet,1,Tablet,South India,3,0
OTT09011,53,Female,Mobile,1,0,0,0,1,1,3,14.9,2.0,58,54,611.28,4,1,Credit Card,1,Laptop,West India,4,1
OTT09012,46,Male,Basic,1,0,1,1,0,1,4,33.0,0.6,24,6,129.41,5,1,Wallet,1,Mobile,North India,1,0
OTT09013,46,Female,Standard,1,0,1,1,1,1,5,20.3,1.4,14,49,548.01,5,0,UPI,0,Smart TV,South India,2,0
OTT09014,51,Male,Mobile,0,1,0,0,1,0,2,49.0,2.7,42,18,569.65,2,1,Credit Card,1,Smart TV,West India,1,1
OTT09015,37,Female,Basic,1,1,1,1,1,1,6,22.3,1.0,29,43,99.0,2,1,UPI,1,Smart TV,West India,2,0
OTT09016,20,Other,Mobile,1,1,1,0,1,1,5,41.2,2.1,17,51,633.1,1,0,UPI,0,Smart TV,South India,4,0
OTT09017,45,Female,Premium,1,1,0,1,1,0,4,23.4,0.3,17,36,479.69,1,0,Credit Card,1,Laptop,West India,3,0
OTT09018,44,Male,Mobile,1,0,0,1,1,0,3,32.0,0.8,32,3,606.62,4,0,Wallet,1,Laptop,West India,1,0
OTT09019,54,Male,Standard,0,1,1,1,0,1,4,44.5,0.6,60,7,691.99,1,1,UPI,1,Mobile,West India,4,0
OTT09020,57,Male,Basic,1,1,0,0,1,1,4,7.9,1.2,49,38,587.86,3,1,Net Banking,1,Fire TV,North India,3,0
OTT09021,32,Female,Basic,0,0,0,0,1,1,2,6.2,0.7,33,34,592.81,4,3,UPI,1,Mobile,South India,4,0
OTT09022,59,Male,Premium,1,1,1,1,1,1,6,8.6,3.7,4,24,479.19,4,1,Credit Card,0,Smart TV,North India,3,1
OTT09023,18,Female,Standard,1,1,1,1,1,0,5,13.9,1.8,41,35,780.98,1,1,UPI,1,Laptop,North India,5,1
OTT09024,59,Male,Standard,1,0,0,1,0,1,3,45.6,0.5,11,24,510.45,2,2,Debit Card,0,Mobile,West India,2,0
OTT09025,23,Male,Mobile,0,1,1,0,1,1,4,63.4,0.9,52,5,801.11,5,2,Credit Card,1,Laptop,North India,5,0
OTT09026,45,Male,Basic,1,0,1,0,0,1,3,24.3,1.0,32,31,315.32,1,1,Credit Card,0,Smart TV,Central India,5,0
OTT09027,47,Male,Basic,0,1,1,0,1,1,4,19.8,2.7,8,8,504.91,5,1,UPI,1,Mobile,West India,5,0
OTT09028,45,Female,Basic,1,1,1,0,1,0,4,31.1,1.9,16,21,757.44,4,3,Credit Card,1,Tablet,Central India,3,0
OTT09029,60,Male,Premium,0,1,0,0,0,0,1,16.6,1.4,25,30,308.05,4,0,Debit Card,0,Mobile,North India,3,0
OTT09030,41,Male,Basic,0,0,1,0,0,0,1,30.1,2.0,57,5,466.51,5,2,Credit Card,1,Smart TV,North India,5,1
OTT09031,23,Female,Basic,1,0,0,0,1,0,2,44.6,3.0,38,52,777.03,1,0,Credit Card,1,Smart TV,East India,2,1
OTT09032,44,Male,Mobile,1,1,1,1,1,0,5,31.2,5.3,4,54,410.83,5,1,UPI,1,Tablet,South India,1,1
OTT09033,30,Female,Basic,1,0,1,1,0,0,3,12.8,4.2,30,5,961.16,1,0,Wallet,1,Fire TV,Central India,2,0
OTT09034,44,Female,Mobile,1,1,0,1,1,1,5,23.8,1.5,20,12,629.15,4,1,Debit Card,0,Smart TV,South India,1,0
OTT09035,34,Female,Basic,1,0,1,0,0,1,3,67.5,1.1,48,19,539.88,4,1,Credit Card,0,Smart TV,South India,4,0
OTT09036,19,Male,Premium,1,0,0,0,0,1,2,33.2,1.8,0,42,789.16,2,1,UPI,1,Fire TV,North India,5,0
OTT09037,45,Male,Standard,0,1,1,1,1,1,5,18.8,2.4,54,3,644.97,3,2,Net Banking,1,Laptop,North India,3,0
OTT09038,21,Female,Basic,0,1,1,1,0,0,3,16.3,0.8,0,46,635.45,2,1,Wallet,1,Mobile,North India,3,0
OTT09039,32,Female,Basic,1,0,0,1,0,1,3,18.4,1.6,33,37,572.84,2,2,Debit Card,1,Smart TV,South India,1,0
OTT09040,44,Male,Standard,0,1,0,0,0,0,1,38.6,1.8,4,13,584.31,2,0,Credit Card,0,Mobile,West India,4,0
OTT09041,55,Male,Mobile,0,0,1,0,0,0,1,28.8,3.8,23,29,332.85,3,0,UPI,1,Smart TV,West India,4,1
OTT09042,31,Male,Premium,1,0,0,0,0,1,2,13.6,0.7,24,10,807.02,4,1,Credit Card,1,Laptop,South India,1,0
OTT09043,30,Female,Standard,1,0,0,1,0,1,3,43.3,0.3,36,17,457.59,3,1,Wallet,0,Mobile,North India,3,0
OTT09044,30,Male,Standard,1,1,0,0,1,0,3,66.3,0.3,20,55,901.48,4,0,UPI,1,Smart TV,North India,3,1
OTT09045,42,Female,Standard,0,0,0,1,1,0,2,29.6,2.8,55,2,364.53,4,1,Credit Card,1,Smart TV,West India,2,0
OTT09046,26,Male,Basic,0,0,0,0,0,1,1,47.7,3.3,25,2,953.57,3,1,Credit Card,0,Mobile,South India,3,0
OTT09047,40,Female,Mobile,0,0,1,0,0,1,2,12.4,1.0,54,30,411.31,1,1,Wallet,1,Laptop,South India,2,1
OTT09048,52,Male,Standard,1,1,1,0,0,0,3,22.9,2.4,22,27,832.54,3,2,UPI,1,Smart TV,West India,5,0
OTT09049,21,Male,Mobile,1,1,1,1,1,1,6,11.5,3.1,41,48,511.6,4,0,Debit Card,0,Fire TV,North India,5,0
OTT09050,59,Male,Mobile,0,0,1,0,1,1,3,39.5,1.8,4,5,676.57,3,3,Credit Card,1,Mobile,West India,4,0
OTT09051,40,Male,Premium,0,0,1,0,0,0,1,25.5,4.7,20,33,460.69,2,1,UPI,1,Smart TV,Central India,2,0
OTT09052,44,Other,Standard,1,1,0,0,1,0,3,6.3,1.3,36,26,406.35,2,3,Wallet,0,Smart TV,South India,1,0
OTT09053,44,Male,Mobile,1,1,1,0,1,1,5,12.5,2.3,20,33,525.5,5,0,Wallet,1,Mobile,Central India,2,0
OTT09054,58,Male,Premium,0,1,1,0,1,1,4,23.8,0.1,20,12,805.68,5,1,UPI,1,Fire TV,South India,2,0
OTT09055,46,Other,Mobile,0,1,0,1,1,1,4,8.6,4.0,28,56,805.53,1,2,Debit Card,1,Mobile,West India,2,0
OTT09056,56,Male,Standard,1,1,1,1,0,1,5,13.0,1.7,32,56,776.06,2,1,Debit Card,1,Mobile,North India,4,0
OTT09057,30,Male,Basic,1,0,0,1,1,0,3,45.7,1.8,27,35,691.78,1,0,Net Banking,1,Smart TV,East India,3,1
OTT09058,27,Male,Standard,1,1,1,1,1,1,6,15.9,2.4,48,19,1203.13,5,1,UPI,1,Smart TV,South India,4,0
OTT09059,45,Male,Standard,0,0,0,0,1,0,1,29.4,2.9,34,18,398.23,2,0,Wallet,1,Smart TV,West India,4,0
OTT09060,24,Female,Mobile,1,0,1,1,1,0,4,42.0,1.4,55,48,591.93,1,3,Debit Card,0,Tablet,Central India,4,1
OTT09061,22,Male,Premium,1,1,0,1,1,1,5,37.9,2.8,12,11,99.0,1,1,Credit Card,0,Fire TV,West India,5,0
OTT09062,27,Female,Mobile,1,0,1,1,1,1,5,56.9,1.2,53,23,742.52,3,0,Wallet,1,Laptop,North India,4,1
OTT09063,29,Male,Premium,1,0,0,1,0,1,3,43.8,3.4,20,7,380.07,2,0,UPI,0,Laptop,South India,1,0
OTT09064,22,Male,Mobile,1,0,1,1,1,0,4,28.8,2.5,22,32,615.36,5,1,Credit Card,1,Mobile,North India,1,0
OTT09065,49,Female,Mobile,0,1,0,0,1,0,2,9.5,0.6,49,28,423.58,5,1,UPI,0,Tablet,East India,5,0
OTT09066,43,Female,Mobile,0,1,1,1,0,0,3,24.4,0.6,10,41,581.49,1,1,UPI,1,Mobile,East India,1,1
OTT09067,26,Female,Basic,1,0,0,0,0,1,2,38.1,2.9,54,51,667.18,5,0,UPI,0,Laptop,North India,5,1
OTT09068,30,Male,Standard,1,1,1,0,0,0,3,14.5,0.2,34,41,429.56,4,0,UPI,0,Smart TV,North India,5,0
OTT09069,57,Male,Standard,1,1,0,1,0,1,4,46.0,1.2,35,3,713.79,1,3,Debit Card,1,Mobile,West India,3,0
OTT09070,57,Female,Premium,0,1,0,1,0,0,2,25.5,2.6,53,52,507.9,1,0,UPI,1,Mobile,Central India,4,1
OTT09071,23,Female,Standard,0,1,1,0,0,0,2,38.0,0.9,34,15,445.48,1,2,UPI,1,Mobile,South India,1,0
OTT09072,44,Male,Standard,0,1,0,0,1,0,2,37.8,1.7,49,20,806.61,2,0,Debit Card,1,Mobile,South India,3,0
OTT09073,31,Male,Basic,1,0,1,1,1,0,4,38.8,0.9,16,28,687.63,2,3,Debit Card,1,Smart TV,East India,3,0
OTT09074,33,Female,Standard,1,1,0,1,1,0,4,19.0,0.6,27,30,142.54,1,1,Credit Card,1,Mobile,North India,3,0
OTT09075,43,Male,Premium,1,0,1,1,0,1,4,57.3,3.3,13,52,535.84,4,0,Net Banking,1,Fire TV,East India,4,0
OTT09076,60,Female,Basic,0,1,0,1,0,0,2,50.8,0.7,47,51,353.3,2,1,Net Banking,1,Laptop,Central India,1,0
OTT09077,43,Female,Basic,0,1,1,0,1,1,4,27.3,0.8,55,10,995.8,3,0,UPI,1,Fire TV,West India,2,0
OTT09078,58,Male,Basic,1,1,1,0,0,1,4,12.0,1.2,11,20,422.17,2,1,UPI,1,Laptop,South India,5,0
OTT09079,53,Male,Basic,1,0,0,0,0,0,1,19.5,1.2,56,31,451.93,4,1,Debit Card,1,Smart TV,South India,4,0
OTT09080,51,Female,Standard,0,1,0,0,1,0,2,19.0,1.3,1,13,639.5,5,2,Debit Card,1,Smart TV,East India,3,0
OTT09081,51,Female,Mobile,0,0,1,0,1,1,3,9.0,3.1,48,20,765.25,5,3,UPI,0,Mobile,East India,1,0
OTT09082,52,Female,Premium,0,0,1,1,0,1,3,16.7,1.7,55,17,439.07,5,1,UPI,1,Mobile,South India,2,0
OTT09083,28,Female,Mobile,0,0,1,0,0,0,1,1.6,1.0,48,19,670.51,3,3,Net Banking,0,Smart TV,West India,1,0
OTT09084,60,Male,Mobile,1,0,0,0,0,1,2,34.1,1.3,57,20,701.92,2,0,Wallet,0,Smart TV,West India,2,1
OTT09085,57,Male,Mobile,1,0,0,0,0,0,1,23.0,2.1,53,44,172.91,1,4,Wallet,1,Smart TV,South India,2,0
OTT09086,43,Female,Basic,0,0,1,0,0,0,1,39.2,0.2,44,10,755.82,4,0,Credit Card,0,Smart TV,South India,5,0
OTT09087,48,Male,Standard,0,1,1,0,0,0,2,21.1,1.2,11,52,487.97,2,3,Credit Card,1,Smart TV,South India,1,0
OTT09088,55,Female,Premium,1,1,1,0,1,0,4,8.7,3.6,20,11,309.45,4,2,Credit Card,1,Mobile,West India,4,0
OTT09089,24,Male,Basic,0,1,0,1,1,0,3,11.7,1.4,11,53,1124.27,4,2,UPI,1,Fire TV,North India,5,0
OTT09090,20,Male,Basic,1,0,1,0,1,0,3,24.8,1.6,5,4,388.47,2,1,UPI,1,Laptop,West India,5,1
OTT09091,60,Male,Standard,1,1,1,1,0,0,4,24.7,1.3,28,57,836.45,5,1,Debit Card,1,Smart TV,North India,2,0
OTT09092,41,Female,Standard,0,1,0,1,0,1,3,16.6,3.2,2,14,757.72,2,1,Credit Card,0,Fire TV,North India,2,0
OTT09093,49,Female,Standard,0,0,1,0,0,1,2,16.2,3.9,10,1,171.13,5,0,Debit Card,0,Smart TV,East India,1,0
OTT09094,39,Female,Basic,0,0,0,1,1,0,2,40.3,0.1,1,55,421.24,4,0,UPI,1,Fire TV,North India,5,0
OTT09095,40,Male,Standard,1,0,0,0,0,1,2,6.9,4.5,47,7,324.85,3,1,UPI,1,Tablet,North India,5,0
OTT09096,19,Female,Mobile,1,0,0,1,0,1,3,30.6,0.5,17,37,876.63,2,1,Wallet,1,Smart TV,South India,4,1
OTT09097,30,Female,Basic,0,1,0,1,0,1,3,21.5,2.6,50,45,844.47,2,0,Credit Card,0,Laptop,West India,4,1
OTT09098,21,Male,Premium,0,1,1,0,1,0,3,40.2,2.7,16,20,1066.21,1,0,Net Banking,1,Fire TV,North India,3,0
OTT09099,36,Female,Mobile,1,1,1,0,0,0,3,69.5,0.6,35,54,357.67,4,3,Debit Card,0,Mobile,East India,4,1
OTT09100,18,Female,Basic,1,1,1,1,1,1,6,10.6,1.2,15,49,1278.3,2,1,UPI,0,Mobile,North India,5,0
OTT09101,52,Male,Basic,0,0,1,0,0,1,2,36.5,1.7,35,2,884.93,3,0,Wallet,1,Smart TV,South India,2,0
OTT09102,30,Male,Mobile,1,0,1,1,0,0,3,35.4,4.6,54,36,1085.32,4,1,UPI,1,Mobile,West India,4,0
OTT09103,49,Female,Premium,0,1,0,1,1,0,3,15.0,1.7,23,40,670.27,5,3,UPI,1,Smart TV,West India,3,0
OTT09104,20,Male,Mobile,1,0,1,1,0,1,4,18.7,1.9,10,12,552.59,2,1,UPI,1,Tablet,North India,3,0
OTT09105,19,Female,Standard,0,1,0,1,1,1,4,22.5,3.0,15,50,395.63,4,0,Credit Card,1,Smart TV,West India,3,0
OTT09106,36,Female,Premium,0,0,1,1,1,1,4,34.6,0.9,7,38,979.97,2,1,Wallet,0,Smart TV,East India,3,0
OTT09107,51,Male,Mobile,0,0,0,1,0,1,2,26.7,0.8,44,35,595.73,1,1,Net Banking,0,Smart TV,South India,4,0
OTT09108,52,Male,Mobile,1,1,1,0,0,0,3,52.2,2.4,24,57,599.06,1,1,Net Banking,1,Smart TV,North India,2,0
OTT09109,41,Female,Basic,1,1,0,0,1,1,4,14.1,2.0,29,42,944.48,1,0,Debit Card,1,Smart TV,Central India,1,0
OTT09110,44,Male,Mobile,1,1,0,0,1,0,3,24.4,1.2,47,5,859.54,2,1,Wallet,1,Laptop,North India,5,0
OTT09111,47,Male,Basic,1,1,1,1,1,1,6,30.0,2.9,34,47,576.66,5,2,UPI,1,Fire TV,North India,4,0
OTT09112,46,Male,Standard,0,1,1,1,0,0,3,20.7,3.9,28,60,673.27,4,0,Wallet,1,Mobile,North India,1,0
OTT09113,49,Female,Mobile,1,1,0,0,0,1,3,12.7,2.9,8,33,714.15,3,1,UPI,1,Mobile,North India,3,0
OTT09114,19,Male,Standard,1,1,0,0,1,0,3,46.6,1.1,40,26,654.26,4,2,UPI,0,Smart TV,North India,5,0
OTT09115,36,Male,Premium,1,0,1,1,0,0,3,29.3,1.6,23,8,963.07,4,4,Credit Card,1,Tablet,North India,4,0
OTT09116,54,Female,Basic,1,1,1,1,1,0,5,6.9,0.9,39,30,782.28,5,1,UPI,0,Mobile,North India,5,0
OTT09117,36,Male,Basic,0,0,0,1,1,0,2,17.1,3.6,2,2,549.89,4,2,UPI,0,Smart TV,North India,4,0
OTT09118,24,Female,Mobile,0,1,1,1,0,0,3,14.6,1.5,9,2,996.03,3,2,Credit Card,1,Smart TV,West India,3,0
OTT09119,46,Male,Mobile,1,0,1,0,1,0,3,59.1,0.4,55,9,467.09,1,0,Credit Card,1,Laptop,South India,5,1
OTT09120,31,Female,Basic,1,1,1,0,1,1,5,21.7,2.3,45,16,610.17,3,2,Wallet,1,Smart TV,South India,2,0
OTT09121,39,Male,Standard,0,1,1,0,0,1,3,53.4,1.6,36,38,574.18,2,1,UPI,1,Smart TV,West India,5,0
OTT09122,40,Male,Basic,1,1,1,1,1,1,6,32.9,1.4,7,23,529.06,3,3,Wallet,1,Laptop,North India,4,0
OTT09123,47,Male,Basic,1,1,1,1,1,0,5,31.8,0.4,34,46,551.98,5,2,UPI,1,Laptop,North India,3,0
OTT09124,57,Female,Mobile,0,0,1,1,0,0,2,16.7,0.9,43,59,906.43,2,0,Credit Card,1,Laptop,Central India,5,0
OTT09125,47,Female,Standard,1,1,1,1,1,0,5,21.6,1.7,47,49,658.34,5,2,UPI,1,Fire TV,North India,5,0
OTT09126,60,Male,Basic,1,1,1,1,1,1,6,10.3,2.6,56,45,1118.17,5,0,UPI,1,Smart TV,Central India,3,0
OTT09127,18,Male,Standard,0,0,1,1,0,0,2,43.1,2.1,52,35,499.04,3,4,Credit Card,1,Mobile,North India,3,0
OTT09128,51,Male,Standard,1,0,0,1,0,1,3,43.4,0.8,7,57,475.62,1,0,Credit Card,1,Smart TV,Central India,4,0
OTT09129,35,Male,Basic,1,0,1,0,0,0,2,31.8,1.0,20,13,279.18,1,1,UPI,0,Smart TV,South India,1,0
OTT09130,49,Male,Standard,1,1,1,1,0,0,4,26.6,0.7,7,44,278.07,4,0,UPI,1,Fire TV,Central India,2,0
OTT09131,21,Female,Mobile,0,0,1,0,0,0,1,23.4,1.3,9,54,428.48,5,3,UPI,1,Smart TV,South India,4,0
OTT09132,40,Male,Standard,0,1,1,1,0,1,4,58.9,2.5,60,51,417.05,3,1,Debit Card,1,Mobile,Central India,1,0
OTT09133,19,Female,Basic,0,1,1,1,0,0,3,47.0,1.1,25,18,482.04,1,1,Net Banking,1,Smart TV,North India,2,0
OTT09134,46,Male,Standard,1,0,1,1,0,0,3,29.3,1.2,59,2,685.39,5,3,Credit Card,0,Mobile,Central India,4,0
OTT09135,27,Female,Standard,0,0,0,1,0,0,1,18.9,1.5,59,53,416.0,4,1,Credit Card,0,Mobile,South India,2,0
OTT09136,24,Male,Standard,0,1,0,1,1,1,4,17.7,0.5,29,52,1105.5,1,2,UPI,1,Laptop,West India,4,0
OTT09137,21,Male,Standard,0,1,0,1,1,0,3,56.3,1.7,35,39,614.13,4,2,UPI,1,Mobile,South India,4,0
OTT09138,29,Female,Mobile,1,0,1,0,0,1,3,15.4,1.6,9,49,868.76,4,1,Net Banking,0,Tablet,Central India,5,0
OTT09139,59,Male,Standard,1,0,0,0,1,0,2,24.4,1.7,13,33,398.07,1,0,UPI,0,Laptop,South India,1,0
OTT09140,60,Female,Mobile,0,0,1,0,0,1,2,35.3,0.7,38,36,533.79,3,3,Credit Card,1,Smart TV,South India,5,0
OTT09141,21,Female,Basic,0,0,1,1,1,0,3,41.2,4.4,52,15,727.98,5,1,Debit Card,0,Smart TV,South India,3,0
OTT09142,60,Other,Basic,0,1,1,1,1,1,5,30.8,4.6,32,43,759.99,1,0,UPI,1,Smart TV,South India,2,0
OTT09143,43,Female,Standard,0,1,0,0,0,1,2,27.1,1.2,12,49,890.63,3,1,UPI,0,Fire TV,South India,5,0
OTT09144,31,Male,Standard,1,1,1,0,1,0,4,26.1,0.3,23,47,279.15,3,1,Net Banking,1,Laptop,North India,3,0
OTT09145,58,Male,Premium,0,0,0,0,0,1,1,22.6,0.1,36,2,1379.01,3,1,Credit Card,1,Smart TV,Central India,5,1
OTT09146,28,Female,Standard,1,1,0,1,1,0,4,12.8,0.6,44,4,1091.32,3,1,UPI,0,Smart TV,North India,3,0
OTT09147,25,Male,Standard,0,0,0,0,1,1,2,38.5,0.7,5,51,706.58,1,0,Net Banking,1,Mobile,West India,1,0
OTT09148,27,Female,Premium,0,0,1,1,0,1,3,19.1,1.3,14,15,740.24,4,0,Credit Card,1,Smart TV,South India,5,0
OTT09149,24,Male,Mobile,0,1,1,0,0,1,3,11.3,0.9,11,39,704.26,5,1,Debit Card,1,Mobile,North India,5,0
OTT09150,38,Female,Standard,0,1,0,0,0,0,1,13.7,1.0,47,57,376.06,4,1,UPI,1,Laptop,South India,2,1
OTT09151,24,Male,Basic,0,0,0,0,1,1,2,29.2,2.9,16,32,263.04,5,2,UPI,1,Smart TV,East India,4,0
OTT09152,27,Male,Basic,1,0,1,0,0,0,2,37.3,1.0,39,19,323.41,4,2,Credit Card,1,Laptop,North India,1,0
OTT09153,33,Female,Premium,1,1,0,0,0,1,3,28.6,3.6,7,58,288.02,5,1,Credit Card,1,Tablet,North India,1,0
OTT09154,45,Female,Basic,1,1,1,1,1,1,6,23.9,1.5,7,7,1116.36,4,1,Debit Card,1,Mobile,South India,5,0
OTT09155,54,Male,Premium,1,0,1,0,1,0,3,25.1,1.6,6,29,508.23,1,0,UPI,0,Smart TV,West India,4,1
OTT09156,21,Male,Premium,1,1,0,1,1,1,5,15.8,2.6,26,41,954.01,3,1,Credit Card,1,Laptop,South India,2,0
OTT09157,45,Female,Premium,0,0,1,0,1,1,3,43.8,3.0,1,2,577.18,1,2,Wallet,1,Tablet,North India,1,0
OTT09158,22,Male,Standard,0,0,0,1,0,0,1,13.8,2.0,31,23,610.53,4,1,UPI,0,Smart TV,East India,1,0
OTT09159,60,Female,Standard,0,0,1,0,0,1,2,31.3,1.5,16,6,578.8,2,0,Net Banking,1,Smart TV,Central India,4,0
OTT09160,29,Female,Basic,0,1,1,0,0,1,3,42.2,1.1,29,50,483.27,3,1,UPI,0,Smart TV,Central India,5,0
OTT09161,54,Male,Basic,1,0,0,0,0,1,2,29.7,0.3,37,27,1135.12,5,4,UPI,0,Tablet,Central India,4,0
OTT09162,51,Male,Premium,1,0,1,1,1,1,5,35.8,2.8,28,35,682.25,3,2,Debit Card,1,Smart TV,West India,2,0
OTT09163,31,Male,Basic,1,0,0,1,1,1,4,16.7,2.3,48,57,1037.68,1,0,UPI,1,Laptop,South India,2,0
OTT09164,31,Male,Standard,0,0,1,1,1,0,3,30.7,1.0,48,60,710.52,5,2,Credit Card,1,Mobile,East India,2,0
OTT09165,31,Female,Premium,0,0,0,1,1,1,3,40.8,1.0,37,3,1042.81,5,2,UPI,1,Smart TV,South India,5,0
OTT09166,38,Male,Basic,0,1,0,1,0,1,3,38.6,3.0,32,43,672.48,1,4,Credit Card,1,Fire TV,Central India,2,0
OTT09167,37,Female,Premium,0,1,0,1,0,1,3,41.0,0.1,34,2,571.19,3,1,Credit Card,1,Laptop,East India,4,0
OTT09168,46,Female,Basic,0,1,0,0,1,0,2,21.8,1.5,13,39,234.66,5,0,UPI,0,Mobile,North India,4,0
OTT09169,37,Male,Mobile,0,0,1,0,0,1,2,45.1,1.3,30,60,854.49,3,3,Credit Card,1,Mobile,Central India,1,0
OTT09170,51,Female,Standard,0,0,0,1,1,0,2,27.9,2.8,35,30,1076.4,5,1,Wallet,1,Smart TV,West India,2,0
OTT09171,38,Male,Basic,1,1,0,0,0,0,2,21.1,2.2,56,40,925.53,2,2,UPI,0,Tablet,South India,5,1
OTT09172,31,Male,Standard,0,0,1,1,1,1,4,56.9,0.6,17,4,527.79,4,0,Net Banking,1,Laptop,West India,2,0
OTT09173,32,Female,Mobile,1,0,0,0,0,0,1,7.0,0.9,42,2,870.6,4,2,UPI,0,Mobile,West India,5,0
OTT09174,49,Male,Mobile,0,1,0,0,1,0,2,26.7,1.6,11,2,350.42,5,3,UPI,1,Smart TV,South India,2,0
OTT09175,24,Male,Premium,1,1,1,1,0,1,5,17.3,1.0,5,38,364.21,4,1,Credit Card,1,Laptop,North India,4,0
OTT09176,30,Male,Standard,1,1,1,1,1,1,6,38.5,0.5,60,45,453.92,1,0,Net Banking,1,Mobile,West India,5,0
OTT09177,31,Male,Standard,1,0,0,1,0,1,3,16.4,0.6,15,33,457.83,3,3,UPI,0,Laptop,East India,2,0
OTT09178,45,Female,Basic,1,1,1,0,0,0,3,9.2,4.0,38,46,812.96,3,0,UPI,1,Smart TV,South India,4,0
OTT09179,23,Other,Premium,0,1,1,1,1,0,4,20.3,1.1,15,11,879.76,4,2,UPI,0,Mobile,South India,1,0
OTT09180,37,Female,Premium,0,0,1,0,0,0,1,21.5,1.9,20,13,533.34,2,2,UPI,1,Smart TV,South India,4,0
OTT09181,47,Other,Standard,1,0,0,1,0,1,3,18.4,0.2,46,8,1094.34,4,2,Credit Card,0,Smart TV,North India,4,1
OTT09182,57,Female,Basic,0,0,1,0,0,0,1,11.5,2.5,16,34,505.89,4,0,Debit Card,1,Tablet,South India,2,0
OTT09183,36,Male,Premium,0,1,0,1,1,0,3,23.8,2.0,3,22,976.23,3,2,Credit Card,0,Smart TV,West India,3,0
OTT09184,60,Female,Premium,1,1,1,1,1,1,6,7.9,2.7,25,20,546.71,2,1,UPI,1,Fire TV,West India,1,1
OTT09185,44,Male,Standard,1,1,0,0,1,1,4,23.7,0.5,46,38,653.06,2,1,Credit Card,0,Mobile,North India,5,1
OTT09186,51,Male,Standard,1,1,1,1,1,1,6,24.3,4.6,47,45,668.86,4,4,Net Banking,1,Laptop,Central India,3,0
OTT09187,28,Female,Basic,0,1,1,1,1,0,4,53.7,3.2,36,31,884.25,1,0,Credit Card,1,Smart TV,Central India,1,0
OTT09188,57,Female,Basic,1,1,1,0,0,0,3,29.1,0.4,46,50,593.34,3,1,Credit Card,1,Tablet,North India,5,0
OTT09189,29,Female,Standard,0,1,1,1,1,0,4,8.2,1.0,49,49,179.66,5,0,Debit Card,1,Tablet,South India,4,0
OTT09190,23,Male,Standard,1,1,0,1,0,1,4,33.3,2.0,34,27,864.94,1,0,UPI,0,Mobile,West India,3,1
OTT09191,21,Female,Standard,1,0,1,0,1,0,3,58.2,0.5,27,14,647.99,5,0,Wallet,1,Smart TV,West India,1,0
OTT09192,46,Male,Standard,1,1,0,0,0,0,2,16.6,3.9,50,42,1137.33,4,1,UPI,0,Laptop,West India,2,0
OTT09193,45,Male,Basic,1,1,0,1,0,0,3,24.4,2.4,41,36,287.34,4,1,Credit Card,1,Smart TV,South India,3,0
OTT09194,26,Female,Premium,0,0,1,0,0,1,2,21.7,1.0,32,22,591.81,2,1,UPI,1,Laptop,North India,3,0
OTT09195,55,Male,Basic,1,0,0,1,1,0,3,25.2,2.2,6,55,198.63,4,1,Credit Card,1,Smart TV,Central India,3,0
OTT09196,29,Female,Premium,1,1,0,0,0,0,2,3.5,1.0,48,32,678.26,4,1,Credit Card,0,Smart TV,East India,3,0
OTT09197,44,Female,Basic,0,0,1,1,1,0,3,24.7,4.1,2,12,678.64,4,1,Net Banking,1,Mobile,East India,2,0
OTT09198,40,Female,Mobile,0,0,1,0,0,1,2,24.1,1.6,48,45,1042.55,4,0,Credit Card,1,Smart TV,East India,5,0
OTT09199,43,Male,Standard,0,0,0,0,1,1,2,17.6,1.9,34,28,785.53,2,1,UPI,0,Laptop,South India,3,0
OTT09200,49,Male,Mobile,0,1,1,1,0,0,3,22.6,0.6,34,8,507.43,5,4,UPI,0,Smart TV,East India,5,0
OTT09201,57,Female,Mobile,0,0,0,1,1,0,2,26.7,1.1,58,40,674.7,2,0,Net Banking,1,Smart TV,South India,4,0
OTT09202,49,Female,Standard,1,1,1,1,1,1,6,28.3,3.0,11,2,924.76,4,0,Debit Card,1,Smart TV,South India,2,0
OTT09203,57,Male,Basic,0,1,1,1,0,0,3,30.9,1.2,26,41,157.34,5,4,Debit Card,1,Mobile,North India,1,0
OTT09204,55,Male,Standard,0,1,0,1,0,0,2,48.1,0.6,44,39,801.35,2,4,UPI,1,Laptop,North India,4,0
OTT09205,33,Male,Mobile,0,1,0,0,0,0,1,35.7,0.4,55,41,449.56,3,1,Net Banking,0,Laptop,East India,3,0
OTT09206,42,Female,Basic,1,1,1,1,1,0,5,28.3,1.8,50,48,547.78,2,1,UPI,0,Laptop,North India,1,0
OTT09207,26,Male,Basic,1,0,1,0,0,1,3,21.3,0.3,42,2,654.81,1,1,Debit Card,1,Mobile,South India,5,0
OTT09208,57,Female,Standard,1,0,0,1,0,1,3,72.0,0.3,32,38,224.99,5,1,Net Banking,1,Smart TV,East India,4,0
OTT09209,59,Male,Basic,0,1,0,0,0,1,2,8.0,0.2,55,39,227.88,4,1,UPI,0,Laptop,North India,2,0
OTT09210,56,Male,Basic,1,1,1,0,1,0,4,30.7,1.8,43,11,832.42,2,2,Wallet,1,Smart TV,South India,1,1
OTT09211,49,Female,Basic,1,0,1,1,1,1,5,39.3,0.2,33,58,531.01,3,0,Credit Card,1,Smart TV,South India,3,0
OTT09212,54,Female,Mobile,1,0,0,1,1,0,3,26.8,1.6,29,31,639.22,3,1,UPI,1,Smart TV,Central India,2,0
OTT09213,52,Male,Standard,0,1,1,0,0,0,2,17.0,1.5,20,44,713.12,1,1,UPI,0,Mobile,North India,4,0
OTT09214,27,Male,Basic,0,1,0,0,0,0,1,33.0,0.9,0,25,301.85,4,0,Credit Card,0,Mobile,North India,4,0
OTT09215,29,Female,Basic,0,1,0,0,0,0,1,13.6,1.4,43,37,441.58,3,0,UPI,0,Mobile,West India,4,1
OTT09216,40,Male,Basic,1,0,1,1,0,1,4,39.5,2.1,47,57,399.06,1,4,Credit Card,1,Tablet,East India,2,1
OTT09217,36,Male,Premium,1,1,1,1,1,1,6,12.8,3.5,3,1,99.0,3,0,Net Banking,1,Mobile,South India,2,0
OTT09218,49,Female,Basic,1,1,1,1,1,1,6,50.8,1.3,27,42,594.53,1,2,Debit Card,1,Smart TV,North India,1,0
OTT09219,49,Male,Premium,0,0,1,1,1,1,4,33.1,1.7,20,47,603.96,4,0,Credit Card,0,Smart TV,North India,2,0
OTT09220,59,Female,Basic,1,0,0,0,0,1,2,27.6,0.6,58,32,782.87,4,3,UPI,0,Smart TV,North India,1,1
OTT09221,51,Male,Premium,1,1,1,1,1,1,6,23.4,1.6,50,51,748.52,5,1,Debit Card,1,Mobile,North India,4,0
OTT09222,18,Female,Basic,0,0,0,1,1,0,2,24.9,1.3,1,24,164.21,3,2,Credit Card,1,Fire TV,South India,4,0
OTT09223,32,Female,Standard,0,0,1,0,1,0,2,14.6,2.0,25,52,170.35,3,1,UPI,1,Fire TV,West India,3,0
OTT09224,32,Female,Basic,1,1,1,1,0,0,4,26.5,0.5,52,21,475.95,1,0,Debit Card,1,Mobile,South India,5,1
OTT09225,45,Female,Premium,0,0,1,0,0,0,1,20.3,4.8,39,33,708.33,3,1,Debit Card,1,Laptop,Central India,1,0
OTT09226,32,Female,Basic,1,0,1,0,1,1,4,19.2,1.0,8,9,504.82,4,0,Wallet,0,Mobile,East India,4,0
OTT09227,60,Male,Standard,1,1,1,1,1,1,6,69.5,1.7,26,5,431.07,5,2,Credit Card,1,Mobile,South India,2,0
OTT09228,30,Male,Mobile,1,1,1,0,1,0,4,20.5,0.1,4,43,1018.51,1,0,Credit Card,1,Smart TV,South India,1,0
OTT09229,36,Male,Standard,1,1,1,0,0,1,4,22.2,1.5,14,20,810.68,2,0,Credit Card,0,Laptop,West India,3,0
OTT09230,53,Female,Standard,1,1,0,0,0,1,3,43.9,1.8,24,33,847.76,4,1,UPI,1,Tablet,North India,2,0
OTT09231,33,Male,Basic,0,0,0,1,0,0,1,14.5,2.8,53,20,747.09,1,1,UPI,0,Smart TV,East India,4,1
OTT09232,19,Male,Standard,1,1,1,0,1,0,4,50.1,1.9,11,5,339.82,1,2,Credit Card,1,Laptop,South India,3,0
OTT09233,32,Female,Standard,0,1,0,1,1,0,3,21.8,3.8,32,41,854.83,3,2,UPI,0,Smart TV,West India,4,1
OTT09234,33,Female,Standard,1,1,1,1,0,1,5,15.9,3.0,39,25,1356.11,3,1,Credit Card,1,Tablet,West India,3,0
OTT09235,44,Male,Basic,0,1,0,0,0,0,1,7.9,0.4,47,53,820.05,1,0,Wallet,0,Tablet,West India,5,1
OTT09236,48,Male,Basic,0,0,1,0,0,1,2,46.7,3.9,36,46,621.34,4,0,Wallet,0,Mobile,West India,3,0
OTT09237,41,Female,Standard,0,0,1,1,1,0,3,18.5,1.2,7,57,219.8,3,1,Credit Card,1,Mobile,East India,3,0
OTT09238,35,Female,Basic,1,1,0,1,1,0,4,21.4,1.4,51,9,438.0,2,3,Debit Card,0,Tablet,South India,3,1
OTT09239,39,Female,Standard,1,0,1,1,1,0,4,21.6,0.3,57,24,844.47,2,1,Net Banking,1,Smart TV,Central India,3,0
OTT09240,24,Male,Mobile,1,1,1,1,1,1,6,18.5,2.7,51,47,830.99,2,2,Wallet,0,Smart TV,West India,2,1
OTT09241,25,Female,Premium,1,0,1,0,0,0,2,32.9,1.2,11,15,360.57,3,3,UPI,0,Smart TV,North India,2,0
OTT09242,44,Male,Standard,1,1,0,1,0,0,3,40.9,1.3,17,28,784.77,3,1,Net Banking,1,Smart TV,North India,1,0
OTT09243,55,Male,Basic,0,0,0,0,0,1,1,71.7,1.5,3,5,379.38,1,0,Credit Card,1,Laptop,Central India,4,0
OTT09244,40,Male,Standard,1,0,1,0,0,0,2,52.3,2.5,47,5,892.06,5,1,UPI,1,Smart TV,North India,3,0
OTT09245,20,Male,Standard,1,0,1,1,0,0,3,27.2,3.6,13,16,820.21,2,0,Debit Card,1,Smart TV,North India,1,0
OTT09246,60,Female,Mobile,0,1,1,1,0,0,3,39.7,0.3,57,57,924.17,4,1,Wallet,1,Smart TV,North India,5,0
OTT09247,31,Female,Basic,0,0,0,1,1,1,3,60.2,1.1,38,4,512.4,4,1,UPI,1,Smart TV,Central India,3,0
OTT09248,50,Female,Basic,0,0,1,1,0,1,3,42.9,0.7,19,12,853.22,2,1,UPI,0,Smart TV,East India,4,0
OTT09249,56,Female,Basic,1,0,0,0,1,1,3,28.1,2.8,27,27,682.1,1,1,UPI,1,Laptop,South India,2,0
OTT09250,60,Male,Basic,1,1,1,1,0,0,4,33.2,2.3,21,3,761.14,2,3,Credit Card,1,Laptop,Central India,4,0
OTT09251,23,Female,Basic,0,0,0,0,1,1,2,50.4,1.9,5,9,668.11,4,2,Net Banking,0,Mobile,North India,1,0
OTT09252,26,Female,Mobile,0,0,1,1,0,0,2,6.5,1.3,9,32,407.96,3,1,Debit Card,1,Smart TV,North India,5,0
OTT09253,45,Female,Mobile,1,1,1,1,0,0,4,23.3,2.5,32,53,741.38,1,2,Credit Card,1,Smart TV,South India,5,0
OTT09254,50,Male,Basic,1,1,0,0,1,1,4,5.3,1.6,60,9,776.81,3,1,Credit Card,1,Mobile,South India,5,0
OTT09255,53,Female,Mobile,1,1,1,0,0,1,4,12.3,2.1,10,16,340.79,3,5,UPI,1,Mobile,North India,4,1
OTT09256,41,Female,Standard,0,0,0,1,0,1,2,3.8,3.3,58,3,809.88,5,4,UPI,1,Smart TV,South India,2,0
OTT09257,24,Male,Mobile,1,0,0,0,1,1,3,22.1,2.1,9,10,795.17,4,0,UPI,0,Smart TV,North India,5,0
OTT09258,48,Female,Mobile,0,1,1,1,1,1,5,57.4,1.3,43,41,460.67,3,1,UPI,0,Mobile,North India,4,0
OTT09259,46,Male,Premium,1,0,0,0,1,1,3,47.1,0.8,56,6,724.19,1,3,Credit Card,1,Smart TV,North India,4,1
OTT09260,38,Male,Standard,0,0,1,0,1,1,3,15.9,0.8,1,7,477.84,2,0,Wallet,0,Smart TV,West India,5,0
OTT09261,45,Female,Premium,1,1,1,1,1,1,6,33.1,1.0,17,9,814.28,3,0,Credit Card,1,Mobile,South India,5,0
OTT09262,27,Female,Premium,0,1,0,0,0,0,1,14.0,1.9,31,58,401.59,5,0,Credit Card,1,Laptop,South India,3,0
OTT09263,52,Female,Standard,0,1,1,1,0,1,4,27.3,3.5,32,58,1020.52,1,0,UPI,0,Mobile,North India,1,0
OTT09264,19,Male,Standard,1,1,1,0,1,1,5,53.5,0.7,53,49,1005.74,5,0,Credit Card,1,Smart TV,East India,3,0
OTT09265,54,Female,Mobile,0,0,0,0,1,1,2,11.3,3.2,19,10,878.85,4,0,Debit Card,0,Mobile,North India,3,0
OTT09266,54,Male,Standard,0,1,1,1,0,1,4,30.4,0.9,5,53,1195.8,2,0,Credit Card,1,Laptop,East India,4,0
OTT09267,47,Male,Standard,0,0,1,1,1,0,3,38.9,3.6,39,52,1049.89,3,0,UPI,1,Laptop,North India,2,0
OTT09268,53,Female,Standard,0,1,1,1,1,1,5,18.0,0.9,25,41,912.38,4,2,Credit Card,0,Smart TV,West India,4,0
OTT09269,57,Male,Mobile,1,1,1,0,1,1,5,30.2,0.9,12,42,1087.62,1,1,Credit Card,1,Mobile,North India,4,0
OTT09270,24,Female,Premium,1,1,1,0,1,1,5,15.6,0.4,5,33,615.29,1,0,Debit Card,1,Smart TV,Central India,1,0
OTT09271,41,Female,Basic,0,0,0,1,0,0,1,28.1,1.1,20,19,495.15,3,2,Wallet,0,Laptop,North India,2,0
OTT09272,45,Male,Standard,1,1,1,1,0,0,4,28.1,1.0,54,42,924.5,5,1,Credit Card,1,Tablet,West India,4,0
OTT09273,58,Male,Premium,1,1,1,0,1,1,5,10.1,2.1,2,18,619.43,2,1,Wallet,1,Smart TV,West India,1,0
OTT09274,49,Male,Premium,0,1,1,0,0,1,3,8.9,0.8,38,36,908.11,5,2,Credit Card,0,Laptop,East India,1,0
OTT09275,43,Female,Basic,1,0,0,0,1,1,3,7.9,1.7,15,42,434.2,1,1,Net Banking,1,Tablet,West India,5,0
OTT09276,41,Female,Basic,0,0,1,0,0,0,1,34.3,1.0,37,49,465.57,2,0,Credit Card,0,Mobile,Central India,4,0
OTT09277,24,Female,Standard,1,1,0,1,1,1,5,31.2,2.6,53,58,241.47,4,1,UPI,0,Laptop,East India,2,0
OTT09278,31,Female,Standard,0,0,0,0,0,1,1,26.5,2.4,19,12,338.64,1,3,Debit Card,1,Mobile,East India,1,0
OTT09279,36,Other,Basic,0,1,0,1,0,0,2,22.5,2.2,24,4,746.19,4,2,Net Banking,1,Mobile,Central India,5,0
OTT09280,55,Male,Standard,1,0,1,1,1,1,5,40.7,0.1,24,8,255.28,1,1,UPI,0,Laptop,North India,2,0
OTT09281,55,Male,Premium,1,1,1,1,1,0,5,21.0,0.7,43,19,372.88,2,1,UPI,1,Laptop,West India,1,0
OTT09282,45,Male,Basic,1,1,1,1,1,1,6,16.5,2.8,46,41,425.78,5,0,Debit Card,1,Smart TV,South India,4,0
OTT09283,22,Female,Mobile,0,0,0,1,1,1,3,12.1,0.9,24,48,535.81,1,0,Net Banking,0,Laptop,West India,5,0
OTT09284,48,Male,Standard,0,1,0,0,0,1,2,25.6,2.6,5,12,674.62,3,1,Credit Card,1,Mobile,South India,2,1
OTT09285,37,Male,Standard,1,1,1,0,0,0,3,28.9,0.4,33,58,1198.86,2,1,Credit Card,1,Smart TV,North India,2,0
OTT09286,46,Male,Premium,1,0,0,0,0,0,1,5.0,2.0,42,59,872.43,3,0,UPI,1,Laptop,South India,1,0
OTT09287,36,Male,Standard,1,1,0,1,1,1,5,24.8,1.9,28,41,484.96,5,0,Credit Card,0,Mobile,Central India,5,0
OTT09288,49,Female,Basic,1,1,0,1,0,0,3,37.8,1.9,30,9,656.17,4,2,Credit Card,0,Smart TV,South India,1,1
OTT09289,27,Female,Standard,0,1,0,1,0,1,3,21.4,3.8,40,45,499.39,4,1,UPI,1,Laptop,North India,3,0
OTT09290,24,Male,Premium,0,0,1,0,0,0,1,81.2,0.7,25,40,897.77,3,0,Debit Card,1,Smart TV,East India,3,0
OTT09291,27,Female,Basic,0,0,1,1,0,1,3,25.6,2.6,43,20,807.49,2,0,Debit Card,1,Smart TV,North India,1,0
OTT09292,57,Male,Mobile,1,1,0,1,1,1,5,19.1,1.7,38,48,498.12,4,1,UPI,0,Smart TV,North India,3,0
OTT09293,21,Male,Standard,1,0,1,0,1,1,4,20.2,4.4,6,1,757.89,3,1,Net Banking,1,Mobile,East India,2,0
OTT09294,30,Male,Mobile,1,0,0,0,0,0,1,31.5,1.0,1,18,777.08,5,1,UPI,0,Mobile,North India,2,0
OTT09295,32,Female,Premium,1,0,0,0,0,1,2,71.1,3.0,59,5,665.25,2,1,Credit Card,0,Laptop,West India,2,1
OTT09296,53,Female,Mobile,1,0,1,1,0,0,3,16.6,4.1,32,41,759.65,2,2,UPI,0,Smart TV,South India,5,0
OTT09297,33,Female,Basic,0,0,0,1,0,0,1,35.8,0.7,47,44,811.76,3,2,Credit Card,1,Laptop,Central India,5,1
OTT09298,56,Female,Premium,1,1,1,1,1,0,5,30.4,1.0,34,58,1246.43,3,0,UPI,0,Smart TV,West India,4,0
OTT09299,60,Male,Mobile,1,0,1,1,1,0,4,54.4,2.6,15,30,985.48,5,0,Wallet,0,Mobile,Central India,2,0
OTT09300,46,Female,Mobile,0,0,0,1,0,0,1,16.1,2.1,6,58,380.73,3,1,Credit Card,1,Fire TV,East India,2,0
OTT09301,32,Female,Mobile,1,1,1,0,0,1,4,33.3,1.3,51,18,720.32,4,1,UPI,1,Smart TV,East India,2,0
OTT09302,43,Male,Premium,1,0,0,0,1,1,3,43.6,1.7,7,9,1245.92,4,2,Credit Card,0,Mobile,West India,3,0
OTT09303,46,Male,Premium,1,0,0,0,1,0,2,35.5,1.2,24,60,752.11,4,1,Net Banking,0,Fire TV,West India,2,0
OTT09304,22,Male,Basic,1,1,0,0,0,1,3,41.0,1.3,23,7,1166.53,3,0,UPI,1,Tablet,West India,4,0
OTT09305,53,Male,Standard,0,0,0,0,0,1,1,20.8,0.9,10,50,1384.2,1,0,UPI,1,Mobile,North India,3,0
OTT09306,36,Male,Standard,1,0,0,1,0,1,3,29.3,2.3,56,19,389.89,2,2,UPI,0,Mobile,North India,3,1
OTT09307,54,Male,Mobile,1,1,0,1,1,1,5,48.6,1.0,32,18,630.51,1,0,UPI,1,Smart TV,East India,3,0
OTT09308,44,Female,Basic,1,1,1,1,0,1,5,9.1,0.4,37,4,670.46,5,1,Wallet,1,Laptop,North India,1,0
OTT09309,55,Female,Premium,0,0,1,0,0,1,2,21.1,1.5,23,16,284.91,5,1,Wallet,1,Smart TV,North India,5,0
OTT09310,21,Female,Mobile,0,1,1,1,0,1,4,15.3,1.9,34,9,1039.37,5,0,UPI,1,Smart TV,North India,4,0
OTT09311,19,Female,Standard,1,0,0,0,1,0,2,14.9,0.6,53,32,746.43,5,0,UPI,0,Laptop,East India,3,1
OTT09312,22,Other,Basic,1,0,1,1,0,0,3,30.8,1.7,59,24,187.33,5,1,Wallet,0,Smart TV,West India,4,0
OTT09313,55,Male,Standard,0,1,1,0,0,0,2,30.5,0.6,17,18,740.46,4,5,Credit Card,1,Laptop,South India,2,0
OTT09314,60,Female,Basic,1,0,1,0,0,1,3,21.6,0.8,32,1,429.4,1,2,UPI,1,Tablet,West India,2,0
OTT09315,60,Female,Basic,0,0,1,0,0,1,2,28.2,0.8,22,49,643.62,1,2,UPI,1,Mobile,West India,5,0
OTT09316,32,Female,Mobile,1,0,1,1,1,1,5,24.7,2.2,1,5,99.0,3,3,Credit Card,1,Mobile,East India,3,0
OTT09317,29,Female,Premium,1,1,1,0,1,1,5,8.1,0.6,40,10,598.13,5,0,Credit Card,1,Smart TV,South India,4,0
OTT09318,33,Male,Mobile,0,0,1,0,0,1,2,11.9,2.9,51,58,885.82,5,0,Credit Card,1,Smart TV,West India,4,0
OTT09319,53,Female,Basic,1,1,0,0,1,1,4,35.9,3.2,28,49,532.04,5,1,Credit Card,1,Laptop,South India,1,0
OTT09320,28,Male,Basic,1,0,0,0,0,0,1,13.7,0.8,58,44,152.51,4,1,UPI,1,Laptop,North India,5,0
OTT09321,41,Male,Basic,1,1,0,1,0,1,4,21.4,2.1,45,7,633.8,3,0,UPI,0,Mobile,East India,5,0
OTT09322,45,Female,Standard,1,1,0,0,0,0,2,32.2,1.9,59,19,593.49,3,0,Credit Card,1,Tablet,North India,5,0
OTT09323,33,Female,Basic,0,0,1,1,0,0,2,30.3,1.8,1,17,1089.2,4,1,Credit Card,1,Tablet,North India,3,0
OTT09324,38,Male,Standard,0,1,1,1,0,1,4,17.3,3.3,12,8,773.65,3,2,Wallet,1,Mobile,North India,4,0
OTT09325,46,Male,Standard,1,0,0,0,1,1,3,25.7,1.2,16,18,585.43,4,0,Credit Card,1,Laptop,West India,4,0
OTT09326,51,Female,Premium,1,0,0,1,0,1,3,20.9,1.7,33,29,313.41,4,2,UPI,1,Mobile,South India,1,0
OTT09327,26,Male,Standard,1,1,0,0,0,1,3,23.8,2.0,56,16,637.46,4,1,UPI,1,Fire TV,West India,5,0
OTT09328,40,Female,Basic,0,0,0,0,0,1,1,53.4,0.2,24,36,1192.28,4,1,UPI,1,Smart TV,Central India,4,0
OTT09329,24,Male,Standard,0,0,0,0,1,0,1,33.1,2.5,13,33,756.41,2,2,Net Banking,1,Fire TV,South India,5,0
OTT09330,18,Female,Standard,0,1,1,1,0,0,3,23.8,4.3,26,17,834.04,4,0,UPI,1,Mobile,North India,1,0
OTT09331,45,Male,Premium,1,0,1,0,0,1,3,26.1,0.3,28,48,99.0,4,3,Debit Card,0,Laptop,East India,2,0
OTT09332,38,Female,Premium,0,0,1,0,0,0,1,5.2,1.8,19,35,906.77,1,0,UPI,1,Tablet,West India,5,0
OTT09333,29,Female,Standard,1,0,1,0,1,0,3,90.8,1.3,43,60,676.25,3,1,UPI,1,Smart TV,West India,1,0
OTT09334,20,Male,Basic,1,0,1,0,1,0,3,48.3,1.9,1,28,656.53,3,0,Credit Card,1,Tablet,North India,4,0
OTT09335,58,Female,Basic,1,0,0,1,1,1,4,20.1,2.5,18,44,698.45,1,2,Wallet,1,Smart TV,North India,3,0
OTT09336,53,Female,Premium,1,1,0,1,1,0,4,7.8,0.9,12,39,706.27,4,3,UPI,1,Laptop,West India,5,0
OTT09337,58,Male,Premium,1,0,1,0,1,0,3,20.7,1.9,4,4,577.68,2,0,Debit Card,1,Fire TV,Central India,4,0
OTT09338,22,Female,Mobile,1,1,1,0,0,0,3,43.9,3.3,5,26,511.45,4,1,Credit Card,1,Fire TV,North India,3,0
OTT09339,18,Female,Standard,0,1,0,1,1,0,3,41.1,2.7,52,25,257.16,2,0,Debit Card,1,Smart TV,Central India,5,0
OTT09340,27,Female,Mobile,0,0,1,0,1,0,2,25.5,2.3,29,31,546.51,1,1,Credit Card,1,Laptop,North India,3,1
OTT09341,22,Female,Basic,0,1,0,0,0,0,1,63.7,1.2,59,49,961.38,5,1,UPI,1,Smart TV,North India,1,0
OTT09342,37,Male,Basic,0,0,0,0,0,1,1,22.7,1.1,11,8,493.67,4,1,UPI,1,Mobile,East India,2,0
OTT09343,45,Female,Basic,1,0,1,1,0,1,4,21.5,1.8,57,44,873.0,5,0,UPI,1,Mobile,North India,3,0
OTT09344,26,Female,Standard,0,0,0,0,1,1,2,32.1,1.8,30,13,350.07,1,2,UPI,1,Laptop,North India,2,1
OTT09345,35,Male,Mobile,0,0,0,1,1,1,3,16.2,2.7,6,29,270.69,4,0,Debit Card,1,Mobile,South India,5,0
OTT09346,41,Male,Standard,1,0,0,1,1,0,3,18.7,1.8,12,29,529.83,2,0,Wallet,1,Mobile,North India,1,0
OTT09347,31,Female,Standard,1,0,0,1,1,0,3,36.3,2.5,29,54,909.0,1,1,UPI,1,Smart TV,South India,3,1
OTT09348,37,Female,Standard,1,0,1,0,1,1,4,15.2,0.4,41,32,238.42,2,0,Debit Card,1,Mobile,Central India,5,0
OTT09349,43,Male,Mobile,0,0,1,1,1,1,4,32.1,2.3,50,34,1146.88,4,1,Debit Card,0,Laptop,East India,4,1
OTT09350,58,Male,Basic,0,0,0,0,0,1,1,42.2,2.3,56,47,1248.53,1,1,UPI,0,Smart TV,East India,1,1
OTT09351,31,Female,Standard,0,1,0,1,1,1,4,20.2,3.1,54,18,848.1,1,0,Credit Card,0,Mobile,West India,2,0
OTT09352,21,Male,Standard,1,1,0,0,1,0,3,22.5,0.3,35,11,499.82,1,0,Debit Card,1,Smart TV,North India,1,1
OTT09353,55,Female,Basic,0,0,1,0,1,0,2,27.3,3.7,1,16,517.1,2,0,Wallet,0,Laptop,North India,4,0
OTT09354,42,Female,Basic,1,1,1,1,0,0,4,15.1,1.4,6,42,457.21,3,2,Net Banking,1,Laptop,North India,5,0
OTT09355,38,Female,Premium,1,0,1,1,1,0,4,19.8,1.1,60,34,456.84,3,1,Debit Card,1,Smart TV,Central India,4,0
OTT09356,48,Male,Basic,0,0,0,1,1,0,2,9.7,2.6,9,28,588.88,3,1,UPI,1,Laptop,South India,4,0
OTT09357,60,Female,Mobile,1,1,1,1,1,1,6,13.3,1.3,5,26,138.21,1,0,Credit Card,1,Smart TV,East India,3,0
OTT09358,23,Female,Premium,1,1,1,0,1,0,4,24.2,0.2,49,2,747.78,5,0,Debit Card,0,Fire TV,North India,1,0
OTT09359,55,Female,Standard,1,1,1,0,0,0,3,30.9,2.0,33,11,333.09,2,1,Wallet,1,Fire TV,Central India,3,0
OTT09360,45,Male,Basic,0,0,1,0,0,0,1,31.0,2.1,25,4,409.0,2,2,Net Banking,1,Smart TV,South India,4,1
OTT09361,43,Female,Premium,1,0,0,0,1,0,2,17.3,6.0,27,16,436.87,4,0,Debit Card,1,Fire TV,South India,1,0
OTT09362,55,Female,Basic,1,0,0,1,1,0,3,17.5,5.5,41,32,751.29,1,0,UPI,1,Smart TV,West India,4,0
OTT09363,31,Female,Premium,1,0,1,0,1,0,3,18.9,3.0,60,56,959.51,4,2,Credit Card,1,Mobile,North India,3,0
OTT09364,51,Male,Standard,0,1,1,0,1,0,3,25.5,0.9,41,41,365.54,3,1,Net Banking,1,Laptop,South India,3,0
OTT09365,42,Male,Standard,0,1,1,0,1,1,4,13.2,2.1,34,37,987.07,1,1,Wallet,1,Smart TV,East India,5,0
OTT09366,58,Male,Premium,1,0,0,1,0,0,2,8.7,0.7,13,52,335.2,4,3,UPI,1,Mobile,West India,4,0
OTT09367,38,Male,Standard,1,0,1,1,1,0,4,27.7,1.5,20,38,446.09,3,3,Credit Card,0,Laptop,Central India,5,0
OTT09368,48,Female,Mobile,0,0,1,1,1,1,4,17.9,1.2,17,14,901.11,1,0,Debit Card,1,Smart TV,South India,3,1
OTT09369,39,Female,Standard,0,1,0,1,1,1,4,31.1,4.5,44,43,184.72,1,0,Credit Card,0,Mobile,South India,5,0
OTT09370,34,Female,Standard,0,1,1,1,1,0,4,65.3,1.4,43,50,495.49,1,1,UPI,0,Laptop,North India,1,0
OTT09371,34,Male,Standard,0,1,1,1,1,1,5,18.3,2.8,2,18,390.12,2,3,UPI,1,Smart TV,North India,3,0
OTT09372,57,Male,Basic,1,0,0,0,0,0,1,32.5,1.7,0,11,521.7,4,2,Wallet,0,Smart TV,South India,2,0
OTT09373,54,Male,Basic,0,1,1,1,1,0,4,6.2,2.9,57,35,457.8,1,0,Credit Card,1,Smart TV,East India,4,1
OTT09374,27,Male,Premium,1,1,1,1,1,1,6,20.3,0.2,29,40,162.47,1,2,Debit Card,1,Mobile,South India,3,0
OTT09375,55,Female,Basic,1,0,1,1,0,0,3,26.8,1.5,56,44,820.06,4,0,Wallet,1,Smart TV,East India,2,0
OTT09376,43,Male,Standard,1,0,1,0,0,0,2,5.4,2.8,8,11,747.01,2,0,Credit Card,1,Smart TV,South India,1,0
OTT09377,22,Male,Standard,1,1,1,1,1,1,6,50.3,2.8,22,17,900.57,1,0,Debit Card,1,Mobile,East India,4,0
OTT09378,50,Female,Mobile,1,0,0,0,0,1,2,15.5,2.4,31,38,535.63,2,0,Wallet,1,Laptop,South India,4,0
OTT09379,24,Male,Mobile,1,0,0,0,1,0,2,39.0,1.1,11,30,623.7,5,2,Wallet,1,Mobile,South India,2,0
OTT09380,55,Male,Basic,1,0,1,0,0,0,2,33.9,2.4,29,17,899.95,1,0,Net Banking,1,Tablet,Central India,5,1
OTT09381,37,Female,Mobile,0,1,0,1,0,1,3,56.5,2.2,15,33,712.77,2,2,Credit Card,0,Smart TV,East India,1,0
OTT09382,57,Male,Premium,0,0,0,1,1,1,3,6.3,1.8,33,23,903.62,5,2,Debit Card,1,Smart TV,South India,2,0
OTT09383,38,Female,Mobile,0,1,0,1,0,1,3,29.2,2.7,25,24,883.36,5,0,Wallet,1,Laptop,West India,5,0
OTT09384,21,Male,Basic,1,1,1,1,0,1,5,23.7,0.8,21,39,662.48,4,1,UPI,1,Laptop,East India,2,0
OTT09385,50,Female,Standard,0,1,1,1,0,0,3,5.1,1.5,45,18,676.68,5,4,UPI,1,Laptop,South India,5,1
OTT09386,49,Male,Premium,0,1,1,0,0,1,3,22.6,0.4,13,32,631.0,2,3,UPI,1,Fire TV,North India,2,0
OTT09387,31,Male,Mobile,1,1,1,0,1,1,5,21.1,0.5,17,14,677.01,1,4,Debit Card,0,Mobile,South India,2,0
OTT09388,26,Female,Basic,1,0,0,1,1,1,4,11.2,0.8,28,6,496.93,2,0,UPI,1,Laptop,South India,4,0
OTT09389,55,Male,Standard,0,0,1,0,0,1,2,21.8,4.1,17,43,745.39,2,1,Credit Card,1,Smart TV,North India,3,0
OTT09390,51,Male,Standard,0,0,0,0,0,1,1,20.6,2.8,28,38,701.46,4,1,UPI,1,Smart TV,Central India,2,0
OTT09391,30,Male,Standard,1,1,1,0,0,0,3,18.4,1.0,10,25,481.12,3,1,Debit Card,1,Smart TV,Central India,3,0
OTT09392,48,Male,Mobile,1,1,1,1,1,0,5,29.8,1.3,28,34,758.29,4,3,Credit Card,1,Mobile,South India,1,0
OTT09393,28,Male,Premium,0,1,0,1,1,0,3,36.8,1.2,30,47,995.19,1,2,Wallet,1,Mobile,North India,5,0
OTT09394,25,Other,Standard,1,0,0,1,0,0,2,15.6,2.2,32,45,652.31,3,2,UPI,1,Laptop,Central India,2,0
OTT09395,46,Male,Premium,1,1,0,0,1,1,4,23.1,0.8,32,47,669.4,2,0,Wallet,1,Mobile,West India,1,0
OTT09396,53,Female,Premium,1,1,1,0,0,1,4,55.6,4.5,29,52,701.57,3,2,Wallet,0,Mobile,South India,1,0
OTT09397,57,Male,Standard,1,1,0,0,0,1,3,22.9,4.7,22,42,116.44,3,1,Debit Card,1,Laptop,South India,4,0
OTT09398,37,Male,Mobile,1,1,1,0,1,1,5,15.3,2.0,20,12,548.07,2,1,Debit Card,0,Smart TV,West India,1,0
OTT09399,24,Female,Standard,0,1,1,0,1,1,4,12.4,1.2,32,28,1298.28,5,4,UPI,1,Mobile,Central India,5,0
OTT09400,41,Female,Standard,1,1,1,1,0,0,4,33.1,3.4,17,41,661.95,1,0,Net Banking,1,Tablet,West India,1,0
OTT09401,47,Female,Mobile,1,1,0,0,1,1,4,16.1,2.7,19,29,398.7,2,0,Debit Card,1,Smart TV,West India,2,0
OTT09402,59,Male,Basic,1,1,1,1,0,0,4,14.2,0.7,44,22,639.31,2,1,Credit Card,0,Smart TV,East India,2,1
OTT09403,22,Male,Mobile,1,1,1,0,0,0,3,31.9,1.5,47,30,492.04,2,3,Credit Card,1,Mobile,South India,3,0
OTT09404,46,Female,Premium,0,0,1,1,0,1,3,10.2,1.5,33,15,697.37,3,0,UPI,0,Smart TV,South India,4,0
OTT09405,40,Male,Standard,1,1,1,0,0,1,4,30.8,0.2,46,3,701.31,1,1,Debit Card,1,Mobile,North India,2,1
OTT09406,43,Male,Standard,0,0,1,1,1,0,3,12.8,2.6,6,43,632.41,2,5,Credit Card,0,Mobile,West India,4,0
OTT09407,21,Male,Standard,1,0,1,0,0,1,3,14.3,1.2,52,54,899.7,4,0,Credit Card,0,Smart TV,North India,3,0
OTT09408,18,Male,Standard,1,1,0,0,0,0,2,10.0,1.9,12,31,311.02,1,0,UPI,1,Mobile,North India,4,0
OTT09409,44,Female,Premium,0,1,1,1,0,1,4,14.7,3.2,25,34,742.52,2,2,Credit Card,0,Smart TV,North India,4,0
OTT09410,26,Female,Basic,1,1,1,0,0,1,4,44.1,1.7,28,54,942.4,5,1,Wallet,1,Smart TV,North India,3,0
OTT09411,44,Female,Basic,0,1,0,0,1,0,2,86.4,2.6,23,37,572.49,3,2,Credit Card,1,Laptop,East India,5,0
OTT09412,19,Male,Standard,0,0,0,1,0,1,2,21.9,1.5,1,15,877.37,4,0,Credit Card,1,Laptop,South India,1,0
OTT09413,52,Female,Standard,1,0,1,0,0,0,2,19.7,0.4,46,25,585.88,2,2,Credit Card,0,Fire TV,Central India,1,1
OTT09414,32,Female,Premium,1,1,1,1,1,1,6,37.0,3.8,7,11,344.4,5,0,Credit Card,1,Smart TV,South India,4,0
OTT09415,37,Female,Premium,1,1,0,1,1,1,5,31.1,4.0,53,28,117.4,2,2,Wallet,1,Smart TV,South India,1,1
OTT09416,32,Female,Standard,0,0,1,0,1,1,3,41.3,0.7,8,31,494.42,2,3,UPI,1,Smart TV,Central India,3,0
OTT09417,35,Female,Basic,1,1,0,0,1,0,3,29.5,4.8,38,19,561.6,5,2,Credit Card,1,Smart TV,North India,2,0
OTT09418,40,Male,Basic,1,1,1,1,0,0,4,44.4,1.3,52,48,1264.03,4,1,UPI,1,Fire TV,North India,2,0
OTT09419,45,Female,Basic,1,0,0,1,0,1,3,28.6,1.6,40,59,662.8,2,3,Debit Card,0,Mobile,East India,2,1
OTT09420,47,Female,Standard,1,1,1,1,1,1,6,55.7,2.5,23,32,492.12,4,0,UPI,1,Mobile,North India,4,0
OTT09421,60,Female,Standard,0,1,0,0,0,0,1,36.4,2.1,38,22,798.67,2,1,UPI,0,Mobile,Central India,1,1
OTT09422,25,Female,Mobile,0,0,0,1,0,0,1,53.0,0.3,52,26,540.87,2,1,UPI,1,Smart TV,Central India,1,0
OTT09423,55,Male,Standard,0,0,1,0,1,1,3,19.7,3.5,37,4,939.27,2,0,Wallet,0,Tablet,South India,4,0
OTT09424,43,Female,Standard,1,0,0,1,0,0,2,21.4,1.4,22,39,1081.82,2,2,Wallet,1,Mobile,Central India,4,0
OTT09425,31,Male,Basic,0,0,0,1,1,1,3,27.5,1.1,14,17,695.17,1,4,UPI,1,Smart TV,South India,2,1
OTT09426,57,Female,Standard,1,0,1,0,1,1,4,7.9,2.4,43,32,151.43,3,2,Wallet,0,Fire TV,West India,4,1
OTT09427,48,Male,Basic,0,0,0,1,1,0,2,28.4,1.9,10,44,621.88,1,2,UPI,0,Fire TV,North India,3,1
OTT09428,25,Male,Standard,0,0,1,1,1,0,3,23.7,3.9,31,39,604.78,1,2,Debit Card,1,Tablet,West India,2,0
OTT09429,25,Female,Standard,1,0,1,1,0,1,4,25.1,3.7,9,34,1108.22,5,2,UPI,1,Fire TV,South India,1,0
OTT09430,46,Female,Basic,1,1,1,0,0,1,4,21.0,1.1,13,46,775.07,1,0,UPI,1,Tablet,East India,2,0
OTT09431,49,Female,Standard,1,0,0,1,1,0,3,27.4,1.3,53,7,540.45,1,0,Net Banking,1,Mobile,North India,2,1
OTT09432,19,Male,Standard,0,0,1,1,0,0,2,18.6,0.7,55,59,1041.47,4,1,Debit Card,1,Smart TV,Central India,3,0
OTT09433,45,Male,Basic,1,1,0,0,1,0,3,43.5,3.7,50,33,616.97,5,0,Debit Card,1,Laptop,West India,5,0
OTT09434,40,Male,Premium,1,0,1,0,0,1,3,35.3,3.0,53,15,614.3,4,1,UPI,0,Mobile,North India,4,0
OTT09435,59,Male,Standard,0,1,0,1,1,1,4,27.6,1.1,46,3,509.88,5,1,Wallet,1,Smart TV,South India,2,0
OTT09436,49,Female,Standard,0,1,0,1,0,1,3,8.7,2.8,45,37,974.82,1,0,Debit Card,1,Mobile,North India,2,1
OTT09437,57,Female,Mobile,0,0,0,1,0,1,2,7.9,0.8,47,33,499.61,5,0,UPI,0,Mobile,North India,2,0
OTT09438,19,Male,Basic,0,0,1,1,1,1,4,25.1,2.0,40,37,831.95,3,1,Net Banking,1,Mobile,North India,3,0
OTT09439,50,Female,Basic,1,0,0,1,1,0,3,13.6,2.1,47,2,762.17,2,1,UPI,1,Smart TV,South India,2,0
OTT09440,32,Male,Basic,0,1,0,0,1,0,2,32.9,1.9,27,14,669.18,4,2,Wallet,1,Laptop,South India,3,0
OTT09441,41,Male,Standard,0,1,0,1,0,1,3,5.3,0.5,43,41,905.51,2,1,Wallet,0,Smart TV,Central India,2,0
OTT09442,55,Male,Premium,0,1,1,1,1,1,5,60.7,2.6,8,58,1081.64,3,1,Debit Card,1,Laptop,North India,4,0
OTT09443,55,Male,Mobile,1,0,1,1,0,1,4,11.0,0.9,24,36,305.18,4,2,UPI,1,Mobile,North India,5,0
OTT09444,27,Female,Standard,0,1,1,0,0,0,2,41.4,0.5,25,48,604.39,1,2,Credit Card,1,Mobile,South India,2,0
OTT09445,28,Female,Standard,1,0,1,1,1,0,4,20.5,2.6,35,56,581.82,2,1,UPI,0,Smart TV,East India,2,0
OTT09446,49,Male,Standard,0,1,1,0,0,0,2,8.4,3.9,44,14,679.8,4,3,Credit Card,0,Smart TV,West India,5,0
OTT09447,55,Female,Premium,1,0,0,0,1,1,3,21.4,0.5,60,25,487.71,3,0,UPI,1,Smart TV,North India,3,0
OTT09448,44,Female,Basic,1,0,0,0,1,1,3,50.0,0.2,29,59,362.21,5,1,UPI,0,Laptop,North India,1,0
OTT09449,20,Female,Standard,1,0,1,0,0,0,2,20.3,1.1,49,44,619.67,2,2,Debit Card,1,Mobile,North India,1,1
OTT09450,25,Female,Basic,0,0,1,1,0,0,2,47.7,2.0,59,14,934.8,5,1,Credit Card,0,Smart TV,South India,1,0
OTT09451,50,Female,Basic,1,1,1,1,1,0,5,24.1,0.8,15,13,593.37,3,2,Wallet,1,Mobile,North India,5,0
OTT09452,49,Female,Standard,0,1,1,0,0,0,2,34.9,2.1,38,16,766.37,5,4,Wallet,0,Tablet,West India,2,1
OTT09453,56,Male,Mobile,1,0,1,0,1,1,4,16.8,1.0,7,23,1078.71,4,0,UPI,0,Mobile,North India,2,0
OTT09454,40,Male,Basic,1,0,1,1,0,1,4,5.8,0.6,9,1,696.55,5,0,UPI,1,Laptop,Central India,3,0
OTT09455,36,Female,Mobile,0,1,0,1,0,1,3,14.6,0.2,31,6,927.29,3,2,Credit Card,1,Mobile,North India,3,0
OTT09456,22,Female,Mobile,1,0,0,0,0,1,2,11.5,3.4,4,7,953.32,5,3,UPI,1,Laptop,Central India,2,0
OTT09457,51,Female,Basic,1,0,1,0,0,0,2,27.7,2.2,32,58,997.63,3,0,Wallet,0,Smart TV,North India,2,0
OTT09458,58,Female,Mobile,1,0,0,0,1,0,2,31.8,2.6,13,5,1232.85,2,2,UPI,1,Mobile,South India,3,0
OTT09459,19,Female,Mobile,1,0,0,0,1,1,3,21.1,0.1,41,51,614.33,2,2,Net Banking,1,Smart TV,South India,1,0
OTT09460,39,Female,Standard,1,1,1,1,1,1,6,15.8,1.3,32,57,905.71,5,1,UPI,1,Smart TV,West India,4,0
OTT09461,33,Female,Standard,1,1,1,1,0,1,5,54.9,3.7,48,20,710.87,3,1,UPI,0,Smart TV,West India,3,1
OTT09462,50,Male,Premium,0,0,1,0,0,0,1,24.2,6.3,58,52,789.61,4,1,UPI,1,Mobile,North India,2,0
OTT09463,50,Male,Premium,0,0,1,0,1,0,2,30.1,2.9,50,41,765.18,3,0,UPI,0,Mobile,South India,1,0
OTT09464,27,Male,Premium,0,0,0,1,0,1,2,18.5,1.6,60,41,984.29,4,2,Debit Card,1,Mobile,South India,1,1
OTT09465,58,Male,Standard,1,1,1,1,1,1,6,8.6,0.9,31,56,507.95,5,0,UPI,1,Smart TV,North India,3,0
OTT09466,23,Female,Basic,0,0,1,1,0,0,2,14.4,2.1,46,24,760.03,5,2,Net Banking,0,Smart TV,Central India,5,0
OTT09467,51,Male,Mobile,1,0,0,0,0,1,2,23.2,0.3,57,20,294.11,4,2,UPI,0,Tablet,South India,4,1
OTT09468,49,Female,Premium,1,1,1,0,0,0,3,9.8,0.7,14,46,426.7,1,3,UPI,1,Smart TV,South India,1,0
OTT09469,24,Male,Premium,1,0,1,1,0,0,3,33.0,1.4,51,33,488.47,5,1,Debit Card,1,Mobile,South India,1,0
OTT09470,46,Female,Standard,0,1,0,0,0,1,2,23.6,2.9,60,29,815.78,3,1,UPI,1,Smart TV,East India,5,1
OTT09471,29,Male,Standard,1,0,1,0,1,1,4,22.1,1.7,20,51,767.39,5,0,Debit Card,1,Smart TV,West India,4,0
OTT09472,29,Female,Mobile,1,0,0,0,0,0,1,5.8,2.4,57,58,1042.04,4,0,Credit Card,1,Fire TV,South India,5,0
OTT09473,21,Male,Mobile,0,0,1,0,0,0,1,23.1,2.1,24,12,926.37,1,1,UPI,1,Fire TV,South India,1,0
OTT09474,50,Female,Standard,0,0,0,0,1,0,1,26.2,1.1,39,2,645.72,2,1,Debit Card,1,Smart TV,West India,1,0
OTT09475,52,Female,Basic,0,1,0,1,1,0,3,13.2,0.4,3,45,1493.34,2,1,Debit Card,1,Smart TV,East India,3,0
OTT09476,39,Female,Basic,1,1,1,1,1,1,6,17.6,0.9,0,1,702.96,1,1,UPI,1,Tablet,South India,5,0
OTT09477,51,Female,Standard,0,0,1,1,1,0,3,25.9,1.9,48,44,258.35,1,0,Credit Card,1,Mobile,North India,3,0
OTT09478,32,Female,Standard,0,1,1,1,1,0,4,13.9,0.9,15,23,295.7,1,1,Wallet,0,Laptop,Central India,3,1
OTT09479,42,Female,Premium,0,1,0,0,0,1,2,17.4,1.8,48,4,845.29,3,1,Credit Card,0,Mobile,East India,5,1
OTT09480,51,Male,Basic,1,1,0,1,0,1,4,15.2,4.5,29,51,212.32,3,2,Debit Card,1,Laptop,South India,5,0
OTT09481,36,Female,Basic,1,1,1,1,1,1,6,32.1,0.4,6,55,700.99,3,0,Credit Card,0,Smart TV,West India,3,0
OTT09482,44,Male,Standard,0,0,1,1,0,0,2,42.2,2.5,18,41,556.18,3,1,UPI,1,Mobile,Central India,2,0
OTT09483,24,Male,Standard,1,1,1,1,1,1,6,26.3,0.3,11,43,1184.35,4,1,Debit Card,1,Fire TV,North India,2,0
OTT09484,39,Male,Premium,0,1,0,1,1,0,3,19.8,2.2,37,20,323.16,2,0,UPI,0,Laptop,Central India,2,0
OTT09485,54,Male,Basic,1,1,0,1,1,0,4,35.0,2.5,6,29,928.67,4,0,Net Banking,1,Tablet,East India,1,0
OTT09486,51,Male,Mobile,1,0,1,0,0,0,2,8.4,1.0,34,6,552.47,5,1,UPI,1,Smart TV,South India,2,0
OTT09487,30,Female,Basic,1,1,1,0,1,0,4,22.8,3.2,49,1,526.89,3,1,UPI,1,Fire TV,West India,1,1
OTT09488,41,Female,Standard,1,0,0,1,1,0,3,43.5,2.2,59,34,1076.62,4,1,Debit Card,1,Mobile,West India,3,0
OTT09489,44,Female,Basic,1,1,1,1,1,1,6,16.1,5.0,41,20,505.67,2,1,Debit Card,1,Mobile,West India,2,0
OTT09490,58,Male,Basic,1,0,1,1,1,1,5,30.0,1.1,26,34,398.24,3,3,Net Banking,1,Laptop,Central India,5,0
OTT09491,53,Female,Basic,0,1,0,1,1,0,3,36.3,1.1,31,34,518.45,3,0,Credit Card,1,Mobile,West India,3,0
OTT09492,53,Male,Basic,1,1,0,1,1,1,5,25.7,0.4,1,2,367.58,4,1,UPI,0,Fire TV,South India,2,0
OTT09493,50,Male,Standard,0,1,1,1,1,1,5,14.1,6.0,54,59,221.42,5,1,UPI,0,Mobile,South India,2,0
OTT09494,33,Male,Mobile,1,0,1,0,0,1,3,17.5,3.4,3,50,431.39,2,1,UPI,1,Tablet,South India,3,0
OTT09495,34,Female,Premium,0,1,0,0,0,0,1,32.4,0.6,59,4,198.83,1,1,UPI,1,Mobile,East India,1,0
OTT09496,37,Female,Standard,0,1,0,1,0,0,2,32.0,2.4,9,46,408.12,3,1,UPI,0,Mobile,West India,2,0
OTT09497,36,Male,Mobile,0,1,0,0,0,0,1,24.7,4.2,56,10,401.07,2,0,UPI,1,Mobile,South India,1,0
OTT09498,59,Male,Mobile,0,0,0,0,0,1,1,6.8,1.1,15,30,719.67,5,0,UPI,1,Laptop,South India,3,0
OTT09499,55,Male,Mobile,1,1,1,1,1,1,6,10.5,1.0,2,29,287.88,2,3,UPI,0,Smart TV,North India,5,0
OTT09500,56,Male,Mobile,0,1,1,0,0,0,2,22.4,0.3,40,11,816.35,5,1,Wallet,0,Mobile,Central India,4,0
OTT09501,44,Female,Standard,1,1,1,0,1,0,4,15.7,3.1,58,30,99.0,5,3,Debit Card,1,Smart TV,Central India,1,0
OTT09502,26,Female,Premium,0,0,1,1,1,0,3,11.9,0.9,41,32,389.91,4,1,Debit Card,1,Smart TV,South India,2,1
OTT09503,24,Female,Mobile,1,0,0,1,1,0,3,8.2,0.5,19,20,589.74,4,0,Credit Card,0,Laptop,Central India,5,0
OTT09504,29,Other,Basic,0,1,0,0,0,1,2,12.0,2.3,51,38,536.8,3,0,UPI,1,Smart TV,West India,4,0
OTT09505,45,Male,Premium,0,0,1,1,1,0,3,69.0,0.4,35,13,665.54,2,0,UPI,1,Laptop,South India,3,0
OTT09506,33,Female,Standard,0,1,1,0,1,0,3,27.2,2.0,0,55,273.17,4,1,UPI,0,Smart TV,North India,4,0
OTT09507,46,Female,Basic,0,1,1,0,1,0,3,32.2,0.5,11,52,1182.02,3,0,UPI,1,Mobile,North India,2,0
OTT09508,55,Male,Basic,1,0,0,0,0,1,2,20.5,2.5,41,15,1103.51,4,0,UPI,1,Mobile,South India,1,0
OTT09509,32,Female,Mobile,0,1,1,1,1,0,4,39.4,0.6,3,27,99.0,3,1,Debit Card,1,Mobile,West India,2,0
OTT09510,57,Male,Basic,0,1,0,0,0,0,1,30.6,1.0,34,47,818.67,2,1,UPI,1,Laptop,South India,2,0
OTT09511,40,Female,Premium,1,0,1,1,0,0,3,25.8,1.6,18,28,551.0,4,2,Credit Card,1,Smart TV,North India,5,0
OTT09512,52,Female,Standard,1,0,1,0,0,1,3,26.1,1.1,15,31,615.02,2,0,Credit Card,1,Laptop,North India,3,0
OTT09513,20,Female,Basic,0,0,1,0,1,0,2,14.8,6.1,31,47,620.87,2,0,Wallet,0,Fire TV,North India,3,1
OTT09514,29,Female,Premium,1,1,0,0,1,1,4,14.2,0.7,36,4,425.95,5,2,Credit Card,0,Mobile,South India,1,1
OTT09515,58,Female,Basic,0,0,0,0,1,1,2,26.9,0.5,34,32,616.65,4,2,Wallet,1,Fire TV,North India,1,0
OTT09516,56,Male,Mobile,1,1,1,1,1,0,5,37.0,4.4,8,49,1076.32,5,0,Credit Card,1,Mobile,West India,5,0
OTT09517,42,Female,Premium,1,1,0,1,1,1,5,44.7,1.2,41,33,1159.09,5,0,Debit Card,1,Laptop,North India,3,0
OTT09518,19,Female,Standard,0,0,1,0,1,1,3,33.8,2.4,1,35,615.65,1,2,Credit Card,1,Smart TV,South India,4,0
OTT09519,20,Female,Standard,0,1,0,1,0,0,2,47.5,0.9,25,43,193.69,5,1,Credit Card,1,Tablet,Central India,1,0
OTT09520,36,Female,Mobile,0,0,0,1,1,0,2,43.5,1.2,28,3,576.84,5,2,Debit Card,0,Smart TV,North India,4,0
OTT09521,56,Male,Basic,1,1,0,1,1,1,5,21.6,2.0,33,50,561.62,4,1,UPI,1,Smart TV,North India,4,0
OTT09522,34,Male,Premium,0,1,0,0,1,1,3,53.7,1.8,38,41,1050.77,3,0,UPI,1,Smart TV,Central India,1,0
OTT09523,56,Female,Mobile,0,1,0,0,0,0,1,24.0,3.4,51,32,310.22,5,3,UPI,0,Fire TV,South India,5,0
OTT09524,41,Female,Premium,1,0,1,0,1,0,3,23.1,0.5,33,34,120.8,3,1,UPI,1,Smart TV,South India,1,0
OTT09525,23,Female,Standard,0,1,0,0,0,0,1,32.3,1.8,45,51,449.62,3,1,UPI,1,Laptop,North India,5,0
OTT09526,42,Male,Basic,0,1,0,0,1,1,3,44.7,0.2,48,25,831.18,2,0,UPI,1,Mobile,South India,5,0
OTT09527,33,Male,Premium,1,0,0,0,1,1,3,16.3,1.3,26,54,383.54,3,0,Wallet,0,Smart TV,North India,3,0
OTT09528,27,Female,Premium,0,0,0,0,1,0,1,23.9,3.0,14,6,575.74,2,1,Debit Card,1,Laptop,West India,2,0
OTT09529,47,Male,Premium,1,1,1,1,0,0,4,21.5,7.8,41,16,854.31,5,0,Debit Card,1,Laptop,West India,2,0
OTT09530,26,Female,Basic,0,1,0,1,0,0,2,13.3,2.1,20,54,213.52,4,1,Net Banking,0,Smart TV,West India,2,0
OTT09531,56,Female,Standard,0,0,1,1,1,0,3,16.3,3.2,8,45,614.91,1,2,Debit Card,0,Smart TV,West India,1,0
OTT09532,52,Male,Basic,1,0,0,1,0,1,3,13.7,1.1,35,56,711.88,4,2,UPI,1,Smart TV,Central India,2,0
OTT09533,51,Female,Mobile,1,1,1,1,1,1,6,31.4,1.1,16,12,824.67,4,3,UPI,1,Mobile,North India,1,0
OTT09534,21,Female,Premium,1,0,1,0,1,0,3,20.9,1.5,23,57,528.13,2,0,Debit Card,1,Mobile,South India,3,0
OTT09535,59,Female,Premium,1,1,1,1,1,0,5,19.0,1.5,29,18,1075.38,1,1,Credit Card,0,Laptop,South India,1,0
OTT09536,39,Male,Mobile,0,1,1,0,0,0,2,29.5,1.9,47,38,506.69,4,0,Debit Card,0,Smart TV,West India,4,0
OTT09537,49,Female,Standard,1,1,0,1,1,1,5,29.9,0.5,39,6,870.53,5,1,UPI,1,Mobile,South India,3,0
OTT09538,26,Male,Premium,0,1,1,0,0,0,2,43.5,3.9,0,4,958.84,3,1,Wallet,1,Smart TV,West India,2,0
OTT09539,51,Male,Standard,1,1,0,0,1,1,4,6.5,1.7,6,23,99.0,2,0,UPI,1,Mobile,South India,3,0
OTT09540,31,Female,Mobile,0,0,1,0,0,0,1,38.9,2.5,46,39,1075.75,3,1,UPI,1,Tablet,Central India,3,1
OTT09541,48,Male,Mobile,1,1,1,1,1,1,6,12.8,3.2,56,17,339.63,4,2,Credit Card,1,Laptop,South India,5,0
OTT09542,29,Female,Standard,1,1,1,1,1,1,6,28.3,0.6,49,51,521.85,5,1,UPI,0,Mobile,East India,2,0
OTT09543,58,Male,Premium,0,1,1,1,0,0,3,12.2,3.7,10,13,950.2,5,2,UPI,1,Tablet,North India,2,0
OTT09544,48,Male,Basic,1,1,1,0,0,0,3,33.6,2.1,42,60,522.35,3,1,UPI,1,Laptop,North India,2,0
OTT09545,37,Female,Basic,1,1,0,0,0,1,3,17.0,2.3,6,46,620.54,1,2,Net Banking,1,Smart TV,East India,3,0
OTT09546,37,Female,Standard,0,0,1,1,0,0,2,30.9,1.5,33,34,903.4,4,1,UPI,1,Mobile,West India,3,0
OTT09547,18,Male,Standard,1,0,1,0,1,1,4,15.4,4.5,18,22,691.66,5,3,UPI,1,Smart TV,North India,5,0
OTT09548,30,Male,Premium,1,0,0,1,1,1,4,8.0,3.7,14,22,362.66,4,1,UPI,1,Laptop,West India,1,0
OTT09549,51,Female,Premium,1,0,0,1,1,0,3,15.7,0.9,20,6,978.38,2,1,UPI,1,Smart TV,South India,2,1
OTT09550,53,Female,Standard,0,1,1,0,0,0,2,29.9,1.4,8,28,741.13,4,0,Net Banking,1,Mobile,South India,2,0
OTT09551,60,Male,Premium,1,1,1,1,1,0,5,20.6,2.0,57,11,206.72,2,4,Net Banking,1,Laptop,North India,4,1
OTT09552,21,Male,Standard,0,0,0,1,0,0,1,35.7,1.5,54,35,611.36,4,0,Wallet,1,Mobile,North India,1,0
OTT09553,28,Female,Standard,0,0,1,1,1,0,3,22.3,3.4,54,7,738.73,4,0,Wallet,0,Laptop,Central India,4,0
OTT09554,50,Male,Mobile,0,0,0,1,0,0,1,27.5,3.7,60,50,532.3,2,3,Debit Card,1,Mobile,South India,1,1
OTT09555,33,Female,Basic,1,0,0,1,0,0,2,9.1,1.2,52,3,187.94,1,5,Wallet,1,Tablet,North India,1,1
OTT09556,28,Female,Mobile,0,0,1,0,0,0,1,30.0,1.0,10,57,256.79,5,0,UPI,1,Smart TV,South India,1,0
OTT09557,30,Male,Premium,1,1,0,1,0,0,3,37.9,1.5,28,60,456.88,4,0,Debit Card,1,Laptop,East India,4,0
OTT09558,57,Male,Mobile,1,0,0,1,0,1,3,6.5,2.0,23,14,745.13,2,1,Credit Card,1,Laptop,North India,5,0
OTT09559,54,Female,Basic,0,1,0,0,1,1,3,10.7,2.0,0,50,969.85,4,0,UPI,1,Smart TV,North India,3,0
OTT09560,18,Male,Premium,1,1,1,0,0,1,4,58.2,0.7,13,15,250.84,4,1,Debit Card,1,Smart TV,West India,4,0
OTT09561,54,Female,Standard,1,1,0,1,1,0,4,26.9,0.5,42,30,480.8,1,1,Debit Card,1,Laptop,South India,5,0
OTT09562,41,Male,Standard,1,0,0,1,0,0,2,20.8,3.2,12,51,99.0,3,2,UPI,0,Smart TV,Central India,2,0
OTT09563,54,Female,Standard,1,0,0,0,0,0,1,19.3,1.0,36,13,633.72,1,1,Wallet,0,Smart TV,South India,1,1
OTT09564,44,Female,Mobile,0,0,1,1,0,1,3,3.7,1.4,42,28,1066.0,3,0,UPI,1,Mobile,South India,3,0
OTT09565,47,Female,Basic,1,1,0,1,0,1,4,33.3,2.9,0,23,929.86,4,2,Debit Card,1,Smart TV,South India,2,0
OTT09566,42,Male,Standard,1,1,0,0,0,1,3,20.1,1.8,57,17,567.03,2,3,Credit Card,1,Mobile,North India,2,0
OTT09567,49,Female,Premium,0,1,0,0,1,0,2,24.7,1.4,28,26,549.28,4,2,UPI,0,Mobile,West India,5,0
OTT09568,53,Female,Basic,1,1,1,0,0,1,4,38.1,0.7,24,8,541.26,4,0,UPI,0,Laptop,North India,1,0
OTT09569,39,Male,Basic,0,0,0,0,0,1,1,22.2,1.0,0,32,558.72,4,2,Debit Card,0,Laptop,South India,3,0
OTT09570,22,Female,Basic,0,0,1,0,1,1,3,42.1,0.9,51,12,649.23,1,1,Net Banking,1,Mobile,South India,3,0
OTT09571,22,Female,Standard,1,0,0,1,0,0,2,8.1,1.3,54,17,540.41,3,4,UPI,1,Mobile,South India,5,1
OTT09572,35,Male,Basic,1,1,1,1,0,0,4,29.0,0.8,53,20,639.86,5,2,Credit Card,0,Mobile,North India,1,0
OTT09573,38,Female,Mobile,0,1,0,1,1,0,3,17.3,0.6,35,29,326.09,5,0,Wallet,1,Smart TV,North India,5,0
OTT09574,55,Male,Basic,1,0,1,0,1,1,4,29.6,1.5,41,2,767.3,4,1,Credit Card,1,Smart TV,East India,3,0
OTT09575,19,Male,Standard,0,0,0,1,0,0,1,20.6,2.2,50,3,815.49,4,2,UPI,0,Mobile,East India,2,0
OTT09576,56,Male,Standard,1,1,1,0,0,0,3,43.6,0.3,47,59,1337.66,4,2,Wallet,1,Mobile,West India,2,0
OTT09577,20,Male,Basic,0,0,0,0,1,1,2,34.5,0.7,30,59,781.14,2,2,UPI,1,Smart TV,North India,5,0
OTT09578,39,Male,Basic,0,1,1,0,1,1,4,17.7,2.4,5,33,599.61,1,0,Wallet,1,Smart TV,North India,4,0
OTT09579,36,Male,Basic,0,0,1,0,0,0,1,16.9,1.9,24,6,1092.48,4,0,UPI,1,Mobile,North India,5,0
OTT09580,41,Female,Standard,0,0,1,0,0,0,1,28.8,2.0,48,50,1036.64,5,2,UPI,0,Mobile,West India,3,0
OTT09581,19,Female,Basic,1,1,1,0,0,1,4,21.5,2.4,59,51,443.47,2,0,Credit Card,1,Tablet,Central India,1,0
OTT09582,50,Male,Premium,0,1,0,0,0,0,1,26.5,2.7,9,27,1131.07,1,2,Wallet,0,Tablet,East India,3,0
OTT09583,23,Female,Basic,1,0,0,0,0,1,2,31.8,1.3,52,7,739.83,3,0,Wallet,1,Laptop,North India,4,0
OTT09584,51,Female,Standard,1,1,1,1,0,0,4,38.7,1.5,44,58,253.26,2,2,UPI,1,Laptop,East India,2,0
OTT09585,42,Female,Basic,0,1,1,1,0,1,4,19.7,0.6,22,56,443.12,2,0,UPI,1,Fire TV,North India,3,0
OTT09586,56,Other,Standard,0,1,1,1,1,1,5,14.1,1.4,58,26,472.81,3,1,UPI,1,Smart TV,South India,2,0
OTT09587,60,Male,Standard,1,0,0,0,0,1,2,43.9,2.3,2,25,1063.18,5,0,Debit Card,0,Laptop,South India,3,0
OTT09588,54,Male,Mobile,0,1,1,0,0,1,3,38.1,1.2,17,24,697.4,5,4,Credit Card,1,Mobile,North India,5,0
OTT09589,37,Male,Basic,0,1,1,0,1,1,4,29.9,1.2,4,34,676.32,2,2,Wallet,1,Laptop,West India,2,0
OTT09590,35,Male,Mobile,0,1,0,0,0,1,2,33.0,0.7,29,44,631.85,4,1,Credit Card,1,Smart TV,West India,2,0
OTT09591,46,Female,Standard,1,1,1,1,0,0,4,23.0,1.1,46,31,1203.05,2,1,UPI,1,Smart TV,West India,5,1
OTT09592,45,Male,Premium,0,1,0,0,0,0,1,32.4,1.4,28,34,590.33,2,2,UPI,1,Laptop,East India,1,0
OTT09593,51,Female,Standard,1,1,0,1,1,1,5,47.9,2.6,23,35,532.0,5,3,Debit Card,1,Tablet,West India,4,0
OTT09594,38,Female,Standard,1,1,1,0,0,0,3,13.0,0.9,11,19,981.09,4,3,Debit Card,1,Mobile,South India,3,0
OTT09595,37,Female,Basic,1,0,0,1,1,0,3,15.0,1.0,20,38,695.08,4,1,UPI,1,Smart TV,East India,3,0
OTT09596,23,Female,Basic,1,1,1,0,0,0,3,34.6,2.5,1,1,1043.69,1,1,UPI,1,Fire TV,North India,4,0
OTT09597,25,Female,Standard,0,0,0,1,1,0,2,5.5,0.2,36,24,532.31,1,0,Net Banking,1,Laptop,North India,1,0
OTT09598,53,Female,Mobile,0,0,0,1,0,1,2,49.5,2.8,46,8,698.44,3,1,UPI,1,Mobile,North India,1,0
OTT09599,60,Female,Mobile,1,0,1,1,0,1,4,54.8,1.1,44,20,1151.76,4,0,Debit Card,1,Fire TV,East India,4,0
OTT09600,43,Male,Basic,0,0,1,1,0,1,3,14.1,1.0,54,16,509.4,1,3,UPI,1,Smart TV,East India,2,1
OTT09601,32,Male,Basic,1,0,0,1,1,0,3,14.3,2.7,28,1,921.45,5,1,UPI,0,Mobile,West India,5,0
OTT09602,20,Male,Premium,0,0,0,1,0,1,2,3.5,1.8,16,7,215.31,1,0,UPI,1,Smart TV,South India,5,0
OTT09603,19,Female,Mobile,0,1,0,1,1,1,4,14.1,1.5,30,52,855.25,2,1,UPI,1,Mobile,South India,4,0
OTT09604,47,Male,Mobile,1,1,0,0,1,0,3,23.8,1.1,41,32,465.96,5,1,Wallet,1,Mobile,West India,5,0
OTT09605,45,Male,Mobile,0,0,0,1,0,1,2,7.7,0.8,44,43,896.53,4,1,UPI,1,Smart TV,North India,5,0
OTT09606,30,Male,Basic,1,0,1,1,1,1,5,40.3,2.8,37,21,333.81,4,2,Debit Card,0,Laptop,South India,4,0
OTT09607,26,Female,Basic,1,0,1,1,0,0,3,38.7,2.0,10,4,934.29,1,3,UPI,0,Mobile,South India,3,0
OTT09608,20,Male,Basic,0,1,0,1,0,1,3,27.2,0.5,19,42,628.96,1,0,UPI,1,Laptop,North India,5,0
OTT09609,47,Male,Mobile,1,1,1,1,1,1,6,17.2,3.0,7,26,761.26,1,0,Wallet,1,Smart TV,South India,1,0
OTT09610,44,Male,Mobile,0,1,1,1,0,0,3,15.8,0.3,16,29,680.11,2,2,Debit Card,0,Mobile,South India,1,0
OTT09611,32,Male,Standard,0,1,1,1,1,1,5,33.6,0.8,23,7,616.62,4,3,Net Banking,0,Smart TV,Central India,5,0
OTT09612,49,Female,Standard,1,1,1,0,1,0,4,45.1,0.6,53,13,460.64,5,0,UPI,1,Smart TV,South India,4,1
OTT09613,54,Male,Standard,1,0,1,1,0,0,3,17.1,0.3,22,35,375.94,4,0,Debit Card,0,Mobile,North India,5,0
OTT09614,40,Male,Mobile,0,0,1,0,1,0,2,45.8,1.5,24,27,840.5,2,3,Credit Card,0,Mobile,North India,5,0
OTT09615,29,Other,Basic,0,0,1,0,0,0,1,30.3,1.0,38,37,326.72,1,1,Credit Card,1,Tablet,Central India,5,0
OTT09616,18,Male,Premium,0,1,0,1,0,1,3,46.5,1.1,60,44,600.87,5,1,Debit Card,1,Laptop,West India,4,0
OTT09617,52,Female,Mobile,0,0,0,0,0,1,1,19.7,2.0,17,31,361.14,5,1,Debit Card,1,Smart TV,South India,3,0
OTT09618,42,Female,Basic,1,0,0,0,0,0,1,10.8,0.5,50,32,547.94,1,3,Credit Card,0,Mobile,East India,5,1
OTT09619,32,Male,Basic,0,0,0,1,1,1,3,46.5,1.8,56,29,117.08,5,1,Credit Card,0,Mobile,North India,2,0
OTT09620,18,Male,Mobile,1,0,1,1,1,0,4,16.3,4.9,50,26,974.47,2,0,Debit Card,1,Tablet,South India,4,0
OTT09621,53,Male,Standard,0,0,0,0,1,1,2,40.8,0.9,10,40,845.41,3,0,Credit Card,1,Smart TV,North India,4,0
OTT09622,57,Male,Standard,1,1,1,0,1,0,4,5.6,5.4,13,22,630.32,3,1,Credit Card,1,Laptop,North India,4,0
OTT09623,38,Male,Basic,1,1,1,1,0,1,5,24.5,2.2,47,26,695.49,4,0,Debit Card,0,Smart TV,North India,1,0
OTT09624,29,Female,Basic,1,0,1,0,1,1,4,30.4,2.4,25,42,974.17,3,3,UPI,1,Smart TV,West India,4,0
OTT09625,44,Male,Basic,1,1,0,0,1,1,4,27.0,1.5,28,54,494.11,4,1,Debit Card,1,Smart TV,North India,4,0
OTT09626,55,Male,Basic,1,1,1,1,0,0,4,27.3,0.6,7,43,1011.75,4,2,Wallet,1,Mobile,North India,3,0
OTT09627,43,Female,Premium,1,0,0,0,0,1,2,22.6,1.2,9,36,446.98,3,0,Credit Card,1,Mobile,East India,2,0
OTT09628,18,Male,Standard,1,1,1,0,0,0,3,21.5,2.2,22,38,634.0,5,2,UPI,0,Laptop,North India,2,0
OTT09629,26,Female,Basic,1,1,0,1,1,1,5,28.9,0.7,43,8,255.54,3,3,Credit Card,0,Fire TV,East India,2,0
OTT09630,22,Male,Basic,0,1,1,1,1,0,4,44.3,1.7,60,35,1030.1,1,0,UPI,0,Smart TV,East India,1,0
OTT09631,35,Female,Standard,1,1,1,0,0,1,4,16.2,2.9,4,37,565.08,1,1,Credit Card,1,Mobile,West India,2,1
OTT09632,37,Female,Basic,1,1,1,1,1,1,6,34.4,0.8,38,22,740.1,2,4,Credit Card,1,Mobile,West India,5,0
OTT09633,41,Female,Premium,0,1,0,0,1,0,2,11.1,3.2,56,44,429.81,2,1,Wallet,1,Laptop,Central India,2,1
OTT09634,50,Female,Premium,0,1,0,1,0,0,2,31.7,0.8,20,45,587.45,5,2,UPI,1,Laptop,Central India,1,0
OTT09635,22,Male,Basic,0,1,0,1,1,1,4,18.2,4.0,54,57,363.1,1,3,Wallet,1,Smart TV,East India,1,0
OTT09636,58,Male,Standard,0,0,0,1,0,0,1,14.7,2.2,17,53,407.42,4,1,Wallet,1,Mobile,Central India,5,0
OTT09637,29,Male,Basic,0,0,0,1,1,1,3,28.5,1.6,33,28,187.69,4,0,Wallet,1,Smart TV,North India,5,0
OTT09638,40,Male,Mobile,0,1,1,0,1,1,4,48.2,3.3,13,8,570.22,2,1,UPI,1,Laptop,South India,1,0
OTT09639,27,Female,Premium,1,1,0,0,1,0,3,13.4,2.5,50,11,443.96,2,0,Credit Card,1,Fire TV,South India,4,0
OTT09640,33,Male,Standard,0,0,1,1,0,0,2,11.8,2.0,6,56,1260.99,3,1,UPI,1,Fire TV,South India,5,0
OTT09641,53,Male,Standard,0,0,1,1,1,1,4,24.4,0.8,35,18,325.96,2,1,UPI,0,Smart TV,North India,2,0
OTT09642,19,Female,Premium,0,1,0,1,0,0,2,15.1,1.7,10,14,444.98,1,1,Net Banking,1,Mobile,South India,2,0
OTT09643,38,Male,Mobile,1,1,0,1,1,1,5,24.8,2.0,12,36,851.63,2,0,Credit Card,0,Laptop,West India,4,0
OTT09644,43,Female,Standard,0,0,0,0,0,1,1,19.6,2.7,22,9,359.46,5,1,UPI,1,Mobile,South India,5,0
OTT09645,42,Male,Premium,0,1,1,1,1,1,5,11.9,1.1,5,5,596.63,5,0,UPI,0,Fire TV,Central India,5,0
OTT09646,34,Female,Standard,0,0,0,1,1,1,3,16.4,0.9,26,41,835.25,4,1,Debit Card,1,Mobile,West India,3,0
OTT09647,34,Male,Basic,1,0,1,1,0,0,3,41.1,1.0,19,7,814.08,1,0,Wallet,0,Smart TV,North India,4,0
OTT09648,57,Female,Basic,0,0,0,1,1,1,3,20.9,2.5,23,27,644.19,2,1,UPI,0,Smart TV,West India,2,0
OTT09649,28,Female,Premium,0,0,1,0,0,1,2,23.8,1.0,10,38,604.43,4,2,UPI,1,Smart TV,North India,3,0
OTT09650,38,Female,Basic,0,1,1,1,0,0,3,14.7,2.5,9,59,900.34,2,2,Debit Card,1,Laptop,South India,1,0
OTT09651,33,Other,Premium,1,1,0,1,1,1,5,28.4,1.9,44,20,970.66,2,0,UPI,1,Mobile,South India,5,0
OTT09652,50,Female,Basic,1,1,1,0,0,1,4,35.3,2.1,17,25,648.17,4,1,Credit Card,1,Smart TV,North India,4,0
OTT09653,52,Male,Mobile,0,0,1,0,0,1,2,25.9,4.3,34,31,773.3,1,2,Debit Card,1,Smart TV,North India,3,0
OTT09654,54,Male,Basic,0,1,1,1,1,0,4,20.4,2.7,27,40,483.09,4,1,UPI,1,Smart TV,Central India,4,0
OTT09655,21,Female,Standard,1,1,1,1,0,1,5,38.7,3.3,18,13,948.88,3,0,Credit Card,0,Laptop,North India,5,0
OTT09656,22,Female,Mobile,1,1,0,1,1,0,4,24.3,1.0,5,9,844.68,3,0,UPI,1,Mobile,East India,3,0
OTT09657,34,Female,Basic,0,1,0,1,0,1,3,43.7,0.6,31,43,537.83,1,1,Net Banking,1,Smart TV,South India,4,0
OTT09658,36,Female,Premium,0,0,0,0,1,0,1,32.8,0.7,3,26,480.9,1,2,Wallet,1,Smart TV,East India,3,0
OTT09659,20,Male,Mobile,1,1,1,1,0,1,5,20.1,0.6,16,30,1133.48,2,3,Debit Card,1,Smart TV,North India,5,0
OTT09660,56,Male,Standard,1,0,1,1,0,0,3,9.3,0.8,48,41,486.39,3,2,Wallet,1,Smart TV,North India,2,0
OTT09661,56,Male,Basic,1,1,1,0,0,0,3,33.2,1.4,8,28,569.0,5,0,Credit Card,0,Mobile,North India,2,0
OTT09662,36,Female,Standard,0,1,0,1,1,1,4,43.9,1.2,12,8,277.93,5,1,Debit Card,1,Mobile,East India,4,0
OTT09663,51,Male,Standard,1,0,0,1,0,0,2,13.1,2.3,51,24,915.14,2,1,Credit Card,1,Mobile,North India,3,0
OTT09664,42,Male,Premium,0,0,1,1,1,1,4,23.0,0.9,18,35,483.86,2,2,UPI,1,Mobile,North India,3,0
OTT09665,46,Female,Basic,0,0,0,0,1,0,1,33.0,1.1,29,37,634.72,2,2,Net Banking,0,Laptop,East India,3,0
OTT09666,55,Male,Standard,0,1,1,1,0,1,4,20.2,2.1,6,58,610.09,4,1,Wallet,0,Mobile,East India,1,0
OTT09667,21,Male,Mobile,1,1,1,1,1,1,6,24.5,1.7,28,17,1292.09,2,3,UPI,1,Mobile,West India,2,0
OTT09668,28,Male,Standard,1,1,1,1,1,1,6,53.0,1.2,11,18,1131.63,1,1,UPI,0,Mobile,North India,5,0
OTT09669,36,Female,Mobile,1,1,0,1,1,1,5,28.2,3.8,24,48,722.26,1,0,Net Banking,1,Laptop,South India,3,0
OTT09670,56,Male,Standard,1,1,0,1,1,1,5,15.1,3.0,51,37,450.91,4,1,Credit Card,1,Mobile,North India,3,0
OTT09671,43,Female,Basic,1,1,0,0,0,0,2,24.3,5.0,32,12,669.12,3,1,Credit Card,1,Tablet,South India,5,0
OTT09672,35,Female,Standard,1,1,1,1,1,1,6,24.5,4.4,56,38,614.85,4,3,Credit Card,1,Mobile,East India,5,0
OTT09673,19,Female,Basic,1,1,1,1,0,1,5,13.2,0.4,58,52,1079.54,3,2,UPI,1,Mobile,North India,5,0
OTT09674,43,Female,Standard,1,1,0,0,0,1,3,64.0,1.9,25,51,1355.93,1,0,UPI,1,Tablet,North India,3,0
OTT09675,29,Male,Mobile,0,0,1,1,0,1,3,4.7,1.4,16,33,727.56,5,0,Credit Card,1,Smart TV,North India,2,0
OTT09676,32,Male,Standard,0,0,1,0,0,0,1,9.4,2.4,12,10,859.67,5,1,Credit Card,0,Fire TV,West India,5,0
OTT09677,60,Male,Premium,1,0,0,1,1,0,3,13.0,4.8,37,30,1185.44,5,2,Debit Card,1,Mobile,North India,2,0
OTT09678,40,Female,Basic,1,1,1,0,0,1,4,9.4,2.4,42,43,784.1,5,0,Wallet,1,Mobile,East India,4,0
OTT09679,23,Male,Mobile,1,0,0,0,1,1,3,7.3,1.6,47,48,411.9,3,0,Credit Card,1,Laptop,West India,3,0
OTT09680,20,Female,Standard,0,1,1,0,1,0,3,53.1,1.4,12,34,607.46,4,1,UPI,0,Smart TV,South India,2,0
OTT09681,34,Female,Mobile,1,0,0,1,0,1,3,34.2,3.1,40,12,637.53,4,2,Wallet,1,Mobile,South India,2,0
OTT09682,20,Female,Basic,1,0,0,0,0,0,1,39.6,2.7,41,33,436.56,4,0,UPI,1,Tablet,Central India,5,0
OTT09683,36,Male,Mobile,1,1,1,1,1,1,6,19.4,1.4,30,8,652.77,4,3,Credit Card,1,Mobile,South India,4,0
OTT09684,35,Female,Basic,0,0,1,0,0,1,2,45.0,0.5,41,39,214.2,3,0,Debit Card,1,Mobile,Central India,1,0
OTT09685,55,Male,Premium,1,0,0,1,0,0,2,33.3,1.7,29,47,99.0,2,1,Net Banking,0,Smart TV,East India,2,0
OTT09686,32,Female,Mobile,0,0,0,0,1,0,1,18.9,1.0,48,48,624.1,1,2,Credit Card,1,Smart TV,East India,3,0
OTT09687,29,Female,Standard,1,1,1,1,0,1,5,31.3,0.9,18,31,579.41,5,3,UPI,1,Mobile,East India,1,0
OTT09688,44,Male,Basic,1,1,1,0,1,1,5,10.2,0.4,15,44,1142.27,3,2,Wallet,1,Tablet,West India,5,0
OTT09689,45,Female,Basic,0,0,0,0,0,1,1,28.7,4.0,37,7,509.78,1,1,UPI,1,Smart TV,South India,5,0
OTT09690,19,Female,Standard,1,0,0,1,0,0,2,21.8,5.2,19,4,729.42,5,1,Wallet,1,Mobile,North India,2,0
OTT09691,21,Female,Standard,0,1,0,1,0,1,3,52.7,1.3,30,9,527.3,5,0,UPI,0,Laptop,North India,2,0
OTT09692,25,Male,Premium,1,0,0,0,1,0,2,41.2,1.4,15,29,131.58,4,2,Debit Card,1,Smart TV,South India,1,0
OTT09693,51,Male,Basic,1,0,1,1,1,0,4,10.0,1.8,14,56,631.65,3,1,Credit Card,0,Smart TV,Central India,3,0
OTT09694,27,Male,Mobile,0,1,0,0,0,0,1,13.9,1.2,38,41,709.03,5,0,Debit Card,0,Tablet,West India,1,0
OTT09695,60,Female,Basic,1,0,1,1,0,0,3,65.5,2.0,17,31,493.6,1,0,UPI,0,Smart TV,West India,5,0
OTT09696,36,Male,Standard,0,1,0,0,1,1,3,19.3,2.2,59,1,591.52,5,0,Net Banking,0,Smart TV,North India,2,0
OTT09697,58,Other,Standard,1,1,1,0,0,0,3,9.9,3.9,49,14,912.21,5,1,UPI,1,Fire TV,Central India,3,0
OTT09698,28,Female,Standard,1,1,0,0,0,1,3,35.1,0.6,25,19,571.88,2,2,UPI,1,Smart TV,South India,1,0
OTT09699,36,Male,Premium,0,1,1,0,0,0,2,48.6,2.0,14,5,1005.35,2,2,Credit Card,0,Laptop,North India,2,0
OTT09700,23,Female,Mobile,1,0,0,1,0,0,2,21.3,1.3,20,7,709.4,4,1,Credit Card,1,Tablet,South India,3,0
OTT09701,54,Male,Premium,0,0,0,1,0,0,1,30.7,1.2,27,30,945.26,4,0,Wallet,0,Smart TV,South India,3,0
OTT09702,43,Male,Premium,0,0,0,0,1,0,1,23.1,0.2,35,19,1092.88,4,1,UPI,0,Mobile,South India,2,0
OTT09703,21,Male,Mobile,1,1,1,1,1,1,6,35.3,0.9,21,24,397.01,1,2,Credit Card,0,Mobile,Central India,1,0
OTT09704,49,Female,Basic,0,0,1,0,1,0,2,15.0,2.2,21,46,950.76,5,2,Credit Card,1,Laptop,North India,2,0
OTT09705,56,Female,Standard,1,0,1,0,0,0,2,27.5,0.9,30,20,1019.96,5,1,UPI,1,Mobile,East India,3,0
OTT09706,47,Male,Basic,1,0,1,0,0,0,2,40.7,1.8,6,48,950.41,2,2,Debit Card,0,Mobile,East India,3,0
OTT09707,52,Male,Mobile,0,1,1,1,0,1,4,18.9,1.4,2,54,575.31,1,0,Wallet,1,Mobile,South India,4,0
OTT09708,29,Male,Basic,1,0,1,1,1,1,5,39.0,1.7,30,41,99.0,1,3,Credit Card,1,Smart TV,East India,3,0
OTT09709,36,Female,Standard,0,1,0,1,1,1,4,34.4,0.9,43,41,1336.16,1,2,UPI,1,Smart TV,North India,4,1
OTT09710,54,Male,Premium,0,1,1,0,0,1,3,11.7,1.3,35,9,210.26,1,1,Credit Card,0,Tablet,North India,5,1
OTT09711,44,Female,Premium,0,0,1,1,1,1,4,15.3,1.9,4,4,1208.87,1,0,Credit Card,1,Mobile,East India,3,0
OTT09712,44,Female,Premium,1,1,0,1,0,0,3,36.8,1.1,26,44,323.67,3,3,Debit Card,1,Smart TV,East India,2,0
OTT09713,50,Male,Basic,1,1,1,0,1,1,5,15.2,2.2,33,35,298.42,3,3,Net Banking,0,Mobile,East India,2,0
OTT09714,44,Female,Standard,1,1,0,0,1,1,4,4.8,1.0,46,44,672.41,5,1,Credit Card,1,Tablet,North India,2,1
OTT09715,23,Female,Mobile,0,0,0,0,1,0,1,26.3,2.6,41,39,631.44,4,2,Wallet,1,Smart TV,North India,1,0
OTT09716,27,Female,Standard,1,1,0,0,1,0,3,25.2,0.4,41,3,1261.6,3,0,UPI,1,Smart TV,South India,2,1
OTT09717,51,Female,Premium,0,0,1,0,1,0,2,35.7,1.5,0,33,467.13,4,2,Debit Card,1,Laptop,Central India,5,0
OTT09718,28,Male,Premium,0,0,0,0,0,1,1,46.6,2.1,28,34,907.07,5,5,UPI,1,Laptop,South India,1,0
OTT09719,46,Female,Standard,1,0,1,1,1,1,5,25.3,1.5,56,40,793.19,2,1,Net Banking,0,Smart TV,East India,5,0
OTT09720,38,Male,Mobile,0,0,0,0,0,1,1,29.1,2.6,57,31,402.29,5,2,UPI,0,Mobile,North India,3,1
OTT09721,44,Female,Basic,1,0,1,1,1,0,4,9.5,1.2,47,29,807.25,1,2,Debit Card,1,Mobile,South India,3,0
OTT09722,28,Male,Standard,1,1,1,1,1,1,6,19.6,1.2,35,39,629.3,5,0,Credit Card,1,Smart TV,South India,2,0
OTT09723,31,Male,Basic,1,0,0,0,1,1,3,74.9,0.3,50,37,981.92,3,0,Debit Card,1,Mobile,South India,2,0
OTT09724,47,Male,Basic,0,1,0,1,0,1,3,32.6,2.5,21,42,591.09,1,0,Credit Card,1,Laptop,South India,3,0
OTT09725,25,Male,Premium,1,0,1,1,0,0,3,47.6,2.9,27,18,1067.52,1,2,Debit Card,1,Mobile,West India,5,1
OTT09726,31,Male,Mobile,1,1,0,0,1,1,4,19.5,2.7,22,4,756.35,1,1,UPI,1,Laptop,East India,2,0
OTT09727,60,Male,Basic,0,0,1,1,0,0,2,17.8,1.1,6,29,313.66,1,1,UPI,0,Mobile,South India,1,0
OTT09728,24,Female,Basic,1,0,0,0,0,1,2,17.5,0.4,1,15,153.74,5,1,UPI,1,Smart TV,North India,5,0
OTT09729,42,Female,Mobile,1,0,1,1,0,0,3,40.0,4.2,20,12,1164.5,2,1,Wallet,0,Mobile,South India,5,0
OTT09730,24,Male,Basic,1,1,0,1,1,1,5,21.7,1.4,40,50,636.19,2,2,Debit Card,1,Smart TV,South India,3,0
OTT09731,48,Female,Basic,1,0,0,0,1,0,2,9.3,0.5,43,34,634.24,2,1,Debit Card,0,Laptop,West India,5,0
OTT09732,23,Female,Standard,0,1,0,1,1,0,3,22.9,3.4,45,32,722.44,1,0,UPI,1,Smart TV,East India,5,0
OTT09733,42,Male,Basic,1,1,1,1,1,1,6,18.1,0.3,34,19,640.97,1,0,Net Banking,1,Fire TV,South India,5,0
OTT09734,36,Female,Basic,1,0,0,1,0,0,2,41.3,4.0,13,49,684.54,2,0,Debit Card,1,Mobile,South India,2,0
OTT09735,47,Male,Premium,1,0,0,0,0,0,1,63.4,0.4,51,52,194.78,5,1,Debit Card,0,Smart TV,South India,5,0
OTT09736,18,Female,Standard,1,0,0,0,1,1,3,9.5,1.4,46,16,913.97,1,1,Credit Card,1,Laptop,South India,2,1
OTT09737,40,Female,Standard,0,1,0,0,0,0,1,33.2,1.4,12,30,700.19,5,1,Debit Card,1,Smart TV,East India,2,0
OTT09738,41,Male,Standard,0,0,1,1,0,0,2,44.5,1.8,41,57,848.01,5,1,UPI,1,Fire TV,North India,1,0
OTT09739,28,Female,Standard,0,0,1,1,0,1,3,36.8,2.2,14,36,497.0,1,1,Debit Card,1,Laptop,West India,2,0
OTT09740,30,Male,Basic,0,1,1,1,0,1,4,17.9,1.0,3,28,649.65,5,1,Credit Card,1,Smart TV,South India,5,0
OTT09741,48,Female,Premium,0,0,1,1,0,1,3,20.5,1.2,3,45,250.38,3,1,UPI,0,Mobile,South India,5,0
OTT09742,41,Male,Basic,0,1,0,1,1,0,3,24.8,1.0,16,30,963.73,4,2,Net Banking,1,Laptop,South India,2,0
OTT09743,42,Female,Standard,0,1,0,1,0,1,3,16.2,3.1,13,4,618.44,3,2,Net Banking,1,Mobile,South India,2,0
OTT09744,58,Female,Standard,1,1,1,1,0,0,4,27.7,2.0,60,18,99.0,1,1,Wallet,1,Smart TV,Central India,4,0
OTT09745,35,Male,Premium,1,1,1,1,0,0,4,49.4,3.0,58,52,551.36,4,0,Debit Card,0,Smart TV,East India,3,0
OTT09746,55,Female,Standard,0,0,1,1,1,1,4,32.9,1.2,0,48,759.23,4,1,UPI,0,Laptop,South India,1,0
OTT09747,59,Male,Basic,0,1,1,0,1,1,4,7.9,1.2,60,52,1065.1,3,0,Wallet,1,Tablet,Central India,2,1
OTT09748,42,Female,Basic,1,1,1,0,1,1,5,23.1,0.5,56,42,242.44,1,0,UPI,1,Smart TV,Central India,2,0
OTT09749,27,Female,Standard,1,1,0,0,1,1,4,59.9,2.5,58,21,1017.92,2,0,UPI,1,Smart TV,North India,3,0
OTT09750,35,Male,Basic,0,1,0,0,0,1,2,15.0,1.6,49,52,851.02,2,1,Net Banking,1,Mobile,South India,4,0
OTT09751,20,Male,Premium,1,1,1,1,1,1,6,36.7,1.4,7,27,525.61,1,1,UPI,0,Mobile,Central India,4,0
OTT09752,48,Male,Premium,1,1,1,1,1,0,5,11.7,1.0,44,26,902.42,1,2,Wallet,1,Fire TV,West India,4,0
OTT09753,29,Female,Mobile,0,0,0,0,1,1,2,32.8,1.2,46,48,739.57,2,4,Credit Card,1,Mobile,South India,4,0
OTT09754,57,Female,Basic,0,0,0,0,1,0,1,20.5,2.0,33,49,496.03,5,1,UPI,1,Smart TV,East India,5,0
OTT09755,46,Male,Premium,0,1,1,0,1,0,3,52.8,2.4,6,47,961.37,2,0,Debit Card,1,Mobile,North India,1,0
OTT09756,39,Male,Basic,1,0,0,1,0,1,3,52.6,0.9,15,27,1042.48,2,1,Debit Card,1,Smart TV,North India,3,1
OTT09757,26,Female,Basic,1,0,0,1,1,1,4,9.8,2.3,31,44,257.16,4,0,Credit Card,1,Mobile,South India,3,0
OTT09758,22,Male,Basic,1,0,1,0,1,0,3,22.8,1.5,9,19,752.89,5,0,Credit Card,1,Mobile,South India,2,0
OTT09759,46,Male,Mobile,0,0,0,1,0,0,1,19.3,1.9,59,23,606.67,1,2,Credit Card,1,Smart TV,South India,5,1
OTT09760,50,Female,Basic,0,0,0,1,1,0,2,36.2,1.3,3,60,782.77,1,2,Wallet,1,Laptop,North India,5,0
OTT09761,29,Male,Standard,1,1,1,1,1,0,5,77.2,1.2,32,59,558.71,2,0,Debit Card,1,Smart TV,Central India,2,0
OTT09762,18,Female,Standard,0,0,0,0,0,1,1,22.0,1.3,34,17,1074.69,3,0,Credit Card,1,Mobile,South India,2,0
OTT09763,31,Male,Mobile,1,1,0,1,0,1,4,49.7,0.5,28,18,124.81,3,1,Wallet,1,Mobile,Central India,3,0
OTT09764,50,Female,Standard,0,0,0,1,0,1,2,21.1,1.1,53,12,700.87,5,1,UPI,1,Laptop,South India,1,0
OTT09765,42,Male,Basic,1,0,0,0,1,1,3,26.8,0.3,7,24,502.13,4,0,UPI,1,Mobile,North India,5,0
OTT09766,21,Male,Standard,1,0,0,0,1,1,3,22.2,2.4,9,36,584.51,2,2,Credit Card,1,Mobile,South India,1,0
OTT09767,22,Male,Basic,0,0,1,0,1,0,2,36.3,0.5,3,52,109.14,2,1,Wallet,0,Laptop,South India,4,0
OTT09768,22,Female,Premium,1,0,1,1,1,0,4,54.6,2.1,14,46,1006.97,3,0,Wallet,1,Mobile,South India,4,0
OTT09769,50,Female,Premium,1,1,1,0,0,1,4,40.5,0.7,2,39,257.32,3,1,Credit Card,1,Smart TV,South India,3,0
OTT09770,51,Male,Standard,0,0,0,0,1,0,1,20.2,3.4,9,9,777.26,2,0,UPI,1,Fire TV,East India,1,0
OTT09771,35,Female,Standard,0,0,1,1,0,1,3,11.6,0.3,37,10,494.29,5,0,Wallet,0,Mobile,North India,5,0
OTT09772,47,Male,Standard,0,0,1,1,1,1,4,16.1,1.4,37,49,572.24,1,2,UPI,1,Smart TV,South India,1,0
OTT09773,18,Male,Basic,0,1,1,1,1,0,4,47.4,3.4,45,47,814.19,2,0,Wallet,1,Mobile,North India,5,0
OTT09774,42,Male,Standard,0,1,1,0,1,0,3,27.3,2.2,46,59,996.1,5,0,UPI,1,Laptop,South India,1,0
OTT09775,29,Female,Premium,1,0,1,1,0,1,4,28.9,1.1,46,17,278.2,3,0,UPI,0,Tablet,West India,5,1
OTT09776,53,Male,Premium,0,0,0,0,0,1,1,39.2,4.7,51,31,534.41,1,2,UPI,1,Smart TV,West India,4,1
OTT09777,39,Male,Standard,0,0,1,0,0,0,1,25.1,1.3,46,42,727.97,3,0,Wallet,0,Laptop,South India,1,0
OTT09778,54,Female,Standard,0,1,1,1,0,1,4,42.1,1.3,14,58,637.49,3,1,Debit Card,0,Smart TV,South India,2,0
OTT09779,42,Female,Basic,1,0,1,0,1,1,4,22.3,2.7,60,2,887.99,2,0,Wallet,0,Laptop,North India,5,1
OTT09780,37,Male,Mobile,0,1,1,1,1,0,4,19.6,1.2,42,9,1071.81,3,1,UPI,0,Tablet,East India,2,0
OTT09781,58,Female,Standard,0,0,1,0,1,0,2,12.6,1.3,7,56,463.02,2,1,Credit Card,1,Smart TV,North India,2,0
OTT09782,60,Male,Premium,0,0,0,1,1,1,3,5.6,1.0,27,35,415.58,1,2,Wallet,1,Laptop,South India,1,0
OTT09783,37,Female,Premium,1,1,1,0,1,0,4,27.7,2.0,55,19,804.53,5,2,Credit Card,1,Smart TV,South India,5,0
OTT09784,33,Male,Premium,0,0,1,1,0,0,2,37.8,2.3,60,54,317.03,5,2,Credit Card,0,Smart TV,North India,5,0
OTT09785,45,Female,Basic,0,1,0,1,0,1,3,37.7,0.9,58,18,783.0,5,1,Net Banking,0,Smart TV,Central India,4,1
OTT09786,25,Female,Standard,0,1,0,1,0,1,3,48.4,3.1,42,28,635.2,1,0,Credit Card,1,Smart TV,North India,1,1
OTT09787,34,Male,Standard,0,1,0,0,1,0,2,24.1,1.0,35,54,603.77,5,4,UPI,1,Mobile,West India,5,0
OTT09788,54,Male,Standard,0,1,1,0,0,1,3,48.0,0.8,6,50,848.21,2,0,UPI,0,Laptop,East India,4,0
OTT09789,56,Male,Mobile,0,1,0,1,0,0,2,25.8,0.6,35,50,513.6,2,0,UPI,0,Mobile,South India,4,0
OTT09790,35,Female,Standard,0,1,1,1,1,1,5,12.4,2.9,18,40,1569.57,2,1,Wallet,1,Laptop,South India,1,0
OTT09791,34,Female,Basic,0,1,0,0,0,1,2,32.3,0.7,16,48,566.97,3,0,UPI,1,Mobile,North India,2,0
OTT09792,55,Female,Standard,1,1,0,0,0,0,2,12.9,4.2,41,16,441.59,1,0,Wallet,1,Laptop,South India,3,0
OTT09793,26,Female,Premium,1,0,0,0,0,0,1,24.1,0.6,14,14,1286.07,2,1,Credit Card,1,Mobile,South India,4,0
OTT09794,20,Female,Standard,0,0,0,0,1,0,1,43.7,1.3,42,55,642.66,3,1,UPI,1,Fire TV,North India,2,0
OTT09795,21,Female,Basic,1,0,1,0,0,0,2,4.1,0.7,26,47,351.64,4,0,Credit Card,0,Laptop,South India,2,0
OTT09796,22,Female,Basic,0,1,1,0,0,1,3,7.3,1.0,23,23,603.79,5,1,UPI,1,Smart TV,North India,1,0
OTT09797,55,Male,Standard,1,0,0,0,0,0,1,26.6,1.4,17,10,1161.15,1,0,Credit Card,1,Tablet,West India,5,0
OTT09798,19,Female,Standard,1,0,0,0,1,0,2,16.4,4.1,18,3,720.99,5,3,Net Banking,1,Smart TV,West India,5,0
OTT09799,32,Male,Mobile,0,0,0,0,0,1,1,43.9,2.5,48,33,392.47,3,1,Debit Card,0,Mobile,South India,4,0
OTT09800,43,Male,Standard,1,0,0,1,1,0,3,57.4,0.2,15,14,917.07,1,1,Wallet,1,Smart TV,South India,3,0
OTT09801,44,Male,Premium,0,0,1,0,0,0,1,21.4,1.4,39,33,826.98,2,0,Credit Card,1,Mobile,North India,3,0
OTT09802,53,Male,Mobile,1,1,0,0,0,1,3,35.3,1.4,19,48,819.33,5,0,Debit Card,0,Fire TV,North India,1,0
OTT09803,60,Female,Standard,1,0,1,1,0,1,4,9.9,1.1,41,25,191.32,3,1,UPI,1,Laptop,South India,1,1
OTT09804,35,Male,Premium,1,0,0,1,1,1,4,29.6,1.7,5,44,354.57,4,1,UPI,1,Smart TV,South India,2,0
OTT09805,28,Male,Standard,0,0,1,0,1,0,2,13.7,5.3,56,53,216.65,2,2,UPI,1,Smart TV,West India,5,1
OTT09806,21,Female,Premium,1,1,1,1,0,1,5,14.8,1.0,22,41,554.15,3,1,Wallet,0,Tablet,North India,3,0
OTT09807,56,Female,Standard,0,0,1,1,1,1,4,23.1,2.1,10,53,1059.08,3,1,Debit Card,1,Tablet,West India,4,0
OTT09808,34,Male,Standard,0,0,1,0,0,0,1,14.9,0.5,9,6,128.48,3,0,Credit Card,0,Mobile,West India,4,0
OTT09809,56,Male,Basic,0,1,1,1,0,0,3,30.3,0.3,45,42,315.41,5,3,UPI,1,Smart TV,North India,5,0
OTT09810,32,Male,Mobile,1,1,0,1,0,1,4,25.2,1.3,13,47,168.9,3,0,UPI,1,Mobile,North India,4,0
OTT09811,50,Female,Mobile,0,0,0,1,1,0,2,17.1,2.4,16,42,868.87,2,1,Credit Card,1,Mobile,Central India,3,0
OTT09812,45,Male,Standard,1,0,0,1,1,0,3,16.3,1.3,14,37,1173.31,2,2,Net Banking,1,Smart TV,West India,1,0
OTT09813,48,Female,Basic,1,0,0,1,1,0,3,33.1,2.3,18,38,720.94,3,1,Wallet,1,Smart TV,East India,3,0
OTT09814,46,Male,Basic,0,0,1,0,0,0,1,37.5,2.3,10,8,782.2,5,2,UPI,0,Smart TV,West India,1,0
OTT09815,31,Female,Standard,1,1,1,1,1,1,6,26.6,7.2,35,32,638.82,3,1,UPI,1,Smart TV,Central India,1,0
OTT09816,22,Male,Mobile,0,0,0,1,1,0,2,35.9,2.0,30,27,598.24,1,1,Credit Card,1,Mobile,West India,1,0
OTT09817,18,Male,Basic,0,0,0,0,1,0,1,12.7,1.4,5,52,844.7,5,0,Debit Card,0,Smart TV,Central India,2,0
OTT09818,36,Male,Standard,0,0,0,1,0,0,1,14.0,2.0,40,20,393.54,3,1,UPI,1,Smart TV,South India,1,0
OTT09819,56,Male,Mobile,1,0,1,1,0,0,3,17.5,0.9,56,25,828.34,1,0,UPI,1,Mobile,Central India,4,0
OTT09820,45,Other,Standard,1,1,0,1,1,1,5,12.1,2.3,53,43,561.02,5,3,UPI,1,Laptop,Central India,2,1
OTT09821,46,Female,Mobile,1,1,1,0,0,1,4,4.4,2.1,20,9,637.63,4,2,Wallet,1,Mobile,South India,1,0
OTT09822,29,Male,Standard,1,1,0,1,1,1,5,21.7,3.6,31,26,491.99,3,2,UPI,1,Tablet,Central India,1,0
OTT09823,38,Female,Standard,1,0,0,1,0,1,3,15.7,0.7,26,35,99.0,3,2,UPI,0,Laptop,South India,4,0
OTT09824,35,Male,Standard,1,0,0,1,1,0,3,19.6,1.6,3,41,856.89,2,2,UPI,1,Mobile,Central India,3,0
OTT09825,23,Female,Basic,0,1,1,0,0,1,3,14.7,4.2,33,54,615.32,5,0,Debit Card,1,Fire TV,North India,5,0
OTT09826,44,Male,Standard,0,0,0,0,0,1,1,19.0,1.0,20,56,629.76,3,3,Credit Card,0,Laptop,West India,4,0
OTT09827,33,Male,Basic,0,1,1,1,1,1,5,25.0,0.1,52,3,1179.41,3,0,UPI,1,Smart TV,North India,3,1
OTT09828,35,Male,Standard,1,0,0,1,1,0,3,35.0,1.6,32,26,687.5,5,0,UPI,1,Smart TV,Central India,5,0
OTT09829,43,Male,Mobile,1,1,0,0,0,1,3,46.2,1.5,22,57,438.92,2,2,UPI,1,Smart TV,West India,3,0
OTT09830,19,Female,Mobile,0,0,1,1,0,1,3,21.1,1.4,43,53,214.67,4,0,Debit Card,1,Mobile,Central India,5,0
OTT09831,58,Male,Basic,1,1,0,1,1,0,4,15.5,1.8,10,38,557.33,2,1,Debit Card,1,Smart TV,South India,3,0
OTT09832,27,Male,Basic,0,1,0,1,0,0,2,7.9,2.4,13,22,762.61,1,2,UPI,0,Tablet,North India,3,0
OTT09833,47,Female,Mobile,1,1,0,1,0,1,4,68.4,7.8,36,42,241.62,5,2,UPI,1,Mobile,West India,3,0
OTT09834,51,Male,Mobile,1,1,1,1,0,0,4,37.1,1.0,46,19,949.88,4,2,Debit Card,0,Smart TV,South India,3,1
OTT09835,24,Male,Premium,0,1,1,1,1,1,5,27.2,0.9,49,39,534.72,5,1,Debit Card,1,Smart TV,West India,2,0
OTT09836,28,Female,Standard,0,0,0,0,0,1,1,10.3,2.3,44,10,598.9,1,2,UPI,1,Mobile,South India,1,0
OTT09837,35,Male,Standard,1,0,0,0,1,0,2,5.0,0.8,41,12,640.42,3,0,Debit Card,1,Mobile,South India,5,0
OTT09838,53,Female,Basic,0,1,0,0,1,1,3,7.7,1.1,45,44,246.18,1,2,Debit Card,1,Laptop,South India,4,0
OTT09839,45,Female,Mobile,1,0,1,1,1,1,5,17.9,1.2,48,36,497.99,2,1,Credit Card,0,Smart TV,West India,3,0
OTT09840,38,Male,Premium,1,1,1,1,1,1,6,16.0,3.4,40,45,759.44,4,1,UPI,1,Smart TV,West India,3,0
OTT09841,54,Male,Mobile,1,1,1,0,0,0,3,15.2,3.7,31,8,621.68,2,2,UPI,1,Mobile,South India,4,0
OTT09842,38,Male,Premium,0,1,0,0,0,1,2,16.7,0.3,14,8,505.06,1,0,Credit Card,1,Tablet,North India,3,1
OTT09843,56,Female,Standard,0,1,0,0,1,0,2,40.4,0.3,45,23,550.99,5,1,Credit Card,1,Mobile,West India,5,0
OTT09844,51,Female,Basic,0,0,0,1,1,1,3,10.3,1.5,35,56,798.99,1,0,UPI,0,Smart TV,North India,2,0
OTT09845,25,Female,Standard,0,0,0,1,0,1,2,7.3,2.9,11,9,1037.97,3,2,Debit Card,1,Smart TV,West India,1,0
OTT09846,34,Male,Standard,0,0,1,1,0,1,3,12.4,4.3,16,23,594.44,4,2,UPI,1,Mobile,West India,3,0
OTT09847,19,Female,Premium,1,0,0,1,1,1,4,12.7,1.6,59,43,396.42,5,3,UPI,0,Smart TV,South India,3,1
OTT09848,28,Male,Standard,0,1,1,0,0,1,3,17.6,3.6,55,40,1332.62,5,0,Debit Card,1,Mobile,North India,2,0
OTT09849,18,Female,Basic,0,1,1,0,1,0,3,7.8,0.9,4,31,929.94,1,0,Debit Card,1,Laptop,East India,5,0
OTT09850,22,Male,Standard,0,0,0,0,1,0,1,31.9,1.2,3,52,611.36,1,0,UPI,0,Laptop,East India,4,0
OTT09851,18,Female,Mobile,0,0,1,0,1,0,2,15.4,1.7,52,51,476.76,5,1,Debit Card,1,Tablet,South India,3,0
OTT09852,46,Female,Basic,1,1,1,0,1,0,4,21.9,1.1,41,31,1126.63,5,0,Credit Card,1,Laptop,Central India,5,0
OTT09853,35,Male,Standard,1,1,0,0,1,0,3,24.3,4.1,31,28,407.41,2,1,Credit Card,1,Fire TV,North India,5,0
OTT09854,38,Male,Basic,1,0,0,0,1,0,2,19.5,1.1,53,53,649.57,3,3,UPI,1,Mobile,North India,1,1
OTT09855,50,Female,Premium,0,0,0,0,0,1,1,3.5,1.9,29,38,840.01,3,1,Debit Card,1,Laptop,West India,3,0
OTT09856,52,Female,Premium,0,1,0,0,0,0,1,37.4,1.0,20,46,702.23,5,1,Credit Card,0,Tablet,West India,1,0
OTT09857,40,Female,Mobile,1,1,1,0,0,1,4,45.5,1.0,11,48,380.32,5,2,Wallet,1,Smart TV,East India,2,0
OTT09858,37,Male,Basic,1,1,0,0,1,0,3,10.9,0.7,15,23,534.98,4,1,Credit Card,0,Mobile,North India,1,0
OTT09859,45,Female,Basic,1,1,0,0,1,0,3,15.0,2.7,17,33,643.73,4,0,Debit Card,1,Laptop,East India,4,0
OTT09860,35,Male,Mobile,0,0,1,1,1,0,3,13.2,2.3,6,27,319.8,2,1,Credit Card,1,Tablet,North India,3,0
OTT09861,37,Female,Mobile,0,1,0,0,0,1,2,9.3,2.5,25,38,597.67,3,0,Wallet,1,Mobile,South India,2,1
OTT09862,30,Male,Premium,0,0,0,1,1,1,3,34.2,1.1,31,39,1058.25,1,0,Credit Card,1,Mobile,South India,2,0
OTT09863,26,Female,Mobile,1,0,0,0,0,0,1,30.3,1.2,44,35,1153.18,1,0,Debit Card,1,Tablet,South India,5,0
OTT09864,26,Female,Basic,1,0,1,1,1,1,5,15.3,2.2,11,53,584.99,4,1,Net Banking,1,Tablet,West India,2,0
OTT09865,46,Male,Basic,1,0,0,0,0,0,1,14.9,0.7,60,46,629.57,1,1,UPI,1,Laptop,South India,5,1
OTT09866,53,Female,Mobile,1,0,1,0,1,0,3,26.8,1.4,35,60,589.93,5,1,Credit Card,1,Smart TV,South India,1,0
OTT09867,36,Male,Standard,0,0,0,1,0,0,1,20.3,2.2,11,19,99.0,1,2,Wallet,1,Mobile,North India,2,0
OTT09868,22,Male,Premium,0,0,1,1,1,1,4,27.1,0.9,34,10,773.53,2,2,Credit Card,1,Fire TV,South India,3,0
OTT09869,44,Male,Basic,0,0,0,0,1,1,2,16.8,4.7,30,47,718.86,3,0,Wallet,0,Smart TV,North India,4,0
OTT09870,56,Male,Basic,1,1,0,1,1,1,5,25.5,2.0,7,38,934.87,3,3,Credit Card,1,Mobile,South India,2,0
OTT09871,40,Male,Premium,1,0,0,0,0,0,1,38.5,1.4,31,24,942.47,4,1,Debit Card,0,Fire TV,Central India,1,0
OTT09872,19,Female,Standard,0,0,1,1,1,1,4,22.0,1.1,42,55,818.15,3,0,UPI,1,Smart TV,North India,5,0
OTT09873,21,Female,Standard,1,1,1,0,0,1,4,52.0,2.3,1,54,821.62,3,2,Credit Card,1,Tablet,North India,4,0
OTT09874,40,Male,Basic,1,0,0,1,0,0,2,27.4,0.9,55,17,355.25,1,0,UPI,1,Smart TV,West India,1,1
OTT09875,55,Other,Standard,1,0,0,0,1,0,2,5.5,2.3,58,54,695.06,2,0,Debit Card,0,Smart TV,South India,5,0
OTT09876,20,Female,Basic,0,0,1,1,0,0,2,21.0,0.6,56,31,251.45,1,1,Credit Card,1,Mobile,West India,2,0
OTT09877,50,Male,Basic,1,0,0,1,1,1,4,32.8,1.4,59,6,538.2,4,2,Debit Card,1,Smart TV,West India,5,0
OTT09878,51,Male,Standard,1,1,0,1,1,1,5,29.2,2.6,9,43,1101.7,5,2,UPI,1,Fire TV,West India,4,0
OTT09879,20,Female,Basic,0,0,1,1,0,0,2,32.5,0.9,10,43,792.59,3,2,Credit Card,1,Smart TV,South India,2,0
OTT09880,27,Male,Standard,0,0,1,1,0,0,2,25.1,0.9,50,29,727.07,4,0,Credit Card,0,Laptop,North India,3,1
OTT09881,18,Male,Standard,0,1,0,1,0,0,2,50.5,1.5,7,31,635.7,5,1,UPI,1,Tablet,South India,1,0
OTT09882,42,Female,Standard,1,1,0,0,0,0,2,34.9,1.7,45,11,639.6,5,0,Credit Card,1,Smart TV,East India,4,1
OTT09883,25,Female,Standard,0,1,1,1,0,1,4,23.9,2.9,6,24,691.47,1,0,Wallet,1,Tablet,North India,3,0
OTT09884,57,Female,Basic,0,1,1,0,0,0,2,27.4,2.3,58,12,669.31,5,0,Credit Card,1,Mobile,Central India,3,0
OTT09885,21,Female,Standard,0,0,0,0,1,1,2,65.1,1.3,33,6,830.69,3,1,Wallet,1,Tablet,Central India,2,0
OTT09886,45,Male,Standard,0,1,1,1,1,1,5,48.2,1.3,15,36,1215.21,5,3,Debit Card,1,Smart TV,North India,1,0
OTT09887,51,Female,Mobile,0,1,1,1,0,1,4,20.6,2.4,12,5,1050.84,4,0,Debit Card,1,Mobile,East India,1,0
OTT09888,25,Female,Premium,1,1,0,1,1,0,4,27.8,0.6,35,60,524.24,1,0,UPI,1,Smart TV,West India,3,0
OTT09889,28,Male,Premium,0,0,1,0,0,0,1,50.3,0.8,10,10,474.87,5,3,UPI,1,Mobile,North India,5,0
OTT09890,52,Male,Standard,1,1,1,1,0,1,5,12.4,1.1,32,7,500.22,3,2,Wallet,1,Mobile,South India,4,0
OTT09891,21,Male,Mobile,1,0,0,0,1,1,3,18.2,0.4,46,45,470.26,3,1,Debit Card,1,Smart TV,South India,2,0
OTT09892,36,Female,Standard,0,0,1,1,1,0,3,39.9,2.8,50,30,160.44,3,1,Wallet,1,Laptop,South India,1,0
OTT09893,28,Female,Basic,0,1,0,0,0,0,1,14.6,0.6,59,56,679.93,5,0,Credit Card,1,Tablet,North India,5,0
OTT09894,18,Female,Basic,1,1,1,1,1,0,5,20.5,5.5,4,6,533.98,4,0,Credit Card,1,Mobile,West India,1,0
OTT09895,37,Male,Mobile,1,0,1,1,0,0,3,26.9,2.1,52,1,641.3,4,1,Debit Card,0,Tablet,Central India,2,1
OTT09896,38,Female,Standard,0,1,1,1,0,1,4,36.8,1.1,31,46,508.54,5,0,UPI,1,Laptop,West India,2,0
OTT09897,32,Male,Standard,1,1,0,1,1,0,4,10.2,1.3,50,28,665.48,3,1,Wallet,0,Tablet,West India,1,0
OTT09898,52,Female,Basic,1,1,0,1,0,1,4,38.2,3.8,27,49,464.28,5,3,Net Banking,0,Mobile,East India,2,0
OTT09899,22,Female,Basic,1,0,1,1,1,0,4,25.5,1.2,29,33,470.18,3,0,Wallet,0,Smart TV,West India,5,0
OTT09900,36,Female,Basic,1,1,1,1,1,0,5,26.5,1.0,60,43,1208.09,1,3,Wallet,0,Smart TV,North India,1,0
OTT09901,25,Male,Basic,0,1,1,0,0,0,2,8.0,1.3,28,30,306.02,1,1,Credit Card,1,Mobile,South India,2,0
OTT09902,50,Male,Basic,0,1,0,1,0,0,2,23.0,1.2,50,40,1522.67,4,1,UPI,1,Smart TV,South India,5,0
OTT09903,41,Male,Mobile,1,1,0,1,1,0,4,11.2,1.6,50,47,269.16,5,0,Debit Card,1,Smart TV,South India,1,0
OTT09904,48,Female,Basic,1,0,0,1,1,0,3,52.9,1.2,58,50,416.62,4,2,Debit Card,1,Fire TV,North India,3,0
OTT09905,22,Male,Mobile,0,0,1,0,1,1,3,19.5,3.4,9,2,295.86,2,0,Credit Card,1,Smart TV,North India,2,0
OTT09906,37,Female,Standard,0,1,0,1,1,1,4,46.6,1.4,42,44,540.12,4,5,Credit Card,1,Fire TV,Central India,5,0
OTT09907,20,Male,Standard,1,0,1,0,1,0,3,26.1,0.8,42,40,99.0,2,3,Debit Card,0,Tablet,North India,4,0
OTT09908,31,Female,Standard,1,1,0,0,1,1,4,47.1,0.5,14,37,924.65,2,2,UPI,1,Mobile,North India,3,0
OTT09909,58,Male,Basic,0,1,1,0,0,0,2,6.1,0.6,31,38,418.45,4,3,Credit Card,1,Mobile,East India,2,0
OTT09910,49,Male,Mobile,1,1,0,1,1,1,5,14.0,2.4,40,43,738.13,1,0,Net Banking,0,Mobile,North India,5,0
OTT09911,21,Female,Basic,1,0,0,0,0,0,1,45.2,2.1,20,60,1132.98,4,1,Debit Card,1,Smart TV,West India,1,0
OTT09912,33,Male,Basic,1,1,0,1,0,0,3,58.8,1.8,50,7,503.47,2,2,UPI,1,Smart TV,North India,3,1
OTT09913,55,Male,Basic,1,1,1,0,1,1,5,21.2,2.4,38,35,758.58,3,0,Debit Card,1,Mobile,West India,4,0
OTT09914,25,Female,Standard,1,0,0,0,0,1,2,17.0,2.5,17,21,392.95,3,0,UPI,1,Tablet,West India,3,0
OTT09915,50,Male,Mobile,0,0,1,0,0,1,2,9.7,2.1,47,48,881.89,5,2,Credit Card,1,Fire TV,South India,2,0
OTT09916,31,Female,Basic,0,1,0,1,0,0,2,7.3,0.4,35,40,746.61,5,2,Net Banking,0,Smart TV,South India,2,0
OTT09917,38,Female,Mobile,1,0,0,1,1,0,3,6.8,0.4,58,33,297.88,2,3,Wallet,1,Mobile,West India,2,0
OTT09918,55,Male,Basic,0,0,1,1,1,0,3,24.2,1.4,6,48,1029.69,5,0,Credit Card,1,Tablet,South India,5,0
OTT09919,46,Male,Standard,0,1,0,0,0,0,1,23.3,3.1,36,23,619.24,3,0,UPI,1,Laptop,South India,5,0
OTT09920,30,Male,Mobile,1,1,1,0,1,1,5,11.2,1.4,8,13,602.2,5,3,UPI,1,Smart TV,North India,5,0
OTT09921,18,Male,Mobile,0,0,1,0,1,0,2,15.4,1.4,50,27,842.4,2,2,UPI,1,Fire TV,South India,3,0
OTT09922,28,Male,Standard,1,0,0,0,1,1,3,19.8,2.3,24,20,937.89,2,2,Credit Card,1,Fire TV,East India,1,0
OTT09923,35,Female,Basic,0,0,1,0,1,1,3,5.9,0.1,21,46,360.18,5,1,Credit Card,1,Mobile,South India,3,0
OTT09924,23,Male,Basic,0,0,0,0,1,0,1,26.9,1.4,31,27,909.91,3,1,UPI,0,Smart TV,South India,1,0
OTT09925,55,Female,Standard,0,0,0,0,0,1,1,28.9,1.3,11,44,660.82,4,0,UPI,1,Smart TV,West India,5,0
OTT09926,20,Female,Mobile,1,1,1,1,1,1,6,33.0,1.5,26,55,581.04,5,2,Net Banking,1,Tablet,West India,4,0
OTT09927,41,Male,Premium,1,1,0,0,1,1,4,31.3,4.2,34,3,468.48,3,1,Debit Card,1,Laptop,West India,4,0
OTT09928,59,Female,Standard,0,0,0,0,1,0,1,22.0,1.1,2,23,712.64,3,2,UPI,0,Mobile,South India,5,0
OTT09929,32,Male,Basic,1,1,0,1,0,1,4,52.6,2.3,39,8,254.05,5,0,Credit Card,1,Mobile,South India,2,0
OTT09930,41,Male,Basic,0,0,1,1,0,1,3,17.5,1.2,49,9,416.33,1,0,Wallet,1,Tablet,Central India,1,0
OTT09931,21,Other,Basic,0,0,0,1,0,0,1,31.0,0.8,47,45,178.83,1,2,Wallet,0,Mobile,South India,1,0
OTT09932,49,Male,Standard,1,1,1,0,0,1,4,10.7,1.3,18,53,883.97,3,1,UPI,0,Tablet,North India,2,0
OTT09933,60,Male,Mobile,1,1,0,0,0,1,3,10.5,3.2,43,49,696.47,5,3,Net Banking,1,Laptop,South India,3,0
OTT09934,51,Female,Standard,0,1,0,1,0,0,2,10.9,2.7,55,24,715.98,4,2,Credit Card,1,Laptop,South India,1,0
OTT09935,24,Female,Basic,0,1,1,1,1,1,5,29.6,1.2,18,22,520.15,1,3,Debit Card,1,Smart TV,West India,2,0
OTT09936,33,Female,Standard,0,0,1,0,1,0,2,12.9,0.6,14,52,595.15,4,2,UPI,1,Mobile,West India,3,0
OTT09937,49,Female,Premium,1,0,0,0,1,0,2,29.4,2.6,59,47,596.22,1,0,Debit Card,1,Fire TV,Central India,2,1
OTT09938,52,Female,Basic,0,0,0,1,1,0,2,30.4,2.5,40,6,744.7,4,1,UPI,0,Fire TV,North India,1,0
OTT09939,35,Female,Basic,0,0,1,1,1,1,4,55.6,1.5,5,8,220.51,1,1,Credit Card,1,Fire TV,North India,4,0
OTT09940,59,Female,Standard,0,1,1,0,1,1,4,10.2,0.6,27,57,676.37,2,0,Net Banking,1,Mobile,North India,2,0
OTT09941,26,Female,Standard,1,1,1,1,1,0,5,9.1,2.7,55,44,777.18,3,2,Debit Card,1,Tablet,East India,3,1
OTT09942,49,Female,Mobile,0,1,0,0,0,1,2,24.9,1.6,1,58,787.98,3,2,UPI,1,Mobile,South India,5,0
OTT09943,39,Male,Standard,0,1,1,1,1,0,4,44.4,1.6,52,51,1210.95,3,0,Net Banking,1,Smart TV,Central India,5,0
OTT09944,48,Male,Standard,1,1,0,0,0,1,3,24.2,3.9,37,18,724.43,1,3,UPI,0,Laptop,South India,5,0
OTT09945,43,Male,Premium,0,1,1,0,0,0,2,88.6,1.6,36,41,893.88,5,1,Credit Card,1,Mobile,South India,2,0
OTT09946,36,Male,Standard,0,1,0,0,0,0,1,29.1,2.6,1,3,916.65,1,0,UPI,1,Laptop,South India,5,0
OTT09947,53,Male,Standard,1,0,1,0,1,1,4,27.9,3.4,45,27,442.28,5,0,Debit Card,0,Mobile,East India,4,0
OTT09948,54,Male,Basic,0,1,1,0,0,0,2,19.7,1.1,3,25,871.56,5,1,Net Banking,1,Laptop,West India,1,0
OTT09949,53,Female,Mobile,1,0,0,0,1,1,3,31.7,0.7,21,3,112.38,3,0,Debit Card,1,Mobile,East India,2,0
OTT09950,21,Male,Standard,1,1,1,0,0,0,3,43.6,1.9,40,14,422.42,2,3,Credit Card,1,Laptop,East India,1,0
OTT09951,36,Male,Standard,0,0,0,1,0,0,1,26.2,5.0,57,26,844.16,3,0,Net Banking,1,Mobile,West India,1,0
OTT09952,50,Female,Premium,1,1,1,1,1,1,6,41.3,1.5,30,47,336.44,4,1,Wallet,1,Mobile,South India,1,0
OTT09953,55,Male,Basic,1,1,0,0,1,1,4,26.0,0.8,41,43,954.73,4,0,Wallet,1,Mobile,South India,1,0
OTT09954,33,Female,Mobile,0,1,1,1,0,0,3,9.7,0.9,53,3,942.77,4,0,UPI,0,Smart TV,Central India,4,1
OTT09955,49,Female,Basic,1,1,1,0,1,0,4,8.3,1.2,53,1,773.01,1,1,Credit Card,0,Mobile,Central India,5,1
OTT09956,42,Female,Basic,1,1,0,0,1,0,3,35.3,1.5,27,7,733.93,2,1,UPI,1,Laptop,West India,4,0
OTT09957,27,Male,Basic,1,0,1,1,0,1,4,26.6,2.3,52,24,586.98,3,1,UPI,1,Smart TV,East India,5,1
OTT09958,56,Male,Basic,0,1,0,1,0,0,2,42.8,2.0,60,40,704.49,1,2,UPI,1,Tablet,Central India,5,0
OTT09959,37,Female,Mobile,0,0,1,0,1,1,3,36.0,3.6,24,22,939.36,3,3,Credit Card,1,Mobile,South India,5,0
OTT09960,44,Male,Basic,0,0,0,1,0,1,2,8.3,1.6,1,49,976.33,2,0,Credit Card,1,Mobile,South India,3,0
OTT09961,30,Male,Basic,0,1,1,0,0,1,3,17.9,2.2,9,44,681.39,3,2,Debit Card,1,Laptop,East India,4,0
OTT09962,19,Male,Premium,1,0,1,0,1,0,3,13.2,3.8,56,3,278.64,3,3,Credit Card,1,Laptop,South India,4,0
OTT09963,37,Female,Premium,0,0,0,0,1,1,2,23.6,1.7,43,12,572.34,2,0,UPI,0,Laptop,South India,5,0
OTT09964,49,Female,Basic,1,1,1,1,1,1,6,22.3,0.2,13,16,725.25,2,1,Credit Card,1,Mobile,South India,1,0
OTT09965,32,Female,Standard,0,0,0,0,0,1,1,7.7,1.4,42,51,876.77,3,0,Credit Card,0,Laptop,South India,3,0
OTT09966,57,Female,Standard,0,1,0,0,0,0,1,16.8,1.5,11,37,772.98,2,1,UPI,1,Mobile,West India,3,0
OTT09967,50,Male,Premium,0,0,1,1,0,1,3,16.9,0.8,53,42,1014.68,3,2,UPI,1,Mobile,West India,5,1
OTT09968,45,Female,Standard,0,0,0,1,1,1,3,30.5,0.5,29,17,462.29,1,1,Credit Card,1,Tablet,North India,4,1
OTT09969,52,Female,Basic,0,0,0,1,0,1,2,22.9,0.6,52,14,463.45,1,3,UPI,0,Mobile,South India,3,0
OTT09970,55,Male,Basic,1,0,1,0,0,1,3,15.3,3.9,39,40,931.93,3,1,Net Banking,1,Mobile,West India,4,1
OTT09971,49,Male,Premium,1,1,0,1,1,0,4,13.8,2.4,12,3,396.77,2,2,UPI,1,Smart TV,North India,1,0
OTT09972,53,Male,Premium,0,0,0,1,0,0,1,7.6,0.5,38,38,362.6,3,0,UPI,1,Tablet,North India,2,0
OTT09973,48,Female,Standard,1,1,1,1,1,1,6,35.2,1.2,40,49,668.79,2,1,Credit Card,1,Laptop,South India,5,0
OTT09974,55,Male,Standard,1,0,0,0,0,1,2,35.7,0.1,21,31,863.71,5,0,UPI,1,Tablet,North India,2,0
OTT09975,22,Male,Standard,1,0,0,1,1,1,4,45.0,1.3,33,30,714.4,3,1,Debit Card,1,Fire TV,West India,1,0
OTT09976,32,Female,Standard,0,0,0,0,1,0,1,16.2,0.4,37,47,99.0,1,2,Credit Card,1,Smart TV,North India,4,1
OTT09977,56,Female,Basic,1,0,1,1,1,0,4,52.6,3.3,4,34,612.05,2,1,Debit Card,0,Tablet,West India,1,0
OTT09978,38,Male,Mobile,1,0,1,1,1,1,5,35.6,4.1,27,5,443.5,3,1,UPI,1,Laptop,West India,3,0
OTT09979,18,Female,Basic,0,0,0,0,0,1,1,38.1,4.2,44,45,985.67,2,1,Credit Card,1,Mobile,South India,3,0
OTT09980,54,Female,Standard,0,1,1,0,0,0,2,18.9,0.7,12,7,220.14,3,4,Credit Card,1,Fire TV,Central India,5,0
OTT09981,46,Male,Basic,0,0,0,0,1,1,2,18.2,0.5,9,56,811.16,5,0,Net Banking,1,Smart TV,West India,3,0
OTT09982,57,Female,Standard,1,0,0,0,0,0,1,33.1,1.2,2,8,655.29,3,2,UPI,1,Smart TV,South India,4,0
OTT09983,18,Female,Premium,1,1,1,1,1,1,6,45.9,1.2,42,42,724.81,1,1,Wallet,0,Smart TV,Central India,1,0
OTT09984,24,Female,Basic,1,0,0,1,1,0,3,52.7,0.2,39,59,874.03,1,0,Credit Card,1,Laptop,North India,2,0
OTT09985,39,Other,Premium,0,0,1,1,0,1,3,48.6,0.9,1,53,593.01,4,3,UPI,0,Laptop,Central India,3,0
OTT09986,25,Female,Standard,1,1,1,1,1,1,6,30.1,1.3,36,17,677.65,1,2,Net Banking,1,Mobile,South India,1,0
OTT09987,40,Female,Standard,0,0,1,1,1,1,4,10.7,0.4,23,9,1137.49,4,1,UPI,1,Mobile,North India,3,0
OTT09988,32,Female,Mobile,1,1,1,1,0,0,4,2.6,0.7,30,24,931.14,1,0,Wallet,0,Mobile,South India,4,1
OTT09989,27,Male,Basic,0,0,0,0,1,1,2,37.1,1.8,39,36,911.01,2,0,Credit Card,0,Smart TV,West India,1,0
OTT09990,51,Male,Premium,1,0,0,1,0,0,2,13.7,1.8,27,17,901.96,2,2,Credit Card,0,Tablet,West India,5,0
OTT09991,19,Female,Standard,0,1,0,0,1,0,2,62.5,2.9,23,47,1182.71,3,2,UPI,1,Mobile,South India,1,0
OTT09992,55,Female,Standard,0,0,0,0,1,1,2,47.7,0.2,30,45,813.17,3,0,Debit Card,1,Smart TV,West India,2,0
OTT09993,24,Male,Mobile,0,1,0,1,1,0,3,24.1,1.6,57,4,685.56,3,1,Credit Card,1,Smart TV,South India,4,1
OTT09994,42,Male,Basic,0,0,1,0,0,1,2,25.7,2.3,6,16,828.54,4,3,Credit Card,1,Smart TV,South India,5,0
OTT09995,60,Male,Standard,0,0,0,1,0,1,2,33.5,4.0,21,19,495.01,1,1,Debit Card,1,Smart TV,West India,5,0
OTT09996,22,Male,Standard,0,1,1,1,0,0,3,25.2,1.1,41,35,887.86,2,0,UPI,0,Tablet,East India,4,0
OTT09997,57,Male,Premium,1,0,0,0,1,0,2,34.7,1.3,29,59,938.34,4,0,UPI,0,Fire TV,South India,5,0
OTT09998,31,Female,Basic,1,0,0,0,0,1,2,23.9,1.1,52,7,558.45,2,1,Credit Card,1,Mobile,South India,5,0
OTT09999,49,Male,Basic,1,0,0,1,0,1,3,18.1,1.5,17,6,614.73,1,1,Credit Card,1,Smart TV,South India,3,0
OTT10000,54,Female,Basic,1,0,1,0,1,0,3,13.8,3.0,6,49,749.26,3,1,Credit Card,1,Fire TV,South India,3,0
